release,method,path,loc,wmc,assignmentsQty,mathOperationsQty,qtyTryCatch,qtyReturn,fanin,fanout,age,nAuth,nr,nSmell,buggy
4.1.0,markLedgerInRecovery,bookkeeper-server/src/main/java/org/apache/bookkeeper/client/LedgerMetadata.java,3,1,1,0,0,0,1,0,196,3,5,0,true
4.1.0,setClean,bookkeeper-server/src/main/java/org/apache/bookkeeper/bookie/LedgerEntryPage.java,3,2,1,0,0,0,0,0,196,2,2,0,false
4.0.0,canProceedWithRecovery,bookkeeper-server/src/main/java/org/apache/bookkeeper/client/DistributionSchedule.java,1,1,0,0,0,0,1,0,4,2,2,0,false
4.1.0,safeProcessResult,hedwig-server/src/main/java/org/apache/hedwig/server/topics/ZkTopicManager.java,8,3,1,1,0,1,0,1,196,1,2,2,false
4.2.0,isInterRegionSSLEnabled,hedwig-server/src/main/java/org/apache/hedwig/server/common/ServerConfiguration.java,3,1,0,0,0,1,1,0,412,3,12,0,false
4.1.0,errorOutAddKey,bookkeeper-server/src/main/java/org/apache/bookkeeper/proto/PerChannelBookieClient.java,15,1,0,0,0,0,3,0,196,3,10,2,false
4.1.0,getLastEntry,bookkeeper-server/src/main/java/org/apache/bookkeeper/bookie/LedgerEntryPage.java,8,3,1,3,0,2,0,1,196,2,2,0,false
4.1.0,operationFinished,hedwig-server/src/main/java/org/apache/hedwig/server/topics/ZkTopicManager.java,4,1,0,0,0,0,0,8,196,1,2,0,false
4.2.0,releaseTopicIfRequested,hedwig-server/src/main/java/org/apache/hedwig/server/persistence/BookkeeperPersistenceManager.java,26,5,2,2,0,1,2,0,412,3,11,2,false
4.0.0,processResult,bookkeeper-server/src/main/java/org/apache/bookkeeper/client/LedgerDeleteOp.java,3,1,0,0,0,0,0,1,4,2,3,0,false
4.2.0,getSeqIdAfterSkipping,hedwig-server/src/main/java/org/apache/hedwig/server/persistence/BookkeeperPersistenceManager.java,3,1,0,1,0,1,0,1,412,3,11,0,false
4.1.0,readLedger,hedwig-server/src/main/java/org/apache/hedwig/admin/console/ReadTopic.java,63,15,12,11,4,4,1,5,0,1,1,13,false
4.2.0,getRetentionSecs,hedwig-server/src/main/java/org/apache/hedwig/server/common/ServerConfiguration.java,3,1,0,0,0,1,0,0,412,3,12,0,false
4.1.0,main,bookkeeper-server/src/main/java/org/apache/bookkeeper/tools/BookKeeperTools.java,25,5,7,2,0,3,0,3,196,1,1,0,false
4.1.0,getOption,hedwig-server/src/main/java/org/apache/hedwig/admin/console/HedwigConsole.java,3,1,0,0,0,1,1,0,0,1,1,0,false
4.1.0,addComplete,bookkeeper-benchmark/src/main/java/org/apache/bookkeeper/benchmark/BenchThroughputLatency.java,11,2,4,1,0,0,0,0,0,3,4,0,false
4.1.0,getLastEntry,bookkeeper-server/src/main/java/org/apache/bookkeeper/bookie/LedgerCacheImpl.java,52,12,14,11,1,1,0,6,84,3,6,4,true
4.1.0,newLedgerManager,bookkeeper-server/src/main/java/org/apache/bookkeeper/meta/LedgerManagerFactory.java,43,14,6,5,1,3,1,6,204,1,1,3,false
4.1.0,openNewChannel,bookkeeper-server/src/main/java/org/apache/bookkeeper/bookie/EntryLogger.java,3,1,0,0,0,0,1,1,196,3,12,0,false
4.2.0,claim,hedwig-server/src/main/java/org/apache/hedwig/server/topics/MMTopicManager.java,5,1,0,0,0,0,2,0,165,1,1,0,false
4.1.0,readEntry,bookkeeper-server/src/main/java/org/apache/bookkeeper/proto/PerChannelBookieClient.java,30,2,4,2,1,0,0,3,196,3,10,5,false
4.1.0,isValidSubscriberId,hedwig-client/src/main/java/org/apache/hedwig/client/netty/HedwigSubscriber.java,4,5,0,0,0,2,8,0,196,1,4,0,true
4.2.0,process,bookkeeper-server/src/main/java/org/apache/bookkeeper/replication/Auditor.java,5,3,0,0,0,0,0,0,4,1,3,0,false
4.1.0,getCertPath,hedwig-server/src/main/java/org/apache/hedwig/server/common/ServerConfiguration.java,3,1,0,0,0,1,1,0,196,1,2,0,true
4.2.0,diskFull,bookkeeper-server/src/main/java/org/apache/bookkeeper/bookie/LedgerCacheImpl.java,3,1,0,0,0,0,0,0,384,2,9,0,false
4.0.0,run,hedwig-server/src/main/java/org/apache/hedwig/server/proxy/HedwigProxy.java,7,1,2,0,0,0,0,3,4,1,3,0,false
4.2.0,updateMessageBound,hedwig-server/src/main/java/org/apache/hedwig/server/subscriptions/AbstractSubscriptionManager.java,22,5,4,0,0,1,2,2,412,2,10,4,false
4.2.0,doAsyncGetLedgersInSingleNode,bookkeeper-server/src/main/java/org/apache/bookkeeper/meta/AbstractZkLedgerManager.java,29,1,0,0,0,0,1,0,420,3,7,2,false
4.2.0,getEnsembleSize,bookkeeper-server/src/main/java/org/apache/bookkeeper/client/LedgerMetadata.java,3,1,0,0,0,1,0,0,412,3,9,0,false
4.1.0,setEntryId,bookkeeper-server/src/main/java/org/apache/bookkeeper/client/PendingAddOp.java,3,1,1,0,0,0,1,0,196,2,2,0,true
4.0.0,isRunning,bookkeeper-server/src/main/java/org/apache/bookkeeper/proto/BookieServer.java,3,1,0,0,0,1,0,2,4,3,10,0,false
4.0.0,markLedgerInRecovery,bookkeeper-server/src/main/java/org/apache/bookkeeper/client/LedgerMetadata.java,3,1,1,0,0,0,1,0,4,3,6,0,false
4.1.0,getJMXBean,bookkeeper-server/src/main/java/org/apache/bookkeeper/bookie/InterleavedLedgerStorage.java,3,1,0,0,0,1,0,0,56,2,3,0,false
4.1.0,hasSubscriberId,hedwig-protocol/src/main/java/org/apache/hedwig/protocol/PubSubProtocol.java,3,1,0,0,0,1,0,1,196,1,1,0,false
4.1.0,toString,hedwig-client/src/main/java/org/apache/hedwig/util/HedwigSocketAddress.java,5,1,1,0,0,1,0,0,196,1,1,0,false
4.0.0,getPeerName,bookkeeper-server/src/main/java/org/apache/bookkeeper/proto/NIOServerFactory.java,6,2,1,0,0,1,1,0,4,3,7,1,false
4.0.0,asyncProcessLedgersInSingleNode,bookkeeper-server/src/main/java/org/apache/bookkeeper/meta/AbstractZkLedgerManager.java,22,1,0,0,0,0,0,1,8,1,1,1,false
4.1.0,instance,hedwig-server/src/main/java/org/apache/hedwig/server/subscriptions/TrueFilter.java,3,1,0,0,0,1,0,0,196,1,1,0,false
4.1.0,getValueAndReset,bookkeeper-server/src/main/java/org/apache/bookkeeper/client/DigestManager.java,1,1,0,0,0,0,2,0,196,2,3,0,false
4.1.0,processResult,bookkeeper-server/src/main/java/org/apache/bookkeeper/client/LedgerOpenOp.java,70,9,2,5,2,6,0,0,196,1,1,7,false
4.1.0,send,hedwig-server/src/main/java/org/apache/hedwig/server/delivery/ChannelEndPoint.java,5,1,1,0,0,0,0,0,196,1,1,1,false
4.2.0,subscribe,hedwig-client/src/main/java/org/apache/hedwig/client/netty/HedwigSubscriber.java,13,3,0,2,1,0,2,4,412,2,9,0,false
4.1.0,startServingSubscription,hedwig-server/src/main/java/org/apache/hedwig/server/delivery/DeliveryManager.java,1,1,0,0,0,0,0,0,196,1,2,0,false
4.1.0,doGc,bookkeeper-server/src/main/java/org/apache/bookkeeper/meta/AbstractZkLedgerManager.java,8,3,0,0,0,0,0,0,204,3,4,0,true
4.1.0,parseConfig,bookkeeper-server/src/main/java/org/apache/bookkeeper/client/LedgerMetadata.java,45,10,15,4,1,1,1,2,196,3,5,1,true
4.0.0,getStats,bookkeeper-server/src/main/java/org/apache/bookkeeper/proto/NIOServerFactory.java,3,1,0,0,0,1,0,0,4,3,7,0,false
4.1.0,asyncMessageConsume,hedwig-client/src/main/java/org/apache/hedwig/client/handlers/SubscribeResponseHandler.java,10,5,1,2,0,0,2,0,196,1,1,3,false
4.1.0,retrySubscribe,hedwig-server/src/main/java/org/apache/hedwig/server/regions/RegionManager.java,16,2,0,1,0,0,1,0,196,1,3,0,false
4.1.0,releaseTopic,hedwig-server/src/main/java/org/apache/hedwig/server/topics/TopicManager.java,1,1,0,0,0,0,0,0,196,1,1,0,false
4.1.0,setChannelForTopic,hedwig-client/src/main/java/org/apache/hedwig/client/netty/HedwigSubscriber.java,3,1,0,0,0,0,0,0,196,1,4,0,true
4.2.0,notifyLastLocalUnsubscribe,hedwig-server/src/main/java/org/apache/hedwig/server/subscriptions/AbstractSubscriptionManager.java,3,2,0,0,0,0,2,0,412,2,10,0,false
4.1.0,removeActiveLedger,bookkeeper-server/src/main/java/org/apache/bookkeeper/meta/HierarchicalLedgerManager.java,3,1,0,0,0,0,0,0,204,2,4,0,false
4.1.0,mergeUnsubscribeRequest,hedwig-protocol/src/main/java/org/apache/hedwig/protocol/PubSubProtocol.java,10,3,3,0,0,1,1,5,196,1,1,2,false
4.0.0,getLastLogId,bookkeeper-server/src/main/java/org/apache/bookkeeper/bookie/EntryLogger.java,27,5,3,0,3,4,3,0,4,2,8,2,false
4.0.0,recoverBookieData,bookkeeper-server/src/main/java/org/apache/bookkeeper/client/BookKeeperAdmin.java,23,3,1,0,0,0,0,3,40,2,5,0,false
4.1.0,getProtocolVersion,hedwig-protocol/src/main/java/org/apache/hedwig/protocol/PubSubProtocol.java,3,1,0,0,0,1,4,0,196,1,1,0,false
4.0.0,processResult,bookkeeper-server/src/main/java/org/apache/bookkeeper/client/LedgerCreateOp.java,4,1,1,0,0,0,0,1,4,2,7,0,false
4.0.0,addrToString,bookkeeper-server/src/main/java/org/apache/bookkeeper/util/StringUtils.java,3,1,0,0,0,1,1,0,4,2,2,1,false
4.1.0,getOSType,bookkeeper-server/src/main/java/org/apache/bookkeeper/util/HardLink.java,15,11,1,0,0,4,1,0,90,1,1,11,false
4.2.0,disableLedgerReplication,bookkeeper-server/src/main/java/org/apache/bookkeeper/meta/ZkLedgerUnderreplicationManager.java,15,3,0,1,1,0,0,0,157,3,12,1,false
4.1.0,pin,bookkeeper-server/src/main/java/org/apache/bookkeeper/bookie/LedgerEntryPage.java,3,1,1,0,0,0,0,0,196,2,2,0,false
4.0.0,getEnsembles,bookkeeper-server/src/main/java/org/apache/bookkeeper/client/LedgerMetadata.java,3,1,0,0,0,1,5,0,4,3,6,0,false
4.2.0,getNewLedgerIndexFile,bookkeeper-server/src/main/java/org/apache/bookkeeper/bookie/LedgerCacheImpl.java,5,1,2,0,0,1,2,1,384,2,9,0,false
4.2.0,markLedgerReplicated,bookkeeper-server/src/main/java/org/apache/bookkeeper/meta/ZkLedgerUnderreplicationManager.java,24,6,1,0,1,0,0,3,157,3,12,4,false
4.0.0,instantiateSubscriptionManager,hedwig-server/src/main/java/org/apache/hedwig/server/netty/PubSubServer.java,8,2,0,0,0,2,1,1,4,2,5,0,false
4.0.0,readEntry,bookkeeper-server/src/main/java/org/apache/bookkeeper/bookie/EntryLogger.java,40,7,13,8,1,1,1,2,4,2,8,9,false
4.0.0,isSpecialZnode,bookkeeper-server/src/main/java/org/apache/bookkeeper/meta/AbstractZkLedgerManager.java,6,3,0,0,0,2,1,0,8,1,1,1,false
4.0.0,readPage,bookkeeper-server/src/main/java/org/apache/bookkeeper/bookie/LedgerEntryPage.java,10,3,1,5,0,0,1,4,4,2,2,0,false
4.1.0,hashCode,bookkeeper-server/src/main/java/org/apache/bookkeeper/bookie/LedgerEntryPage.java,3,1,0,0,0,1,0,2,196,2,2,0,false
4.0.0,getReplicaIndex,bookkeeper-server/src/main/java/org/apache/bookkeeper/client/DistributionSchedule.java,1,1,0,0,0,0,3,0,4,2,2,0,false
4.2.0,diskFailed,bookkeeper-server/src/main/java/org/apache/bookkeeper/bookie/LedgerCacheImpl.java,2,1,0,0,0,0,0,1,384,2,9,0,false
4.1.0,initiate,bookkeeper-server/src/main/java/org/apache/bookkeeper/client/PendingReadOp.java,19,4,6,1,0,0,1,1,196,2,3,3,true
4.0.0,start,bookkeeper-server/src/main/java/org/apache/bookkeeper/proto/BookieServer.java,6,1,3,0,0,0,4,5,4,3,10,0,false
4.0.0,recoverLedger,bookkeeper-server/src/main/java/org/apache/bookkeeper/client/BookKeeperAdmin.java,29,1,0,0,0,0,1,1,40,2,5,5,false
4.0.0,processPacket,bookkeeper-server/src/main/java/org/apache/bookkeeper/proto/NIOServerFactory.java,1,1,0,0,0,0,1,0,4,3,7,0,false
4.1.0,setMessage,hedwig-protocol/src/main/java/org/apache/hedwig/protocol/PubSubProtocol.java,5,1,2,0,0,1,2,0,196,1,1,0,false
4.2.0,run,hedwig-server/src/main/java/org/apache/hedwig/server/persistence/BookkeeperPersistenceManager.java,20,2,0,0,0,1,0,2,412,3,11,0,false
4.1.0,getManagerVersion,bookkeeper-server/src/main/java/org/apache/bookkeeper/meta/LedgerLayout.java,3,1,0,0,0,1,0,0,204,1,1,0,false
4.1.0,operationComplete,bookkeeper-server/src/main/java/org/apache/bookkeeper/client/LedgerCreateOp.java,30,5,2,3,2,4,0,1,196,1,2,4,false
4.0.0,toInt,bookkeeper-server/src/main/java/org/apache/bookkeeper/proto/BookieProtocol.java,8,2,0,2,0,2,4,0,4,2,3,0,false
4.1.0,getZkLedgersRootPath,bookkeeper-server/src/main/java/org/apache/bookkeeper/conf/AbstractConfiguration.java,3,1,0,0,0,1,1,0,225,2,2,0,false
4.2.0,verifyLedgerFragment,bookkeeper-server/src/main/java/org/apache/bookkeeper/client/LedgerChecker.java,20,4,4,0,0,1,1,2,154,1,3,0,false
4.0.0,getVersion,bookkeeper-server/src/main/java/org/apache/bookkeeper/proto/BookieProtocol.java,3,1,0,0,0,1,1,0,4,2,3,0,false
4.2.0,writeTopicPersistenceInfo,hedwig-server/src/main/java/org/apache/hedwig/server/meta/TopicPersistenceManager.java,1,1,0,0,0,0,0,0,191,1,1,0,false
4.1.0,removeLedger,bookkeeper-server/src/main/java/org/apache/bookkeeper/bookie/GarbageCollectorThread.java,7,2,2,0,0,1,1,0,96,3,6,0,false
4.0.0,asyncGetLedgersInSingleNode,bookkeeper-server/src/main/java/org/apache/bookkeeper/meta/AbstractZkLedgerManager.java,16,1,0,0,0,0,2,0,8,1,1,2,false
4.1.0,getZnodeVersion,bookkeeper-server/src/main/java/org/apache/bookkeeper/client/LedgerMetadata.java,3,1,0,0,0,1,1,0,196,3,5,0,false
4.1.0,makeObjectName,bookkeeper-server/src/main/java/org/apache/bookkeeper/jmx/BKMBeanRegistry.java,15,3,3,3,1,2,0,2,0,1,1,2,false
4.0.0,close,bookkeeper-server/src/main/java/org/apache/bookkeeper/client/BookKeeperAdmin.java,4,1,0,0,0,0,0,1,40,2,5,0,false
4.2.0,getZkRegionPrefix,hedwig-server/src/main/java/org/apache/hedwig/server/common/ServerConfiguration.java,3,1,0,0,0,1,3,2,412,3,12,0,false
4.1.0,accept,bookkeeper-server/src/main/java/org/apache/bookkeeper/bookie/EntryLogger.java,3,1,0,0,0,1,0,0,196,3,12,0,false
4.0.0,toString,bookkeeper-server/src/main/java/org/apache/bookkeeper/proto/PerChannelBookieClient.java,3,1,0,0,0,1,0,0,4,3,8,0,false
4.0.0,getIsCallSuccessful,hedwig-client/src/main/java/org/apache/hedwig/client/handlers/PubSubCallback.java,3,1,0,0,0,1,4,0,4,1,2,0,false
4.1.0,toString,hedwig-client/src/main/java/org/apache/hedwig/client/data/PubSubData.java,31,17,1,10,0,1,0,2,196,1,1,5,false
4.0.0,unsubscribe,hedwig-server/src/main/java/org/apache/hedwig/server/subscriptions/AbstractSubscriptionManager.java,3,1,0,0,0,0,0,1,4,2,3,0,false
4.2.0,openLedger,bookkeeper-server/src/main/java/org/apache/bookkeeper/client/BookKeeperAdmin.java,10,2,1,0,0,1,0,2,484,3,13,0,false
4.2.0,chooseThread,bookkeeper-server/src/main/java/org/apache/bookkeeper/util/OrderedSafeExecutor.java,6,2,0,0,0,2,1,0,412,2,2,0,false
4.1.0,getPublishRequest,hedwig-protocol/src/main/java/org/apache/hedwig/protocol/PubSubProtocol.java,3,1,0,0,0,1,5,0,196,1,1,0,false
4.2.0,checkFragments,bookkeeper-server/src/main/java/org/apache/bookkeeper/client/LedgerChecker.java,17,4,1,0,1,1,2,3,154,1,3,0,false
4.1.0,setPublishRequest,hedwig-protocol/src/main/java/org/apache/hedwig/protocol/PubSubProtocol.java,8,2,2,0,0,1,1,0,196,1,1,0,false
4.1.0,handleAddResponse,bookkeeper-server/src/main/java/org/apache/bookkeeper/proto/PerChannelBookieClient.java,30,7,6,3,0,1,1,1,196,3,10,0,false
4.2.0,startDelivery,hedwig-client/src/main/java/org/apache/hedwig/client/netty/HedwigSubscriber.java,3,1,0,0,0,0,1,1,412,2,9,0,false
4.2.0,getZkHostsPrefix,hedwig-server/src/main/java/org/apache/hedwig/server/common/ServerConfiguration.java,3,1,0,0,0,1,0,1,412,3,12,1,false
4.0.0,retryErroredSubscriberAfterDelay,hedwig-server/src/main/java/org/apache/hedwig/server/delivery/FIFODeliveryManager.java,6,2,0,0,0,0,2,1,4,2,3,0,false
4.0.0,isClosed,bookkeeper-server/src/main/java/org/apache/bookkeeper/client/LedgerMetadata.java,3,3,0,0,0,1,5,0,4,3,6,0,false
4.2.0,verify,bookkeeper-server/src/main/java/org/apache/bookkeeper/bookie/Cookie.java,16,11,3,3,0,0,1,1,398,2,3,4,false
4.2.0,getReadAheadEnabled,hedwig-server/src/main/java/org/apache/hedwig/server/common/ServerConfiguration.java,3,1,0,0,0,1,0,0,412,3,12,0,false
4.1.0,gc,bookkeeper-server/src/main/java/org/apache/bookkeeper/bookie/EntryLogger.java,8,2,0,0,1,0,0,1,196,3,12,1,false
4.2.0,getExitCode,bookkeeper-server/src/main/java/org/apache/bookkeeper/replication/AutoRecoveryMain.java,3,1,0,0,0,1,1,0,106,2,5,0,false
4.1.0,putIntoTable,bookkeeper-server/src/main/java/org/apache/bookkeeper/bookie/LedgerCacheImpl.java,8,2,2,0,0,0,3,0,84,3,6,0,true
4.2.0,isTargetBookieExistsInFragmentEnsemble,bookkeeper-server/src/main/java/org/apache/bookkeeper/replication/ReplicationWorker.java,9,3,1,0,0,2,2,0,147,1,7,0,false
4.1.0,enqueueWithoutFailure,hedwig-server/src/main/java/org/apache/hedwig/server/delivery/FIFODeliveryManager.java,5,2,0,1,0,0,4,0,196,1,2,0,false
4.0.0,asyncCloseSubscription,hedwig-client/src/main/java/org/apache/hedwig/client/netty/HedwigSubscriber.java,26,3,4,2,0,0,2,3,4,1,3,2,false
4.1.0,checkPage,bookkeeper-server/src/main/java/org/apache/bookkeeper/bookie/LedgerEntryPage.java,5,2,0,0,0,0,5,0,196,2,2,0,false
4.2.0,putLedger,bookkeeper-server/src/main/java/org/apache/bookkeeper/replication/BookieLedgerIndexer.java,11,3,4,0,0,0,1,0,144,1,2,1,false
4.1.0,addCnxn,bookkeeper-server/src/main/java/org/apache/bookkeeper/proto/NIOServerFactory.java,5,1,0,0,0,0,1,0,196,1,4,0,false
4.1.0,removeEntryLog,bookkeeper-server/src/main/java/org/apache/bookkeeper/bookie/GarbageCollectorThread.java,5,2,0,0,0,0,2,1,96,3,6,0,false
4.0.0,getPipeline,hedwig-client/src/main/java/org/apache/hedwig/client/netty/ClientChannelPipelineFactory.java,12,2,1,0,0,1,0,3,4,1,2,3,false
4.0.0,operationComplete,hedwig-server/src/main/java/org/apache/hedwig/server/proxy/ProxyStartDeliveryHandler.java,6,2,0,0,0,1,0,0,4,1,3,0,false
4.1.0,getBody,hedwig-protocol/src/main/java/org/apache/hedwig/protocol/PubSubProtocol.java,3,1,0,0,0,1,5,0,196,1,1,0,false
4.1.0,setEndSeqIdIncluded,hedwig-protocol/src/main/java/org/apache/hedwig/protocol/PubSubProtocol.java,8,2,2,0,0,1,1,0,196,1,1,0,false
4.0.0,removeDeliveryPtr,hedwig-server/src/main/java/org/apache/hedwig/server/delivery/FIFODeliveryManager.java,17,9,2,2,0,1,2,1,4,2,3,0,false
4.1.0,operationFinished,hedwig-server/src/main/java/org/apache/hedwig/server/subscriptions/AbstractSubscriptionManager.java,5,1,0,1,0,0,0,20,196,1,4,0,true
4.0.0,readMasterKey,bookkeeper-server/src/main/java/org/apache/bookkeeper/bookie/FileInfo.java,18,4,5,1,0,2,2,1,4,2,4,2,false
4.1.0,getHostFromChannel,hedwig-client/src/main/java/org/apache/hedwig/client/netty/HedwigClientImpl.java,3,1,0,0,0,1,2,0,226,1,1,0,true
4.1.0,setNumWorkerThreads,bookkeeper-server/src/main/java/org/apache/bookkeeper/conf/ClientConfiguration.java,4,1,0,0,0,1,0,0,225,2,3,0,true
4.1.0,getMacCodeLength,bookkeeper-server/src/main/java/org/apache/bookkeeper/client/DigestManager.java,1,1,0,0,0,0,1,0,196,2,3,0,false
4.2.0,deleteSubscriptionData,hedwig-server/src/main/java/org/apache/hedwig/server/subscriptions/AbstractSubscriptionManager.java,1,1,0,0,0,0,2,0,412,2,10,0,false
4.1.0,getLinkMultArgLength,bookkeeper-server/src/main/java/org/apache/bookkeeper/util/HardLink.java,3,1,0,0,0,1,1,1,90,1,1,0,false
4.1.0,doGcLedgers,bookkeeper-server/src/main/java/org/apache/bookkeeper/bookie/GarbageCollectorThread.java,13,1,0,0,0,0,1,0,96,3,6,0,false
4.1.0,isClean,bookkeeper-server/src/main/java/org/apache/bookkeeper/bookie/LedgerEntryPage.java,3,1,0,0,0,1,0,0,196,2,2,0,false
4.2.0,getParentZnodePath,bookkeeper-server/src/main/java/org/apache/bookkeeper/meta/ZkLedgerUnderreplicationManager.java,7,1,4,3,0,1,1,0,157,3,12,0,false
4.1.0,shutdown,bookkeeper-server/src/main/java/org/apache/bookkeeper/proto/NIOServerFactory.java,14,3,0,0,1,0,0,1,196,1,4,1,false
4.0.0,initializeNetty,hedwig-server/src/main/java/org/apache/hedwig/server/netty/PubSubServer.java,13,3,4,0,0,0,1,1,4,2,5,0,false
4.1.0,hasTopic,hedwig-protocol/src/main/java/org/apache/hedwig/protocol/PubSubProtocol.java,3,1,0,0,0,1,4,0,196,1,1,0,false
4.0.0,getLedgerPasswd,bookkeeper-server/src/main/java/org/apache/bookkeeper/client/BookKeeperAdmin.java,3,1,0,0,0,1,2,0,40,2,5,0,false
4.1.0,setOffset,bookkeeper-server/src/main/java/org/apache/bookkeeper/bookie/LedgerEntryPage.java,6,1,1,0,0,0,0,1,196,2,2,0,false
4.0.0,scanFailed,hedwig-server/src/main/java/org/apache/hedwig/server/delivery/FIFODeliveryManager.java,6,2,0,0,0,1,0,1,4,2,3,0,false
4.1.0,getDescription,hedwig-server/src/main/java/org/apache/hedwig/admin/console/HedwigCommands.java,3,1,0,0,0,1,0,0,0,1,1,0,false
4.0.0,setrc,bookkeeper-server/src/main/java/org/apache/bookkeeper/client/SyncCounter.java,3,1,1,0,0,0,6,0,4,1,1,0,false
4.2.0,shutdown,bookkeeper-server/src/main/java/org/apache/bookkeeper/replication/AutoRecoveryMain.java,20,4,2,0,2,1,2,2,106,2,5,0,false
4.0.0,canProceedWithRecovery,bookkeeper-server/src/main/java/org/apache/bookkeeper/client/RoundRobinDistributionSchedule.java,20,6,5,1,0,3,0,1,4,1,1,0,false
4.1.0,writeTo,hedwig-protocol/src/main/java/org/apache/hedwig/protocol/PubSubProtocol.java,40,13,0,0,0,0,0,26,196,1,1,3,false
4.1.0,connect,bookkeeper-server/src/main/java/org/apache/bookkeeper/proto/PerChannelBookieClient.java,8,1,1,1,0,0,0,1,196,3,10,0,false
4.0.0,multinCallback,hedwig-client/src/main/java/org/apache/hedwig/util/CallbackUtils.java,3,1,0,0,0,1,0,1,4,2,3,0,false
4.2.0,recoverLedgerFragmentEntry,bookkeeper-server/src/main/java/org/apache/bookkeeper/client/LedgerFragmentReplicator.java,29,1,0,0,0,0,1,1,152,1,3,4,false
4.1.0,setZkServers,bookkeeper-server/src/main/java/org/apache/bookkeeper/conf/ClientConfiguration.java,4,1,0,0,0,1,0,0,225,2,3,0,true
4.1.0,getInstance,bookkeeper-server/src/main/java/org/apache/bookkeeper/jmx/BKMBeanRegistry.java,3,1,0,0,0,1,0,0,0,1,1,0,false
4.0.0,moveDeliveryPtrForward,hedwig-server/src/main/java/org/apache/hedwig/server/delivery/FIFODeliveryManager.java,3,1,0,0,0,0,1,2,4,2,3,0,false
4.1.0,operationFailed,hedwig-server/src/main/java/org/apache/hedwig/server/topics/ZkTopicManager.java,4,1,0,0,0,0,0,0,196,1,2,0,false
4.1.0,getHostForTopic,hedwig-client/src/main/java/org/apache/hedwig/client/netty/HedwigClientImpl.java,3,1,0,0,0,1,0,0,226,1,1,0,true
4.2.0,addSubscriptionListener,hedwig-client/src/main/java/org/apache/hedwig/client/netty/HedwigSubscriber.java,3,1,0,0,0,0,0,2,412,2,9,1,false
4.1.0,logErrorAndReattemptRead,bookkeeper-server/src/main/java/org/apache/bookkeeper/client/PendingReadOp.java,7,1,2,2,0,1,1,1,196,2,3,3,true
4.0.0,writeMasterKey,bookkeeper-server/src/main/java/org/apache/bookkeeper/bookie/FileInfo.java,12,3,2,3,0,0,1,0,4,2,4,2,false
4.1.0,getPublisher,hedwig-client/src/main/java/org/apache/hedwig/client/netty/HedwigClientImpl.java,3,1,0,0,0,1,1,0,226,1,1,0,true
4.2.0,findIndexFile,bookkeeper-server/src/main/java/org/apache/bookkeeper/bookie/LedgerCacheImpl.java,10,3,2,0,0,2,4,1,384,2,9,0,false
4.2.0,stop,hedwig-server/src/main/java/org/apache/hedwig/server/subscriptions/AbstractSubscriptionManager.java,22,3,2,0,1,0,0,2,412,2,10,0,false
4.1.0,readLedger,bookkeeper-benchmark/src/main/java/org/apache/bookkeeper/benchmark/BenchReadThroughputLatency.java,68,12,20,5,2,0,3,0,0,1,1,6,false
4.2.0,setZkTimeout,bookkeeper-server/src/main/java/org/apache/bookkeeper/conf/ClientConfiguration.java,4,1,0,0,0,1,0,0,441,1,4,0,false
4.1.0,getShouldClaim,hedwig-protocol/src/main/java/org/apache/hedwig/protocol/PubSubProtocol.java,3,1,0,0,0,1,4,0,196,1,1,0,false
4.2.0,initiate,bookkeeper-server/src/main/java/org/apache/bookkeeper/client/PendingAddOp.java,6,2,1,0,0,0,1,2,412,3,5,0,false
4.1.0,serialize,bookkeeper-server/src/main/java/org/apache/bookkeeper/meta/LedgerLayout.java,8,2,1,1,0,1,1,0,204,1,1,0,false
4.2.0,hasStopped,hedwig-client/src/main/java/org/apache/hedwig/client/netty/HedwigClientImpl.java,3,1,0,0,0,1,2,0,442,2,9,0,false
4.2.0,doAsyncCloseSubscription,hedwig-client/src/main/java/org/apache/hedwig/client/netty/HedwigSubscriber.java,31,4,3,3,1,0,3,1,412,2,9,2,false
4.1.0,putTopicInRetryMap,hedwig-server/src/main/java/org/apache/hedwig/server/regions/RegionManager.java,13,3,2,1,0,0,1,0,196,1,3,0,false
4.1.0,getFirstEntry,bookkeeper-server/src/main/java/org/apache/bookkeeper/bookie/LedgerEntryPage.java,3,1,0,0,0,1,4,0,196,2,2,0,false
4.2.0,putEntryOffset,bookkeeper-server/src/main/java/org/apache/bookkeeper/bookie/LedgerCacheImpl.java,13,3,4,3,0,1,1,7,384,2,9,0,false
4.1.0,mergePublishRequest,hedwig-protocol/src/main/java/org/apache/hedwig/protocol/PubSubProtocol.java,10,3,3,0,0,1,1,5,196,1,1,2,false
4.0.0,halt,bookkeeper-server/src/main/java/org/apache/bookkeeper/client/BookieWatcher.java,3,1,0,0,0,0,2,0,4,1,3,0,false
4.0.0,realReleaseTopic,hedwig-server/src/main/java/org/apache/hedwig/server/topics/AbstractTopicManager.java,5,2,0,0,0,0,2,1,4,2,3,0,false
4.2.0,onChannelDisconnected,hedwig-client/src/main/java/org/apache/hedwig/client/netty/impl/simple/SimpleSubscribeResponseHandler.java,31,2,0,0,0,1,0,0,113,1,4,1,false
4.1.0,create,hedwig-protocol/src/main/java/org/apache/hedwig/protocol/PubSubProtocol.java,5,1,2,0,0,1,2,2,196,1,1,0,false
4.1.0,getLeastSubscription,hedwig-server/src/main/java/org/apache/hedwig/admin/console/ReadTopic.java,17,5,5,0,0,2,1,1,0,1,1,3,false
4.0.0,enableRecoveryAdd,bookkeeper-server/src/main/java/org/apache/bookkeeper/client/PendingAddOp.java,4,1,1,0,0,1,1,0,4,2,3,0,false
4.0.0,readComplete,bookkeeper-server/src/main/java/org/apache/bookkeeper/client/BookKeeperAdmin.java,24,2,3,1,0,1,0,16,40,2,5,5,false
4.2.0,getPassword,hedwig-server/src/main/java/org/apache/hedwig/server/common/ServerConfiguration.java,3,1,0,0,0,1,0,0,412,3,12,0,false
4.1.0,operationFinished,hedwig-client/src/main/java/org/apache/hedwig/client/netty/HedwigSubscriber.java,3,1,0,0,0,0,0,16,196,1,4,0,true
4.0.0,update,bookkeeper-server/src/main/java/org/apache/bookkeeper/client/CRC32DigestManager.java,3,1,0,0,0,0,1,1,4,1,1,0,false
4.1.0,refreshLastLedgerRange,hedwig-server/src/main/java/org/apache/hedwig/admin/HedwigAdmin.java,6,1,3,1,0,1,1,0,0,2,2,1,false
4.2.0,process,bookkeeper-server/src/main/java/org/apache/bookkeeper/replication/BookieLedgerIndexer.java,4,1,0,0,0,0,0,4,144,1,2,0,false
4.2.0,publishSuspectedLedgers,bookkeeper-server/src/main/java/org/apache/bookkeeper/replication/Auditor.java,15,5,0,3,1,1,1,1,4,1,3,0,false
4.0.0,getReplicaIndex,bookkeeper-server/src/main/java/org/apache/bookkeeper/client/RoundRobinDistributionSchedule.java,4,2,1,1,0,1,0,1,4,1,1,0,false
4.1.0,operationComplete,bookkeeper-server/src/main/java/org/apache/bookkeeper/meta/AbstractZkLedgerManager.java,9,2,2,0,0,0,0,2,204,3,4,1,true
4.2.0,deferLedgerLockRelease,bookkeeper-server/src/main/java/org/apache/bookkeeper/replication/ReplicationWorker.java,50,1,2,0,0,0,1,1,147,1,7,2,false
4.0.0,consume,hedwig-client/src/main/java/org/apache/hedwig/client/api/MessageHandler.java,1,1,0,0,0,0,0,0,4,1,2,0,false
4.0.0,getDefaultServerHost,hedwig-client/src/main/java/org/apache/hedwig/client/conf/ClientConfiguration.java,4,2,0,0,0,2,8,2,4,1,2,2,false
4.1.0,toInt,bookkeeper-server/src/main/java/org/apache/bookkeeper/proto/BookieProtocol.java,8,2,0,2,0,2,2,0,196,2,3,0,false
4.1.0,safeOpenComplete,hedwig-server/src/main/java/org/apache/hedwig/server/persistence/BookkeeperPersistenceManager.java,41,3,2,5,0,2,0,3,196,1,3,1,true
4.1.0,usePage,bookkeeper-server/src/main/java/org/apache/bookkeeper/bookie/LedgerEntryPage.java,3,1,0,0,0,0,0,0,196,2,2,0,false
4.1.0,checkParents,bookkeeper-server/src/main/java/org/apache/bookkeeper/bookie/FileInfo.java,9,3,1,1,0,1,1,0,196,1,4,2,false
4.2.0,writeToDirectory,bookkeeper-server/src/main/java/org/apache/bookkeeper/bookie/Cookie.java,15,2,4,0,1,0,2,1,398,2,3,0,false
4.1.0,validate,hedwig-server/src/main/java/org/apache/hedwig/server/common/ServerConfiguration.java,14,7,1,3,0,0,1,7,196,1,2,3,true
4.1.0,setSynchronous,hedwig-protocol/src/main/java/org/apache/hedwig/protocol/PubSubProtocol.java,5,1,2,0,0,1,3,0,196,1,1,0,false
4.0.0,getOwner,hedwig-server/src/main/java/org/apache/hedwig/server/topics/AbstractTopicManager.java,3,1,0,0,0,0,0,1,4,2,3,0,false
4.1.0,multiSub,hedwig-client/src/main/java/org/apache/hedwig/client/benchmark/BenchmarkSubscriber.java,14,4,4,3,0,0,1,4,196,1,1,1,false
4.1.0,warmup,hedwig-client/src/main/java/org/apache/hedwig/client/benchmark/BenchmarkSubscriber.java,3,1,0,1,0,0,0,1,196,1,1,0,false
4.1.0,replay,bookkeeper-server/src/main/java/org/apache/bookkeeper/bookie/Journal.java,27,7,4,2,0,0,1,5,56,1,2,0,false
4.0.0,initiate,bookkeeper-server/src/main/java/org/apache/bookkeeper/client/LedgerCreateOp.java,3,1,0,0,0,0,2,3,4,2,7,0,false
4.1.0,internalGetResult,hedwig-protocol/src/main/java/org/apache/hedwig/protocol/PubSubProtocol.java,3,1,0,0,0,1,0,0,196,1,1,0,false
4.2.0,writeToZooKeeper,bookkeeper-server/src/main/java/org/apache/bookkeeper/bookie/Cookie.java,21,4,5,1,1,0,2,2,398,2,3,2,false
4.0.0,operationFailed,hedwig-server/src/main/java/org/apache/hedwig/server/topics/AbstractTopicManager.java,4,1,0,0,0,0,0,2,4,2,3,0,false
4.2.0,readsOutstanding,bookkeeper-server/src/main/java/org/apache/bookkeeper/client/PendingReadOp.java,3,2,0,1,0,1,1,0,412,3,12,0,false
4.1.0,getChannelForLogId,bookkeeper-server/src/main/java/org/apache/bookkeeper/bookie/EntryLogger.java,19,3,5,0,0,3,3,1,196,3,12,1,false
4.1.0,getBookieRecoveryDigestType,bookkeeper-server/src/main/java/org/apache/bookkeeper/conf/ClientConfiguration.java,3,1,0,0,0,1,0,0,225,2,3,1,true
4.2.0,moveLedgerIndexFile,bookkeeper-server/src/main/java/org/apache/bookkeeper/bookie/LedgerCacheImpl.java,4,1,1,0,0,0,2,2,384,2,9,0,false
4.1.0,persistMessage,hedwig-server/src/main/java/org/apache/hedwig/server/persistence/BookkeeperPersistenceManager.java,3,1,0,0,0,0,0,1,196,1,3,0,true
4.1.0,setCode,bookkeeper-server/src/main/java/org/apache/bookkeeper/client/BKException.java,3,1,1,0,0,0,0,0,196,1,1,0,false
4.0.0,getLedgerDigestType,bookkeeper-server/src/main/java/org/apache/bookkeeper/tools/BookKeeperTools.java,3,1,0,0,0,1,1,0,4,2,5,0,false
4.2.0,isSpecialZnode,bookkeeper-server/src/main/java/org/apache/bookkeeper/meta/AbstractZkLedgerManager.java,6,4,0,0,0,2,3,0,420,3,7,1,false
4.0.0,getPacketsSent,bookkeeper-server/src/main/java/org/apache/bookkeeper/proto/NIOServerFactory.java,3,1,0,0,0,1,1,0,4,3,7,0,false
4.2.0,markLedgerInRecovery,bookkeeper-server/src/main/java/org/apache/bookkeeper/client/LedgerMetadata.java,3,1,1,0,0,0,1,0,412,3,9,0,false
4.0.0,doGcEntryLogs,bookkeeper-server/src/main/java/org/apache/bookkeeper/bookie/EntryLogger.java,32,8,3,2,2,0,1,2,4,2,8,7,false
4.1.0,scanSingleMessage,hedwig-server/src/main/java/org/apache/hedwig/server/persistence/LocalDBPersistenceManager.java,4,1,0,0,0,1,0,1,196,1,2,0,false
4.1.0,doGc,bookkeeper-server/src/main/java/org/apache/bookkeeper/meta/HierarchicalLedgerManager.java,8,3,0,0,0,0,1,0,204,2,4,0,false
4.2.0,getCertName,hedwig-server/src/main/java/org/apache/hedwig/server/common/ServerConfiguration.java,3,1,0,0,0,1,1,0,412,3,12,0,false
4.2.0,hubPath,hedwig-server/src/main/java/org/apache/hedwig/server/meta/ZkMetadataManagerFactory.java,3,1,0,0,0,1,4,0,191,1,6,0,false
4.2.0,asyncSubscribe,hedwig-client/src/main/java/org/apache/hedwig/client/netty/HedwigSubscriber.java,4,1,1,0,0,0,1,1,412,2,9,0,false
4.2.0,waitIfLedgerReplicationDisabled,bookkeeper-server/src/main/java/org/apache/bookkeeper/meta/ZkLedgerUnderreplicationManager.java,7,2,1,0,0,0,1,2,157,3,12,0,false
4.2.0,complete,bookkeeper-server/src/main/java/org/apache/bookkeeper/client/PendingReadOp.java,18,3,3,1,1,3,1,1,412,3,12,1,false
4.2.0,addrToString,bookkeeper-server/src/main/java/org/apache/bookkeeper/util/StringUtils.java,3,1,0,1,0,1,7,0,412,2,2,1,false
4.1.0,handleSubscribeMessage,hedwig-client/src/main/java/org/apache/hedwig/client/handlers/SubscribeResponseHandler.java,16,5,2,1,0,0,0,2,196,1,1,4,false
4.2.0,asyncAddEntry,bookkeeper-server/src/main/java/org/apache/bookkeeper/client/ReadOnlyLedgerHandle.java,3,1,0,0,0,0,0,1,445,1,2,0,false
4.1.0,addTriedServers,hedwig-protocol/src/main/java/org/apache/hedwig/protocol/PubSubProtocol.java,10,3,1,0,0,1,1,0,196,1,1,2,false
4.2.0,waitAndGetResult,bookkeeper-server/src/main/java/org/apache/bookkeeper/replication/ReplicationWorker.java,4,1,0,0,0,1,2,0,147,1,7,0,false
4.1.0,getStatusCode,hedwig-protocol/src/main/java/org/apache/hedwig/protocol/PubSubProtocol.java,3,1,0,0,0,1,0,1,196,1,1,0,false
4.1.0,create,bookkeeper-server/src/main/java/org/apache/bookkeeper/client/BKException.java,42,19,0,0,0,19,0,19,196,1,1,1,false
4.2.0,getLedgerName,bookkeeper-server/src/main/java/org/apache/bookkeeper/bookie/LedgerCacheImpl.java,12,1,3,1,0,1,3,0,384,2,9,0,false
4.1.0,updateSubscriptionStates,hedwig-server/src/main/java/org/apache/hedwig/server/subscriptions/AbstractSubscriptionManager.java,24,5,4,0,0,0,2,1,196,1,4,3,true
4.2.0,hasMoreElements,bookkeeper-server/src/main/java/org/apache/bookkeeper/client/PendingReadOp.java,3,1,0,0,0,1,0,0,412,3,12,0,false
4.2.0,process,bookkeeper-server/src/main/java/org/apache/bookkeeper/replication/AuditorElector.java,11,3,0,0,1,0,0,2,4,2,5,0,false
4.1.0,unsetSuccessAndSendWriteRequest,bookkeeper-server/src/main/java/org/apache/bookkeeper/client/PendingAddOp.java,20,6,2,2,0,2,1,1,196,2,2,1,true
4.1.0,messageConsumed,hedwig-client/src/main/java/org/apache/hedwig/client/handlers/SubscribeResponseHandler.java,18,9,3,3,0,0,0,0,196,1,1,3,false
4.1.0,close,bookkeeper-server/src/main/java/org/apache/bookkeeper/client/BookKeeperAdmin.java,4,1,0,0,0,0,0,1,268,2,4,0,false
4.1.0,containsLedger,bookkeeper-server/src/main/java/org/apache/bookkeeper/bookie/GarbageCollectorThread.java,3,1,0,0,0,1,1,0,96,3,6,0,false
4.1.0,hasStatusCode,hedwig-protocol/src/main/java/org/apache/hedwig/protocol/PubSubProtocol.java,3,1,0,0,0,1,0,1,196,1,1,0,false
4.0.0,process,bookkeeper-server/src/main/java/org/apache/bookkeeper/util/LocalBookKeeper.java,2,1,0,0,0,0,0,0,4,3,5,0,false
4.1.0,amIResponsibleForTopic,hedwig-client/src/main/java/org/apache/hedwig/client/benchmark/HedwigBenchmark.java,3,2,0,1,0,1,0,0,196,1,1,0,false
4.0.0,setClean,bookkeeper-server/src/main/java/org/apache/bookkeeper/bookie/LedgerEntryPage.java,3,2,1,0,0,0,1,0,4,2,2,0,false
4.1.0,addTopicOwnershipChangeListener,hedwig-server/src/main/java/org/apache/hedwig/server/topics/AbstractTopicManager.java,3,1,0,0,0,0,0,0,196,1,1,0,false
4.2.0,close,bookkeeper-server/src/main/java/org/apache/bookkeeper/bookie/LedgerCacheImpl.java,11,3,1,0,0,0,0,0,384,2,9,1,false
4.1.0,operationFailed,hedwig-server/src/main/java/org/apache/hedwig/server/topics/AbstractTopicManager.java,13,1,1,0,0,0,0,1,196,1,1,0,false
4.2.0,refreshDerivedAttributes,hedwig-server/src/main/java/org/apache/hedwig/server/common/ServerConfiguration.java,5,1,0,0,0,0,1,3,412,3,12,0,false
4.1.0,consumeToBound,hedwig-server/src/main/java/org/apache/hedwig/server/persistence/LocalDBPersistenceManager.java,2,1,0,0,0,0,0,0,196,1,2,0,false
4.1.0,isInterRegionSSLEnabled,hedwig-server/src/main/java/org/apache/hedwig/server/common/ServerConfiguration.java,3,1,0,0,0,1,2,0,196,1,2,0,true
4.2.0,asyncClose,bookkeeper-server/src/main/java/org/apache/bookkeeper/client/ReadOnlyLedgerHandle.java,3,1,0,0,0,0,0,0,445,1,2,0,false
4.0.0,closeHandle,bookkeeper-benchmark/src/main/java/org/apache/bookkeeper/benchmark/MySqlClient.java,3,1,0,0,0,0,1,0,4,2,3,0,false
4.1.0,getName,bookkeeper-server/src/main/java/org/apache/bookkeeper/bookie/BookieBean.java,3,1,0,0,0,1,0,0,132,1,1,0,false
4.1.0,findIndexFile,bookkeeper-server/src/main/java/org/apache/bookkeeper/bookie/LedgerCacheImpl.java,10,3,2,0,0,2,3,1,84,3,6,0,true
4.1.0,subscribe,hedwig-client/src/main/java/org/apache/hedwig/client/netty/HedwigSubscriber.java,3,1,0,0,0,0,0,1,196,1,4,0,true
4.0.0,setFirstEntry,bookkeeper-server/src/main/java/org/apache/bookkeeper/bookie/LedgerEntryPage.java,6,2,1,2,0,0,1,0,4,2,2,0,false
4.0.0,main,bookkeeper-server/src/main/java/org/apache/bookkeeper/tools/BookKeeperTools.java,25,5,7,2,0,3,0,6,4,2,5,0,false
4.1.0,getDefaultInstance,hedwig-protocol/src/main/java/org/apache/hedwig/protocol/PubSubProtocol.java,3,1,0,0,0,1,0,1,196,1,1,1,false
4.1.0,getConfiguration,hedwig-client/src/main/java/org/apache/hedwig/client/netty/HedwigClientImpl.java,3,1,0,0,0,1,1,0,226,1,1,0,true
4.1.0,getZkTopicsPrefix,hedwig-server/src/main/java/org/apache/hedwig/server/common/ServerConfiguration.java,3,1,0,0,0,1,1,1,196,1,2,1,true
4.2.0,run,bookkeeper-server/src/main/java/org/apache/bookkeeper/replication/ReplicationWorker.java,24,5,1,2,1,3,0,4,147,1,7,1,false
4.1.0,getUsage,bookkeeper-server/src/main/java/org/apache/bookkeeper/bookie/EntryLogger.java,6,2,0,1,0,2,1,0,196,3,12,0,false
4.2.0,updateSubscriptionState,hedwig-server/src/main/java/org/apache/hedwig/server/subscriptions/AbstractSubscriptionManager.java,11,2,2,0,0,0,2,3,412,2,10,0,false
4.1.0,rollLog,bookkeeper-server/src/main/java/org/apache/bookkeeper/bookie/Journal.java,21,4,4,2,1,0,1,2,56,1,2,4,false
4.0.0,getRefCnt,bookkeeper-server/src/main/java/org/apache/bookkeeper/bookie/LedgerDescriptor.java,3,1,0,0,0,1,0,0,4,2,4,0,false
4.1.0,setMasterKey,bookkeeper-server/src/main/java/org/apache/bookkeeper/bookie/LedgerCacheImpl.java,11,2,2,0,1,0,0,2,84,3,6,0,true
4.1.0,instantiate,bookkeeper-server/src/main/java/org/apache/bookkeeper/client/DigestManager.java,10,3,0,1,0,2,1,0,196,2,3,0,false
4.1.0,postReleaseCleanup,hedwig-server/src/main/java/org/apache/hedwig/server/topics/TrivialOwnAllTopicManager.java,3,1,0,0,0,0,0,0,196,1,1,0,false
4.0.0,connect,bookkeeper-server/src/main/java/org/apache/bookkeeper/proto/PerChannelBookieClient.java,44,4,3,1,0,1,3,1,4,3,8,1,false
4.2.0,setState,bookkeeper-server/src/main/java/org/apache/bookkeeper/client/LedgerMetadata.java,3,1,1,0,0,0,0,0,412,3,9,0,false
4.1.0,handleRequestAtOwner,hedwig-server/src/main/java/org/apache/hedwig/server/handlers/PublishHandler.java,21,2,3,0,0,1,0,2,196,1,1,1,false
4.0.0,recoverComplete,bookkeeper-server/src/main/java/org/apache/bookkeeper/client/BookKeeperAdmin.java,9,1,3,1,0,0,0,0,40,2,5,0,false
4.0.0,isAutoSendConsumeMessageEnabled,hedwig-client/src/main/java/org/apache/hedwig/client/conf/ClientConfiguration.java,3,1,0,0,0,1,2,0,4,1,2,0,false
4.1.0,initializeNetty,hedwig-server/src/main/java/org/apache/hedwig/server/proxy/HedwigProxy.java,13,1,4,0,0,0,1,2,196,1,2,0,false
4.1.0,setSubscribeRequest,hedwig-protocol/src/main/java/org/apache/hedwig/protocol/PubSubProtocol.java,5,1,2,0,0,1,1,1,196,1,1,0,false
4.2.0,grabLedgerEntryPage,bookkeeper-server/src/main/java/org/apache/bookkeeper/bookie/LedgerCacheImpl.java,17,2,1,0,1,1,2,4,384,2,9,0,false
4.1.0,getConsumeCallback,hedwig-client/src/main/java/org/apache/hedwig/client/netty/HedwigClientImpl.java,3,1,0,0,0,1,0,0,226,1,1,0,true
4.0.0,closeComplete,bookkeeper-server/src/main/java/org/apache/bookkeeper/client/LedgerRecoveryOp.java,10,2,0,2,0,0,0,2,4,2,5,1,false
4.1.0,setMessageBound,hedwig-server/src/main/java/org/apache/hedwig/server/persistence/LocalDBPersistenceManager.java,2,1,0,0,0,0,0,0,196,1,2,0,false
4.1.0,finalizeUpgrade,bookkeeper-server/src/main/java/org/apache/bookkeeper/bookie/FileSystemUpgrade.java,29,7,3,0,1,0,1,3,0,2,3,0,false
4.1.0,doRecoveryRead,bookkeeper-server/src/main/java/org/apache/bookkeeper/client/LedgerRecoveryOp.java,4,1,0,0,0,0,4,2,196,3,6,0,false
4.1.0,getLedgerManagerType,bookkeeper-server/src/main/java/org/apache/bookkeeper/conf/AbstractConfiguration.java,3,1,0,0,0,1,0,0,225,2,2,0,false
4.1.0,getLocalAddress,bookkeeper-server/src/main/java/org/apache/bookkeeper/proto/NIOServerFactory.java,3,1,0,0,0,1,0,0,196,1,4,1,false
4.0.0,refill,bookkeeper-server/src/main/java/org/apache/bookkeeper/streaming/LedgerInputStream.java,25,6,7,2,1,2,3,3,4,1,2,2,false
4.0.0,getActiveLedgers,bookkeeper-server/src/main/java/org/apache/bookkeeper/tools/BookKeeperTools.java,25,1,0,0,0,0,2,0,4,2,5,2,false
4.1.0,getLedgerId,bookkeeper-server/src/main/java/org/apache/bookkeeper/meta/HierarchicalLedgerManager.java,12,3,3,3,0,1,0,1,204,2,4,1,false
4.1.0,getChannel,hedwig-server/src/main/java/org/apache/hedwig/server/delivery/ChannelEndPoint.java,3,1,0,0,0,1,0,0,196,1,1,0,false
4.0.0,operationComplete,bookkeeper-server/src/main/java/org/apache/bookkeeper/meta/AbstractZkLedgerManager.java,9,2,2,0,0,0,0,2,8,1,1,1,false
4.2.0,writeComplete,bookkeeper-server/src/main/java/org/apache/bookkeeper/proto/BookkeeperInternalCallbacks.java,1,1,0,0,0,0,0,0,412,1,1,0,false
4.1.0,readMasterKey,bookkeeper-server/src/main/java/org/apache/bookkeeper/bookie/LedgerCacheImpl.java,18,3,4,0,0,2,0,5,84,3,6,0,true
4.0.0,pin,bookkeeper-server/src/main/java/org/apache/bookkeeper/bookie/LedgerEntryPage.java,3,1,1,0,0,0,0,0,4,2,2,0,false
4.2.0,changeLedger,hedwig-server/src/main/java/org/apache/hedwig/server/persistence/BookkeeperPersistenceManager.java,3,1,0,0,0,0,1,1,412,3,11,0,false
4.1.0,mergeMsgId,hedwig-protocol/src/main/java/org/apache/hedwig/protocol/PubSubProtocol.java,10,3,3,0,0,1,1,5,196,1,1,2,false
4.2.0,read,hedwig-server/src/main/java/org/apache/hedwig/server/persistence/BookkeeperPersistenceManager.java,67,3,1,8,0,1,2,2,412,3,11,6,false
4.1.0,toString,hedwig-server/src/main/java/org/apache/hedwig/server/delivery/FIFODeliveryManager.java,8,1,1,0,0,1,0,0,196,1,2,0,false
4.1.0,clearMessageBound,hedwig-server/src/main/java/org/apache/hedwig/server/persistence/LocalDBPersistenceManager.java,2,1,0,0,0,0,0,0,196,1,2,0,false
4.1.0,getPeerName,bookkeeper-server/src/main/java/org/apache/bookkeeper/proto/NIOServerFactory.java,6,2,1,0,0,1,0,0,196,1,4,1,false
4.1.0,addRemoteComponents,hedwig-protocol/src/main/java/org/apache/hedwig/protocol/PubSubProtocol.java,10,3,1,0,0,1,1,0,196,1,1,2,false
4.1.0,getActiveLedgers,bookkeeper-server/src/main/java/org/apache/bookkeeper/bookie/LedgerCacheImpl.java,19,9,1,1,0,0,2,0,84,3,6,3,true
4.1.0,setMsg,hedwig-protocol/src/main/java/org/apache/hedwig/protocol/PubSubProtocol.java,8,2,2,0,0,1,1,0,196,1,1,0,false
4.0.0,call,hedwig-client/src/main/java/org/apache/hedwig/client/benchmark/HedwigBenchmark.java,32,4,15,2,0,1,1,6,4,2,4,1,false
4.0.0,onLastLocalUnsubscribe,hedwig-server/src/main/java/org/apache/hedwig/server/regions/RegionManager.java,19,1,0,0,0,0,0,0,4,1,3,0,false
4.1.0,getTopicLedgers,hedwig-server/src/main/java/org/apache/hedwig/admin/HedwigAdmin.java,41,8,11,3,2,4,2,2,0,2,2,8,false
4.0.0,update,bookkeeper-server/src/main/java/org/apache/bookkeeper/client/MacDigestManager.java,3,1,0,0,0,0,0,0,4,2,3,0,false
4.1.0,operationFinished,hedwig-client/src/main/java/org/apache/hedwig/client/handlers/SubscribeReconnectCallback.java,12,4,0,2,1,0,0,2,196,1,1,1,false
4.2.0,hasLocalSubscriptions,hedwig-server/src/main/java/org/apache/hedwig/server/subscriptions/AbstractSubscriptionManager.java,4,3,0,0,0,2,2,0,412,2,10,0,false
4.1.0,operationFailed,hedwig-server/src/main/java/org/apache/hedwig/server/regions/RegionManager.java,3,1,0,0,0,0,0,2,196,1,3,0,false
4.1.0,refreshDerivedAttributes,hedwig-server/src/main/java/org/apache/hedwig/server/common/ServerConfiguration.java,5,1,0,0,0,0,1,3,196,1,2,0,true
4.2.0,storeHost2ChannelMapping,hedwig-client/src/main/java/org/apache/hedwig/client/netty/HedwigPublisher.java,17,6,1,2,1,0,1,2,412,2,6,0,false
4.0.0,getMessage,bookkeeper-server/src/main/java/org/apache/bookkeeper/client/BKException.java,42,19,0,0,0,19,3,0,4,2,3,1,false
4.1.0,refreshRegionList,hedwig-server/src/main/java/org/apache/hedwig/server/common/ServerConfiguration.java,9,2,3,0,0,0,2,0,196,1,2,1,true
4.1.0,getCode,bookkeeper-server/src/main/java/org/apache/bookkeeper/bookie/BookieException.java,3,1,0,0,0,1,0,0,196,2,2,0,false
4.2.0,process,bookkeeper-server/src/main/java/org/apache/bookkeeper/client/BookKeeperAdmin.java,3,1,0,0,0,0,0,4,484,3,13,0,false
4.2.0,putIntoTable,bookkeeper-server/src/main/java/org/apache/bookkeeper/bookie/LedgerCacheImpl.java,8,2,2,0,0,0,3,2,384,2,9,0,false
4.1.0,getOffset,bookkeeper-server/src/main/java/org/apache/bookkeeper/bookie/LedgerEntryPage.java,4,1,0,0,0,1,1,1,196,2,2,1,false
4.0.0,stopDelivery,hedwig-client/src/main/java/org/apache/hedwig/client/netty/HedwigSubscriber.java,19,3,3,3,0,0,0,3,4,1,3,2,false
4.2.0,isPartialUpdateSupported,hedwig-server/src/main/java/org/apache/hedwig/server/subscriptions/AbstractSubscriptionManager.java,1,1,0,0,0,0,2,0,412,2,10,0,false
4.2.0,operationFinished,hedwig-client/src/main/java/org/apache/hedwig/client/netty/VoidCallbackAdapter.java,3,1,0,0,0,0,0,0,172,1,1,0,false
4.1.0,getChannelForTopic,hedwig-client/src/main/java/org/apache/hedwig/client/netty/HedwigSubscriber.java,3,1,0,0,0,1,2,0,196,1,4,0,true
4.0.0,enqueueWithoutFailure,hedwig-server/src/main/java/org/apache/hedwig/server/delivery/FIFODeliveryManager.java,5,2,0,1,0,0,4,0,4,2,3,0,false
4.2.0,readOwnerInfo,hedwig-server/src/main/java/org/apache/hedwig/server/meta/ZkMetadataManagerFactory.java,27,1,1,0,0,0,0,1,191,1,6,2,false
4.2.0,updateSubscriptionData,hedwig-server/src/main/java/org/apache/hedwig/server/subscriptions/InMemorySubscriptionManager.java,3,1,0,0,0,0,0,0,412,2,5,0,false
4.2.0,checkLayout,bookkeeper-server/src/main/java/org/apache/bookkeeper/meta/ZkLedgerUnderreplicationManager.java,50,13,4,1,5,0,1,0,157,3,12,7,false
4.0.0,grabCleanPage,bookkeeper-server/src/main/java/org/apache/bookkeeper/bookie/LedgerCache.java,52,12,6,2,0,2,2,10,4,2,6,18,false
4.1.0,finish,hedwig-server/src/main/java/org/apache/hedwig/server/regions/RegionManager.java,3,1,0,0,0,0,2,0,196,1,3,0,false
4.0.0,doAsyncGetLedgersInSingleNode,bookkeeper-server/src/main/java/org/apache/bookkeeper/meta/AbstractZkLedgerManager.java,29,1,0,0,0,0,1,0,8,1,1,2,false
4.0.0,release,bookkeeper-server/src/main/java/org/apache/bookkeeper/bookie/FileInfo.java,11,4,0,0,1,0,5,0,4,2,4,0,false
4.2.0,getZkTimeout,bookkeeper-server/src/main/java/org/apache/bookkeeper/conf/ClientConfiguration.java,3,1,0,0,0,1,0,0,441,1,4,0,false
4.2.0,replicate,bookkeeper-server/src/main/java/org/apache/bookkeeper/client/LedgerFragmentReplicator.java,27,6,6,2,0,3,0,3,152,1,3,0,false
4.0.0,equals,bookkeeper-server/src/main/java/org/apache/bookkeeper/proto/PerChannelBookieClient.java,7,5,1,0,0,2,0,0,4,3,8,0,false
4.2.0,lostTopic,hedwig-server/src/main/java/org/apache/hedwig/server/persistence/BookkeeperPersistenceManager.java,3,1,0,0,0,0,0,1,412,3,11,0,false
4.0.0,writeComplete,bookkeeper-server/src/main/java/org/apache/bookkeeper/tools/BookKeeperTools.java,9,2,0,1,0,0,0,6,4,2,5,1,false
4.2.0,setCode,bookkeeper-server/src/main/java/org/apache/bookkeeper/client/BKException.java,3,1,1,0,0,0,0,0,412,1,4,0,false
4.0.0,main,hedwig-server/src/main/java/org/apache/hedwig/server/benchmark/BookkeeperBenchmark.java,4,1,1,0,0,0,0,2,4,2,3,0,false
4.1.0,getZkPrefix,hedwig-server/src/main/java/org/apache/hedwig/server/common/ServerConfiguration.java,3,1,0,0,0,1,2,0,196,1,2,0,true
4.2.0,choose,hedwig-server/src/main/java/org/apache/hedwig/server/topics/MMTopicManager.java,18,1,0,0,0,0,2,0,165,1,1,1,false
4.1.0,getPacketsReceived,bookkeeper-server/src/main/java/org/apache/bookkeeper/proto/NIOServerFactory.java,3,1,0,0,0,1,1,0,196,1,4,0,false
4.1.0,getZkPath,bookkeeper-server/src/main/java/org/apache/bookkeeper/bookie/Cookie.java,4,1,1,2,0,1,3,0,91,1,1,1,true
4.1.0,start,bookkeeper-server/src/main/java/org/apache/bookkeeper/bookie/InterleavedLedgerStorage.java,3,1,0,0,0,0,0,0,56,2,3,0,false
4.1.0,initiate,bookkeeper-server/src/main/java/org/apache/bookkeeper/client/PendingAddOp.java,7,2,3,0,0,0,1,1,196,2,2,1,true
4.2.0,readComplete,bookkeeper-server/src/main/java/org/apache/bookkeeper/client/LedgerFragmentReplicator.java,24,2,3,1,0,1,0,6,152,1,3,5,false
4.0.0,write,bookkeeper-server/src/main/java/org/apache/bookkeeper/bookie/FileInfo.java,12,3,2,3,0,0,1,0,4,2,4,2,false
4.1.0,asyncProcessLedgers,bookkeeper-server/src/main/java/org/apache/bookkeeper/meta/HierarchicalLedgerManager.java,19,1,0,0,0,0,0,1,204,2,4,0,false
4.0.0,setLastLogId,bookkeeper-server/src/main/java/org/apache/bookkeeper/bookie/EntryLogger.java,16,2,2,1,2,0,1,0,4,2,8,2,false
4.2.0,getName,bookkeeper-server/src/main/java/org/apache/bookkeeper/proto/BookieServerBean.java,3,1,0,0,0,1,0,0,480,1,1,0,false
4.1.0,readEntryAndFenceLedger,bookkeeper-server/src/main/java/org/apache/bookkeeper/proto/PerChannelBookieClient.java,25,1,4,2,0,0,0,2,196,3,10,6,false
4.2.0,persistMessage,hedwig-server/src/main/java/org/apache/hedwig/server/persistence/BookkeeperPersistenceManager.java,3,1,0,0,0,0,0,1,412,3,11,0,false
4.1.0,deliveredUntil,hedwig-server/src/main/java/org/apache/hedwig/server/persistence/BookkeeperPersistenceManager.java,2,1,0,0,0,0,0,0,196,1,3,0,true
4.1.0,setMessageBound,hedwig-server/src/main/java/org/apache/hedwig/server/persistence/BookkeeperPersistenceManager.java,3,1,0,0,0,0,0,1,196,1,3,0,true
4.0.0,deliverNextMessage,hedwig-server/src/main/java/org/apache/hedwig/server/delivery/FIFODeliveryManager.java,8,2,2,0,0,1,3,1,4,2,3,0,false
4.2.0,close,hedwig-client/src/main/java/org/apache/hedwig/client/netty/HedwigPublisher.java,15,3,1,1,1,0,1,1,412,2,6,2,false
4.2.0,close,bookkeeper-server/src/main/java/org/apache/bookkeeper/meta/AbstractZkLedgerManager.java,2,1,0,0,0,0,0,0,420,3,7,0,false
4.1.0,process,bookkeeper-server/src/main/java/org/apache/bookkeeper/bookie/FileSystemUpgrade.java,5,2,0,0,0,0,0,2,0,2,3,1,false
4.1.0,choose,hedwig-server/src/main/java/org/apache/hedwig/server/topics/ZkTopicManager.java,14,1,1,0,0,0,1,0,196,1,2,1,false
4.1.0,addEntry,bookkeeper-server/src/main/java/org/apache/bookkeeper/client/ReadOnlyLedgerHandle.java,4,1,0,1,0,0,1,0,229,1,1,0,true
4.1.0,retryErroredSubscribers,hedwig-server/src/main/java/org/apache/hedwig/server/delivery/FIFODeliveryManager.java,11,3,2,1,0,1,1,2,196,1,2,0,false
4.2.0,addEnsemble,bookkeeper-server/src/main/java/org/apache/bookkeeper/client/LedgerMetadata.java,5,2,1,0,0,0,6,0,412,3,9,0,false
4.1.0,getTopic,hedwig-server/src/main/java/org/apache/hedwig/server/delivery/FIFODeliveryManager.java,3,1,0,0,0,1,3,0,196,1,2,0,false
4.1.0,accept,bookkeeper-server/src/main/java/org/apache/bookkeeper/bookie/FileSystemUpgrade.java,3,1,0,0,0,1,0,1,0,2,3,0,false
4.1.0,sendResponse,bookkeeper-server/src/main/java/org/apache/bookkeeper/proto/NIOServerFactory.java,13,3,0,0,0,1,0,2,196,1,4,1,false
4.1.0,stop,hedwig-server/src/main/java/org/apache/hedwig/server/topics/ZkTopicManager.java,12,3,0,0,1,0,0,1,196,1,2,0,false
4.2.0,markLedgerUnderreplicated,bookkeeper-server/src/main/java/org/apache/bookkeeper/meta/LedgerUnderreplicationManager.java,1,1,0,0,0,0,0,0,157,1,2,0,false
4.0.0,waitForServerUp,bookkeeper-server/src/main/java/org/apache/bookkeeper/util/LocalBookKeeper.java,41,8,9,2,3,2,1,0,4,3,5,4,false
4.1.0,prefixes,hedwig-client/src/main/java/org/apache/hedwig/util/PathUtils.java,11,3,2,0,0,1,0,0,196,1,1,0,false
4.2.0,operationComplete,hedwig-client/src/main/java/org/apache/hedwig/client/netty/impl/simple/SimpleSubscribeResponseHandler.java,5,2,0,0,0,0,0,0,113,1,4,0,false
4.0.0,handleRequest,hedwig-server/src/main/java/org/apache/hedwig/server/proxy/ProxyStartDeliveryHandler.java,39,4,4,0,1,2,0,1,4,1,3,1,false
4.0.0,tearDown,hedwig-server/src/main/java/org/apache/hedwig/server/benchmark/AbstractBenchmark.java,1,1,0,0,0,0,1,0,4,1,2,0,false
4.0.0,getCode,bookkeeper-server/src/main/java/org/apache/bookkeeper/bookie/BookieException.java,3,1,0,0,0,1,0,0,4,2,2,0,false
4.2.0,operationFailed,hedwig-client/src/main/java/org/apache/hedwig/client/netty/HedwigSubscriber.java,3,1,0,1,0,0,0,0,412,2,9,0,false
4.0.0,parseAddr,bookkeeper-server/src/main/java/org/apache/bookkeeper/util/StringUtils.java,15,3,3,2,1,1,2,0,4,2,2,0,false
4.1.0,generateCookie,bookkeeper-server/src/main/java/org/apache/bookkeeper/bookie/Cookie.java,14,2,7,1,0,1,1,1,91,1,1,1,true
4.1.0,runCmd,hedwig-server/src/main/java/org/apache/hedwig/admin/console/HedwigConsole.java,24,5,5,1,1,2,0,0,0,1,1,1,false
4.2.0,toString,bookkeeper-server/src/main/java/org/apache/bookkeeper/meta/ZkVersion.java,3,1,0,0,0,1,0,0,213,1,1,0,false
4.1.0,isConnected,hedwig-server/src/main/java/org/apache/hedwig/server/delivery/FIFODeliveryManager.java,3,1,0,0,0,1,2,0,196,1,2,0,false
4.0.0,process,hedwig-server/src/main/java/org/apache/hedwig/server/netty/PubSubServer.java,5,2,0,0,0,0,0,0,4,2,5,1,false
4.1.0,removeChannelForTopic,hedwig-client/src/main/java/org/apache/hedwig/client/netty/HedwigSubscriber.java,3,1,0,0,0,0,0,0,196,1,4,0,true
4.2.0,getBookieRecoveryPasswd,bookkeeper-server/src/main/java/org/apache/bookkeeper/conf/ClientConfiguration.java,3,1,0,0,0,1,0,0,441,1,4,0,false
4.2.0,getDigestType,bookkeeper-server/src/main/java/org/apache/bookkeeper/client/LedgerMetadata.java,8,2,0,0,0,2,0,0,412,3,9,0,false
4.0.0,warmup,hedwig-client/src/main/java/org/apache/hedwig/client/benchmark/BenchmarkSubscriber.java,3,1,0,1,0,0,0,1,4,1,3,0,false
4.1.0,equals,bookkeeper-server/src/main/java/org/apache/bookkeeper/proto/PerChannelBookieClient.java,7,5,1,0,0,2,0,0,196,3,10,0,false
4.1.0,buildMyCommands,hedwig-server/src/main/java/org/apache/hedwig/admin/console/HedwigConsole.java,22,1,2,0,0,1,1,16,0,1,1,0,false
4.2.0,getUrLedgerZnode,bookkeeper-server/src/main/java/org/apache/bookkeeper/meta/ZkLedgerUnderreplicationManager.java,3,1,0,0,0,1,2,1,157,3,12,0,false
4.1.0,build,hedwig-protocol/src/main/java/org/apache/hedwig/protocol/PubSubProtocol.java,6,3,0,0,0,1,1,2,196,1,1,0,false
4.2.0,getPublisher,hedwig-client/src/main/java/org/apache/hedwig/client/netty/HedwigClientImpl.java,3,1,0,0,0,1,2,0,442,2,9,0,false
4.1.0,getOrigSubData,hedwig-client/src/main/java/org/apache/hedwig/client/handlers/SubscribeResponseHandler.java,3,1,0,0,0,1,2,0,196,1,1,0,false
4.1.0,getCommand,hedwig-server/src/main/java/org/apache/hedwig/admin/console/HedwigConsole.java,3,1,0,0,0,1,4,0,0,1,1,0,false
4.2.0,compare,bookkeeper-server/src/main/java/org/apache/bookkeeper/bookie/LedgerCacheImpl.java,3,1,0,1,0,1,0,1,384,2,9,0,false
4.1.0,consumedUntil,hedwig-server/src/main/java/org/apache/hedwig/server/persistence/LocalDBPersistenceManager.java,31,6,5,3,2,1,0,1,196,1,2,2,false
4.1.0,stop,hedwig-server/src/main/java/org/apache/hedwig/server/delivery/FIFODeliveryManager.java,3,1,0,0,0,0,0,2,196,1,2,0,false
4.1.0,recoverLedger,bookkeeper-server/src/main/java/org/apache/bookkeeper/client/BookKeeperAdmin.java,29,1,0,0,0,0,1,1,268,2,4,5,false
4.2.0,handleLostBookies,bookkeeper-server/src/main/java/org/apache/bookkeeper/replication/Auditor.java,6,2,0,1,0,0,2,1,4,1,3,0,false
4.1.0,linkOne,bookkeeper-server/src/main/java/org/apache/bookkeeper/util/HardLink.java,7,1,3,0,0,1,0,0,90,1,1,0,false
4.0.0,instantiatePersistenceManager,hedwig-server/src/main/java/org/apache/hedwig/server/netty/PubSubServer.java,21,4,5,0,1,1,1,11,4,2,5,0,false
4.2.0,hasMessageFilter,hedwig-client/src/main/java/org/apache/hedwig/client/netty/FilterableMessageHandler.java,3,2,0,0,0,1,1,0,137,1,1,0,false
4.1.0,addLedgerSize,bookkeeper-server/src/main/java/org/apache/bookkeeper/bookie/GarbageCollectorThread.java,10,2,5,0,0,0,1,0,96,3,6,0,false
4.1.0,getBufferedChannel,bookkeeper-server/src/main/java/org/apache/bookkeeper/bookie/JournalChannel.java,6,2,0,0,0,1,2,0,125,1,2,0,false
4.2.0,shutdown,bookkeeper-server/src/main/java/org/apache/bookkeeper/replication/ReplicationWorker.java,31,6,1,1,3,1,3,1,147,1,7,2,false
4.1.0,unsubscribe,hedwig-server/src/main/java/org/apache/hedwig/server/subscriptions/AbstractSubscriptionManager.java,3,1,0,0,0,0,0,1,196,1,4,0,true
4.1.0,getValidLedgerId,bookkeeper-benchmark/src/main/java/org/apache/bookkeeper/benchmark/BenchBookie.java,19,3,6,0,1,1,1,0,0,1,2,0,false
4.2.0,getZkServers,bookkeeper-server/src/main/java/org/apache/bookkeeper/conf/ClientConfiguration.java,7,3,1,0,0,2,0,0,441,1,4,1,false
4.0.0,operationComplete,hedwig-client/src/main/java/org/apache/hedwig/client/netty/ConnectCallback.java,30,10,2,4,0,2,0,7,4,1,3,3,false
4.0.0,subUnsub,hedwig-client/src/main/java/org/apache/hedwig/client/netty/HedwigSubscriber.java,29,10,3,2,1,0,2,1,4,1,3,0,false
4.0.0,sendWriteRequest,bookkeeper-server/src/main/java/org/apache/bookkeeper/client/PendingAddOp.java,4,2,1,0,0,0,2,2,4,2,3,2,false
4.0.0,serveSubscribeRequest,hedwig-server/src/main/java/org/apache/hedwig/server/subscriptions/AbstractSubscriptionManager.java,3,1,0,0,0,0,0,1,4,2,3,0,false
4.2.0,closeSubscription,hedwig-server/src/main/java/org/apache/hedwig/server/subscriptions/AbstractSubscriptionManager.java,3,1,0,0,0,0,0,1,412,2,10,0,false
4.2.0,operationFinished,hedwig-client/src/main/java/org/apache/hedwig/client/netty/HedwigSubscriber.java,3,1,0,1,0,0,0,16,412,2,9,0,false
4.2.0,getLedgerEntryPage,bookkeeper-server/src/main/java/org/apache/bookkeeper/bookie/LedgerCacheImpl.java,13,4,1,0,0,3,3,3,384,2,9,2,false
4.1.0,getClientTcpNoDelay,bookkeeper-server/src/main/java/org/apache/bookkeeper/conf/ClientConfiguration.java,3,1,0,0,0,1,1,0,225,2,3,0,true
4.2.0,submitCallback,bookkeeper-server/src/main/java/org/apache/bookkeeper/client/PendingAddOp.java,4,1,0,0,0,0,2,1,412,3,5,1,false
4.1.0,acquiredTopic,hedwig-server/src/main/java/org/apache/hedwig/server/persistence/BookkeeperPersistenceManager.java,3,1,0,0,0,0,0,1,196,1,3,0,true
4.0.0,getValueAndReset,bookkeeper-server/src/main/java/org/apache/bookkeeper/client/MacDigestManager.java,3,1,0,0,0,1,0,0,4,2,3,0,false
4.0.0,size,bookkeeper-server/src/main/java/org/apache/bookkeeper/bookie/FileInfo.java,7,2,2,1,0,1,2,0,4,2,4,0,false
4.0.0,storeHost2ChannelMapping,hedwig-client/src/main/java/org/apache/hedwig/client/netty/HedwigPublisher.java,12,4,2,2,0,0,1,4,4,2,4,0,false
4.1.0,asyncRecoverBookieData,bookkeeper-server/src/main/java/org/apache/bookkeeper/client/BookKeeperAdmin.java,13,1,0,0,0,0,1,0,268,2,4,2,false
4.1.0,getSocketAddress,hedwig-client/src/main/java/org/apache/hedwig/util/HedwigSocketAddress.java,3,1,0,0,0,1,0,0,196,1,1,0,false
4.1.0,hubPath,hedwig-server/src/main/java/org/apache/hedwig/server/topics/ZkTopicManager.java,3,1,0,0,0,1,2,0,196,1,2,0,false
4.1.0,run,hedwig-server/src/main/java/org/apache/hedwig/server/subscriptions/AbstractSubscriptionManager.java,66,6,7,3,0,4,0,7,196,1,4,3,true
4.1.0,main,hedwig-server/src/main/java/org/apache/hedwig/admin/console/HedwigConsole.java,4,1,1,0,0,0,0,2,0,1,1,0,false
4.1.0,getMaximumMessageSize,hedwig-server/src/main/java/org/apache/hedwig/server/proxy/ProxyConfiguration.java,3,1,0,0,0,1,1,0,196,1,1,0,false
4.0.0,initiate,bookkeeper-server/src/main/java/org/apache/bookkeeper/client/PendingAddOp.java,7,2,3,0,0,0,1,2,4,2,3,1,false
4.2.0,getZkTimeout,hedwig-server/src/main/java/org/apache/hedwig/server/common/ServerConfiguration.java,3,1,0,0,0,1,0,0,412,3,12,0,false
4.1.0,ledgersPath,hedwig-server/src/main/java/org/apache/hedwig/server/persistence/BookkeeperPersistenceManager.java,3,1,0,0,0,1,3,0,196,1,3,0,false
4.1.0,operationComplete,bookkeeper-server/src/main/java/org/apache/bookkeeper/client/LedgerOpenOp.java,11,3,0,0,0,0,0,4,196,1,1,0,true
4.1.0,getLedgersInSingleNode,bookkeeper-server/src/main/java/org/apache/bookkeeper/meta/AbstractZkLedgerManager.java,25,3,1,2,0,1,2,4,204,3,4,2,true
4.0.0,writeSameEntry,bookkeeper-benchmark/src/main/java/org/apache/bookkeeper/benchmark/MySqlClient.java,11,2,3,4,0,0,1,0,4,2,3,0,false
4.0.0,read,bookkeeper-server/src/main/java/org/apache/bookkeeper/bookie/BufferedChannel.java,57,16,15,11,0,1,0,0,4,2,3,5,false
4.1.0,readEntryComplete,bookkeeper-server/src/main/java/org/apache/bookkeeper/client/LedgerRecoveryOp.java,33,9,11,2,1,2,0,1,196,3,6,2,false
4.0.0,readComplete,bookkeeper-server/src/main/java/org/apache/bookkeeper/tools/BookKeeperTools.java,22,2,3,1,0,1,0,6,4,2,5,5,false
4.1.0,getLedgerId,bookkeeper-server/src/main/java/org/apache/bookkeeper/meta/FlatLedgerManager.java,1,1,0,0,0,0,0,0,204,2,2,0,false
4.2.0,getActiveLedgers,bookkeeper-server/src/main/java/org/apache/bookkeeper/bookie/LedgerCacheImpl.java,33,14,2,3,0,0,3,1,384,2,9,6,false
4.0.0,run,hedwig-client/src/main/java/org/apache/hedwig/client/handlers/MessageConsumeCallback.java,4,1,1,0,0,0,0,6,4,1,3,3,false
4.1.0,ledgerExists,bookkeeper-server/src/main/java/org/apache/bookkeeper/bookie/InterleavedLedgerStorage.java,3,1,0,0,0,1,0,0,56,2,3,0,false
4.0.0,genDigest,bookkeeper-server/src/main/java/org/apache/bookkeeper/client/MacDigestManager.java,6,1,1,0,0,1,4,0,4,2,3,3,false
4.1.0,compare,bookkeeper-benchmark/src/main/java/org/apache/bookkeeper/benchmark/BenchReadThroughputLatency.java,15,4,2,1,1,3,0,0,0,1,1,4,false
4.1.0,getMaxAllowedCmdArgLength,bookkeeper-server/src/main/java/org/apache/bookkeeper/util/HardLink.java,3,1,0,0,0,1,0,1,90,1,1,0,false
4.0.0,flushLedger,bookkeeper-server/src/main/java/org/apache/bookkeeper/bookie/LedgerCache.java,97,24,17,6,2,1,2,10,4,2,6,9,false
4.1.0,getMessage,hedwig-protocol/src/main/java/org/apache/hedwig/protocol/PubSubProtocol.java,3,1,0,0,0,1,4,0,196,1,1,0,false
4.1.0,getAvailableBookies,bookkeeper-server/src/main/java/org/apache/bookkeeper/client/BookKeeperAdmin.java,29,2,1,0,0,0,1,1,268,2,4,2,false
4.1.0,garbageCollectLedgers,bookkeeper-server/src/main/java/org/apache/bookkeeper/meta/HierarchicalLedgerManager.java,22,6,2,2,2,0,0,3,204,2,4,2,false
4.1.0,getQueueLength,bookkeeper-server/src/main/java/org/apache/bookkeeper/bookie/BookieMXBean.java,1,1,0,0,0,0,0,0,132,1,1,0,false
4.0.0,decRef,bookkeeper-server/src/main/java/org/apache/bookkeeper/bookie/LedgerDescriptor.java,3,1,0,0,0,0,1,0,4,2,4,0,false
4.0.0,getChannelForHost,hedwig-client/src/main/java/org/apache/hedwig/client/netty/HedwigPublisher.java,3,1,0,0,0,1,0,0,4,2,4,0,false
4.1.0,getStats,bookkeeper-server/src/main/java/org/apache/bookkeeper/proto/NIOServerFactory.java,3,1,0,0,0,1,0,0,196,1,4,0,false
4.2.0,getMessage,bookkeeper-server/src/main/java/org/apache/bookkeeper/client/BKException.java,48,22,0,0,0,22,4,0,412,1,4,1,false
4.1.0,setStatusCode,hedwig-protocol/src/main/java/org/apache/hedwig/protocol/PubSubProtocol.java,8,2,2,0,0,1,2,0,196,1,1,0,false
4.0.0,onFirstLocalSubscribe,hedwig-server/src/main/java/org/apache/hedwig/server/regions/RegionManager.java,50,1,0,0,0,0,0,0,4,1,3,2,false
4.1.0,close,bookkeeper-server/src/main/java/org/apache/bookkeeper/bookie/LedgerCacheImpl.java,8,3,1,0,0,0,0,0,84,3,6,1,true
4.1.0,messageReceived,hedwig-server/src/main/java/org/apache/hedwig/server/netty/UmbrellaHandler.java,16,3,4,1,0,2,0,3,196,1,1,3,false
4.1.0,getNumUsedPages,bookkeeper-server/src/main/java/org/apache/bookkeeper/bookie/LedgerCacheImpl.java,3,1,0,0,0,1,1,0,84,3,6,0,true
4.1.0,checkAccess,bookkeeper-server/src/main/java/org/apache/bookkeeper/bookie/LedgerDescriptorImpl.java,5,2,0,0,0,0,0,0,84,1,1,0,false
4.0.0,shutdown,bookkeeper-server/src/main/java/org/apache/bookkeeper/tools/BookKeeperTools.java,4,1,0,0,0,0,1,1,4,2,5,0,false
4.2.0,getPassword,bookkeeper-server/src/main/java/org/apache/bookkeeper/client/LedgerMetadata.java,3,1,0,0,0,1,0,0,412,3,9,0,false
4.0.0,reportLatency,hedwig-client/src/main/java/org/apache/hedwig/client/benchmark/BenchmarkUtils.java,11,2,2,1,0,0,1,0,4,1,2,0,false
4.0.0,getActiveLedgers,bookkeeper-server/src/main/java/org/apache/bookkeeper/client/BookKeeperAdmin.java,25,1,0,0,0,0,2,4,40,2,5,2,false
4.1.0,getMinimumSeqId,hedwig-server/src/main/java/org/apache/hedwig/server/delivery/FIFODeliveryManager.java,7,3,1,1,0,2,1,0,196,1,2,2,false
4.0.0,setLh,bookkeeper-server/src/main/java/org/apache/bookkeeper/client/SyncCounter.java,3,1,1,0,0,0,2,0,4,1,1,0,false
4.1.0,handleReadResponse,bookkeeper-server/src/main/java/org/apache/bookkeeper/proto/PerChannelBookieClient.java,31,9,8,3,0,1,1,1,196,3,10,0,false
4.0.0,isFenced,bookkeeper-server/src/main/java/org/apache/bookkeeper/bookie/LedgerDescriptor.java,3,1,0,0,0,1,1,0,4,2,4,0,false
4.1.0,isHidden,hedwig-server/src/main/java/org/apache/hedwig/server/handlers/NettyHandlerBean.java,3,1,0,0,0,1,0,0,75,1,1,0,false
4.2.0,setClientTcpNoDelay,bookkeeper-server/src/main/java/org/apache/bookkeeper/conf/ClientConfiguration.java,4,1,0,0,0,1,0,0,441,1,4,0,false
4.0.0,isRunning,bookkeeper-server/src/main/java/org/apache/bookkeeper/proto/NIOServerFactory.java,3,1,0,0,0,1,2,0,4,3,7,1,false
4.2.0,finish,hedwig-server/src/main/java/org/apache/hedwig/server/subscriptions/AbstractSubscriptionManager.java,24,7,2,2,0,0,3,3,412,2,10,0,false
4.1.0,isSSLEnabled,hedwig-server/src/main/java/org/apache/hedwig/server/common/ServerConfiguration.java,3,1,0,0,0,1,1,0,196,1,2,0,true
4.2.0,deliver,hedwig-client/src/main/java/org/apache/hedwig/client/netty/FilterableMessageHandler.java,12,3,2,0,0,0,0,1,137,1,1,0,false
4.2.0,generateBookie2LedgersIndex,bookkeeper-server/src/main/java/org/apache/bookkeeper/replication/Auditor.java,3,1,0,0,0,1,2,0,4,1,3,0,false
4.1.0,doGcByLevel,bookkeeper-server/src/main/java/org/apache/bookkeeper/meta/HierarchicalLedgerManager.java,14,2,6,2,0,0,1,4,204,2,4,0,false
4.1.0,getLastSeqIdCommunicatedExternally,hedwig-server/src/main/java/org/apache/hedwig/server/delivery/FIFODeliveryManager.java,3,1,0,0,0,1,1,0,196,1,2,0,false
4.1.0,isEmpty,bookkeeper-server/src/main/java/org/apache/bookkeeper/bookie/EntryLogger.java,3,1,0,0,0,1,1,0,196,3,12,0,false
4.2.0,writeComplete,bookkeeper-server/src/main/java/org/apache/bookkeeper/client/PendingAddOp.java,28,7,2,3,0,4,0,3,412,3,5,0,false
4.0.0,instantiateRegionManager,hedwig-server/src/main/java/org/apache/hedwig/server/netty/PubSubServer.java,3,1,0,0,0,1,1,1,4,2,5,0,false
4.2.0,getAddStats,bookkeeper-server/src/main/java/org/apache/bookkeeper/proto/BookieServerBean.java,3,1,0,0,0,1,0,2,480,1,1,2,false
4.1.0,compactEntryLog,bookkeeper-server/src/main/java/org/apache/bookkeeper/bookie/GarbageCollectorThread.java,21,4,1,3,1,2,1,5,96,3,6,0,false
4.1.0,newLedgerPath,bookkeeper-server/src/main/java/org/apache/bookkeeper/meta/FlatLedgerManager.java,1,1,0,0,0,0,0,0,204,2,2,0,false
4.1.0,getActiveLedgers,bookkeeper-server/src/main/java/org/apache/bookkeeper/client/BookKeeperAdmin.java,18,1,1,0,0,0,2,2,268,2,4,0,false
4.1.0,processResult,bookkeeper-server/src/main/java/org/apache/bookkeeper/meta/FlatLedgerManager.java,9,2,0,0,0,0,0,4,204,2,2,1,false
4.2.0,doGc,bookkeeper-server/src/main/java/org/apache/bookkeeper/meta/AbstractZkLedgerManager.java,8,3,0,0,0,0,0,0,420,3,7,0,false
4.0.0,processResult,bookkeeper-server/src/main/java/org/apache/bookkeeper/meta/AbstractZkLedgerManager.java,11,3,0,1,0,1,0,18,8,1,1,2,false
4.1.0,parseCommand,hedwig-server/src/main/java/org/apache/hedwig/admin/console/HedwigConsole.java,9,2,3,0,0,2,2,0,0,1,1,0,false
4.0.0,cmpMasterKey,bookkeeper-server/src/main/java/org/apache/bookkeeper/bookie/LedgerDescriptor.java,3,1,0,0,0,1,2,0,4,2,4,0,false
4.0.0,shutdown,hedwig-server/src/main/java/org/apache/hedwig/server/netty/PubSubServer.java,26,8,0,0,1,0,0,5,4,2,5,0,false
4.1.0,sendErrorResponseToMalformedRequest,hedwig-server/src/main/java/org/apache/hedwig/server/netty/UmbrellaHandler.java,8,2,2,1,0,0,5,0,196,1,1,0,false
4.0.0,doIO,bookkeeper-server/src/main/java/org/apache/bookkeeper/proto/NIOServerFactory.java,81,20,8,2,2,1,1,6,4,3,7,8,false
4.0.0,run,hedwig-server/src/main/java/org/apache/hedwig/server/benchmark/AbstractBenchmark.java,10,1,2,0,0,0,1,2,4,1,2,0,false
4.1.0,doGcLedgers,bookkeeper-server/src/main/java/org/apache/bookkeeper/bookie/EntryLogger.java,13,1,0,0,0,0,1,0,196,3,12,1,false
4.0.0,getLastLocalSeqIdDelivered,hedwig-server/src/main/java/org/apache/hedwig/server/delivery/FIFODeliveryManager.java,3,1,0,0,0,1,0,0,4,2,3,0,false
4.2.0,getNextEnsembleChange,bookkeeper-server/src/main/java/org/apache/bookkeeper/client/LedgerMetadata.java,9,2,1,1,0,2,1,0,412,3,9,1,false
4.1.0,asyncSubscribe,hedwig-server/src/main/java/org/apache/hedwig/server/regions/HedwigHubSubscriber.java,3,1,0,0,0,0,1,1,196,1,1,0,false
4.2.0,getMessageFilter,hedwig-client/src/main/java/org/apache/hedwig/client/netty/FilterableMessageHandler.java,3,1,0,0,0,1,0,0,137,1,1,0,false
4.1.0,getBkEnsembleSize,hedwig-server/src/main/java/org/apache/hedwig/server/common/ServerConfiguration.java,3,1,0,0,0,1,2,0,196,1,2,0,true
4.1.0,printTopicSubscriptions,hedwig-server/src/main/java/org/apache/hedwig/admin/console/HedwigConsole.java,11,3,0,1,0,1,1,0,0,1,1,1,false
4.2.0,getReplicaIndex,bookkeeper-server/src/main/java/org/apache/bookkeeper/client/RoundRobinDistributionSchedule.java,4,2,1,1,0,1,1,0,412,1,2,0,false
4.2.0,consumedUntil,hedwig-server/src/main/java/org/apache/hedwig/server/persistence/BookkeeperPersistenceManager.java,3,1,0,0,0,0,0,2,412,3,11,0,false
4.2.0,isSSLEnabled,hedwig-server/src/main/java/org/apache/hedwig/server/common/ServerConfiguration.java,3,1,0,0,0,1,0,0,412,3,12,0,false
4.0.0,asyncSubscribe,hedwig-server/src/main/java/org/apache/hedwig/server/regions/HedwigHubSubscriber.java,3,1,0,0,0,0,0,1,4,1,2,0,false
4.1.0,getTriedServers,hedwig-protocol/src/main/java/org/apache/hedwig/protocol/PubSubProtocol.java,3,1,0,0,0,1,1,0,196,1,1,0,false
4.0.0,getSequence,bookkeeper-server/src/main/java/org/apache/bookkeeper/client/SyncCounter.java,3,1,0,0,0,1,1,0,4,1,1,0,false
4.1.0,handleRequest,hedwig-server/src/main/java/org/apache/hedwig/server/proxy/ProxyStopDeliveryHandler.java,22,4,2,0,2,2,0,1,196,1,1,1,false
4.1.0,toString,bookkeeper-server/src/main/java/org/apache/bookkeeper/bookie/Journal.java,5,1,1,0,0,1,0,0,56,1,2,0,false
4.0.0,operationFailed,hedwig-client/src/main/java/org/apache/hedwig/util/CallbackUtils.java,5,3,0,0,0,0,0,1,4,2,3,0,false
4.2.0,recoverComplete,bookkeeper-server/src/main/java/org/apache/bookkeeper/client/BookKeeperAdmin.java,9,1,3,1,0,0,0,0,484,3,13,0,false
4.1.0,percentile,bookkeeper-benchmark/src/main/java/org/apache/bookkeeper/benchmark/BenchThroughputLatency.java,11,2,6,4,0,1,1,0,0,3,4,0,false
4.2.0,setLength,bookkeeper-server/src/main/java/org/apache/bookkeeper/client/LedgerMetadata.java,3,1,1,0,0,0,0,0,412,3,9,0,false
4.2.0,getJMXBean,bookkeeper-server/src/main/java/org/apache/bookkeeper/bookie/LedgerCacheImpl.java,32,1,0,0,0,1,0,1,384,2,9,6,false
4.1.0,close,bookkeeper-server/src/main/java/org/apache/bookkeeper/bookie/FileInfo.java,6,3,1,0,0,0,2,0,196,1,4,0,false
4.1.0,getMessagesConsumedThreadRunInterval,hedwig-server/src/main/java/org/apache/hedwig/server/common/ServerConfiguration.java,3,1,0,0,0,1,2,0,196,1,2,0,true
4.1.0,setLocalComponent,hedwig-protocol/src/main/java/org/apache/hedwig/protocol/PubSubProtocol.java,5,1,2,0,0,1,2,0,196,1,1,0,false
4.2.0,setMasterKey,bookkeeper-server/src/main/java/org/apache/bookkeeper/bookie/LedgerCacheImpl.java,11,2,2,0,1,0,0,2,384,2,9,0,false
4.0.0,startServingSubscription,hedwig-server/src/main/java/org/apache/hedwig/server/delivery/FIFODeliveryManager.java,4,1,1,1,0,0,0,2,4,2,3,0,false
4.1.0,safeCloseComplete,hedwig-server/src/main/java/org/apache/hedwig/server/persistence/BookkeeperPersistenceManager.java,2,1,0,0,0,0,0,0,196,1,3,0,true
4.1.0,release,bookkeeper-server/src/main/java/org/apache/bookkeeper/bookie/FileInfo.java,11,5,0,0,1,0,10,0,196,1,4,0,false
4.0.0,operationComplete,bookkeeper-server/src/main/java/org/apache/bookkeeper/proto/PerChannelBookieClient.java,24,3,9,2,0,0,0,3,4,3,8,0,false
4.1.0,isStandalone,hedwig-server/src/main/java/org/apache/hedwig/server/common/ServerConfiguration.java,3,1,0,0,0,1,4,0,196,1,2,0,true
4.1.0,updateZnodeStatus,bookkeeper-server/src/main/java/org/apache/bookkeeper/client/LedgerMetadata.java,3,1,1,0,0,0,3,0,196,3,5,0,false
4.2.0,handleResponse,hedwig-client/src/main/java/org/apache/hedwig/client/netty/impl/simple/SimpleSubscribeResponseHandler.java,47,11,7,2,0,0,0,0,113,1,4,7,false
4.1.0,enableRecoveryAdd,bookkeeper-server/src/main/java/org/apache/bookkeeper/client/PendingAddOp.java,4,1,1,0,0,1,1,0,196,2,2,0,true
4.2.0,getChannelForHost,hedwig-client/src/main/java/org/apache/hedwig/client/netty/HedwigPublisher.java,3,1,0,0,0,1,0,0,412,2,6,0,false
4.1.0,isFenced,bookkeeper-server/src/main/java/org/apache/bookkeeper/bookie/LedgerDescriptorImpl.java,3,1,0,0,0,1,0,0,84,1,1,0,false
4.2.0,create,bookkeeper-server/src/main/java/org/apache/bookkeeper/client/BKException.java,46,21,0,0,0,21,0,21,412,1,4,1,false
4.0.0,flush,bookkeeper-server/src/main/java/org/apache/bookkeeper/bookie/BufferedChannel.java,14,3,1,0,0,1,1,0,4,2,3,0,false
4.0.0,operationComplete,bookkeeper-server/src/main/java/org/apache/bookkeeper/client/LedgerOpenOp.java,8,2,0,0,0,0,0,8,4,2,8,0,false
4.1.0,setFenced,bookkeeper-server/src/main/java/org/apache/bookkeeper/bookie/LedgerDescriptorImpl.java,3,1,1,0,0,0,0,0,84,1,1,0,false
4.1.0,setLastLogId,bookkeeper-server/src/main/java/org/apache/bookkeeper/bookie/EntryLogger.java,16,2,2,1,2,0,2,0,196,3,12,2,false
4.1.0,setRemoteComponents,hedwig-protocol/src/main/java/org/apache/hedwig/protocol/PubSubProtocol.java,4,1,0,0,0,1,0,1,196,1,1,1,false
4.2.0,setMessageBound,hedwig-server/src/main/java/org/apache/hedwig/server/persistence/BookkeeperPersistenceManager.java,3,1,0,0,0,0,0,1,412,3,11,0,false
4.2.0,getBkEnsembleSize,hedwig-server/src/main/java/org/apache/hedwig/server/common/ServerConfiguration.java,3,1,0,0,0,1,1,0,412,3,12,0,false
4.1.0,setLastScanErrorTime,hedwig-server/src/main/java/org/apache/hedwig/server/delivery/FIFODeliveryManager.java,3,1,1,0,0,0,1,0,196,1,2,0,false
4.1.0,resetComplete,bookkeeper-benchmark/src/main/java/org/apache/bookkeeper/benchmark/BenchBookie.java,3,1,1,0,0,0,1,0,0,1,2,0,false
4.1.0,registerAllExtensions,hedwig-protocol/src/main/java/org/apache/hedwig/protocol/PubSubProtocol.java,2,1,0,0,0,0,0,0,196,1,1,0,false
4.1.0,toString,bookkeeper-server/src/main/java/org/apache/bookkeeper/proto/PerChannelBookieClient.java,3,1,0,0,0,1,0,0,196,3,10,0,false
4.0.0,setEntryId,bookkeeper-server/src/main/java/org/apache/bookkeeper/client/PendingAddOp.java,3,1,1,0,0,0,1,0,4,2,3,0,false
4.0.0,multiSub,hedwig-client/src/main/java/org/apache/hedwig/client/benchmark/BenchmarkSubscriber.java,13,4,4,3,0,0,1,1,4,1,3,1,false
4.1.0,hasConsumeRequest,hedwig-protocol/src/main/java/org/apache/hedwig/protocol/PubSubProtocol.java,3,1,0,0,0,1,6,0,196,1,1,0,false
4.1.0,listJournalIds,bookkeeper-server/src/main/java/org/apache/bookkeeper/bookie/Journal.java,22,5,5,0,0,1,2,1,56,1,2,2,false
4.1.0,testAndClearSomethingWritten,bookkeeper-server/src/main/java/org/apache/bookkeeper/bookie/EntryLogger.java,8,1,1,0,1,1,1,0,196,3,12,0,false
4.0.0,size,bookkeeper-server/src/main/java/org/apache/bookkeeper/bookie/BufferedChannel.java,3,1,0,0,0,1,0,0,4,2,3,0,false
4.2.0,shutdown,bookkeeper-server/src/main/java/org/apache/bookkeeper/replication/AuditorElector.java,20,5,2,2,1,1,1,0,4,2,5,0,false
4.1.0,toString,bookkeeper-server/src/main/java/org/apache/bookkeeper/bookie/GarbageCollectorThread.java,5,1,1,0,0,1,0,0,96,3,6,0,false
4.2.0,loadConfFile,bookkeeper-server/src/main/java/org/apache/bookkeeper/replication/AutoRecoveryMain.java,14,3,0,3,1,0,1,0,106,2,5,0,false
4.2.0,getZKStringId,bookkeeper-server/src/main/java/org/apache/bookkeeper/util/StringUtils.java,3,1,0,0,0,1,0,0,412,2,2,0,false
4.1.0,equals,bookkeeper-server/src/main/java/org/apache/bookkeeper/bookie/LedgerEntryPage.java,9,2,1,0,0,2,0,2,196,2,2,2,false
4.2.0,getChannelForTopic,hedwig-client/src/main/java/org/apache/hedwig/client/netty/HedwigSubscriber.java,3,1,0,0,0,1,2,0,412,2,9,0,false
4.2.0,operationComplete,bookkeeper-server/src/main/java/org/apache/bookkeeper/client/LedgerFragmentReplicator.java,26,3,0,3,0,1,0,3,152,1,3,0,false
4.0.0,initializeNettyHandlers,hedwig-server/src/main/java/org/apache/hedwig/server/netty/PubSubServer.java,9,1,2,0,0,1,1,1,4,2,5,0,false
4.2.0,hasSubscription,hedwig-client/src/main/java/org/apache/hedwig/client/netty/impl/simple/SimpleSubscribeResponseHandler.java,8,2,0,0,0,2,2,0,113,1,4,0,false
4.1.0,isSSLEnabled,hedwig-client/src/main/java/org/apache/hedwig/util/HedwigSocketAddress.java,3,2,0,0,0,1,0,0,196,1,1,0,false
4.0.0,checkParents,bookkeeper-server/src/main/java/org/apache/bookkeeper/bookie/LedgerCache.java,9,3,1,1,0,1,1,0,4,2,6,2,false
4.0.0,realGetOwner,hedwig-server/src/main/java/org/apache/hedwig/server/topics/AbstractTopicManager.java,1,1,0,0,0,0,1,0,4,2,3,0,false
4.2.0,initiate,bookkeeper-server/src/main/java/org/apache/bookkeeper/client/LedgerDeleteOp.java,3,1,0,0,0,0,0,0,412,2,3,1,false
4.1.0,createIOException,bookkeeper-server/src/main/java/org/apache/bookkeeper/util/HardLink.java,5,3,2,2,0,1,1,0,90,1,1,0,false
4.0.0,getActiveLedgers,bookkeeper-server/src/main/java/org/apache/bookkeeper/bookie/LedgerCache.java,22,10,1,2,0,0,3,1,4,2,6,4,false
4.0.0,getZnodeVersion,bookkeeper-server/src/main/java/org/apache/bookkeeper/client/LedgerMetadata.java,3,1,0,0,0,1,1,0,4,3,6,0,false
4.1.0,getLastLogMark,bookkeeper-server/src/main/java/org/apache/bookkeeper/bookie/Journal.java,3,1,0,0,0,1,0,0,56,1,2,0,false
4.0.0,parseConfig,bookkeeper-server/src/main/java/org/apache/bookkeeper/client/LedgerMetadata.java,45,10,15,4,1,1,1,2,4,3,6,1,false
4.1.0,getSubCommands,hedwig-server/src/main/java/org/apache/hedwig/admin/console/HedwigCommands.java,3,1,0,0,0,1,1,0,0,1,1,0,false
4.1.0,getMasterKey,bookkeeper-server/src/main/java/org/apache/bookkeeper/bookie/FileInfo.java,4,1,0,0,0,1,2,1,196,1,4,0,false
4.2.0,asyncRecoverLedgerFragment,bookkeeper-server/src/main/java/org/apache/bookkeeper/client/BookKeeperAdmin.java,3,1,0,0,0,0,1,0,484,3,13,0,false
4.1.0,retrySubscribeRequest,hedwig-client/src/main/java/org/apache/hedwig/client/handlers/SubscribeReconnectCallback.java,4,2,0,0,0,1,2,1,196,1,1,0,false
4.0.0,parseArgs,bookkeeper-server/src/main/java/org/apache/bookkeeper/proto/BookieServer.java,33,7,6,1,1,2,1,7,4,3,10,4,false
4.0.0,initiate,bookkeeper-server/src/main/java/org/apache/bookkeeper/client/LedgerDeleteOp.java,3,1,0,0,0,0,2,4,4,2,3,1,false
4.0.0,process,bookkeeper-server/src/main/java/org/apache/bookkeeper/client/BookieWatcher.java,21,4,3,1,1,1,1,1,4,1,3,1,false
4.2.0,getCertPath,hedwig-server/src/main/java/org/apache/hedwig/server/common/ServerConfiguration.java,3,1,0,0,0,1,1,0,412,3,12,0,false
4.1.0,isFlushRequired,bookkeeper-server/src/main/java/org/apache/bookkeeper/bookie/InterleavedLedgerStorage.java,3,1,0,0,0,1,0,0,56,2,3,0,false
4.1.0,getHostname,hedwig-client/src/main/java/org/apache/hedwig/util/HedwigSocketAddress.java,3,1,0,0,0,1,0,0,196,1,1,0,false
4.1.0,getType,hedwig-protocol/src/main/java/org/apache/hedwig/protocol/PubSubProtocol.java,3,1,0,0,0,1,4,0,196,1,1,0,false
4.2.0,operationComplete,bookkeeper-server/src/main/java/org/apache/bookkeeper/proto/BookkeeperInternalCallbacks.java,1,1,0,0,0,0,0,0,412,1,1,0,false
4.0.0,handleReadResponse,bookkeeper-server/src/main/java/org/apache/bookkeeper/proto/PerChannelBookieClient.java,28,8,7,3,0,1,1,2,4,3,8,0,false
4.2.0,hasSubscription,hedwig-client/src/main/java/org/apache/hedwig/client/netty/HedwigSubscriber.java,3,1,0,0,0,1,1,2,412,2,9,0,false
4.1.0,getLedgerPath,bookkeeper-server/src/main/java/org/apache/bookkeeper/meta/FlatLedgerManager.java,1,1,0,0,0,0,0,0,204,2,2,0,false
4.1.0,getChannelTracker,hedwig-server/src/main/java/org/apache/hedwig/server/proxy/HedwigProxy.java,3,1,0,0,0,1,0,0,196,1,2,0,false
4.0.0,stop,hedwig-server/src/main/java/org/apache/hedwig/server/subscriptions/AbstractSubscriptionManager.java,3,1,0,0,0,0,1,0,4,2,3,0,false
4.2.0,getEntriesPerPage,bookkeeper-server/src/main/java/org/apache/bookkeeper/bookie/LedgerCacheImpl.java,3,1,0,0,0,1,1,0,384,2,9,0,false
4.2.0,isComplete,bookkeeper-server/src/main/java/org/apache/bookkeeper/client/PendingReadOp.java,3,1,0,0,0,1,1,0,412,3,12,0,false
4.1.0,getThrottleValue,bookkeeper-server/src/main/java/org/apache/bookkeeper/conf/ClientConfiguration.java,3,1,0,0,0,1,0,0,225,2,3,0,true
4.1.0,getPageSize,bookkeeper-server/src/main/java/org/apache/bookkeeper/bookie/LedgerCacheImpl.java,3,1,0,0,0,1,2,0,84,3,6,0,true
4.0.0,permanentErrorOnSend,hedwig-server/src/main/java/org/apache/hedwig/server/delivery/FIFODeliveryManager.java,3,1,0,0,0,0,0,1,4,2,3,0,false
4.1.0,getTopicOwner,hedwig-server/src/main/java/org/apache/hedwig/admin/HedwigAdmin.java,13,3,3,0,1,2,1,1,0,2,2,1,false
4.2.0,addBookieAndCheckCovered,bookkeeper-server/src/main/java/org/apache/bookkeeper/client/RoundRobinDistributionSchedule.java,16,5,3,1,0,3,0,0,412,1,2,0,false
4.2.0,replicateLedgerFragment,bookkeeper-server/src/main/java/org/apache/bookkeeper/client/BookKeeperAdmin.java,9,1,3,0,0,1,0,2,484,3,13,0,false
4.0.0,position,bookkeeper-server/src/main/java/org/apache/bookkeeper/bookie/BufferedChannel.java,3,1,0,0,0,1,1,0,4,2,3,0,false
4.2.0,realGetOwner,hedwig-server/src/main/java/org/apache/hedwig/server/topics/MMTopicManager.java,11,3,0,0,0,2,0,2,165,1,1,0,false
4.0.0,consume,hedwig-client/src/main/java/org/apache/hedwig/client/netty/HedwigSubscriber.java,9,3,2,2,0,0,0,1,4,1,3,0,false
4.2.0,getZkPath,bookkeeper-server/src/main/java/org/apache/bookkeeper/bookie/Cookie.java,4,1,1,2,0,1,3,2,398,2,3,0,false
4.1.0,equals,hedwig-client/src/main/java/org/apache/hedwig/util/HedwigSocketAddress.java,5,4,1,0,0,2,0,0,196,1,1,0,false
4.0.0,getrc,bookkeeper-server/src/main/java/org/apache/bookkeeper/client/SyncCounter.java,3,1,0,0,0,1,7,0,4,1,1,0,false
4.1.0,runZookeeper,bookkeeper-server/src/main/java/org/apache/bookkeeper/util/LocalBookKeeper.java,17,2,4,1,1,0,1,1,196,2,3,1,false
4.2.0,removeActiveLedger,bookkeeper-server/src/main/java/org/apache/bookkeeper/meta/AbstractZkLedgerManager.java,3,1,0,0,0,0,0,0,420,3,7,0,false
4.2.0,process,bookkeeper-server/src/main/java/org/apache/bookkeeper/meta/ZkLedgerUnderreplicationManager.java,5,4,0,0,0,0,0,0,157,3,12,0,false
4.2.0,finish,hedwig-client/src/main/java/org/apache/hedwig/client/netty/impl/simple/SimpleSubscribeResponseHandler.java,16,2,4,0,0,0,5,3,113,1,4,1,false
4.0.0,closeSubscription,hedwig-client/src/main/java/org/apache/hedwig/client/netty/HedwigSubscriber.java,16,4,2,1,1,0,4,4,4,1,3,0,false
4.1.0,initiate,bookkeeper-server/src/main/java/org/apache/bookkeeper/client/LedgerCreateOp.java,13,2,1,0,1,1,0,1,196,1,2,1,false
4.0.0,operationFinished,hedwig-client/src/main/java/org/apache/hedwig/client/handlers/SubscribeReconnectCallback.java,12,4,0,2,1,0,0,2,4,1,3,0,false
4.1.0,setUnsubscribeRequest,hedwig-protocol/src/main/java/org/apache/hedwig/protocol/PubSubProtocol.java,5,1,2,0,0,1,1,1,196,1,1,0,false
4.2.0,createMyVote,bookkeeper-server/src/main/java/org/apache/bookkeeper/replication/AuditorElector.java,5,3,1,1,0,0,1,1,4,2,5,0,false
4.1.0,scanJournal,bookkeeper-server/src/main/java/org/apache/bookkeeper/bookie/Journal.java,40,7,8,1,1,0,1,6,56,1,2,9,false
4.1.0,shutdown,bookkeeper-server/src/main/java/org/apache/bookkeeper/bookie/InterleavedLedgerStorage.java,10,2,0,0,1,0,0,0,56,2,3,0,false
4.1.0,readLastConfirmedComplete,bookkeeper-server/src/main/java/org/apache/bookkeeper/client/LedgerOpenOp.java,9,2,2,0,0,0,0,0,196,1,1,0,true
4.1.0,getCertName,hedwig-server/src/main/java/org/apache/hedwig/server/common/ServerConfiguration.java,3,1,0,0,0,1,1,0,196,1,2,0,true
4.1.0,getSubscription,hedwig-server/src/main/java/org/apache/hedwig/admin/HedwigAdmin.java,14,3,4,0,1,2,1,1,0,2,2,1,false
4.2.0,readFromDirectory,bookkeeper-server/src/main/java/org/apache/bookkeeper/bookie/Cookie.java,10,1,2,0,1,1,1,2,398,2,3,0,false
4.1.0,instance,hedwig-server/src/main/java/org/apache/hedwig/server/persistence/LocalDBPersistenceManager.java,3,1,0,0,0,1,1,0,196,1,2,0,false
4.0.0,getEntryOffset,bookkeeper-server/src/main/java/org/apache/bookkeeper/bookie/LedgerCache.java,20,3,4,3,1,1,1,6,4,2,6,0,false
4.2.0,asyncGetLedgersInSingleNode,bookkeeper-server/src/main/java/org/apache/bookkeeper/meta/AbstractZkLedgerManager.java,16,1,0,0,0,0,2,0,420,3,7,2,false
4.2.0,getSubscriber,hedwig-client/src/main/java/org/apache/hedwig/client/netty/HedwigClientImpl.java,3,1,0,0,0,1,3,0,442,2,9,0,false
4.1.0,run,hedwig-server/src/main/java/org/apache/hedwig/admin/console/HedwigConsole.java,114,20,37,1,3,0,1,7,0,1,1,27,false
4.1.0,getLedgerDigestType,bookkeeper-server/src/main/java/org/apache/bookkeeper/client/BookKeeperAdmin.java,3,1,0,0,0,1,1,0,268,2,4,0,false
4.1.0,accept,bookkeeper-server/src/main/java/org/apache/bookkeeper/bookie/InterleavedLedgerStorage.java,3,1,0,0,0,1,0,0,56,2,3,0,false
4.1.0,writeToDirectory,bookkeeper-server/src/main/java/org/apache/bookkeeper/bookie/Cookie.java,15,2,4,0,1,0,1,1,91,1,1,0,true
4.1.0,printMessage,hedwig-server/src/main/java/org/apache/hedwig/admin/console/HedwigConsole.java,5,2,0,1,0,0,3,0,0,1,1,0,false
4.0.0,getZKStringId,bookkeeper-server/src/main/java/org/apache/bookkeeper/util/StringUtils.java,3,1,0,0,0,1,3,0,4,2,2,0,false
4.1.0,setZkTimeout,bookkeeper-server/src/main/java/org/apache/bookkeeper/conf/ClientConfiguration.java,4,1,0,0,0,1,0,0,225,2,3,0,true
4.2.0,getMessagesConsumedThreadRunInterval,hedwig-server/src/main/java/org/apache/hedwig/server/common/ServerConfiguration.java,3,1,0,0,0,1,0,0,412,3,12,0,false
4.0.0,removeChannelForTopic,hedwig-client/src/main/java/org/apache/hedwig/client/netty/HedwigSubscriber.java,3,1,0,0,0,0,0,0,4,1,3,0,false
4.2.0,processResult,bookkeeper-server/src/main/java/org/apache/bookkeeper/client/LedgerFragmentReplicator.java,8,2,0,1,0,1,1,2,152,1,3,1,false
4.1.0,size,bookkeeper-server/src/main/java/org/apache/bookkeeper/client/PendingReadOp.java,3,1,0,0,0,1,0,0,196,2,3,0,true
4.1.0,getZkTimeout,bookkeeper-server/src/main/java/org/apache/bookkeeper/conf/ClientConfiguration.java,3,1,0,0,0,1,0,0,225,2,3,0,true
4.1.0,hasStatusMsg,hedwig-protocol/src/main/java/org/apache/hedwig/protocol/PubSubProtocol.java,3,1,0,0,0,1,0,1,196,1,1,0,false
4.1.0,writeHeader,bookkeeper-server/src/main/java/org/apache/bookkeeper/bookie/FileInfo.java,10,1,1,0,0,0,1,0,196,1,4,5,false
4.0.0,getMessageHandler,hedwig-client/src/main/java/org/apache/hedwig/client/handlers/SubscribeResponseHandler.java,3,1,0,0,0,1,0,0,4,3,5,0,false
4.0.0,flush,bookkeeper-server/src/main/java/org/apache/bookkeeper/streaming/LedgerOutputStream.java,17,4,1,2,1,0,2,1,4,1,2,1,false
4.2.0,submitCallback,bookkeeper-server/src/main/java/org/apache/bookkeeper/client/PendingReadOp.java,6,2,0,0,0,0,3,0,412,3,12,0,false
4.0.0,shutdown,bookkeeper-server/src/main/java/org/apache/bookkeeper/util/OrderedSafeExecutor.java,5,2,1,0,0,0,2,0,4,1,1,0,false
4.0.0,getMaximumServerRedirects,hedwig-client/src/main/java/org/apache/hedwig/client/conf/ClientConfiguration.java,3,1,0,0,0,1,2,0,4,1,2,0,false
4.1.0,realGetOwner,hedwig-server/src/main/java/org/apache/hedwig/server/topics/ZkTopicManager.java,11,3,0,0,0,2,0,2,196,1,2,0,false
4.0.0,checkPage,bookkeeper-server/src/main/java/org/apache/bookkeeper/bookie/LedgerEntryPage.java,5,2,0,0,0,0,5,0,4,2,2,0,false
4.0.0,asyncPublish,hedwig-client/src/main/java/org/apache/hedwig/client/netty/HedwigPublisher.java,21,5,3,1,0,1,1,7,4,2,4,2,false
4.2.0,newTopicPersistenceManager,hedwig-server/src/main/java/org/apache/hedwig/server/meta/ZkMetadataManagerFactory.java,3,1,0,0,0,1,0,1,191,1,6,0,false
4.1.0,linkMult,bookkeeper-server/src/main/java/org/apache/bookkeeper/util/HardLink.java,13,1,7,3,0,1,0,0,90,1,1,0,false
4.1.0,process,bookkeeper-server/src/main/java/org/apache/bookkeeper/bookie/GarbageCollectorThread.java,3,1,0,0,0,0,0,1,96,3,6,0,false
4.1.0,getPageLimit,bookkeeper-server/src/main/java/org/apache/bookkeeper/bookie/LedgerCacheImpl.java,3,1,0,0,0,1,1,0,84,3,6,0,true
4.1.0,clearServersList,hedwig-client/src/main/java/org/apache/hedwig/client/data/PubSubData.java,5,4,0,0,0,0,0,0,196,1,1,0,false
4.2.0,asyncProcessLedgersInSingleNode,bookkeeper-server/src/main/java/org/apache/bookkeeper/meta/AbstractZkLedgerManager.java,22,1,0,0,0,0,1,1,420,3,7,1,false
4.1.0,readFromDirectory,bookkeeper-server/src/main/java/org/apache/bookkeeper/bookie/Cookie.java,4,1,1,0,0,1,1,1,91,1,1,0,true
4.2.0,enableLedgerReplication,bookkeeper-server/src/main/java/org/apache/bookkeeper/meta/ZkLedgerUnderreplicationManager.java,15,3,0,1,1,0,0,0,157,3,12,1,false
4.0.0,isConnected,hedwig-server/src/main/java/org/apache/hedwig/server/delivery/FIFODeliveryManager.java,3,1,0,0,0,1,2,0,4,2,3,0,false
4.2.0,getFileInfo,bookkeeper-server/src/main/java/org/apache/bookkeeper/bookie/LedgerCacheImpl.java,27,6,4,0,0,1,10,10,384,2,9,0,false
4.0.0,getChannelForLogId,bookkeeper-server/src/main/java/org/apache/bookkeeper/bookie/EntryLogger.java,19,3,5,0,0,3,2,2,4,2,8,1,false
4.1.0,getName,hedwig-server/src/main/java/org/apache/hedwig/server/handlers/NettyHandlerBean.java,3,1,0,0,0,1,0,0,75,1,1,0,false
4.0.0,writeBuffers,bookkeeper-server/src/main/java/org/apache/bookkeeper/bookie/LedgerCache.java,26,8,6,12,0,1,1,4,4,2,6,4,false
4.2.0,readSubscriptionState,hedwig-server/src/main/java/org/apache/hedwig/server/meta/ZkMetadataManagerFactory.java,30,1,0,0,0,0,0,1,191,1,6,2,false
4.1.0,getMaximumCacheSize,hedwig-server/src/main/java/org/apache/hedwig/server/common/ServerConfiguration.java,3,1,0,2,0,1,0,0,196,1,2,1,true
4.1.0,getMyRegion,hedwig-server/src/main/java/org/apache/hedwig/server/common/ServerConfiguration.java,3,1,0,0,0,1,2,0,196,1,2,0,true
4.1.0,getTriedServersList,hedwig-protocol/src/main/java/org/apache/hedwig/protocol/PubSubProtocol.java,3,1,0,0,0,1,2,0,196,1,1,0,false
4.1.0,writeTopicLedgersNode,hedwig-server/src/main/java/org/apache/hedwig/server/persistence/BookkeeperPersistenceManager.java,15,1,1,0,0,0,1,1,196,1,3,1,false
4.0.0,readBookies,bookkeeper-server/src/main/java/org/apache/bookkeeper/client/BookieWatcher.java,20,2,2,0,0,0,1,1,4,1,3,4,false
4.2.0,readTopicPersistenceInfo,hedwig-server/src/main/java/org/apache/hedwig/server/meta/TopicPersistenceManager.java,1,1,0,0,0,0,0,0,191,1,1,0,false
4.0.0,run,hedwig-server/src/main/java/org/apache/hedwig/server/netty/PubSubServer.java,25,3,10,0,1,1,0,31,4,2,5,0,false
4.2.0,getMaxEntriesPerLedger,hedwig-server/src/main/java/org/apache/hedwig/server/common/ServerConfiguration.java,3,1,0,0,0,1,0,0,412,3,12,0,false
4.2.0,safeCreateComplete,hedwig-server/src/main/java/org/apache/hedwig/server/persistence/BookkeeperPersistenceManager.java,33,6,5,2,0,3,0,16,412,3,11,7,false
4.2.0,setThrottleValue,bookkeeper-server/src/main/java/org/apache/bookkeeper/conf/ClientConfiguration.java,4,1,0,0,0,1,0,0,441,1,4,0,false
4.0.0,uncaughtException,hedwig-server/src/main/java/org/apache/hedwig/server/netty/PubSubServer.java,3,1,0,0,0,0,0,0,4,2,5,0,false
4.1.0,processTopicLedgersNodeData,hedwig-server/src/main/java/org/apache/hedwig/server/persistence/BookkeeperPersistenceManager.java,33,5,9,3,1,3,2,4,196,1,3,6,false
4.2.0,setEntryId,bookkeeper-server/src/main/java/org/apache/bookkeeper/client/PendingAddOp.java,4,1,2,0,0,0,1,0,412,3,5,1,false
4.2.0,getHostFromChannel,hedwig-client/src/main/java/org/apache/hedwig/client/netty/HedwigClientImpl.java,3,1,0,0,0,1,9,0,442,2,9,0,false
4.1.0,update,bookkeeper-server/src/main/java/org/apache/bookkeeper/client/CRC32DigestManager.java,3,1,0,0,0,0,0,0,196,1,1,1,false
4.0.0,toString,bookkeeper-server/src/main/java/org/apache/bookkeeper/proto/NIOServerFactory.java,3,1,0,1,0,1,0,0,4,3,7,0,false
4.1.0,readMasterKey,bookkeeper-server/src/main/java/org/apache/bookkeeper/bookie/InterleavedLedgerStorage.java,3,1,0,0,0,1,0,0,56,2,3,0,false
4.2.0,replaceSubscriptionData,hedwig-server/src/main/java/org/apache/hedwig/server/subscriptions/InMemorySubscriptionManager.java,3,1,0,0,0,0,0,0,412,2,5,0,false
4.1.0,hubPath,hedwig-server/src/main/java/org/apache/hedwig/admin/HedwigAdmin.java,3,1,0,0,0,1,1,0,0,2,2,0,false
4.1.0,getValueDescriptor,hedwig-protocol/src/main/java/org/apache/hedwig/protocol/PubSubProtocol.java,3,1,0,0,0,1,0,1,196,1,1,2,false
4.1.0,getLastConsumeSeqId,hedwig-server/src/main/java/org/apache/hedwig/server/subscriptions/InMemorySubscriptionState.java,3,1,0,0,0,1,2,0,196,1,1,0,false
4.0.0,submit,bookkeeper-server/src/main/java/org/apache/bookkeeper/util/OrderedSafeExecutor.java,3,1,0,0,0,0,0,1,4,1,1,1,false
4.0.0,openComplete,bookkeeper-server/src/main/java/org/apache/bookkeeper/tools/BookKeeperTools.java,7,1,1,1,0,0,0,0,4,2,5,3,false
4.0.0,setOffset,bookkeeper-server/src/main/java/org/apache/bookkeeper/bookie/LedgerEntryPage.java,6,1,1,0,0,0,1,1,4,2,2,0,false
4.0.0,close,bookkeeper-server/src/main/java/org/apache/bookkeeper/client/LedgerMetadata.java,3,1,1,0,0,0,1,0,4,3,6,0,false
4.2.0,readEntryComplete,bookkeeper-server/src/main/java/org/apache/bookkeeper/client/PendingReadOp.java,23,8,2,1,0,2,0,5,412,3,12,1,false
4.2.0,doConnect,hedwig-client/src/main/java/org/apache/hedwig/client/netty/HedwigClientImpl.java,9,2,2,1,0,0,4,1,442,2,9,0,false
4.1.0,initialValue,hedwig-server/src/main/java/org/apache/hedwig/server/persistence/LocalDBPersistenceManager.java,9,2,0,0,1,2,0,0,196,1,2,0,false
4.0.0,deleteLedger,bookkeeper-server/src/main/java/org/apache/bookkeeper/bookie/LedgerCache.java,22,2,1,1,0,0,2,4,4,2,6,3,false
4.0.0,run,bookkeeper-server/src/main/java/org/apache/bookkeeper/proto/BookieServer.java,19,6,1,0,2,0,0,3,4,3,10,0,false
4.2.0,shutdown,hedwig-server/src/main/java/org/apache/hedwig/server/meta/ZkMetadataManagerFactory.java,2,1,0,0,0,0,0,0,191,1,6,0,false
4.2.0,operationFailed,hedwig-client/src/main/java/org/apache/hedwig/client/netty/HedwigPublisher.java,3,1,0,0,0,0,0,0,412,2,6,0,false
4.1.0,setThrottleValue,bookkeeper-server/src/main/java/org/apache/bookkeeper/conf/ClientConfiguration.java,4,1,0,0,0,1,0,0,225,2,3,0,true
4.2.0,consume,hedwig-client/src/main/java/org/apache/hedwig/client/netty/HedwigSubscriber.java,9,3,2,2,0,0,0,4,412,2,9,0,false
4.2.0,getMessageHandler,hedwig-client/src/main/java/org/apache/hedwig/client/netty/FilterableMessageHandler.java,3,1,0,0,0,1,0,0,137,1,1,0,false
4.1.0,setTopic,hedwig-protocol/src/main/java/org/apache/hedwig/protocol/PubSubProtocol.java,8,2,2,0,0,1,4,0,196,1,1,0,false
4.1.0,doCompactEntryLogs,bookkeeper-server/src/main/java/org/apache/bookkeeper/bookie/GarbageCollectorThread.java,34,5,2,2,0,1,1,4,96,3,6,0,false
4.1.0,recoverLastTopicLedgerAndOpenNewOne,hedwig-server/src/main/java/org/apache/hedwig/server/persistence/BookkeeperPersistenceManager.java,46,1,0,0,0,0,1,1,196,1,3,1,true
4.0.0,recoverBookieData,bookkeeper-server/src/main/java/org/apache/bookkeeper/tools/BookKeeperTools.java,19,2,1,0,0,0,1,4,4,2,5,0,false
4.1.0,getSrcRegion,hedwig-protocol/src/main/java/org/apache/hedwig/protocol/PubSubProtocol.java,3,1,0,0,0,1,5,0,196,1,1,0,false
4.0.0,operationFinished,hedwig-client/src/main/java/org/apache/hedwig/client/benchmark/BenchmarkUtils.java,3,1,0,0,0,0,0,1,4,1,2,0,false
4.1.0,asyncProcessLevelNodes,bookkeeper-server/src/main/java/org/apache/bookkeeper/meta/HierarchicalLedgerManager.java,24,1,0,0,0,0,2,0,204,2,4,4,false
4.1.0,closeComplete,bookkeeper-server/src/main/java/org/apache/bookkeeper/client/LedgerRecoveryOp.java,10,2,0,2,0,0,0,1,196,3,6,1,false
4.0.0,readRequest,bookkeeper-server/src/main/java/org/apache/bookkeeper/proto/NIOServerFactory.java,4,1,1,0,0,0,1,1,4,3,7,0,false
4.0.0,lostTopic,hedwig-server/src/main/java/org/apache/hedwig/server/subscriptions/AbstractSubscriptionManager.java,5,3,1,0,0,0,0,1,4,2,3,1,false
4.1.0,subUnsub,hedwig-client/src/main/java/org/apache/hedwig/client/netty/HedwigSubscriber.java,29,10,3,2,1,0,2,3,196,1,4,0,true
4.1.0,call,hedwig-client/src/main/java/org/apache/hedwig/client/benchmark/HedwigBenchmark.java,32,4,15,2,0,1,1,0,196,1,1,1,false
4.1.0,onLastLocalUnsubscribe,hedwig-server/src/main/java/org/apache/hedwig/server/regions/RegionManager.java,35,1,0,0,0,0,0,3,196,1,3,1,false
4.1.0,notifyUnsubcribe,hedwig-server/src/main/java/org/apache/hedwig/server/subscriptions/AbstractSubscriptionManager.java,3,2,0,0,0,0,2,0,196,1,4,0,false
4.1.0,setLedgerManagerType,bookkeeper-server/src/main/java/org/apache/bookkeeper/conf/AbstractConfiguration.java,3,1,0,0,0,0,0,0,225,2,2,0,false
4.1.0,getChannelForHost,hedwig-client/src/main/java/org/apache/hedwig/client/netty/HedwigPublisher.java,3,1,0,0,0,1,0,0,196,1,1,0,true
4.1.0,writeComplete,bookkeeper-benchmark/src/main/java/org/apache/bookkeeper/benchmark/BenchBookie.java,7,2,1,1,0,0,0,0,0,1,2,0,false
4.0.0,transientErrorOnSend,hedwig-server/src/main/java/org/apache/hedwig/server/delivery/FIFODeliveryManager.java,3,1,0,0,0,0,0,1,4,2,3,0,false
4.2.0,getEntryOffset,bookkeeper-server/src/main/java/org/apache/bookkeeper/bookie/LedgerCacheImpl.java,16,3,4,3,1,1,1,7,384,2,9,0,false
4.2.0,refreshMyServerAddress,hedwig-server/src/main/java/org/apache/hedwig/server/common/ServerConfiguration.java,8,2,1,0,1,0,2,2,412,3,12,2,false
4.2.0,getVotePath,bookkeeper-server/src/main/java/org/apache/bookkeeper/replication/AuditorElector.java,3,1,0,1,0,1,3,0,4,2,5,0,false
4.2.0,readMasterKey,bookkeeper-server/src/main/java/org/apache/bookkeeper/bookie/LedgerCacheImpl.java,18,3,4,0,0,2,0,5,384,2,9,0,false
4.1.0,deliver,hedwig-server/src/main/java/org/apache/hedwig/admin/console/HedwigConsole.java,4,1,0,1,0,0,0,0,0,1,1,1,false
4.2.0,isStandalone,hedwig-server/src/main/java/org/apache/hedwig/server/common/ServerConfiguration.java,3,1,0,0,0,1,0,0,412,3,12,0,false
4.1.0,hasBody,hedwig-protocol/src/main/java/org/apache/hedwig/protocol/PubSubProtocol.java,3,1,0,0,0,1,4,0,196,1,1,0,false
4.1.0,operationFinished,hedwig-server/src/main/java/org/apache/hedwig/server/regions/RegionManager.java,3,1,0,0,0,0,0,20,196,1,3,0,false
4.2.0,getResult,bookkeeper-server/src/main/java/org/apache/bookkeeper/client/BookKeeperAdmin.java,3,1,0,0,0,1,1,0,484,3,13,0,false
4.2.0,getBookieRecoveryDigestType,bookkeeper-server/src/main/java/org/apache/bookkeeper/conf/ClientConfiguration.java,3,1,0,0,0,1,0,0,441,1,4,1,false
4.0.0,getNewBookies,bookkeeper-server/src/main/java/org/apache/bookkeeper/client/BookieWatcher.java,3,1,0,0,0,1,1,1,4,1,3,0,false
4.0.0,acquiredTopic,hedwig-server/src/main/java/org/apache/hedwig/server/subscriptions/AbstractSubscriptionManager.java,3,1,0,0,0,0,0,1,4,2,3,0,false
4.1.0,getStartDeliveryRequest,hedwig-protocol/src/main/java/org/apache/hedwig/protocol/PubSubProtocol.java,3,1,0,0,0,1,5,0,196,1,1,0,false
4.1.0,addDeliveryPtr,hedwig-server/src/main/java/org/apache/hedwig/server/delivery/FIFODeliveryManager.java,4,1,1,0,0,0,2,1,196,1,2,0,false
4.1.0,hasUnsubscribeRequest,hedwig-protocol/src/main/java/org/apache/hedwig/protocol/PubSubProtocol.java,3,1,0,0,0,1,6,0,196,1,1,0,false
4.1.0,getPort,hedwig-client/src/main/java/org/apache/hedwig/util/HedwigSocketAddress.java,3,1,0,0,0,1,0,0,196,1,1,0,false
4.1.0,runBookies,bookkeeper-server/src/main/java/org/apache/bookkeeper/util/LocalBookKeeper.java,18,2,7,3,0,0,1,2,196,2,3,1,false
4.0.0,size,bookkeeper-server/src/main/java/org/apache/bookkeeper/client/PendingReadOp.java,3,1,0,0,0,1,0,0,4,2,3,0,false
4.1.0,getRemoteComponents,hedwig-protocol/src/main/java/org/apache/hedwig/protocol/PubSubProtocol.java,3,1,0,0,0,1,0,1,196,1,1,0,false
4.0.0,safeRun,bookkeeper-server/src/main/java/org/apache/bookkeeper/client/BookieWatcher.java,3,1,0,0,0,0,0,20,4,1,3,0,false
4.0.0,handleSubscribeMessage,hedwig-client/src/main/java/org/apache/hedwig/client/handlers/SubscribeResponseHandler.java,14,5,2,2,0,0,0,1,4,3,5,2,false
4.1.0,getLedgerId,hedwig-protocol/src/main/java/org/apache/hedwig/protocol/PubSubProtocol.java,3,1,0,0,0,1,0,1,196,1,1,0,false
4.1.0,verifyDigest,bookkeeper-server/src/main/java/org/apache/bookkeeper/client/DigestManager.java,3,1,0,0,0,0,1,1,196,2,3,0,false
4.2.0,getExceptions,hedwig-protocol/src/main/java/org/apache/hedwig/exceptions/PubSubException.java,3,1,0,0,0,1,0,0,412,2,6,0,false
4.2.0,getHostForTopic,hedwig-client/src/main/java/org/apache/hedwig/client/netty/HedwigClientImpl.java,3,1,0,0,0,1,0,0,442,2,9,0,false
4.2.0,close,bookkeeper-server/src/main/java/org/apache/bookkeeper/client/BookKeeperAdmin.java,4,1,0,0,0,0,1,1,484,3,13,0,false
4.1.0,call,hedwig-client/src/main/java/org/apache/hedwig/client/benchmark/BenchmarkSubscriber.java,34,3,4,2,0,1,0,3,196,1,1,1,false
4.2.0,getCode,hedwig-protocol/src/main/java/org/apache/hedwig/exceptions/PubSubException.java,3,1,0,0,0,1,0,0,412,2,6,0,false
4.1.0,containsIndexFiles,bookkeeper-server/src/main/java/org/apache/bookkeeper/bookie/FileSystemUpgrade.java,21,6,2,0,1,4,2,1,0,2,3,0,false
4.2.0,setNumWorkerThreads,bookkeeper-server/src/main/java/org/apache/bookkeeper/conf/ClientConfiguration.java,4,1,0,0,0,1,0,0,441,1,4,0,false
4.0.0,sendBuffers,bookkeeper-server/src/main/java/org/apache/bookkeeper/proto/NIOServerFactory.java,21,6,5,1,0,0,1,1,4,3,7,2,false
4.1.0,removeActiveLedger,bookkeeper-server/src/main/java/org/apache/bookkeeper/meta/FlatLedgerManager.java,1,1,0,0,0,0,0,0,204,2,2,0,false
4.1.0,getSubscribeRequest,hedwig-protocol/src/main/java/org/apache/hedwig/protocol/PubSubProtocol.java,3,1,0,0,0,1,5,0,196,1,1,0,false
4.0.0,updateSubscriptionState,hedwig-server/src/main/java/org/apache/hedwig/server/subscriptions/AbstractSubscriptionManager.java,1,1,0,0,0,0,1,0,4,2,3,0,false
4.2.0,close,bookkeeper-server/src/main/java/org/apache/bookkeeper/client/ReadOnlyLedgerHandle.java,2,1,0,0,0,0,0,0,445,1,2,0,false
4.1.0,setLastConsumeSeqId,hedwig-server/src/main/java/org/apache/hedwig/server/subscriptions/InMemorySubscriptionState.java,8,2,2,1,0,2,1,0,196,1,1,1,false
4.1.0,postReleaseCleanup,hedwig-server/src/main/java/org/apache/hedwig/server/topics/ZkTopicManager.java,34,1,0,0,0,0,0,1,196,1,2,4,false
4.2.0,initialize,hedwig-server/src/main/java/org/apache/hedwig/server/meta/ZkMetadataManagerFactory.java,8,2,2,1,0,1,0,0,191,1,6,0,false
4.2.0,setZkServers,bookkeeper-server/src/main/java/org/apache/bookkeeper/conf/ClientConfiguration.java,4,1,0,0,0,1,0,0,441,1,4,0,false
4.2.0,asyncOpenLedger,bookkeeper-server/src/main/java/org/apache/bookkeeper/client/BookKeeperAdmin.java,3,1,0,0,0,0,1,0,484,3,13,0,false
4.0.0,getCode,bookkeeper-server/src/main/java/org/apache/bookkeeper/client/BKException.java,3,1,0,0,0,1,2,0,4,2,3,0,false
4.1.0,getStartLedgerIdByLevel,bookkeeper-server/src/main/java/org/apache/bookkeeper/meta/HierarchicalLedgerManager.java,3,1,0,0,0,1,1,1,204,2,4,0,false
4.1.0,summarize,hedwig-client/src/main/java/org/apache/hedwig/client/benchmark/BenchmarkUtils.java,4,1,1,6,0,1,2,2,196,1,1,0,false
4.1.0,handleRequest,hedwig-server/src/main/java/org/apache/hedwig/server/handlers/BaseHandler.java,17,1,0,0,0,0,0,0,196,1,1,3,false
4.1.0,disableRecv,bookkeeper-server/src/main/java/org/apache/bookkeeper/proto/NIOServerFactory.java,3,1,0,0,0,0,0,0,196,1,4,0,false
4.0.0,getLastScanErrorTime,hedwig-server/src/main/java/org/apache/hedwig/server/delivery/FIFODeliveryManager.java,3,1,0,0,0,1,1,0,4,2,3,0,false
4.0.0,operationFailed,hedwig-client/src/main/java/org/apache/hedwig/client/handlers/PubSubCallback.java,9,2,3,1,0,0,0,0,4,1,2,0,false
4.2.0,getThrottleValue,bookkeeper-server/src/main/java/org/apache/bookkeeper/conf/ClientConfiguration.java,3,1,0,0,0,1,0,0,441,1,4,0,false
4.1.0,deliver,hedwig-client/src/main/java/org/apache/hedwig/client/benchmark/BenchmarkPublisher.java,3,1,0,0,0,0,0,0,196,1,1,0,false
4.2.0,subUnsub,hedwig-client/src/main/java/org/apache/hedwig/client/netty/HedwigSubscriber.java,35,11,4,1,1,0,2,3,412,2,9,0,false
4.1.0,pickDirs,bookkeeper-server/src/main/java/org/apache/bookkeeper/bookie/LedgerCacheImpl.java,3,1,0,0,0,1,1,0,84,3,6,0,false
4.1.0,run,bookkeeper-server/src/main/java/org/apache/bookkeeper/meta/HierarchicalLedgerManager.java,3,1,0,0,0,0,0,4,204,2,4,0,false
4.0.0,isSSLEnabled,hedwig-client/src/main/java/org/apache/hedwig/client/conf/ClientConfiguration.java,3,1,0,0,0,1,6,0,4,1,2,0,false
4.1.0,moveDeliveryPtrForward,hedwig-server/src/main/java/org/apache/hedwig/server/delivery/FIFODeliveryManager.java,3,1,0,0,0,0,1,2,196,1,2,0,false
4.1.0,initiate,bookkeeper-server/src/main/java/org/apache/bookkeeper/client/LedgerOpenOp.java,3,1,0,0,0,0,1,0,196,1,1,0,true
4.2.0,getLedgerDirsListener,bookkeeper-server/src/main/java/org/apache/bookkeeper/bookie/LedgerCacheImpl.java,14,1,0,0,0,1,1,0,384,2,9,0,false
4.1.0,openNewTopicLedger,hedwig-server/src/main/java/org/apache/hedwig/server/persistence/BookkeeperPersistenceManager.java,30,1,0,0,0,0,3,1,196,1,3,6,true
4.0.0,getSubscriptionList,hedwig-client/src/main/java/org/apache/hedwig/client/netty/HedwigSubscriber.java,3,1,0,0,0,1,0,0,4,1,3,0,false
4.1.0,internalForceInit,hedwig-protocol/src/main/java/org/apache/hedwig/protocol/PubSubProtocol.java,2,1,0,0,0,0,15,0,196,1,1,0,false
4.1.0,setType,hedwig-protocol/src/main/java/org/apache/hedwig/protocol/PubSubProtocol.java,8,2,2,0,0,1,4,0,196,1,1,0,false
4.2.0,allDisksFull,bookkeeper-server/src/main/java/org/apache/bookkeeper/bookie/LedgerCacheImpl.java,2,1,0,0,0,0,0,1,384,2,9,0,false
4.1.0,retryErroredSubscriberAfterDelay,hedwig-server/src/main/java/org/apache/hedwig/server/delivery/FIFODeliveryManager.java,6,2,0,0,0,0,2,1,196,1,2,0,false
4.2.0,recoverLastTopicLedgerAndOpenNewOne,hedwig-server/src/main/java/org/apache/hedwig/server/persistence/BookkeeperPersistenceManager.java,46,1,0,0,0,0,1,0,412,3,11,1,false
4.2.0,startDelivery,hedwig-client/src/main/java/org/apache/hedwig/client/netty/impl/simple/SimpleSubscribeResponseHandler.java,46,13,5,3,0,0,0,2,113,1,4,3,false
4.2.0,closeLastTopicLedgerAndOpenNewOne,hedwig-server/src/main/java/org/apache/hedwig/server/persistence/BookkeeperPersistenceManager.java,23,1,1,0,0,0,1,0,412,3,11,3,false
4.1.0,handleRequest,hedwig-server/src/main/java/org/apache/hedwig/server/proxy/ProxyStartDeliveryHandler.java,43,5,4,0,1,2,0,1,196,1,1,1,false
4.0.0,run,hedwig-server/src/main/java/org/apache/hedwig/server/subscriptions/AbstractSubscriptionManager.java,22,3,1,0,0,2,0,5,4,2,3,1,false
4.1.0,getLastLogId,bookkeeper-server/src/main/java/org/apache/bookkeeper/bookie/EntryLogger.java,27,5,3,0,3,4,3,2,196,3,12,2,false
4.1.0,sendWriteRequest,bookkeeper-server/src/main/java/org/apache/bookkeeper/client/PendingAddOp.java,4,2,1,0,0,0,2,0,196,2,2,2,true
4.1.0,setFenced,bookkeeper-server/src/main/java/org/apache/bookkeeper/bookie/LedgerDescriptorReadOnlyImpl.java,4,1,0,0,0,0,0,0,84,1,1,0,false
4.2.0,readOwnerInfo,hedwig-server/src/main/java/org/apache/hedwig/server/meta/TopicOwnershipManager.java,1,1,0,0,0,0,0,0,165,1,1,0,false
4.1.0,getSslFactory,hedwig-client/src/main/java/org/apache/hedwig/client/netty/HedwigClientImpl.java,3,1,0,0,0,1,0,0,226,1,1,0,true
4.1.0,startDelivery,hedwig-client/src/main/java/org/apache/hedwig/client/netty/HedwigSubscriber.java,33,7,5,5,0,0,2,2,196,1,4,0,true
4.0.0,initializeNetty,hedwig-server/src/main/java/org/apache/hedwig/server/proxy/HedwigProxy.java,13,1,4,0,0,0,1,0,4,1,3,0,false
4.1.0,loadConf,bookkeeper-server/src/main/java/org/apache/bookkeeper/conf/AbstractConfiguration.java,4,1,1,0,0,0,0,0,225,2,2,0,false
4.1.0,parseDelimitedFrom,hedwig-protocol/src/main/java/org/apache/hedwig/protocol/PubSubProtocol.java,9,2,1,0,0,2,0,2,196,1,1,0,false
4.2.0,getZkManagersPrefix,hedwig-server/src/main/java/org/apache/hedwig/server/common/ServerConfiguration.java,3,1,0,0,0,1,0,1,412,3,12,1,false
4.2.0,getZnodeVersion,bookkeeper-server/src/main/java/org/apache/bookkeeper/meta/ZkVersion.java,3,1,0,0,0,1,1,0,213,1,1,0,false
4.2.0,close,hedwig-server/src/main/java/org/apache/hedwig/server/meta/ZkMetadataManagerFactory.java,2,1,0,0,0,0,0,0,191,1,6,0,false
4.1.0,updateMessageBound,hedwig-server/src/main/java/org/apache/hedwig/server/subscriptions/AbstractSubscriptionManager.java,22,5,4,0,0,1,2,0,196,1,4,4,true
4.0.0,getLh,bookkeeper-server/src/main/java/org/apache/bookkeeper/client/SyncCounter.java,3,1,0,0,0,1,3,0,4,1,1,0,false
4.1.0,deliverNextMessage,hedwig-server/src/main/java/org/apache/hedwig/server/delivery/FIFODeliveryManager.java,8,2,2,0,0,1,3,1,196,1,2,0,false
4.1.0,garbageCollectLedgers,bookkeeper-server/src/main/java/org/apache/bookkeeper/meta/FlatLedgerManager.java,1,1,0,0,0,0,0,0,204,2,2,0,false
4.2.0,onResume,hedwig-server/src/main/java/org/apache/hedwig/server/topics/MMTopicManager.java,3,1,1,0,0,0,0,0,165,1,1,0,false
4.1.0,calcTp,hedwig-client/src/main/java/org/apache/hedwig/client/benchmark/BenchmarkUtils.java,3,1,0,3,0,1,2,0,196,1,1,0,false
4.2.0,stopDelivery,hedwig-client/src/main/java/org/apache/hedwig/client/netty/impl/simple/SimpleSubscribeResponseHandler.java,20,3,2,1,0,0,0,1,113,1,4,0,false
4.2.0,doSubUnsub,hedwig-client/src/main/java/org/apache/hedwig/client/netty/HedwigSubscriber.java,42,7,8,2,1,1,4,4,412,2,9,4,false
4.1.0,getNumArguments,hedwig-server/src/main/java/org/apache/hedwig/admin/console/HedwigConsole.java,3,1,0,0,0,1,0,0,0,1,1,0,false
4.1.0,usage,hedwig-server/src/main/java/org/apache/hedwig/admin/console/HedwigConsole.java,9,2,0,1,0,0,2,1,0,1,1,1,false
4.1.0,messageScanned,hedwig-server/src/main/java/org/apache/hedwig/server/delivery/FIFODeliveryManager.java,11,4,1,0,0,2,0,1,196,1,2,1,false
4.0.0,calcTp,hedwig-client/src/main/java/org/apache/hedwig/client/benchmark/BenchmarkUtils.java,3,1,0,3,0,1,2,0,4,1,2,0,false
4.1.0,realGetOwner,hedwig-server/src/main/java/org/apache/hedwig/server/topics/TrivialOwnAllTopicManager.java,7,2,0,0,0,1,0,1,196,1,1,0,false
4.1.0,reportLatency,hedwig-client/src/main/java/org/apache/hedwig/client/benchmark/BenchmarkUtils.java,11,2,2,1,0,0,1,0,196,1,1,0,false
4.0.0,run,bookkeeper-server/src/main/java/org/apache/bookkeeper/proto/NIOServerFactory.java,33,9,6,1,1,0,0,4,4,3,7,9,false
4.1.0,close,hedwig-server/src/main/java/org/apache/hedwig/admin/HedwigAdmin.java,4,1,0,0,0,0,1,0,0,2,2,0,false
4.0.0,getVersion,bookkeeper-server/src/main/java/org/apache/bookkeeper/bookie/LedgerEntryPage.java,3,1,0,0,0,1,1,0,4,2,2,0,false
4.1.0,getCmdArgument,hedwig-server/src/main/java/org/apache/hedwig/admin/console/HedwigConsole.java,3,1,0,0,0,1,0,0,0,1,1,0,false
4.0.0,postReleaseCleanup,hedwig-server/src/main/java/org/apache/hedwig/server/topics/AbstractTopicManager.java,1,1,0,0,0,0,1,0,4,2,3,0,false
4.1.0,getLedgerIdFromGenPath,bookkeeper-server/src/main/java/org/apache/bookkeeper/meta/HierarchicalLedgerManager.java,11,2,2,1,1,1,1,0,204,2,4,0,false
4.0.0,getLastEntry,bookkeeper-server/src/main/java/org/apache/bookkeeper/bookie/LedgerEntryPage.java,8,3,1,3,0,2,1,1,4,2,2,0,false
4.1.0,getOwner,hedwig-server/src/main/java/org/apache/hedwig/server/topics/TopicManager.java,1,1,0,0,0,0,0,0,196,1,1,0,false
4.1.0,putEntryOffset,bookkeeper-server/src/main/java/org/apache/bookkeeper/bookie/LedgerCacheImpl.java,13,3,4,3,0,1,0,5,84,3,6,0,true
4.1.0,hasMoreElements,bookkeeper-server/src/main/java/org/apache/bookkeeper/client/PendingReadOp.java,3,1,0,0,0,1,0,0,196,2,3,0,true
4.0.0,sendRead,bookkeeper-server/src/main/java/org/apache/bookkeeper/client/PendingReadOp.java,9,2,1,0,0,1,2,4,4,2,3,1,false
4.1.0,getCreateOrAttach,hedwig-protocol/src/main/java/org/apache/hedwig/protocol/PubSubProtocol.java,3,1,0,0,0,1,4,0,196,1,1,0,false
4.1.0,close,bookkeeper-benchmark/src/main/java/org/apache/bookkeeper/benchmark/BenchThroughputLatency.java,6,2,1,0,0,0,3,0,0,3,4,0,false
4.2.0,getPageCount,bookkeeper-server/src/main/java/org/apache/bookkeeper/bookie/LedgerCacheImpl.java,3,1,0,0,0,1,0,1,384,2,9,2,false
4.1.0,getRetryRemoteSubscribeThreadRunInterval,hedwig-server/src/main/java/org/apache/hedwig/server/common/ServerConfiguration.java,3,1,0,0,0,1,0,0,196,1,2,0,true
4.0.0,getMacCodeLength,bookkeeper-server/src/main/java/org/apache/bookkeeper/client/MacDigestManager.java,3,1,0,0,0,1,0,0,4,2,3,0,false
4.1.0,hasSubscribeRequest,hedwig-protocol/src/main/java/org/apache/hedwig/protocol/PubSubProtocol.java,3,1,0,0,0,1,6,0,196,1,1,0,false
4.1.0,initializeHandlers,hedwig-server/src/main/java/org/apache/hedwig/server/proxy/HedwigProxy.java,10,1,2,0,0,0,1,2,196,1,2,0,false
4.0.0,total,bookkeeper-server/src/main/java/org/apache/bookkeeper/client/SyncCounter.java,3,1,0,0,0,1,0,0,4,1,1,0,false
4.0.0,getStartDeliveryHandler,hedwig-server/src/main/java/org/apache/hedwig/server/proxy/HedwigProxy.java,3,1,0,0,0,1,0,0,4,1,3,0,false
4.1.0,close,hedwig-client/src/main/java/org/apache/hedwig/client/netty/HedwigClientImpl.java,13,2,1,0,0,0,0,2,226,1,1,0,true
4.0.0,dec,bookkeeper-server/src/main/java/org/apache/bookkeeper/client/SyncCounter.java,4,1,0,0,0,0,6,0,4,1,1,0,false
4.1.0,readPage,bookkeeper-server/src/main/java/org/apache/bookkeeper/bookie/LedgerEntryPage.java,10,3,1,5,0,0,0,3,196,2,2,0,false
4.1.0,getPipeline,bookkeeper-server/src/main/java/org/apache/bookkeeper/proto/PerChannelBookieClient.java,10,2,2,0,0,1,0,0,196,3,10,1,false
4.0.0,getLedgersInSingleNode,bookkeeper-server/src/main/java/org/apache/bookkeeper/meta/AbstractZkLedgerManager.java,25,4,1,2,0,1,1,4,8,1,1,2,false
4.1.0,finalize,hedwig-server/src/main/java/org/apache/hedwig/server/persistence/LocalDBPersistenceManager.java,20,5,2,0,1,0,0,0,196,1,2,2,false
4.1.0,claim,hedwig-server/src/main/java/org/apache/hedwig/server/topics/ZkTopicManager.java,24,2,0,1,0,0,2,0,196,1,2,3,false
4.1.0,setSubscriberId,hedwig-protocol/src/main/java/org/apache/hedwig/protocol/PubSubProtocol.java,8,2,2,0,0,1,3,0,196,1,1,0,false
4.1.0,main,bookkeeper-server/src/main/java/org/apache/bookkeeper/bookie/FileSystemUpgrade.java,52,8,8,2,1,1,0,4,0,2,3,11,false
4.1.0,asyncSubscribe,hedwig-client/src/main/java/org/apache/hedwig/client/netty/HedwigSubscriber.java,7,2,0,1,0,1,2,4,196,1,4,0,true
4.0.0,findFile,bookkeeper-server/src/main/java/org/apache/bookkeeper/bookie/EntryLogger.java,9,3,1,2,0,1,3,0,4,2,8,0,false
4.1.0,isInRecovery,bookkeeper-server/src/main/java/org/apache/bookkeeper/client/LedgerMetadata.java,3,2,0,0,0,1,2,0,196,3,5,0,true
4.1.0,usage,bookkeeper-server/src/main/java/org/apache/bookkeeper/util/LocalBookKeeper.java,3,1,0,0,0,0,1,0,196,2,3,0,false
4.1.0,operationFailed,hedwig-server/src/main/java/org/apache/hedwig/server/subscriptions/AbstractSubscriptionManager.java,4,1,0,1,0,0,0,2,196,1,4,0,true
4.0.0,getLedger,bookkeeper-server/src/main/java/org/apache/bookkeeper/bookie/LedgerEntryPage.java,3,1,0,0,0,1,0,0,4,2,2,0,false
4.1.0,getStopDeliveryRequest,hedwig-protocol/src/main/java/org/apache/hedwig/protocol/PubSubProtocol.java,3,1,0,0,0,1,5,0,196,1,1,0,false
4.0.0,getLedgerDigestType,bookkeeper-server/src/main/java/org/apache/bookkeeper/client/BookKeeperAdmin.java,3,1,0,0,0,1,2,0,40,2,5,0,false
4.1.0,isEmpty,bookkeeper-server/src/main/java/org/apache/bookkeeper/bookie/GarbageCollectorThread.java,3,1,0,0,0,1,1,0,96,3,6,0,false
4.2.0,createTopicPersistenceInfo,hedwig-server/src/main/java/org/apache/hedwig/server/meta/ZkMetadataManagerFactory.java,20,1,2,0,0,1,1,1,191,1,6,2,false
4.1.0,describeTopic,hedwig-server/src/main/java/org/apache/hedwig/admin/console/HedwigConsole.java,13,2,4,2,0,1,1,5,0,1,1,0,false
4.1.0,process,bookkeeper-server/src/main/java/org/apache/bookkeeper/meta/HierarchicalLedgerManager.java,14,2,1,1,0,1,0,4,204,2,4,0,false
4.0.0,scanFinished,hedwig-server/src/main/java/org/apache/hedwig/server/delivery/FIFODeliveryManager.java,2,1,0,0,0,0,0,0,4,2,3,0,false
4.0.0,asyncMessageConsume,hedwig-client/src/main/java/org/apache/hedwig/client/handlers/SubscribeResponseHandler.java,10,5,1,2,0,0,2,0,4,3,5,3,false
4.2.0,messageConsumed,hedwig-client/src/main/java/org/apache/hedwig/client/netty/impl/simple/SimpleSubscribeResponseHandler.java,20,8,3,0,0,0,0,1,113,1,4,0,false
4.1.0,toString,bookkeeper-server/src/main/java/org/apache/bookkeeper/bookie/Cookie.java,5,1,1,0,0,1,2,0,91,1,1,0,true
4.0.0,usage,bookkeeper-server/src/main/java/org/apache/bookkeeper/util/Main.java,3,1,0,0,0,0,1,0,4,2,2,0,false
4.1.0,fromInt,bookkeeper-server/src/main/java/org/apache/bookkeeper/proto/BookieProtocol.java,13,2,6,2,0,1,1,1,196,2,3,0,false
4.1.0,lostTopic,hedwig-server/src/main/java/org/apache/hedwig/server/subscriptions/AbstractSubscriptionManager.java,5,1,0,0,0,0,0,1,196,1,4,0,true
4.2.0,getName,bookkeeper-server/src/main/java/org/apache/bookkeeper/bookie/LedgerCacheImpl.java,3,1,0,0,0,1,0,0,384,2,9,0,false
4.0.0,setCode,bookkeeper-server/src/main/java/org/apache/bookkeeper/client/BKException.java,3,1,1,0,0,0,0,0,4,2,3,0,false
4.1.0,gc,bookkeeper-server/src/main/java/org/apache/bookkeeper/bookie/GarbageCollectorThread.java,8,2,0,0,1,0,0,1,96,3,6,0,false
4.2.0,processResult,bookkeeper-server/src/main/java/org/apache/bookkeeper/proto/BookkeeperInternalCallbacks.java,7,2,0,1,0,0,0,1,412,1,1,0,false
4.2.0,operationFailed,hedwig-client/src/main/java/org/apache/hedwig/client/handlers/MessageConsumeCallback.java,6,1,2,1,0,0,0,5,412,2,3,0,false
4.1.0,getPrintWatches,hedwig-server/src/main/java/org/apache/hedwig/admin/console/HedwigConsole.java,3,1,0,0,0,1,1,0,0,1,1,0,false
4.1.0,doGcEntryLogs,bookkeeper-server/src/main/java/org/apache/bookkeeper/bookie/GarbageCollectorThread.java,14,5,1,1,0,0,1,5,96,3,6,3,false
4.2.0,getMyRegion,hedwig-server/src/main/java/org/apache/hedwig/server/common/ServerConfiguration.java,3,1,0,0,0,1,2,0,412,3,12,0,false
4.2.0,getReadStats,bookkeeper-server/src/main/java/org/apache/bookkeeper/proto/BookieServerBean.java,3,1,0,0,0,1,0,2,480,1,1,2,false
4.0.0,getMaximumOutstandingMessages,hedwig-client/src/main/java/org/apache/hedwig/client/conf/ClientConfiguration.java,3,1,0,0,0,1,4,0,4,1,2,0,false
4.1.0,getReadTimeout,bookkeeper-server/src/main/java/org/apache/bookkeeper/conf/ClientConfiguration.java,3,1,0,0,0,1,1,0,225,2,3,0,true
4.1.0,run,bookkeeper-server/src/main/java/org/apache/bookkeeper/bookie/Journal.java,67,13,17,2,1,0,0,6,56,1,2,9,false
4.0.0,createSubscriptionState,hedwig-server/src/main/java/org/apache/hedwig/server/subscriptions/AbstractSubscriptionManager.java,1,1,0,0,0,0,1,0,4,2,3,0,false
4.1.0,close,bookkeeper-server/src/main/java/org/apache/bookkeeper/proto/NIOServerFactory.java,40,8,2,1,5,1,2,0,196,1,4,5,false
4.1.0,store,bookkeeper-server/src/main/java/org/apache/bookkeeper/meta/LedgerLayout.java,4,1,1,1,0,0,0,1,204,1,1,0,false
4.1.0,getSrcSeqId,hedwig-client/src/main/java/org/apache/hedwig/client/benchmark/BenchmarkSubscriber.java,9,4,0,0,0,3,1,0,196,1,1,4,false
4.2.0,close,hedwig-client/src/main/java/org/apache/hedwig/client/netty/HedwigSubscriber.java,15,3,1,0,1,0,1,1,412,2,9,2,false
4.2.0,refreshMyRegionByteString,hedwig-server/src/main/java/org/apache/hedwig/server/common/ServerConfiguration.java,3,1,1,0,0,0,2,1,412,3,12,0,false
4.0.0,getOffset,bookkeeper-server/src/main/java/org/apache/bookkeeper/bookie/LedgerEntryPage.java,4,1,0,0,0,1,2,1,4,2,2,1,false
4.1.0,addListener,hedwig-server/src/main/java/org/apache/hedwig/server/subscriptions/AbstractSubscriptionManager.java,3,1,0,0,0,0,0,0,196,1,4,0,true
4.1.0,getOpenFileLimit,bookkeeper-server/src/main/java/org/apache/bookkeeper/bookie/LedgerCacheImpl.java,3,1,0,0,0,1,0,0,84,3,6,0,true
4.2.0,operationComplete,hedwig-client/src/main/java/org/apache/hedwig/client/netty/HedwigSubscriber.java,5,2,0,1,0,0,0,1,412,2,9,0,false
4.2.0,nextElement,bookkeeper-server/src/main/java/org/apache/bookkeeper/client/PendingReadOp.java,3,1,0,0,0,1,0,0,412,3,12,0,false
4.2.0,operationComplete,bookkeeper-server/src/main/java/org/apache/bookkeeper/client/LedgerChecker.java,6,2,0,0,0,0,0,1,154,1,3,0,false
4.1.0,recoverComplete,bookkeeper-server/src/main/java/org/apache/bookkeeper/client/BookKeeperAdmin.java,9,1,3,1,0,0,0,0,268,2,4,0,false
4.1.0,getSubscriptionList,hedwig-client/src/main/java/org/apache/hedwig/client/netty/HedwigSubscriber.java,3,1,0,0,0,1,0,0,196,1,4,0,true
4.1.0,process,hedwig-server/src/main/java/org/apache/hedwig/admin/console/HedwigConsole.java,6,2,0,0,0,0,0,2,0,1,1,0,false
4.1.0,getSuccessResponse,hedwig-protocol/src/main/java/org/apache/hedwig/protoextensions/PubSubResponseUtils.java,3,1,0,0,0,1,0,1,196,1,1,0,false
4.1.0,startReadingFrom,hedwig-server/src/main/java/org/apache/hedwig/server/persistence/BookkeeperPersistenceManager.java,14,3,2,1,0,1,2,1,196,1,3,2,true
4.2.0,getAvailableBookies,bookkeeper-server/src/main/java/org/apache/bookkeeper/client/BookKeeperAdmin.java,29,2,1,0,0,0,1,1,484,3,13,2,false
4.0.0,setSequence,bookkeeper-server/src/main/java/org/apache/bookkeeper/client/SyncCounter.java,3,1,1,0,0,0,1,0,4,1,1,0,false
4.2.0,submit,bookkeeper-server/src/main/java/org/apache/bookkeeper/util/OrderedSafeExecutor.java,3,1,0,0,0,0,1,1,412,2,2,1,false
4.1.0,sendBuffers,bookkeeper-server/src/main/java/org/apache/bookkeeper/proto/NIOServerFactory.java,21,6,5,1,0,0,1,1,196,1,4,2,false
4.0.0,getFileInfo,bookkeeper-server/src/main/java/org/apache/bookkeeper/bookie/LedgerCache.java,38,9,8,1,0,1,6,8,4,2,6,4,false
4.0.0,getLedgerName,bookkeeper-server/src/main/java/org/apache/bookkeeper/bookie/LedgerCache.java,12,1,3,1,0,1,1,0,4,2,6,0,false
4.2.0,getBookieIndex,bookkeeper-server/src/main/java/org/apache/bookkeeper/client/RoundRobinDistributionSchedule.java,3,1,0,2,0,1,0,0,412,1,2,0,false
4.1.0,sockAddrStr,hedwig-client/src/main/java/org/apache/hedwig/util/HedwigSocketAddress.java,3,1,0,1,0,1,0,0,196,1,1,1,false
4.2.0,setSubscriber,hedwig-client/src/main/java/org/apache/hedwig/client/netty/HedwigClientImpl.java,3,1,1,0,0,0,0,0,442,2,9,0,false
4.1.0,getRemoteComponentsList,hedwig-protocol/src/main/java/org/apache/hedwig/protocol/PubSubProtocol.java,3,1,0,0,0,1,0,0,196,1,1,1,false
4.2.0,operationComplete,bookkeeper-server/src/main/java/org/apache/bookkeeper/meta/AbstractZkLedgerManager.java,17,5,1,1,0,2,0,0,420,3,7,1,false
4.1.0,getNumber,hedwig-protocol/src/main/java/org/apache/hedwig/protocol/PubSubProtocol.java,3,1,0,0,0,1,4,0,196,1,1,0,false
4.0.0,incRef,bookkeeper-server/src/main/java/org/apache/bookkeeper/bookie/LedgerDescriptor.java,3,1,0,0,0,0,2,0,4,2,4,0,false
4.1.0,getReadAheadEnabled,hedwig-server/src/main/java/org/apache/hedwig/server/common/ServerConfiguration.java,3,1,0,0,0,1,1,0,196,1,2,0,true
4.1.0,operationComplete,bookkeeper-server/src/main/java/org/apache/bookkeeper/proto/PerChannelBookieClient.java,10,3,0,1,0,0,0,2,196,3,10,0,false
4.0.0,warmup,hedwig-client/src/main/java/org/apache/hedwig/client/benchmark/BenchmarkPublisher.java,19,3,5,1,0,0,0,2,4,1,2,0,false
4.1.0,operationFinished,hedwig-server/src/main/java/org/apache/hedwig/server/handlers/BaseHandler.java,8,2,0,0,0,1,0,3,196,1,1,1,false
4.2.0,getCacheEntryTTL,hedwig-server/src/main/java/org/apache/hedwig/server/common/ServerConfiguration.java,3,1,0,0,0,1,0,0,412,3,12,0,false
4.1.0,getSynchronous,hedwig-protocol/src/main/java/org/apache/hedwig/protocol/PubSubProtocol.java,3,1,0,0,0,1,4,0,196,1,1,0,false
4.1.0,main,bookkeeper-benchmark/src/main/java/org/apache/bookkeeper/benchmark/BenchThroughputLatency.java,131,14,37,13,0,0,0,10,0,3,4,17,false
4.0.0,unsetSuccessAndSendWriteRequest,bookkeeper-server/src/main/java/org/apache/bookkeeper/client/PendingAddOp.java,20,6,2,2,0,2,1,2,4,2,3,1,false
4.1.0,isHidden,bookkeeper-server/src/main/java/org/apache/bookkeeper/bookie/BookieBean.java,3,1,0,0,0,1,0,0,132,1,1,0,false
4.1.0,toString,bookkeeper-server/src/main/java/org/apache/bookkeeper/proto/NIOServerFactory.java,8,2,2,0,0,1,0,3,196,1,4,1,false
4.1.0,readComplete,bookkeeper-server/src/main/java/org/apache/bookkeeper/client/BookKeeperAdmin.java,24,2,3,1,0,1,0,6,268,2,4,5,false
4.2.0,getEnsemble,bookkeeper-server/src/main/java/org/apache/bookkeeper/client/LedgerMetadata.java,3,1,0,1,0,1,2,0,412,3,9,1,false
4.1.0,getTopicLedgers,hedwig-server/src/main/java/org/apache/hedwig/admin/console/ReadTopic.java,21,6,6,2,0,2,1,2,0,1,1,6,false
4.2.0,getPageSize,bookkeeper-server/src/main/java/org/apache/bookkeeper/bookie/LedgerCacheImpl.java,3,1,0,0,0,1,2,0,384,2,9,0,false
4.1.0,printHelp,bookkeeper-server/src/main/java/org/apache/bookkeeper/bookie/FileSystemUpgrade.java,4,1,1,0,0,0,1,0,0,2,3,0,false
4.0.0,ding,hedwig-client/src/main/java/org/apache/hedwig/client/benchmark/BenchmarkUtils.java,9,5,1,1,0,0,2,0,4,1,2,0,false
4.1.0,readSubscriptions,hedwig-server/src/main/java/org/apache/hedwig/server/subscriptions/AbstractSubscriptionManager.java,1,1,0,0,0,0,1,0,196,1,4,0,true
4.1.0,notifyListenersAndAddToOwnedTopics,hedwig-server/src/main/java/org/apache/hedwig/server/topics/AbstractTopicManager.java,42,2,2,0,0,0,0,0,196,1,1,0,false
4.1.0,getRegions,hedwig-server/src/main/java/org/apache/hedwig/server/common/ServerConfiguration.java,6,2,0,0,0,1,1,1,196,1,2,0,true
4.1.0,hasSeqId,hedwig-protocol/src/main/java/org/apache/hedwig/protocol/PubSubProtocol.java,3,1,0,0,0,1,4,0,196,1,1,0,false
4.1.0,addSubCommand,hedwig-server/src/main/java/org/apache/hedwig/admin/console/HedwigCommands.java,3,1,0,0,0,0,1,0,0,1,1,0,false
4.1.0,shutdown,bookkeeper-server/src/main/java/org/apache/bookkeeper/bookie/EntryLogger.java,8,2,0,0,1,0,3,2,196,3,12,0,false
4.2.0,create,hedwig-protocol/src/main/java/org/apache/hedwig/exceptions/PubSubException.java,56,18,0,1,0,18,0,18,412,2,6,1,false
4.0.0,close,bookkeeper-server/src/main/java/org/apache/bookkeeper/bookie/FileInfo.java,6,2,1,0,0,0,2,0,4,2,4,0,false
4.0.0,run,bookkeeper-server/src/main/java/org/apache/bookkeeper/util/SafeRunnable.java,8,2,0,0,1,0,0,1,4,1,2,0,false
4.1.0,operationFailed,hedwig-client/src/main/java/org/apache/hedwig/client/benchmark/BenchmarkUtils.java,3,1,0,0,0,0,0,1,196,1,1,0,false
4.1.0,operationFinished,hedwig-client/src/main/java/org/apache/hedwig/client/benchmark/BenchmarkUtils.java,3,1,0,0,0,0,0,1,196,1,1,0,false
4.1.0,hasStartDeliveryRequest,hedwig-protocol/src/main/java/org/apache/hedwig/protocol/PubSubProtocol.java,3,1,0,0,0,1,6,0,196,1,1,0,false
4.0.0,main,bookkeeper-server/src/main/java/org/apache/bookkeeper/util/Main.java,14,5,1,1,0,1,0,3,4,2,2,0,false
4.1.0,writeBuffers,bookkeeper-server/src/main/java/org/apache/bookkeeper/bookie/LedgerCacheImpl.java,26,8,6,12,0,1,1,1,84,3,6,4,true
4.1.0,parseFrom,hedwig-protocol/src/main/java/org/apache/hedwig/protocol/PubSubProtocol.java,3,1,0,0,0,1,0,2,196,1,1,0,false
4.2.0,sendReadTo,bookkeeper-server/src/main/java/org/apache/bookkeeper/client/PendingReadOp.java,4,1,0,0,0,0,1,1,412,3,12,1,false
4.0.0,notifySubscribe,hedwig-server/src/main/java/org/apache/hedwig/server/subscriptions/AbstractSubscriptionManager.java,6,2,1,0,0,0,2,1,4,2,3,0,false
4.1.0,scanMessages,hedwig-server/src/main/java/org/apache/hedwig/server/persistence/LocalDBPersistenceManager.java,84,14,14,2,3,8,2,1,196,1,2,9,false
4.0.0,asyncRecoverBookieData,bookkeeper-server/src/main/java/org/apache/bookkeeper/tools/BookKeeperTools.java,13,1,0,0,0,0,1,0,4,2,5,2,false
4.0.0,operationFinished,hedwig-server/src/main/java/org/apache/hedwig/server/regions/RegionManager.java,30,5,0,3,1,0,0,0,4,1,3,1,false
4.0.0,main,hedwig-client/src/main/java/org/apache/hedwig/client/benchmark/HedwigBenchmark.java,16,3,3,0,1,0,0,5,4,2,4,1,false
4.1.0,genDigest,bookkeeper-server/src/main/java/org/apache/bookkeeper/client/MacDigestManager.java,6,1,1,0,0,1,4,0,196,1,1,3,false
4.0.0,getOrigSubData,hedwig-client/src/main/java/org/apache/hedwig/client/handlers/SubscribeResponseHandler.java,3,1,0,0,0,1,0,0,4,3,5,0,false
4.0.0,runBookies,bookkeeper-server/src/main/java/org/apache/bookkeeper/util/LocalBookKeeper.java,12,2,5,3,0,0,1,2,4,3,5,1,false
4.2.0,toString,bookkeeper-server/src/main/java/org/apache/bookkeeper/client/PendingReadOp.java,3,1,0,0,0,1,0,0,412,3,12,0,false
4.0.0,getMacCodeLength,bookkeeper-server/src/main/java/org/apache/bookkeeper/client/CRC32DigestManager.java,1,1,0,0,0,0,1,0,4,1,1,0,false
4.1.0,getNewBookie,bookkeeper-server/src/main/java/org/apache/bookkeeper/client/BookKeeperAdmin.java,9,2,1,0,0,1,1,0,268,2,4,0,false
4.2.0,getLedgerId,bookkeeper-server/src/main/java/org/apache/bookkeeper/meta/ZkLedgerUnderreplicationManager.java,9,2,1,0,0,1,1,0,157,3,12,1,false
4.0.0,subscribe,hedwig-server/src/main/java/org/apache/hedwig/server/regions/HedwigHubSubscriber.java,3,1,0,0,0,0,0,1,4,1,2,0,false
4.1.0,setSrcRegion,hedwig-protocol/src/main/java/org/apache/hedwig/protocol/PubSubProtocol.java,8,2,2,0,0,1,2,0,196,1,1,0,false
4.1.0,hasEndSeqIdIncluded,hedwig-protocol/src/main/java/org/apache/hedwig/protocol/PubSubProtocol.java,3,1,0,0,0,1,1,1,196,1,1,0,false
4.2.0,getClientTcpNoDelay,bookkeeper-server/src/main/java/org/apache/bookkeeper/conf/ClientConfiguration.java,3,1,0,0,0,1,1,0,441,1,4,0,false
4.2.0,consume,hedwig-client/src/main/java/org/apache/hedwig/client/netty/impl/simple/SimpleSubscribeResponseHandler.java,15,2,2,0,0,0,1,0,113,1,4,0,false
4.0.0,getLedgerNodePath,bookkeeper-server/src/main/java/org/apache/bookkeeper/util/StringUtils.java,3,1,0,1,0,1,3,1,4,2,2,0,false
4.2.0,setVersion,bookkeeper-server/src/main/java/org/apache/bookkeeper/client/LedgerMetadata.java,3,1,1,0,0,0,0,0,412,3,9,0,false
4.0.0,amIResponsibleForTopic,hedwig-client/src/main/java/org/apache/hedwig/client/benchmark/HedwigBenchmark.java,3,2,0,1,0,1,3,0,4,2,4,0,false
4.1.0,getVersion,bookkeeper-server/src/main/java/org/apache/bookkeeper/proto/BookieProtocol.java,3,1,0,0,0,1,1,0,196,2,3,0,false
4.0.0,getPageToWrite,bookkeeper-server/src/main/java/org/apache/bookkeeper/bookie/LedgerEntryPage.java,5,1,0,0,0,1,1,1,4,2,2,0,false
4.0.0,makeWritable,bookkeeper-server/src/main/java/org/apache/bookkeeper/proto/NIOServerFactory.java,12,3,0,0,1,0,1,0,4,3,7,1,false
4.1.0,newInstance,hedwig-server/src/main/java/org/apache/hedwig/server/delivery/FIFODeliveryManager.java,3,1,0,0,0,1,0,0,196,1,2,0,false
4.2.0,getVersion,bookkeeper-server/src/main/java/org/apache/bookkeeper/client/LedgerMetadata.java,3,1,0,0,0,1,0,0,412,3,9,0,false
4.1.0,create,bookkeeper-server/src/main/java/org/apache/bookkeeper/bookie/BookieException.java,14,5,0,0,0,5,2,5,196,2,2,0,false
4.1.0,getRandomLedger,bookkeeper-benchmark/src/main/java/org/apache/bookkeeper/benchmark/BenchThroughputLatency.java,3,1,0,0,0,1,1,0,0,3,4,0,false
4.0.0,doRecoveryRead,bookkeeper-server/src/main/java/org/apache/bookkeeper/client/LedgerRecoveryOp.java,4,1,0,0,0,0,2,1,4,2,5,0,false
4.0.0,asyncSubUnsub,hedwig-client/src/main/java/org/apache/hedwig/client/netty/HedwigSubscriber.java,16,5,2,1,0,0,3,3,4,1,3,6,false
4.2.0,read,hedwig-server/src/main/java/org/apache/hedwig/server/topics/MMTopicManager.java,49,1,0,0,0,0,2,1,165,1,1,2,false
4.0.0,getLocalAddress,bookkeeper-server/src/main/java/org/apache/bookkeeper/proto/NIOServerFactory.java,3,1,0,0,0,1,1,0,4,3,7,1,false
4.0.0,getFlags,bookkeeper-server/src/main/java/org/apache/bookkeeper/proto/BookieProtocol.java,3,1,0,0,0,1,0,0,4,2,3,0,false
4.1.0,getNewBookies,bookkeeper-server/src/main/java/org/apache/bookkeeper/client/BookieWatcher.java,3,1,0,0,0,1,0,1,196,1,3,0,false
4.1.0,getZkHostsPrefix,hedwig-server/src/main/java/org/apache/hedwig/server/common/ServerConfiguration.java,3,1,0,0,0,1,0,1,196,1,2,1,true
4.2.0,validate,hedwig-server/src/main/java/org/apache/hedwig/server/common/ServerConfiguration.java,17,8,1,4,0,0,0,6,412,3,12,3,false
4.2.0,replaceSubscriptionData,hedwig-server/src/main/java/org/apache/hedwig/server/subscriptions/AbstractSubscriptionManager.java,1,1,0,0,0,0,2,0,412,2,10,0,false
4.1.0,setRanges,hedwig-protocol/src/main/java/org/apache/hedwig/protocol/PubSubProtocol.java,4,1,0,0,0,1,0,1,196,1,1,1,false
4.1.0,getUnsubscribeRequest,hedwig-protocol/src/main/java/org/apache/hedwig/protocol/PubSubProtocol.java,3,1,0,0,0,1,5,0,196,1,1,0,false
4.1.0,linkIndexDirectories,bookkeeper-server/src/main/java/org/apache/bookkeeper/bookie/FileSystemUpgrade.java,19,5,2,0,1,1,2,2,0,2,3,1,false
4.1.0,equals,hedwig-server/src/main/java/org/apache/hedwig/server/delivery/ChannelEndPoint.java,9,2,1,0,0,2,0,0,196,1,1,0,false
4.2.0,safeAddComplete,hedwig-server/src/main/java/org/apache/hedwig/server/persistence/BookkeeperPersistenceManager.java,39,6,3,5,0,2,0,2,412,3,11,2,false
4.0.0,addEntry,bookkeeper-server/src/main/java/org/apache/bookkeeper/bookie/EntryLogger.java,13,2,3,2,0,1,1,3,4,2,8,2,false
4.1.0,getSeqIdAfterSkipping,hedwig-server/src/main/java/org/apache/hedwig/server/persistence/BookkeeperPersistenceManager.java,3,1,0,1,0,1,0,1,196,1,3,0,true
4.0.0,signSafeMod,bookkeeper-server/src/main/java/org/apache/bookkeeper/util/MathUtils.java,7,2,2,1,0,1,3,0,4,1,1,0,false
4.2.0,updatePage,bookkeeper-server/src/main/java/org/apache/bookkeeper/bookie/LedgerCacheImpl.java,21,4,3,1,1,0,3,8,384,2,9,0,false
4.1.0,getReadAheadSizeBytes,hedwig-server/src/main/java/org/apache/hedwig/server/common/ServerConfiguration.java,3,1,0,1,0,1,0,0,196,1,2,0,true
4.2.0,setBookieRecoveryPasswd,bookkeeper-server/src/main/java/org/apache/bookkeeper/conf/ClientConfiguration.java,4,1,0,0,0,1,0,0,441,1,4,0,false
4.2.0,topicSubscriberPath,hedwig-server/src/main/java/org/apache/hedwig/server/meta/ZkMetadataManagerFactory.java,3,1,0,0,0,1,4,1,191,1,6,0,false
4.0.0,getTimeoutThreadRunInterval,hedwig-client/src/main/java/org/apache/hedwig/client/conf/ClientConfiguration.java,3,1,0,0,0,1,1,0,4,1,2,0,false
4.0.0,gc,bookkeeper-server/src/main/java/org/apache/bookkeeper/bookie/EntryLogger.java,8,2,0,0,1,0,0,1,4,2,8,1,false
4.0.0,asyncRecoverBookieData,bookkeeper-server/src/main/java/org/apache/bookkeeper/client/BookKeeperAdmin.java,13,1,0,0,0,0,1,0,40,2,5,2,false
4.0.0,close,bookkeeper-server/src/main/java/org/apache/bookkeeper/streaming/LedgerOutputStream.java,3,1,0,0,0,0,0,1,4,1,2,0,false
4.1.0,internalGetFieldAccessorTable,hedwig-protocol/src/main/java/org/apache/hedwig/protocol/PubSubProtocol.java,3,1,0,0,0,1,0,0,196,1,1,0,false
4.1.0,parent,hedwig-client/src/main/java/org/apache/hedwig/util/PathUtils.java,3,1,0,0,0,1,0,0,196,1,1,0,false
4.1.0,valueOf,hedwig-protocol/src/main/java/org/apache/hedwig/protocol/PubSubProtocol.java,8,2,0,0,0,2,2,0,196,1,1,0,false
4.1.0,getName,bookkeeper-server/src/main/java/org/apache/bookkeeper/bookie/LedgerCacheImpl.java,3,1,0,0,0,1,0,0,84,3,6,0,true
4.1.0,writeComplete,bookkeeper-server/src/main/java/org/apache/bookkeeper/client/BookKeeperAdmin.java,11,3,0,2,0,0,0,1,268,2,4,1,false
4.1.0,operationFinished,hedwig-server/src/main/java/org/apache/hedwig/server/handlers/SubscribeHandler.java,22,3,3,2,0,2,0,2,196,1,1,1,false
4.2.0,recoverLedger,bookkeeper-server/src/main/java/org/apache/bookkeeper/client/BookKeeperAdmin.java,91,2,0,1,0,0,2,4,484,3,13,13,false
4.1.0,write,bookkeeper-server/src/main/java/org/apache/bookkeeper/bookie/FileInfo.java,22,4,5,3,1,1,2,1,196,1,4,0,false
4.1.0,getClientTimer,hedwig-client/src/main/java/org/apache/hedwig/client/netty/HedwigClientImpl.java,3,1,0,0,0,1,0,0,226,1,1,0,true
4.2.0,operationComplete,bookkeeper-server/src/main/java/org/apache/bookkeeper/replication/ReplicationWorker.java,4,1,1,0,0,0,0,0,147,1,7,0,false
4.1.0,run,hedwig-client/src/main/java/org/apache/hedwig/client/benchmark/BenchmarkUtils.java,13,4,4,1,1,0,0,4,196,1,1,2,false
4.1.0,getTopicSubscriptions,hedwig-server/src/main/java/org/apache/hedwig/admin/HedwigAdmin.java,21,4,8,0,1,1,2,2,0,2,2,1,false
4.1.0,deleteLedger,bookkeeper-server/src/main/java/org/apache/bookkeeper/bookie/LedgerCacheImpl.java,36,5,4,1,1,0,0,4,84,3,6,1,true
4.2.0,getResponseHandlerFromChannel,hedwig-client/src/main/java/org/apache/hedwig/client/netty/HedwigClientImpl.java,10,3,1,0,0,1,13,1,442,2,9,1,false
4.2.0,getState,bookkeeper-server/src/main/java/org/apache/bookkeeper/client/LedgerMetadata.java,3,1,0,0,0,1,0,0,412,3,9,0,false
4.2.0,lostTopic,hedwig-server/src/main/java/org/apache/hedwig/server/subscriptions/InMemorySubscriptionManager.java,8,3,1,1,0,0,0,1,412,2,5,0,false
4.1.0,addAllTriedServers,hedwig-protocol/src/main/java/org/apache/hedwig/protocol/PubSubProtocol.java,7,2,1,0,0,1,1,0,196,1,1,1,false
4.2.0,operationFailed,hedwig-server/src/main/java/org/apache/hedwig/server/topics/MMTopicManager.java,9,2,0,2,0,1,0,2,165,1,1,0,false
4.2.0,deleteFromZooKeeper,bookkeeper-server/src/main/java/org/apache/bookkeeper/bookie/Cookie.java,7,2,2,0,0,0,1,1,398,2,3,0,false
4.1.0,call,hedwig-client/src/main/java/org/apache/hedwig/client/benchmark/BenchmarkPublisher.java,36,7,13,14,0,1,0,6,196,1,1,0,false
4.1.0,usage,bookkeeper-benchmark/src/main/java/org/apache/bookkeeper/benchmark/BenchReadThroughputLatency.java,4,1,1,0,0,0,1,0,0,1,1,0,false
4.1.0,run,bookkeeper-server/src/main/java/org/apache/bookkeeper/bookie/EntryLogger.java,18,6,0,0,1,0,0,3,196,3,12,1,false
4.1.0,readRequest,bookkeeper-server/src/main/java/org/apache/bookkeeper/proto/NIOServerFactory.java,4,1,1,0,0,0,1,1,196,1,4,0,false
4.1.0,setSeqId,hedwig-protocol/src/main/java/org/apache/hedwig/protocol/PubSubProtocol.java,5,1,2,0,0,1,2,0,196,1,1,0,false
4.1.0,setLedgerId,hedwig-protocol/src/main/java/org/apache/hedwig/protocol/PubSubProtocol.java,5,1,2,0,0,1,2,0,196,1,1,0,false
4.2.0,doElection,bookkeeper-server/src/main/java/org/apache/bookkeeper/replication/AuditorElector.java,31,6,6,2,1,0,2,5,4,2,5,5,false
4.1.0,setFirstEntry,bookkeeper-server/src/main/java/org/apache/bookkeeper/bookie/LedgerEntryPage.java,6,2,1,2,0,0,0,0,196,2,2,0,false
4.1.0,update,bookkeeper-server/src/main/java/org/apache/bookkeeper/client/DigestManager.java,1,1,0,0,0,0,3,0,196,2,3,0,false
4.0.0,printUsage,bookkeeper-server/src/main/java/org/apache/bookkeeper/proto/BookieServer.java,4,1,1,1,0,0,1,0,4,3,10,0,false
4.2.0,closeSubscription,hedwig-client/src/main/java/org/apache/hedwig/client/netty/HedwigSubscriber.java,16,4,2,1,1,0,2,4,412,2,9,0,false
4.0.0,runPhase,hedwig-server/src/main/java/org/apache/hedwig/server/benchmark/AbstractBenchmark.java,11,2,1,8,0,0,1,1,4,1,2,1,false
4.0.0,readEntry,bookkeeper-server/src/main/java/org/apache/bookkeeper/bookie/LedgerDescriptor.java,40,9,12,7,1,1,1,10,4,2,4,8,false
4.2.0,evictFileInfoIfNecessary,bookkeeper-server/src/main/java/org/apache/bookkeeper/bookie/LedgerCacheImpl.java,9,2,1,0,0,0,2,1,384,2,9,1,false
4.1.0,getAllDirectories,bookkeeper-server/src/main/java/org/apache/bookkeeper/bookie/FileSystemUpgrade.java,8,2,1,0,0,1,3,0,0,2,3,0,false
4.1.0,getPageCount,bookkeeper-server/src/main/java/org/apache/bookkeeper/bookie/LedgerCacheImpl.java,3,1,0,0,0,1,0,1,84,3,6,2,true
4.2.0,isRunning,bookkeeper-server/src/main/java/org/apache/bookkeeper/replication/ReplicationWorker.java,3,1,0,0,0,1,0,0,147,1,7,0,false
4.1.0,getSubscriptionState,hedwig-server/src/main/java/org/apache/hedwig/server/subscriptions/InMemorySubscriptionState.java,3,1,0,0,0,1,4,0,196,1,1,0,false
4.1.0,getRanges,hedwig-protocol/src/main/java/org/apache/hedwig/protocol/PubSubProtocol.java,3,1,0,0,0,1,1,0,196,1,1,0,false
4.1.0,serveSubscribeRequest,hedwig-server/src/main/java/org/apache/hedwig/server/subscriptions/AbstractSubscriptionManager.java,3,1,0,0,0,0,0,1,196,1,4,0,true
4.1.0,report,bookkeeper-server/src/main/java/org/apache/bookkeeper/util/HardLink.java,3,1,0,2,0,1,0,0,90,1,1,0,false
4.0.0,processResult,bookkeeper-server/src/main/java/org/apache/bookkeeper/bookie/EntryLogger.java,76,18,7,8,5,2,0,3,4,2,8,12,false
4.0.0,operationFinished,hedwig-client/src/main/java/org/apache/hedwig/client/handlers/PubSubCallback.java,8,2,2,1,0,0,0,0,4,1,2,0,false
4.0.0,readEntryComplete,bookkeeper-server/src/main/java/org/apache/bookkeeper/client/ReadLastConfirmedOp.java,30,10,5,2,1,1,0,2,131,2,5,2,false
4.1.0,asyncAddEntry,bookkeeper-server/src/main/java/org/apache/bookkeeper/client/ReadOnlyLedgerHandle.java,3,1,0,0,0,0,0,1,229,1,1,0,true
4.2.0,isValidSubscriberId,hedwig-client/src/main/java/org/apache/hedwig/client/netty/HedwigSubscriber.java,4,5,0,0,0,2,8,0,412,2,9,0,false
4.2.0,storeTopic2HostMapping,hedwig-client/src/main/java/org/apache/hedwig/client/netty/HedwigClientImpl.java,16,5,2,1,0,1,0,1,442,2,9,2,false
4.2.0,getMaximumMessageSize,hedwig-server/src/main/java/org/apache/hedwig/server/common/ServerConfiguration.java,3,1,0,0,0,1,0,0,412,3,12,0,false
4.2.0,close,bookkeeper-server/src/main/java/org/apache/bookkeeper/client/LedgerMetadata.java,4,1,2,0,0,0,2,0,412,3,9,0,false
4.0.0,uncaughtException,hedwig-server/src/main/java/org/apache/hedwig/server/proxy/HedwigProxy.java,3,1,0,0,0,0,0,0,4,1,3,0,false
4.1.0,setZkLedgersRootPath,bookkeeper-server/src/main/java/org/apache/bookkeeper/conf/AbstractConfiguration.java,3,1,0,0,0,0,0,0,225,2,2,0,false
4.0.0,tick,hedwig-client/src/main/java/org/apache/hedwig/util/CallbackUtils.java,10,3,0,0,0,0,3,3,4,2,3,0,false
4.0.0,getLocalAddress,bookkeeper-server/src/main/java/org/apache/bookkeeper/proto/BookieServer.java,8,2,0,0,1,2,0,2,4,3,10,1,false
4.0.0,zeroPage,bookkeeper-server/src/main/java/org/apache/bookkeeper/bookie/LedgerEntryPage.java,6,1,1,0,0,0,2,1,4,2,2,0,false
4.0.0,disableRecv,bookkeeper-server/src/main/java/org/apache/bookkeeper/proto/NIOServerFactory.java,3,1,0,0,0,0,0,0,4,3,7,0,false
4.1.0,operationFailed,hedwig-server/src/main/java/org/apache/hedwig/server/persistence/BookkeeperPersistenceManager.java,3,1,0,0,0,0,0,0,196,1,3,0,true
4.1.0,performRequest,hedwig-server/src/main/java/org/apache/hedwig/server/delivery/FIFODeliveryManager.java,1,1,0,0,0,0,1,0,196,1,2,0,false
4.0.0,getBookieIndex,bookkeeper-server/src/main/java/org/apache/bookkeeper/client/DistributionSchedule.java,1,1,0,0,0,0,4,0,4,2,2,0,false
4.0.0,main,bookkeeper-benchmark/src/main/java/org/apache/bookkeeper/benchmark/MySqlClient.java,22,5,3,0,1,0,0,4,4,2,3,0,false
4.1.0,close,bookkeeper-server/src/main/java/org/apache/bookkeeper/client/ReadOnlyLedgerHandle.java,2,1,0,0,0,0,0,0,229,1,1,0,true
4.1.0,getEntry,bookkeeper-server/src/main/java/org/apache/bookkeeper/bookie/InterleavedLedgerStorage.java,11,3,2,0,0,1,0,0,56,2,3,0,false
4.0.0,operationFinished,hedwig-server/src/main/java/org/apache/hedwig/server/subscriptions/AbstractSubscriptionManager.java,4,1,0,0,0,0,0,18,4,2,3,0,false
4.2.0,doPersistMessage,hedwig-server/src/main/java/org/apache/hedwig/server/persistence/BookkeeperPersistenceManager.java,81,9,10,3,0,3,2,0,412,3,11,12,false
4.1.0,channelOpen,hedwig-server/src/main/java/org/apache/hedwig/server/netty/UmbrellaHandler.java,5,2,0,0,0,0,0,0,196,1,1,0,false
4.2.0,onShutdown,hedwig-server/src/main/java/org/apache/hedwig/server/topics/MMTopicManager.java,3,1,0,0,0,0,0,0,165,1,1,1,false
4.2.0,getAvailableBookies,bookkeeper-server/src/main/java/org/apache/bookkeeper/replication/Auditor.java,3,1,0,0,0,1,1,0,4,1,3,0,false
4.2.0,runInternal,hedwig-server/src/main/java/org/apache/hedwig/server/persistence/BookkeeperPersistenceManager.java,28,5,3,1,1,1,0,3,412,3,11,5,false
4.0.0,tick,bookkeeper-server/src/main/java/org/apache/bookkeeper/tools/BookKeeperTools.java,10,3,0,0,0,0,1,0,4,2,5,1,false
4.0.0,notifyUnsubcribe,hedwig-server/src/main/java/org/apache/hedwig/server/subscriptions/AbstractSubscriptionManager.java,3,2,0,0,0,0,2,0,4,2,3,0,false
4.1.0,isRunning,bookkeeper-server/src/main/java/org/apache/bookkeeper/proto/NIOServerFactory.java,3,1,0,0,0,1,0,0,196,1,4,1,false
4.2.0,getCertStream,hedwig-server/src/main/java/org/apache/hedwig/server/common/ServerConfiguration.java,11,5,2,0,0,2,0,2,412,3,12,3,false
4.2.0,containsActiveLedger,bookkeeper-server/src/main/java/org/apache/bookkeeper/meta/AbstractZkLedgerManager.java,3,1,0,0,0,1,0,0,420,3,7,0,false
4.0.0,deleteDirectory,hedwig-client/src/main/java/org/apache/hedwig/util/FileUtils.java,18,6,1,2,0,2,2,1,4,1,1,0,false
4.2.0,hasPassword,bookkeeper-server/src/main/java/org/apache/bookkeeper/client/LedgerMetadata.java,3,1,0,0,0,1,0,0,412,3,9,0,false
4.1.0,consumeToBound,hedwig-server/src/main/java/org/apache/hedwig/server/persistence/BookkeeperPersistenceManager.java,7,3,1,0,0,1,0,2,196,1,3,0,true
4.0.0,getMinimumSeqId,hedwig-server/src/main/java/org/apache/hedwig/server/delivery/FIFODeliveryManager.java,7,3,1,1,0,2,1,0,4,2,3,2,false
4.0.0,getSrcSeqId,hedwig-client/src/main/java/org/apache/hedwig/client/benchmark/BenchmarkSubscriber.java,9,4,0,0,0,3,1,0,4,1,3,4,false
4.1.0,gcJournals,bookkeeper-server/src/main/java/org/apache/bookkeeper/bookie/Journal.java,16,5,5,3,0,0,1,4,56,1,2,1,false
4.2.0,getReplicaIndex,bookkeeper-server/src/main/java/org/apache/bookkeeper/client/PendingReadOp.java,7,2,1,0,0,2,1,0,412,3,12,0,false
4.1.0,handleRequestAtOwner,hedwig-server/src/main/java/org/apache/hedwig/server/handlers/SubscribeHandler.java,51,3,6,0,1,2,0,4,196,1,1,5,false
4.1.0,scanEntryLog,bookkeeper-server/src/main/java/org/apache/bookkeeper/bookie/EntryLogger.java,47,9,12,5,1,0,4,3,196,3,12,1,false
4.1.0,read,hedwig-server/src/main/java/org/apache/hedwig/server/topics/ZkTopicManager.java,37,1,0,0,0,0,2,0,196,1,2,4,false
4.0.0,instantiateTopicManager,hedwig-server/src/main/java/org/apache/hedwig/server/netty/PubSubServer.java,16,3,2,0,1,1,1,3,4,2,5,0,false
4.1.0,getEntryOffset,bookkeeper-server/src/main/java/org/apache/bookkeeper/bookie/LedgerCacheImpl.java,16,3,4,3,1,1,0,5,84,3,6,0,true
4.1.0,getPrompt,hedwig-server/src/main/java/org/apache/hedwig/admin/console/HedwigConsole.java,5,1,1,0,0,1,1,0,0,1,1,0,false
4.1.0,readTopic,hedwig-server/src/main/java/org/apache/hedwig/admin/console/ReadTopic.java,19,4,1,3,1,0,1,1,0,1,1,2,false
4.0.0,loadConf,hedwig-client/src/main/java/org/apache/hedwig/conf/AbstractConfiguration.java,4,1,1,0,0,0,2,0,4,2,2,0,false
4.1.0,isSpecialZnode,bookkeeper-server/src/main/java/org/apache/bookkeeper/meta/AbstractZkLedgerManager.java,6,4,0,0,0,2,3,0,204,3,4,1,true
4.1.0,findFile,bookkeeper-server/src/main/java/org/apache/bookkeeper/bookie/EntryLogger.java,9,3,1,2,0,1,3,0,196,3,12,0,false
4.1.0,read,bookkeeper-server/src/main/java/org/apache/bookkeeper/bookie/JournalChannel.java,3,1,0,0,0,1,2,0,125,1,2,0,false
4.0.0,create,bookkeeper-server/src/main/java/org/apache/bookkeeper/client/BKException.java,40,18,0,0,0,18,11,18,4,2,3,1,false
4.1.0,use,bookkeeper-server/src/main/java/org/apache/bookkeeper/bookie/FileInfo.java,3,1,0,0,0,0,2,0,196,1,4,0,false
4.2.0,getMetastoreMaxEntriesPerScan,hedwig-server/src/main/java/org/apache/hedwig/server/common/ServerConfiguration.java,3,1,0,0,0,1,0,0,412,3,12,0,false
4.1.0,getStatusMsg,hedwig-protocol/src/main/java/org/apache/hedwig/protocol/PubSubProtocol.java,3,1,0,0,0,1,0,1,196,1,1,0,false
4.2.0,getQuorumSize,bookkeeper-server/src/main/java/org/apache/bookkeeper/client/LedgerMetadata.java,3,1,0,0,0,1,0,0,412,3,9,0,false
4.0.0,operationComplete,hedwig-client/src/main/java/org/apache/hedwig/client/netty/WriteCallback.java,22,9,3,4,0,1,0,5,4,1,3,3,false
4.0.0,close,bookkeeper-server/src/main/java/org/apache/bookkeeper/proto/NIOServerFactory.java,40,8,2,1,5,1,2,0,4,3,7,5,false
4.0.0,errorOutAddKey,bookkeeper-server/src/main/java/org/apache/bookkeeper/proto/PerChannelBookieClient.java,15,1,0,0,0,0,2,2,4,3,8,2,false
4.1.0,operationComplete,hedwig-client/src/main/java/org/apache/hedwig/client/netty/HedwigSubscriber.java,5,2,0,1,0,0,0,1,196,1,4,0,true
4.2.0,getConfiguration,hedwig-client/src/main/java/org/apache/hedwig/client/netty/impl/simple/SimpleSubscribeResponseHandler.java,3,1,0,0,0,1,0,0,113,1,4,0,false
4.1.0,storeHost2ChannelMapping,hedwig-client/src/main/java/org/apache/hedwig/client/netty/HedwigPublisher.java,12,5,2,2,0,0,1,2,196,1,1,0,true
4.1.0,getEndSeqIdIncluded,hedwig-protocol/src/main/java/org/apache/hedwig/protocol/PubSubProtocol.java,3,1,0,0,0,1,1,1,196,1,1,0,false
4.0.0,submitCallback,bookkeeper-server/src/main/java/org/apache/bookkeeper/client/PendingReadOp.java,3,1,0,0,0,0,2,1,4,2,3,0,false
4.1.0,setEntryData,bookkeeper-benchmark/src/main/java/org/apache/bookkeeper/benchmark/BenchThroughputLatency.java,3,1,1,0,0,0,3,0,0,3,4,0,false
4.2.0,asyncSubUnsub,hedwig-client/src/main/java/org/apache/hedwig/client/netty/HedwigSubscriber.java,22,6,3,0,0,0,3,3,412,2,9,4,false
4.0.0,writeComplete,bookkeeper-server/src/main/java/org/apache/bookkeeper/proto/BookkeeperInternalCallbacks.java,1,1,0,0,0,0,4,0,4,2,2,0,false
4.1.0,safeReadComplete,hedwig-server/src/main/java/org/apache/hedwig/server/persistence/BookkeeperPersistenceManager.java,40,8,6,6,1,4,0,4,196,1,3,8,true
4.2.0,publish,hedwig-client/src/main/java/org/apache/hedwig/client/netty/HedwigPublisher.java,34,10,4,2,1,2,0,3,412,2,6,0,false
4.1.0,finish,hedwig-server/src/main/java/org/apache/hedwig/server/subscriptions/AbstractSubscriptionManager.java,5,1,0,0,0,0,3,1,196,1,4,0,true
4.0.0,getLedgerId,bookkeeper-server/src/main/java/org/apache/bookkeeper/bookie/LedgerDescriptor.java,3,1,0,0,0,1,1,0,4,2,4,0,false
4.2.0,asyncMessageDeliver,hedwig-client/src/main/java/org/apache/hedwig/client/netty/impl/simple/SimpleSubscribeResponseHandler.java,16,5,1,0,0,0,2,0,113,1,4,0,false
4.1.0,create,hedwig-client/src/main/java/org/apache/hedwig/client/netty/HedwigClientImpl.java,3,1,0,0,0,1,0,1,226,1,1,0,true
4.2.0,getBkWriteQuorumSize,hedwig-server/src/main/java/org/apache/hedwig/server/common/ServerConfiguration.java,8,2,0,0,0,2,1,1,412,3,12,0,false
4.0.0,addListener,hedwig-server/src/main/java/org/apache/hedwig/server/subscriptions/AbstractSubscriptionManager.java,3,1,0,0,0,0,0,0,4,2,3,0,false
4.2.0,initiate,bookkeeper-server/src/main/java/org/apache/bookkeeper/client/PendingReadOp.java,27,4,6,0,0,0,1,6,412,3,12,2,false
4.1.0,extractMetaFromEntryLogs,bookkeeper-server/src/main/java/org/apache/bookkeeper/bookie/EntryLogger.java,20,4,4,3,1,1,1,3,196,3,12,0,false
4.1.0,doConsume,hedwig-client/src/main/java/org/apache/hedwig/client/netty/HedwigSubscriber.java,22,2,4,1,0,0,1,1,196,1,4,1,true
4.1.0,getCurrentLoadData,hedwig-server/src/main/java/org/apache/hedwig/server/topics/ZkTopicManager.java,3,1,0,1,0,1,2,0,196,1,2,0,false
4.0.0,readEntryComplete,bookkeeper-server/src/main/java/org/apache/bookkeeper/client/LedgerRecoveryOp.java,33,9,11,2,1,2,0,4,4,2,5,2,false
4.1.0,removeLedger,bookkeeper-server/src/main/java/org/apache/bookkeeper/bookie/EntryLogger.java,7,2,2,0,0,1,1,0,196,3,12,0,false
4.2.0,auditingBookies,bookkeeper-server/src/main/java/org/apache/bookkeeper/replication/Auditor.java,6,2,3,0,0,0,1,2,4,1,3,1,false
4.0.0,inc,bookkeeper-server/src/main/java/org/apache/bookkeeper/client/SyncCounter.java,4,1,0,0,0,0,8,0,4,1,1,0,false
4.1.0,getTableNameForTopic,hedwig-server/src/main/java/org/apache/hedwig/server/persistence/LocalDBPersistenceManager.java,7,1,3,1,0,1,4,0,196,1,2,3,false
4.1.0,serialize,bookkeeper-server/src/main/java/org/apache/bookkeeper/client/LedgerMetadata.java,19,5,1,1,0,1,2,0,196,3,5,0,true
4.2.0,run,bookkeeper-server/src/main/java/org/apache/bookkeeper/client/PendingReadOp.java,14,5,1,0,0,0,0,24,412,3,12,0,false
4.2.0,operationFinished,hedwig-client/src/main/java/org/apache/hedwig/client/handlers/MessageConsumeCallback.java,19,4,5,0,1,1,0,7,412,2,3,3,false
4.2.0,writeComplete,bookkeeper-server/src/main/java/org/apache/bookkeeper/client/LedgerFragmentReplicator.java,11,3,0,2,0,0,0,1,152,1,3,1,false
4.1.0,run,hedwig-server/src/main/java/org/apache/hedwig/server/topics/AbstractTopicManager.java,3,1,0,0,0,0,0,1,196,1,1,0,false
4.2.0,getRetryRemoteSubscribeThreadRunInterval,hedwig-server/src/main/java/org/apache/hedwig/server/common/ServerConfiguration.java,3,1,0,0,0,1,0,0,412,3,12,0,false
4.1.0,getZkHost,hedwig-server/src/main/java/org/apache/hedwig/server/common/ServerConfiguration.java,3,1,0,0,0,1,1,0,196,1,2,0,true
4.1.0,setMsgId,hedwig-protocol/src/main/java/org/apache/hedwig/protocol/PubSubProtocol.java,8,2,2,0,0,1,2,0,196,1,1,0,false
4.2.0,fatalError,bookkeeper-server/src/main/java/org/apache/bookkeeper/bookie/LedgerCacheImpl.java,2,1,0,0,0,0,0,1,384,2,9,0,false
4.2.0,size,bookkeeper-server/src/main/java/org/apache/bookkeeper/client/PendingReadOp.java,3,1,0,0,0,1,0,0,412,3,12,0,false
4.1.0,doConnect,hedwig-client/src/main/java/org/apache/hedwig/client/netty/HedwigClientImpl.java,9,2,2,1,0,0,1,1,226,1,1,0,true
4.2.0,enableRecoveryAdd,bookkeeper-server/src/main/java/org/apache/bookkeeper/client/PendingAddOp.java,4,1,1,0,0,1,1,0,412,3,5,0,false
4.0.0,close,bookkeeper-server/src/main/java/org/apache/bookkeeper/meta/AbstractZkLedgerManager.java,2,1,0,0,0,0,0,0,8,1,1,0,false
4.0.0,join,bookkeeper-server/src/main/java/org/apache/bookkeeper/proto/BookieServer.java,3,1,0,0,0,0,1,0,4,3,10,0,false
4.0.0,safeRun,bookkeeper-server/src/main/java/org/apache/bookkeeper/util/SafeRunnable.java,1,1,0,0,0,0,1,0,4,1,2,0,false
4.2.0,unsetSuccessAndSendWriteRequest,bookkeeper-server/src/main/java/org/apache/bookkeeper/client/PendingAddOp.java,15,4,1,1,0,2,1,2,412,3,5,0,false
4.1.0,readBookies,bookkeeper-server/src/main/java/org/apache/bookkeeper/client/BookieWatcher.java,20,2,2,0,0,0,2,1,196,1,3,4,false
4.1.0,finish,hedwig-client/src/main/java/org/apache/hedwig/client/benchmark/BenchmarkUtils.java,5,1,0,1,0,0,2,2,196,1,1,2,false
4.1.0,publish,hedwig-client/src/main/java/org/apache/hedwig/client/netty/HedwigPublisher.java,31,8,3,2,1,0,0,1,196,1,1,1,true
4.1.0,toString,bookkeeper-server/src/main/java/org/apache/bookkeeper/meta/LedgerLayout.java,5,1,1,0,0,1,0,0,204,1,1,0,false
4.0.0,exceptionCaught,bookkeeper-server/src/main/java/org/apache/bookkeeper/proto/PerChannelBookieClient.java,11,4,1,1,0,2,0,0,4,3,8,1,false
4.0.0,makeSpace,bookkeeper-server/src/main/java/org/apache/bookkeeper/streaming/LedgerOutputStream.java,10,3,0,0,0,2,3,1,4,1,2,0,false
4.0.0,initializeZookeper,bookkeeper-server/src/main/java/org/apache/bookkeeper/util/LocalBookKeeper.java,17,4,1,0,1,0,1,1,4,3,5,0,false
4.0.0,operationFailed,hedwig-client/src/main/java/org/apache/hedwig/client/handlers/SubscribeReconnectCallback.java,4,1,0,1,0,0,0,1,4,1,3,0,false
4.1.0,getValueAndReset,bookkeeper-server/src/main/java/org/apache/bookkeeper/client/CRC32DigestManager.java,7,1,2,0,0,1,0,0,196,1,1,3,false
4.1.0,run,hedwig-server/src/main/java/org/apache/hedwig/server/regions/RegionManager.java,21,5,2,2,1,0,0,0,196,1,3,2,false
4.1.0,setUncaughtExceptionHandler,hedwig-server/src/main/java/org/apache/hedwig/zookeeper/SafeAsyncCallback.java,3,1,1,0,0,0,1,0,196,1,1,0,false
4.1.0,openComplete,bookkeeper-server/src/main/java/org/apache/bookkeeper/client/BookKeeperAdmin.java,8,2,0,1,0,1,0,11,268,2,4,1,false
4.2.0,getCoverageSet,bookkeeper-server/src/main/java/org/apache/bookkeeper/client/DistributionSchedule.java,1,1,0,0,0,0,1,0,412,1,2,0,false
4.2.0,getLedgerToRereplicateFromHierarchy,bookkeeper-server/src/main/java/org/apache/bookkeeper/meta/ZkLedgerUnderreplicationManager.java,45,9,9,4,1,4,2,3,157,3,12,8,false
4.0.0,getPageSize,bookkeeper-server/src/main/java/org/apache/bookkeeper/bookie/LedgerCache.java,3,1,0,0,0,1,1,0,4,2,6,0,false
4.2.0,clearMessageBound,hedwig-server/src/main/java/org/apache/hedwig/server/persistence/BookkeeperPersistenceManager.java,3,1,0,0,0,0,0,1,412,3,11,0,false
4.1.0,evictFileInfoIfNecessary,bookkeeper-server/src/main/java/org/apache/bookkeeper/bookie/LedgerCacheImpl.java,7,2,1,0,0,0,2,1,84,3,6,1,true
4.1.0,stop,hedwig-server/src/main/java/org/apache/hedwig/server/regions/RegionManager.java,6,2,0,0,0,0,1,1,196,1,3,0,false
4.0.0,performRequest,hedwig-server/src/main/java/org/apache/hedwig/server/delivery/FIFODeliveryManager.java,3,1,1,0,0,0,0,0,4,2,3,0,false
4.1.0,getEnsemble,bookkeeper-server/src/main/java/org/apache/bookkeeper/client/LedgerMetadata.java,3,1,0,1,0,1,2,0,196,3,5,1,true
4.1.0,getBookieIndex,bookkeeper-server/src/main/java/org/apache/bookkeeper/client/DistributionSchedule.java,1,1,0,0,0,0,0,0,196,1,1,0,false
4.2.0,getConfiguration,hedwig-client/src/main/java/org/apache/hedwig/client/netty/HedwigClientImpl.java,3,1,0,0,0,1,5,0,442,2,9,0,false
4.1.0,setBody,hedwig-protocol/src/main/java/org/apache/hedwig/protocol/PubSubProtocol.java,8,2,2,0,0,1,2,0,196,1,1,0,false
4.1.0,setSendLimit,bookkeeper-benchmark/src/main/java/org/apache/bookkeeper/benchmark/BenchThroughputLatency.java,4,1,2,0,0,0,1,0,0,3,4,0,false
4.1.0,getNumSubscriptionChannels,hedwig-server/src/main/java/org/apache/hedwig/server/handlers/NettyHandlerBean.java,3,1,0,0,0,1,0,0,75,1,1,1,false
4.1.0,getHubServerConf,hedwig-server/src/main/java/org/apache/hedwig/admin/HedwigAdmin.java,3,1,0,0,0,1,0,0,0,2,2,0,false
4.1.0,process,bookkeeper-benchmark/src/main/java/org/apache/bookkeeper/benchmark/BenchReadThroughputLatency.java,5,3,0,0,0,0,0,2,0,1,1,0,false
4.1.0,getServerPort,hedwig-server/src/main/java/org/apache/hedwig/server/common/ServerConfiguration.java,3,1,0,0,0,1,2,0,196,1,2,0,true
4.0.0,getSessionTimeout,bookkeeper-server/src/main/java/org/apache/bookkeeper/proto/NIOServerFactory.java,3,1,0,0,0,1,0,0,4,3,7,0,false
4.0.0,fromInt,bookkeeper-server/src/main/java/org/apache/bookkeeper/proto/BookieProtocol.java,13,2,6,2,0,1,2,1,4,2,3,0,false
4.1.0,warmUp,bookkeeper-benchmark/src/main/java/org/apache/bookkeeper/benchmark/BenchThroughputLatency.java,33,3,7,2,1,1,1,4,0,3,4,1,false
4.2.0,isClosed,bookkeeper-server/src/main/java/org/apache/bookkeeper/client/LedgerMetadata.java,3,2,0,0,0,1,5,0,412,3,9,0,false
4.2.0,getNumUsedPages,bookkeeper-server/src/main/java/org/apache/bookkeeper/bookie/LedgerCacheImpl.java,3,1,0,0,0,1,1,0,384,2,9,0,false
4.1.0,extractMetaFromEntryLogs,bookkeeper-server/src/main/java/org/apache/bookkeeper/bookie/GarbageCollectorThread.java,11,3,2,1,0,1,1,2,96,3,6,0,false
4.1.0,getMsg,hedwig-protocol/src/main/java/org/apache/hedwig/protocol/PubSubProtocol.java,3,1,0,0,0,1,1,1,196,1,1,0,false
4.0.0,initiate,bookkeeper-server/src/main/java/org/apache/bookkeeper/client/LedgerRecoveryOp.java,5,2,1,0,0,0,2,1,4,2,5,3,false
4.1.0,findCandidateCommands,hedwig-server/src/main/java/org/apache/hedwig/admin/console/HedwigCommands.java,15,4,5,1,0,2,0,1,0,1,1,4,false
4.1.0,warmup,hedwig-client/src/main/java/org/apache/hedwig/client/benchmark/BenchmarkPublisher.java,20,3,5,1,0,0,0,4,196,1,1,0,false
4.1.0,refreshMyRegionByteString,hedwig-server/src/main/java/org/apache/hedwig/server/common/ServerConfiguration.java,3,1,1,0,0,0,2,1,196,1,2,0,true
4.2.0,getServerAddr,hedwig-server/src/main/java/org/apache/hedwig/server/common/ServerConfiguration.java,6,2,0,0,0,1,0,1,412,3,12,0,false
4.1.0,clear,bookkeeper-server/src/main/java/org/apache/bookkeeper/util/HardLink.java,8,1,6,0,0,0,0,0,90,1,1,0,false
4.0.0,write,bookkeeper-server/src/main/java/org/apache/bookkeeper/streaming/LedgerOutputStream.java,17,4,0,0,1,0,0,2,4,1,2,1,false
4.2.0,getLedgersInSingleNode,bookkeeper-server/src/main/java/org/apache/bookkeeper/meta/AbstractZkLedgerManager.java,28,4,1,2,0,1,1,2,420,3,7,2,false
4.1.0,initializeZookeper,bookkeeper-server/src/main/java/org/apache/bookkeeper/util/LocalBookKeeper.java,17,4,1,0,1,0,1,1,196,2,3,0,false
4.0.0,handle,hedwig-server/src/main/java/org/apache/hedwig/server/benchmark/AbstractBenchmark.java,15,5,1,3,0,1,1,1,4,1,2,0,false
4.1.0,makeWritable,bookkeeper-server/src/main/java/org/apache/bookkeeper/proto/NIOServerFactory.java,12,3,0,0,1,0,1,0,196,1,4,1,false
4.2.0,run,bookkeeper-server/src/main/java/org/apache/bookkeeper/replication/Auditor.java,34,7,5,0,1,0,0,6,4,1,3,3,false
4.2.0,setBookieRecoveryDigestType,bookkeeper-server/src/main/java/org/apache/bookkeeper/conf/ClientConfiguration.java,4,1,0,0,0,1,0,0,441,1,4,0,false
4.0.0,process,bookkeeper-server/src/main/java/org/apache/bookkeeper/tools/BookKeeperTools.java,5,2,0,1,0,0,0,0,4,2,5,0,false
4.1.0,addComplete,bookkeeper-server/src/main/java/org/apache/bookkeeper/client/LedgerRecoveryOp.java,8,2,0,1,0,1,0,1,196,3,6,0,false
4.1.0,getAdditionalBookie,bookkeeper-server/src/main/java/org/apache/bookkeeper/client/BookieWatcher.java,22,5,2,0,0,2,2,0,196,1,3,0,false
4.0.0,runZookeeper,bookkeeper-server/src/main/java/org/apache/bookkeeper/util/LocalBookKeeper.java,17,2,4,1,1,0,1,1,4,3,5,1,false
4.0.0,deleteSubscriptionState,hedwig-server/src/main/java/org/apache/hedwig/server/subscriptions/AbstractSubscriptionManager.java,1,1,0,0,0,0,1,0,4,2,3,0,false
4.1.0,run,hedwig-server/src/main/java/org/apache/hedwig/server/delivery/FIFODeliveryManager.java,16,4,2,0,1,0,0,2,196,1,2,1,false
4.1.0,asyncGetLedgersInSingleNode,bookkeeper-server/src/main/java/org/apache/bookkeeper/meta/AbstractZkLedgerManager.java,16,1,0,0,0,0,2,0,204,3,4,2,true
4.1.0,printUsage,hedwig-server/src/main/java/org/apache/hedwig/admin/console/HedwigCommands.java,7,2,0,1,0,0,0,0,0,1,1,0,false
4.1.0,updateSubscriptionState,hedwig-server/src/main/java/org/apache/hedwig/server/subscriptions/AbstractSubscriptionManager.java,1,1,0,0,0,0,1,0,196,1,4,0,true
4.2.0,safeProcessResult,hedwig-server/src/main/java/org/apache/hedwig/server/meta/ZkMetadataManagerFactory.java,12,3,1,1,0,2,0,3,191,1,6,2,false
4.0.0,getBookieIndex,bookkeeper-server/src/main/java/org/apache/bookkeeper/client/RoundRobinDistributionSchedule.java,3,1,0,2,0,1,0,0,4,1,1,0,false
4.2.0,isInRecovery,bookkeeper-server/src/main/java/org/apache/bookkeeper/client/LedgerMetadata.java,3,2,0,0,0,1,2,0,412,3,9,0,false
4.1.0,mergeSubscribeRequest,hedwig-protocol/src/main/java/org/apache/hedwig/protocol/PubSubProtocol.java,10,3,3,0,0,1,1,5,196,1,1,2,false
4.2.0,writeBuffers,bookkeeper-server/src/main/java/org/apache/bookkeeper/bookie/LedgerCacheImpl.java,26,8,6,11,0,1,1,4,384,2,9,4,false
4.1.0,readLastLogId,bookkeeper-server/src/main/java/org/apache/bookkeeper/bookie/EntryLogger.java,27,5,3,0,3,4,1,0,196,3,12,2,false
4.1.0,hasSrcRegion,hedwig-protocol/src/main/java/org/apache/hedwig/protocol/PubSubProtocol.java,3,1,0,0,0,1,4,0,196,1,1,0,false
4.1.0,doRemoteSubscribe,hedwig-server/src/main/java/org/apache/hedwig/server/regions/RegionManager.java,61,4,1,2,1,2,0,2,196,1,3,1,false
4.1.0,asyncPublish,hedwig-client/src/main/java/org/apache/hedwig/client/netty/HedwigPublisher.java,21,5,3,1,0,1,1,2,196,1,1,2,true
4.2.0,getFromTable,bookkeeper-server/src/main/java/org/apache/bookkeeper/bookie/LedgerCacheImpl.java,7,2,1,0,0,2,1,0,384,2,9,0,false
4.0.0,getMessage,bookkeeper-server/src/main/java/org/apache/bookkeeper/bookie/BookieException.java,12,4,0,0,0,4,0,0,4,2,2,0,false
4.1.0,isPrefix,hedwig-client/src/main/java/org/apache/hedwig/util/PathUtils.java,6,4,3,0,0,3,0,0,196,1,1,0,false
4.0.0,serialize,bookkeeper-server/src/main/java/org/apache/bookkeeper/client/LedgerMetadata.java,19,5,1,1,0,1,1,1,4,3,6,0,false
4.1.0,waitForServerUp,bookkeeper-server/src/main/java/org/apache/bookkeeper/util/LocalBookKeeper.java,41,8,9,2,3,2,1,0,196,2,3,4,false
4.0.0,getPercentile,hedwig-client/src/main/java/org/apache/hedwig/client/benchmark/BenchmarkUtils.java,11,3,4,6,0,2,1,0,4,1,2,0,false
4.0.0,addTopicOwnershipChangeListener,hedwig-server/src/main/java/org/apache/hedwig/server/topics/AbstractTopicManager.java,3,1,0,0,0,0,0,0,4,2,3,0,false
4.2.0,tick,bookkeeper-server/src/main/java/org/apache/bookkeeper/proto/BookkeeperInternalCallbacks.java,10,3,0,0,0,0,1,0,412,1,1,0,false
4.1.0,getArgArray,hedwig-server/src/main/java/org/apache/hedwig/admin/console/HedwigConsole.java,3,1,0,0,0,1,1,0,0,1,1,0,false
4.2.0,postReleaseCleanup,hedwig-server/src/main/java/org/apache/hedwig/server/topics/MMTopicManager.java,42,1,0,0,0,0,0,1,165,1,1,2,false
4.1.0,deliver,hedwig-server/src/main/java/org/apache/hedwig/server/proxy/ProxyStartDeliveryHandler.java,13,1,2,0,0,0,0,0,196,1,1,0,false
4.2.0,getBkAckQuorumSize,hedwig-server/src/main/java/org/apache/hedwig/server/common/ServerConfiguration.java,8,2,0,0,0,2,1,1,412,3,12,0,false
4.1.0,hasTopic,hedwig-server/src/main/java/org/apache/hedwig/admin/HedwigAdmin.java,5,2,2,0,0,1,1,0,0,2,2,0,false
4.1.0,stopServingSubscriber,hedwig-server/src/main/java/org/apache/hedwig/server/delivery/DeliveryManager.java,1,1,0,0,0,0,0,0,196,1,2,0,false
4.1.0,run,hedwig-server/src/main/java/org/apache/hedwig/server/persistence/BookkeeperPersistenceManager.java,33,2,1,0,0,1,0,1,196,1,3,4,true
4.1.0,hasPublishRequest,hedwig-protocol/src/main/java/org/apache/hedwig/protocol/PubSubProtocol.java,3,1,0,0,0,1,6,0,196,1,1,0,false
4.0.0,close,bookkeeper-server/src/main/java/org/apache/bookkeeper/bookie/LedgerDescriptor.java,2,1,0,0,0,0,1,0,4,2,4,0,false
4.0.0,isBookieRunning,bookkeeper-server/src/main/java/org/apache/bookkeeper/proto/BookieServer.java,3,1,0,0,0,1,1,1,4,3,10,0,false
4.1.0,hasCreateOrAttach,hedwig-protocol/src/main/java/org/apache/hedwig/protocol/PubSubProtocol.java,3,1,0,0,0,1,4,0,196,1,1,0,false
4.0.0,getOpCode,bookkeeper-server/src/main/java/org/apache/bookkeeper/proto/BookieProtocol.java,3,1,0,0,0,1,2,0,4,2,3,0,false
4.2.0,parse,bookkeeper-server/src/main/java/org/apache/bookkeeper/bookie/Cookie.java,30,7,12,1,1,1,2,1,398,2,3,7,false
4.0.0,buildResponse,bookkeeper-server/src/main/java/org/apache/bookkeeper/proto/BookieServer.java,9,1,1,0,0,1,2,2,4,3,10,4,false
4.1.0,setSubscriber,hedwig-client/src/main/java/org/apache/hedwig/client/netty/HedwigClientImpl.java,3,1,1,0,0,0,0,0,226,1,1,0,true
4.0.0,nop,hedwig-client/src/main/java/org/apache/hedwig/util/CallbackUtils.java,3,1,0,0,0,1,2,0,4,2,3,0,false
4.1.0,parse,bookkeeper-server/src/main/java/org/apache/bookkeeper/bookie/Cookie.java,15,3,5,0,0,1,2,1,91,1,1,0,true
4.1.0,sendRead,bookkeeper-server/src/main/java/org/apache/bookkeeper/client/PendingReadOp.java,10,2,1,0,0,1,2,1,196,2,3,2,false
4.0.0,compare,bookkeeper-server/src/main/java/org/apache/bookkeeper/bookie/LedgerCache.java,3,1,0,1,0,1,0,1,4,2,6,0,false
4.1.0,checkAccess,bookkeeper-server/src/main/java/org/apache/bookkeeper/bookie/LedgerDescriptorReadOnlyImpl.java,4,1,0,0,0,0,0,0,84,1,1,0,false
4.2.0,logErrorAndReattemptRead,bookkeeper-server/src/main/java/org/apache/bookkeeper/client/PendingReadOp.java,15,4,2,1,0,1,2,3,412,3,12,0,false
4.1.0,hashCode,bookkeeper-server/src/main/java/org/apache/bookkeeper/proto/PerChannelBookieClient.java,3,1,0,1,0,1,0,0,196,3,10,0,false
4.1.0,hasLocalComponent,hedwig-protocol/src/main/java/org/apache/hedwig/protocol/PubSubProtocol.java,3,1,0,0,0,1,0,1,196,1,1,0,false
4.0.0,summarize,hedwig-client/src/main/java/org/apache/hedwig/client/benchmark/BenchmarkUtils.java,3,1,0,1,0,1,2,1,4,1,2,0,false
4.1.0,getNumWorkerThreads,bookkeeper-server/src/main/java/org/apache/bookkeeper/conf/ClientConfiguration.java,3,1,0,0,0,1,0,0,225,2,3,1,true
4.2.0,updateSubscriptionState,hedwig-server/src/main/java/org/apache/hedwig/server/meta/ZkMetadataManagerFactory.java,21,1,0,0,0,0,0,1,191,1,6,2,false
4.1.0,clearMessageBound,hedwig-server/src/main/java/org/apache/hedwig/server/persistence/BookkeeperPersistenceManager.java,3,1,0,0,0,0,0,1,196,1,3,0,true
4.0.0,call,hedwig-client/src/main/java/org/apache/hedwig/client/benchmark/BenchmarkSubscriber.java,33,3,4,2,0,1,0,2,4,1,3,1,false
4.2.0,compare,bookkeeper-server/src/main/java/org/apache/bookkeeper/replication/AuditorElector.java,6,3,3,0,0,1,0,1,4,2,5,0,false
4.1.0,accept,bookkeeper-server/src/main/java/org/apache/bookkeeper/bookie/Journal.java,6,2,0,0,0,2,0,0,56,1,2,0,false
4.0.0,operationFailed,hedwig-server/src/main/java/org/apache/hedwig/server/subscriptions/AbstractSubscriptionManager.java,4,1,0,1,0,0,0,0,4,2,3,0,false
4.1.0,writeComplete,bookkeeper-server/src/main/java/org/apache/bookkeeper/client/PendingAddOp.java,31,8,3,4,0,4,0,3,196,2,2,3,true
4.1.0,stopServingSubscriber,hedwig-server/src/main/java/org/apache/hedwig/server/delivery/FIFODeliveryManager.java,3,1,0,0,0,0,3,2,196,1,2,0,false
4.2.0,getBookieIndex,bookkeeper-server/src/main/java/org/apache/bookkeeper/client/DistributionSchedule.java,1,1,0,0,0,0,0,0,412,1,2,0,false
4.2.0,safeOpenComplete,hedwig-server/src/main/java/org/apache/hedwig/server/persistence/BookkeeperPersistenceManager.java,41,3,2,5,0,2,0,5,412,3,11,1,false
4.1.0,updateLedgerRangesNode,hedwig-server/src/main/java/org/apache/hedwig/server/persistence/BookkeeperPersistenceManager.java,14,1,1,0,0,0,2,1,196,1,3,1,false
4.0.0,addDirToDelete,hedwig-client/src/main/java/org/apache/hedwig/util/FileUtils.java,3,1,0,0,0,0,1,0,4,1,1,0,false
4.0.0,errorOutReadKey,bookkeeper-server/src/main/java/org/apache/bookkeeper/proto/PerChannelBookieClient.java,12,1,0,0,0,0,2,2,4,3,8,1,false
4.1.0,getZkRegionPrefix,hedwig-server/src/main/java/org/apache/hedwig/server/common/ServerConfiguration.java,3,1,0,0,0,1,2,2,196,1,2,0,true
4.1.0,getConsumeInterval,hedwig-server/src/main/java/org/apache/hedwig/server/common/ServerConfiguration.java,3,1,0,0,0,1,1,0,196,1,2,0,true
4.1.0,getReplicaIndex,bookkeeper-server/src/main/java/org/apache/bookkeeper/client/DistributionSchedule.java,1,1,0,0,0,0,0,0,196,1,1,0,false
4.1.0,getBasicBuilder,hedwig-protocol/src/main/java/org/apache/hedwig/protoextensions/PubSubResponseUtils.java,3,1,0,0,0,1,2,0,196,1,1,0,false
4.0.0,initiate,bookkeeper-server/src/main/java/org/apache/bookkeeper/client/PendingReadOp.java,19,4,6,1,0,0,2,4,4,2,3,3,false
4.1.0,getJMXBean,bookkeeper-server/src/main/java/org/apache/bookkeeper/bookie/LedgerCacheImpl.java,32,1,0,0,0,1,0,1,84,3,6,6,true
4.1.0,getHandle,bookkeeper-server/src/main/java/org/apache/bookkeeper/bookie/HandleFactoryImpl.java,12,2,3,0,0,1,0,2,84,1,1,0,false
4.1.0,inUse,bookkeeper-server/src/main/java/org/apache/bookkeeper/bookie/LedgerEntryPage.java,3,2,0,0,0,1,0,0,196,2,2,0,false
4.1.0,hasStopDeliveryRequest,hedwig-protocol/src/main/java/org/apache/hedwig/protocol/PubSubProtocol.java,3,1,0,0,0,1,6,0,196,1,1,0,false
4.2.0,getSubscriptionList,hedwig-client/src/main/java/org/apache/hedwig/client/netty/HedwigSubscriber.java,3,1,0,0,0,1,0,0,412,2,9,0,false
4.2.0,scanMessages,hedwig-server/src/main/java/org/apache/hedwig/server/persistence/BookkeeperPersistenceManager.java,3,1,0,0,0,0,0,1,412,3,11,0,false
4.0.0,getNewBookie,bookkeeper-server/src/main/java/org/apache/bookkeeper/client/BookKeeperAdmin.java,9,2,1,0,0,1,1,1,40,2,5,0,false
4.1.0,getManagerType,bookkeeper-server/src/main/java/org/apache/bookkeeper/meta/LedgerLayout.java,3,1,0,0,0,1,0,0,204,1,1,0,false
4.2.0,getSentToBitSet,bookkeeper-server/src/main/java/org/apache/bookkeeper/client/PendingReadOp.java,9,3,2,0,0,1,1,0,412,3,12,0,false
4.0.0,writeComplete,hedwig-server/src/main/java/org/apache/hedwig/server/benchmark/BookieBenchmark.java,3,2,0,0,0,0,0,5,4,2,4,0,false
4.2.0,operationFailed,hedwig-server/src/main/java/org/apache/hedwig/server/persistence/BookkeeperPersistenceManager.java,3,1,0,0,0,0,0,1,412,3,11,0,false
4.1.0,hasMessage,hedwig-protocol/src/main/java/org/apache/hedwig/protocol/PubSubProtocol.java,3,1,0,0,0,1,4,0,196,1,1,0,false
4.2.0,writeOwnerInfo,hedwig-server/src/main/java/org/apache/hedwig/server/meta/ZkMetadataManagerFactory.java,33,3,1,1,0,2,0,3,191,1,6,3,false
4.2.0,writeOwnerInfo,hedwig-server/src/main/java/org/apache/hedwig/server/meta/TopicOwnershipManager.java,1,1,0,0,0,0,0,0,165,1,1,0,false
4.0.0,operationFinished,hedwig-client/src/main/java/org/apache/hedwig/client/handlers/MessageConsumeCallback.java,6,1,3,0,0,0,0,7,4,1,3,3,false
4.1.0,main,bookkeeper-server/src/main/java/org/apache/bookkeeper/util/LocalBookKeeper.java,24,5,3,2,1,0,0,5,196,2,3,1,false
4.0.0,getChannelForTopic,hedwig-client/src/main/java/org/apache/hedwig/client/netty/HedwigSubscriber.java,3,1,0,0,0,1,2,0,4,1,3,0,false
4.1.0,mergeMsg,hedwig-protocol/src/main/java/org/apache/hedwig/protocol/PubSubProtocol.java,10,3,3,0,0,1,1,5,196,1,1,2,false
4.0.0,readComplete,bookkeeper-server/src/main/java/org/apache/bookkeeper/client/LedgerRecoveryOp.java,19,4,3,3,0,3,0,7,4,2,5,2,false
4.1.0,setLinkCountCmdTemplate,bookkeeper-server/src/main/java/org/apache/bookkeeper/util/HardLink.java,3,1,1,0,0,0,1,0,90,1,1,0,false
4.2.0,getBookieToLedgerIndex,bookkeeper-server/src/main/java/org/apache/bookkeeper/replication/BookieLedgerIndexer.java,46,3,4,0,1,1,0,0,144,1,2,2,false
4.0.0,operationComplete,hedwig-client/src/main/java/org/apache/hedwig/client/netty/HedwigSubscriber.java,5,2,0,1,0,0,0,2,4,1,3,0,false
4.1.0,setConsumeRequest,hedwig-protocol/src/main/java/org/apache/hedwig/protocol/PubSubProtocol.java,5,1,2,0,0,1,1,1,196,1,1,0,false
4.1.0,getConsumeRequest,hedwig-protocol/src/main/java/org/apache/hedwig/protocol/PubSubProtocol.java,3,1,0,0,0,1,5,0,196,1,1,0,false
4.1.0,getCurrentSeqIdForTopic,hedwig-server/src/main/java/org/apache/hedwig/server/persistence/BookkeeperPersistenceManager.java,7,2,1,0,0,1,0,0,196,1,3,0,true
4.0.0,getRemoteAddress,bookkeeper-server/src/main/java/org/apache/bookkeeper/proto/NIOServerFactory.java,3,1,0,0,0,1,0,0,4,3,7,1,false
4.1.0,postReleaseCleanup,hedwig-server/src/main/java/org/apache/hedwig/server/topics/AbstractTopicManager.java,1,1,0,0,0,0,1,0,196,1,1,0,false
4.1.0,flush,bookkeeper-server/src/main/java/org/apache/bookkeeper/bookie/InterleavedLedgerStorage.java,24,5,4,0,2,1,0,0,56,2,3,0,false
4.0.0,chooseThread,bookkeeper-server/src/main/java/org/apache/bookkeeper/util/OrderedSafeExecutor.java,6,2,0,0,0,2,1,1,4,1,1,0,false
4.1.0,hasSynchronous,hedwig-protocol/src/main/java/org/apache/hedwig/protocol/PubSubProtocol.java,3,1,0,0,0,1,4,0,196,1,1,0,false
4.1.0,equals,bookkeeper-server/src/main/java/org/apache/bookkeeper/meta/LedgerLayout.java,10,4,1,0,0,3,0,0,204,1,1,0,false
4.1.0,grabCleanPage,bookkeeper-server/src/main/java/org/apache/bookkeeper/bookie/LedgerCacheImpl.java,60,14,8,2,0,2,3,1,84,3,6,14,true
4.0.0,putIntoTable,bookkeeper-server/src/main/java/org/apache/bookkeeper/bookie/LedgerCache.java,8,2,2,0,0,0,2,2,4,2,6,0,false
4.2.0,lostTopic,hedwig-server/src/main/java/org/apache/hedwig/server/subscriptions/AbstractSubscriptionManager.java,3,1,0,0,0,0,0,2,412,2,10,0,false
4.1.0,getVersion,bookkeeper-server/src/main/java/org/apache/bookkeeper/bookie/LedgerEntryPage.java,3,1,0,0,0,1,0,0,196,2,2,0,false
4.0.0,setChannelForTopic,hedwig-client/src/main/java/org/apache/hedwig/client/netty/HedwigSubscriber.java,3,1,0,0,0,0,1,0,4,1,3,0,false
4.1.0,extractMetaFromEntryLog,bookkeeper-server/src/main/java/org/apache/bookkeeper/bookie/GarbageCollectorThread.java,12,2,2,2,1,1,1,3,96,3,6,0,false
4.1.0,clearAllTopicsForHost,hedwig-client/src/main/java/org/apache/hedwig/client/netty/HedwigClientImpl.java,10,5,0,2,0,0,0,0,226,1,1,0,true
4.2.0,toString,hedwig-client/src/main/java/org/apache/hedwig/client/data/MessageConsumeData.java,10,3,1,0,0,1,0,0,412,1,1,0,false
4.1.0,newLedgerPath,bookkeeper-server/src/main/java/org/apache/bookkeeper/meta/HierarchicalLedgerManager.java,53,1,0,0,0,0,0,0,204,2,4,6,false
4.2.0,markLedgerUnderreplicated,bookkeeper-server/src/main/java/org/apache/bookkeeper/meta/ZkLedgerUnderreplicationManager.java,47,10,5,0,3,1,0,2,157,3,12,6,false
4.1.0,processResult,bookkeeper-server/src/main/java/org/apache/bookkeeper/meta/HierarchicalLedgerManager.java,19,2,0,1,0,1,0,3,204,2,4,4,false
4.2.0,readEntryComplete,bookkeeper-server/src/main/java/org/apache/bookkeeper/proto/BookkeeperInternalCallbacks.java,1,1,0,0,0,0,0,0,412,1,1,0,false
4.0.0,messageScanned,hedwig-server/src/main/java/org/apache/hedwig/server/delivery/FIFODeliveryManager.java,11,4,1,0,0,2,0,1,4,2,3,1,false
4.1.0,testMessage,hedwig-server/src/main/java/org/apache/hedwig/server/subscriptions/TrueFilter.java,3,1,0,0,0,1,0,0,196,1,1,0,false
4.2.0,closeLedger,hedwig-server/src/main/java/org/apache/hedwig/server/persistence/BookkeeperPersistenceManager.java,2,1,0,0,0,0,2,0,412,3,11,0,false
4.2.0,setChannelForTopic,hedwig-client/src/main/java/org/apache/hedwig/client/netty/HedwigSubscriber.java,12,3,1,0,0,1,0,0,412,2,9,0,false
4.0.0,write,bookkeeper-server/src/main/java/org/apache/bookkeeper/bookie/BufferedChannel.java,24,5,7,3,0,1,1,0,4,2,3,0,false
4.2.0,writeLedgerMetadata,bookkeeper-server/src/main/java/org/apache/bookkeeper/meta/AbstractZkLedgerManager.java,24,3,2,0,0,1,0,4,420,3,7,3,false
4.1.0,process,bookkeeper-benchmark/src/main/java/org/apache/bookkeeper/benchmark/BenchThroughputLatency.java,5,2,0,0,0,0,0,2,0,3,4,0,false
4.2.0,getSSLServerPort,hedwig-server/src/main/java/org/apache/hedwig/server/common/ServerConfiguration.java,3,1,0,0,0,1,1,0,412,3,12,0,false
4.1.0,detectPreviousVersion,bookkeeper-server/src/main/java/org/apache/bookkeeper/bookie/FileSystemUpgrade.java,25,6,3,2,1,3,3,0,0,2,3,0,false
4.1.0,operationFailed,hedwig-server/src/main/java/org/apache/hedwig/server/handlers/PublishHandler.java,4,1,0,0,0,0,0,3,196,1,1,0,false
4.1.0,addToHistory,hedwig-server/src/main/java/org/apache/hedwig/admin/console/HedwigConsole.java,3,1,0,0,0,0,2,0,0,1,1,0,false
4.1.0,getMessage,bookkeeper-server/src/main/java/org/apache/bookkeeper/client/BKException.java,44,20,0,0,0,20,0,0,196,1,1,1,false
4.2.0,getNumWorkerThreads,bookkeeper-server/src/main/java/org/apache/bookkeeper/conf/ClientConfiguration.java,3,1,0,0,0,1,0,0,441,1,4,1,false
4.1.0,getBkPasswd,hedwig-server/src/main/java/org/apache/hedwig/admin/HedwigAdmin.java,3,1,0,0,0,1,1,0,0,2,2,0,false
4.1.0,shutdown,bookkeeper-server/src/main/java/org/apache/bookkeeper/bookie/GarbageCollectorThread.java,7,2,1,0,0,0,2,0,96,3,6,0,false
4.1.0,getLedgerEntryPage,bookkeeper-server/src/main/java/org/apache/bookkeeper/bookie/LedgerCacheImpl.java,14,4,1,0,1,2,3,1,84,3,6,0,true
4.1.0,getSeqIdAfterSkipping,hedwig-server/src/main/java/org/apache/hedwig/server/persistence/LocalDBPersistenceManager.java,3,1,0,1,0,1,0,0,196,1,2,0,false
4.2.0,create,hedwig-client/src/main/java/org/apache/hedwig/client/netty/HedwigClientImpl.java,3,1,0,0,0,1,0,1,442,2,9,0,false
4.1.0,getOutstandingRequests,bookkeeper-server/src/main/java/org/apache/bookkeeper/proto/NIOServerFactory.java,5,1,0,0,0,1,1,0,196,1,4,0,false
4.1.0,operationFinished,hedwig-server/src/main/java/org/apache/hedwig/server/handlers/PublishHandler.java,4,1,0,1,0,0,0,1,196,1,1,0,false
4.0.0,setLedger,bookkeeper-server/src/main/java/org/apache/bookkeeper/bookie/LedgerEntryPage.java,3,1,1,0,0,0,1,0,4,2,2,0,false
4.2.0,isRunning,bookkeeper-server/src/main/java/org/apache/bookkeeper/replication/Auditor.java,3,1,0,0,0,1,0,0,4,1,3,0,false
4.0.0,asyncSubscribe,hedwig-client/src/main/java/org/apache/hedwig/client/netty/HedwigSubscriber.java,7,2,0,1,0,1,1,2,4,1,3,0,false
4.2.0,getZkTopicsPrefix,hedwig-server/src/main/java/org/apache/hedwig/server/common/ServerConfiguration.java,3,1,0,0,0,1,1,1,412,3,12,1,false
4.2.0,consumeToBound,hedwig-server/src/main/java/org/apache/hedwig/server/persistence/BookkeeperPersistenceManager.java,7,3,1,0,0,1,0,2,412,3,11,0,false
4.2.0,getLedgerDirForLedger,bookkeeper-server/src/main/java/org/apache/bookkeeper/bookie/LedgerCacheImpl.java,3,1,0,0,0,1,3,0,384,2,9,3,false
4.1.0,getMessageHandler,hedwig-client/src/main/java/org/apache/hedwig/client/handlers/SubscribeResponseHandler.java,3,1,0,0,0,1,0,0,196,1,1,0,false
4.1.0,setMessageHandler,hedwig-client/src/main/java/org/apache/hedwig/client/handlers/SubscribeResponseHandler.java,15,7,1,1,0,0,0,2,196,1,1,4,false
4.0.0,getLastEntry,bookkeeper-server/src/main/java/org/apache/bookkeeper/bookie/LedgerCache.java,20,5,4,1,0,1,1,4,4,2,6,1,false
4.2.0,doConsume,hedwig-client/src/main/java/org/apache/hedwig/client/netty/HedwigSubscriber.java,22,2,4,1,0,0,1,1,412,2,9,1,false
4.2.0,markLedgerReplicated,bookkeeper-server/src/main/java/org/apache/bookkeeper/meta/LedgerUnderreplicationManager.java,1,1,0,0,0,0,0,0,157,1,2,0,false
4.0.0,testAndClearSomethingWritten,bookkeeper-server/src/main/java/org/apache/bookkeeper/bookie/EntryLogger.java,8,1,1,0,1,1,1,0,4,2,8,0,false
4.1.0,setNotConnected,hedwig-server/src/main/java/org/apache/hedwig/server/delivery/FIFODeliveryManager.java,4,1,1,0,0,0,1,0,196,1,2,0,false
4.1.0,zeroPage,bookkeeper-server/src/main/java/org/apache/bookkeeper/bookie/LedgerEntryPage.java,6,1,1,0,0,0,0,1,196,2,2,0,false
4.0.0,shutdown,bookkeeper-server/src/main/java/org/apache/bookkeeper/proto/BookieServer.java,8,2,1,0,0,1,2,2,4,3,10,0,false
4.1.0,showHubs,hedwig-server/src/main/java/org/apache/hedwig/admin/console/HedwigConsole.java,7,2,1,1,0,0,1,1,0,1,1,0,false
4.1.0,doIO,bookkeeper-server/src/main/java/org/apache/bookkeeper/proto/NIOServerFactory.java,81,20,8,2,2,1,1,3,196,1,4,9,false
4.1.0,doAsyncGetLedgersInSingleNode,bookkeeper-server/src/main/java/org/apache/bookkeeper/meta/AbstractZkLedgerManager.java,29,1,0,0,0,0,1,0,204,3,4,2,true
4.1.0,addEntry,bookkeeper-server/src/main/java/org/apache/bookkeeper/bookie/LedgerDescriptorImpl.java,8,2,1,1,0,1,0,1,84,1,1,0,false
4.2.0,sendWriteRequest,bookkeeper-server/src/main/java/org/apache/bookkeeper/client/PendingAddOp.java,4,2,1,0,0,0,2,0,412,3,5,2,false
4.1.0,getResponseHandlerFromChannel,hedwig-client/src/main/java/org/apache/hedwig/client/netty/HedwigClientImpl.java,3,1,0,0,0,1,1,0,226,1,1,1,true
4.0.0,inUse,bookkeeper-server/src/main/java/org/apache/bookkeeper/bookie/LedgerEntryPage.java,3,2,0,0,0,1,1,0,4,2,2,0,false
4.1.0,getValueAndReset,bookkeeper-server/src/main/java/org/apache/bookkeeper/client/MacDigestManager.java,3,1,0,0,0,1,0,0,196,1,1,1,false
4.2.0,deleteLedger,bookkeeper-server/src/main/java/org/apache/bookkeeper/meta/AbstractZkLedgerManager.java,19,1,0,0,0,0,0,1,420,3,7,2,false
4.2.0,safeCloseComplete,hedwig-server/src/main/java/org/apache/hedwig/server/persistence/BookkeeperPersistenceManager.java,2,1,0,0,0,0,0,0,412,3,11,0,false
4.1.0,initiate,bookkeeper-server/src/main/java/org/apache/bookkeeper/client/ReadLastConfirmedOp.java,6,2,1,0,0,0,2,0,450,2,5,3,true
4.1.0,getCurrentSeqIdForTopic,hedwig-server/src/main/java/org/apache/hedwig/server/persistence/LocalDBPersistenceManager.java,3,1,0,0,0,1,0,1,196,1,2,0,false
4.2.0,getNumPacketsSent,bookkeeper-server/src/main/java/org/apache/bookkeeper/proto/BookieServerBean.java,3,1,0,0,0,1,0,0,480,1,1,1,false
4.0.0,processPacket,bookkeeper-server/src/main/java/org/apache/bookkeeper/proto/BookieServer.java,92,22,18,11,2,1,0,12,4,3,10,7,false
4.0.0,consume,hedwig-client/src/main/java/org/apache/hedwig/client/benchmark/BenchmarkSubscriber.java,15,4,3,3,0,0,0,2,4,1,3,1,false
4.1.0,getZkTopicPath,hedwig-server/src/main/java/org/apache/hedwig/server/common/ServerConfiguration.java,3,1,0,0,0,1,2,1,196,1,2,2,true
4.1.0,getStopDeliveryHandler,hedwig-server/src/main/java/org/apache/hedwig/server/proxy/HedwigProxy.java,3,1,0,0,0,1,0,0,196,1,2,0,false
4.2.0,getCoverageSet,bookkeeper-server/src/main/java/org/apache/bookkeeper/client/RoundRobinDistributionSchedule.java,3,1,0,0,0,1,0,1,412,1,2,0,false
4.1.0,scanSingleMessage,hedwig-server/src/main/java/org/apache/hedwig/server/persistence/BookkeeperPersistenceManager.java,3,1,0,0,0,0,0,0,196,1,3,1,true
4.1.0,deliveredUntil,hedwig-server/src/main/java/org/apache/hedwig/server/persistence/LocalDBPersistenceManager.java,2,1,0,0,0,0,0,0,196,1,2,0,false
4.0.0,getLedgerId,bookkeeper-server/src/main/java/org/apache/bookkeeper/util/StringUtils.java,11,2,2,1,1,1,1,0,4,2,2,0,false
4.1.0,getLedgerName,bookkeeper-server/src/main/java/org/apache/bookkeeper/bookie/LedgerCacheImpl.java,12,1,3,1,0,1,2,0,84,3,6,0,true
4.0.0,run,bookkeeper-server/src/main/java/org/apache/bookkeeper/bookie/EntryLogger.java,18,6,0,0,1,0,0,2,4,2,8,1,false
4.1.0,reset,hedwig-server/src/main/java/org/apache/hedwig/server/persistence/LocalDBPersistenceManager.java,4,1,0,0,0,0,0,0,196,1,2,0,false
4.2.0,start,bookkeeper-server/src/main/java/org/apache/bookkeeper/replication/AutoRecoveryMain.java,5,1,0,0,0,0,1,0,106,2,5,0,false
4.1.0,getZkHandle,hedwig-server/src/main/java/org/apache/hedwig/admin/HedwigAdmin.java,3,1,0,0,0,1,1,0,0,2,2,0,false
4.1.0,sendingFinished,hedwig-server/src/main/java/org/apache/hedwig/server/delivery/FIFODeliveryManager.java,13,3,3,1,0,1,1,4,196,1,2,0,false
4.1.0,compare,bookkeeper-server/src/main/java/org/apache/bookkeeper/bookie/LedgerCacheImpl.java,3,1,0,1,0,1,0,0,84,3,6,0,true
4.1.0,topicSubscribersPath,hedwig-server/src/main/java/org/apache/hedwig/admin/HedwigAdmin.java,3,1,0,0,0,1,2,0,0,2,2,1,false
4.1.0,getTopic,hedwig-protocol/src/main/java/org/apache/hedwig/protocol/PubSubProtocol.java,3,1,0,0,0,1,5,0,196,1,1,0,false
4.2.0,getClientTimer,hedwig-client/src/main/java/org/apache/hedwig/client/netty/HedwigClientImpl.java,3,1,0,0,0,1,1,0,442,2,9,0,false
4.1.0,getFromTable,bookkeeper-server/src/main/java/org/apache/bookkeeper/bookie/LedgerCacheImpl.java,7,2,1,0,0,2,1,0,84,3,6,0,true
4.1.0,recoverBookieData,bookkeeper-server/src/main/java/org/apache/bookkeeper/client/BookKeeperAdmin.java,23,3,1,0,0,0,0,2,268,2,4,0,false
4.1.0,parseOptions,hedwig-server/src/main/java/org/apache/hedwig/admin/console/HedwigConsole.java,26,5,5,1,1,3,1,0,0,1,1,3,false
4.2.0,setFenced,bookkeeper-server/src/main/java/org/apache/bookkeeper/bookie/LedgerCacheImpl.java,15,3,2,0,1,2,0,1,384,2,9,0,false
4.1.0,logAddEntry,bookkeeper-server/src/main/java/org/apache/bookkeeper/bookie/Journal.java,6,1,2,0,0,0,2,1,56,1,2,0,false
4.2.0,getRegions,hedwig-server/src/main/java/org/apache/hedwig/server/common/ServerConfiguration.java,6,2,0,0,0,1,1,1,412,3,12,0,false
4.1.0,setTriedServers,hedwig-protocol/src/main/java/org/apache/hedwig/protocol/PubSubProtocol.java,7,2,0,0,0,1,0,0,196,1,1,1,false
4.0.0,addEnsemble,bookkeeper-server/src/main/java/org/apache/bookkeeper/client/LedgerMetadata.java,5,2,1,0,0,0,4,0,4,3,6,0,false
4.1.0,extractLedgersFromEntryLogs,bookkeeper-server/src/main/java/org/apache/bookkeeper/bookie/EntryLogger.java,51,10,12,8,2,0,2,1,196,3,12,3,false
4.2.0,getMinSeqIdForTopic,hedwig-server/src/main/java/org/apache/hedwig/server/persistence/BookkeeperPersistenceManager.java,9,3,1,2,0,2,3,1,412,3,11,1,false
4.1.0,clear,bookkeeper-server/src/main/java/org/apache/bookkeeper/proto/NIOServerFactory.java,14,3,2,0,1,0,2,1,196,1,4,3,false
4.1.0,invokeUncaughtExceptionHandler,hedwig-server/src/main/java/org/apache/hedwig/zookeeper/SafeAsyncCallback.java,4,1,1,0,0,0,0,0,196,1,1,0,false
4.1.0,readComplete,bookkeeper-server/src/main/java/org/apache/bookkeeper/client/LedgerRecoveryOp.java,29,4,3,2,0,3,0,5,196,3,6,3,false
4.0.0,doOps,hedwig-server/src/main/java/org/apache/hedwig/server/benchmark/BookkeeperBenchmark.java,18,2,7,0,0,0,0,3,4,2,3,0,false
4.1.0,flush,bookkeeper-server/src/main/java/org/apache/bookkeeper/bookie/EntryLogger.java,5,2,0,0,0,0,3,0,196,3,12,0,false
4.2.0,createSubscriptionData,hedwig-server/src/main/java/org/apache/hedwig/server/subscriptions/AbstractSubscriptionManager.java,1,1,0,0,0,0,1,0,412,2,10,0,false
4.1.0,releaseTopic,hedwig-server/src/main/java/org/apache/hedwig/server/topics/AbstractTopicManager.java,3,1,0,0,0,0,1,1,196,1,1,0,false
4.2.0,getNumOpenLedgers,bookkeeper-server/src/main/java/org/apache/bookkeeper/bookie/LedgerCacheImpl.java,3,1,0,0,0,1,0,0,384,2,9,0,false
4.1.0,ledgersPath,hedwig-server/src/main/java/org/apache/hedwig/admin/HedwigAdmin.java,3,1,0,0,0,1,1,0,0,2,2,0,false
4.1.0,ledgerExists,bookkeeper-server/src/main/java/org/apache/bookkeeper/bookie/LedgerCacheImpl.java,12,3,2,0,0,2,0,1,84,3,6,0,true
4.2.0,hasMessageHandler,hedwig-client/src/main/java/org/apache/hedwig/client/netty/FilterableMessageHandler.java,3,2,0,0,0,1,0,0,137,1,1,0,false
4.2.0,main,bookkeeper-server/src/main/java/org/apache/bookkeeper/replication/AutoRecoveryMain.java,30,3,3,0,2,0,0,7,106,2,5,1,false
4.1.0,safeRun,bookkeeper-server/src/main/java/org/apache/bookkeeper/proto/PerChannelBookieClient.java,7,2,1,1,0,0,0,2,196,3,10,0,false
4.1.0,getFormatVersion,bookkeeper-server/src/main/java/org/apache/bookkeeper/bookie/JournalChannel.java,3,1,0,0,0,1,2,0,125,1,2,0,false
4.1.0,close,bookkeeper-server/src/main/java/org/apache/bookkeeper/meta/AbstractZkLedgerManager.java,2,1,0,0,0,0,0,0,204,3,4,0,true
4.1.0,getCode,bookkeeper-server/src/main/java/org/apache/bookkeeper/client/BKException.java,3,1,0,0,0,1,0,0,196,1,1,0,false
4.1.0,size,bookkeeper-server/src/main/java/org/apache/bookkeeper/bookie/FileInfo.java,8,2,2,1,0,1,4,1,196,1,4,0,false
4.0.0,toString,bookkeeper-server/src/main/java/org/apache/bookkeeper/bookie/LedgerEntryPage.java,9,2,1,0,0,1,0,2,4,2,2,0,false
4.1.0,getLedger,bookkeeper-server/src/main/java/org/apache/bookkeeper/bookie/LedgerEntryPage.java,3,1,0,0,0,1,4,0,196,2,2,0,false
4.0.0,writeComplete,bookkeeper-server/src/main/java/org/apache/bookkeeper/client/BookKeeperAdmin.java,11,3,0,2,0,0,0,5,40,2,5,1,false
4.0.0,flush,bookkeeper-server/src/main/java/org/apache/bookkeeper/bookie/EntryLogger.java,5,2,0,0,0,0,2,1,4,2,8,0,false
4.0.0,block,bookkeeper-server/src/main/java/org/apache/bookkeeper/client/SyncCounter.java,9,3,1,0,0,0,8,0,4,1,1,0,false
4.0.0,use,bookkeeper-server/src/main/java/org/apache/bookkeeper/bookie/FileInfo.java,3,1,0,0,0,0,1,0,4,2,4,0,false
4.0.0,enableRecv,bookkeeper-server/src/main/java/org/apache/bookkeeper/proto/NIOServerFactory.java,8,4,1,0,0,0,1,0,4,3,7,0,false
4.1.0,getLedgerPasswd,bookkeeper-server/src/main/java/org/apache/bookkeeper/client/BookKeeperAdmin.java,3,1,0,0,0,1,1,0,268,2,4,0,false
4.1.0,writeLedgerConfig,bookkeeper-server/src/main/java/org/apache/bookkeeper/client/BookKeeperAdmin.java,7,1,2,0,0,0,2,4,268,2,4,3,false
4.0.0,messageConsumed,hedwig-client/src/main/java/org/apache/hedwig/client/handlers/SubscribeResponseHandler.java,18,9,3,3,0,0,0,0,4,3,5,3,false
4.1.0,getBkDigestType,hedwig-server/src/main/java/org/apache/hedwig/admin/HedwigAdmin.java,3,1,0,0,0,1,1,0,0,2,2,0,false
4.2.0,serialize,bookkeeper-server/src/main/java/org/apache/bookkeeper/client/LedgerMetadata.java,22,6,1,1,0,1,1,1,412,3,9,0,false
4.2.0,releaseUnderreplicatedLedger,bookkeeper-server/src/main/java/org/apache/bookkeeper/meta/LedgerUnderreplicationManager.java,1,1,0,0,0,0,0,0,157,1,2,0,false
4.1.0,checkPubSubDataToTimeOut,hedwig-client/src/main/java/org/apache/hedwig/client/netty/HedwigClientImpl.java,7,2,0,2,0,0,1,0,226,1,1,1,true
4.2.0,deleteTopicPersistenceInfo,hedwig-server/src/main/java/org/apache/hedwig/server/meta/TopicPersistenceManager.java,1,1,0,0,0,0,0,0,191,1,1,0,false
4.2.0,initiate,bookkeeper-server/src/main/java/org/apache/bookkeeper/client/ReadLastConfirmedOp.java,5,2,1,0,0,0,2,1,666,2,3,3,false
4.2.0,stop,hedwig-server/src/main/java/org/apache/hedwig/server/persistence/BookkeeperPersistenceManager.java,8,2,0,0,1,0,0,0,412,3,11,0,false
4.0.0,run,hedwig-server/src/main/java/org/apache/hedwig/server/delivery/FIFODeliveryManager.java,16,4,2,0,1,0,0,2,4,2,3,1,false
4.0.0,hasMoreElements,bookkeeper-server/src/main/java/org/apache/bookkeeper/client/PendingReadOp.java,3,1,0,0,0,1,0,0,4,2,3,0,false
4.1.0,checkOpen,bookkeeper-server/src/main/java/org/apache/bookkeeper/bookie/FileInfo.java,34,9,3,2,1,1,5,3,196,1,4,1,false
4.0.0,setConsumeSeqIdForSubscriber,hedwig-server/src/main/java/org/apache/hedwig/server/subscriptions/AbstractSubscriptionManager.java,3,1,0,0,0,0,0,1,4,2,3,0,false
4.1.0,updatePage,bookkeeper-server/src/main/java/org/apache/bookkeeper/bookie/LedgerCacheImpl.java,21,4,3,1,1,0,3,3,84,3,6,0,true
4.1.0,getFileInfo,bookkeeper-server/src/main/java/org/apache/bookkeeper/bookie/LedgerCacheImpl.java,28,6,6,1,0,1,5,7,84,3,6,0,true
4.1.0,process,bookkeeper-server/src/main/java/org/apache/bookkeeper/client/BookKeeperAdmin.java,8,2,0,1,0,1,1,2,268,2,4,1,false
4.0.0,errorOutOutstandingEntries,bookkeeper-server/src/main/java/org/apache/bookkeeper/proto/PerChannelBookieClient.java,8,3,0,0,0,0,1,2,4,3,8,0,false
4.1.0,addAllRanges,hedwig-protocol/src/main/java/org/apache/hedwig/protocol/PubSubProtocol.java,7,2,1,0,0,1,0,0,196,1,1,1,false
4.1.0,persistMessage,hedwig-server/src/main/java/org/apache/hedwig/server/persistence/LocalDBPersistenceManager.java,49,8,11,1,2,4,0,3,196,1,2,3,false
4.1.0,clear,hedwig-protocol/src/main/java/org/apache/hedwig/protocol/PubSubProtocol.java,5,1,2,0,0,1,0,1,196,1,1,1,false
4.1.0,hasSubscription,hedwig-client/src/main/java/org/apache/hedwig/client/netty/HedwigSubscriber.java,3,1,0,0,0,1,1,2,196,1,4,0,true
4.0.0,operationFailed,hedwig-client/src/main/java/org/apache/hedwig/client/netty/HedwigSubscriber.java,3,1,0,0,0,0,0,0,4,1,3,0,false
4.2.0,readLastConfirmedComplete,bookkeeper-server/src/main/java/org/apache/bookkeeper/client/LedgerOpenOp.java,9,2,2,0,0,0,0,0,412,2,3,0,false
4.1.0,nextElement,bookkeeper-server/src/main/java/org/apache/bookkeeper/client/PendingReadOp.java,3,1,0,0,0,1,0,0,196,2,3,0,true
4.2.0,getLastEntryId,bookkeeper-server/src/main/java/org/apache/bookkeeper/client/LedgerMetadata.java,3,1,0,0,0,1,1,0,412,3,9,0,false
4.1.0,setConsumeSeqIdForSubscriber,hedwig-server/src/main/java/org/apache/hedwig/server/subscriptions/AbstractSubscriptionManager.java,3,1,0,0,0,0,0,1,196,1,4,0,true
4.0.0,call,hedwig-client/src/main/java/org/apache/hedwig/client/benchmark/BenchmarkPublisher.java,35,7,13,14,0,1,0,2,4,1,2,0,false
4.1.0,preAllocIfNeeded,bookkeeper-server/src/main/java/org/apache/bookkeeper/bookie/JournalChannel.java,7,2,1,4,0,0,2,0,125,1,2,0,false
4.1.0,getScanBackoffPeriodMs,hedwig-server/src/main/java/org/apache/hedwig/server/common/ServerConfiguration.java,3,1,0,0,0,1,1,0,196,1,2,0,true
4.1.0,doGc,bookkeeper-server/src/main/java/org/apache/bookkeeper/meta/FlatLedgerManager.java,8,3,0,0,0,0,1,0,204,2,2,0,false
4.0.0,consume,hedwig-client/src/main/java/org/apache/hedwig/client/benchmark/BenchmarkPublisher.java,3,1,0,0,0,0,0,2,4,1,2,0,false
4.1.0,containsLedger,bookkeeper-server/src/main/java/org/apache/bookkeeper/bookie/EntryLogger.java,3,1,0,0,0,1,1,0,196,3,12,0,false
4.2.0,updateSubscriptionPreferences,hedwig-server/src/main/java/org/apache/hedwig/server/subscriptions/AbstractSubscriptionManager.java,11,2,2,0,0,0,1,3,412,2,10,0,false
4.0.0,operationComplete,bookkeeper-server/src/main/java/org/apache/bookkeeper/proto/BookkeeperInternalCallbacks.java,1,1,0,0,0,0,0,0,4,2,2,0,false
4.2.0,getUnderreplicatedFragments,bookkeeper-server/src/main/java/org/apache/bookkeeper/replication/ReplicationWorker.java,6,1,2,0,0,1,2,2,147,1,7,0,false
4.1.0,getBkHandle,hedwig-server/src/main/java/org/apache/hedwig/admin/HedwigAdmin.java,3,1,0,0,0,1,1,0,0,2,2,0,false
4.2.0,addBookieAndCheckCovered,bookkeeper-server/src/main/java/org/apache/bookkeeper/client/DistributionSchedule.java,1,1,0,0,0,0,1,0,412,1,2,0,false
4.0.0,getFailureException,hedwig-client/src/main/java/org/apache/hedwig/client/handlers/PubSubCallback.java,3,1,0,0,0,1,3,0,4,1,2,0,false
4.2.0,run,bookkeeper-server/src/main/java/org/apache/bookkeeper/replication/AutoRecoveryMain.java,14,5,0,0,1,0,0,1,106,2,5,2,false
4.0.0,getLastSeqIdCommunicatedExternally,hedwig-server/src/main/java/org/apache/hedwig/server/delivery/FIFODeliveryManager.java,3,1,0,0,0,1,1,0,4,2,3,0,false
4.2.0,writeLedgerConfig,bookkeeper-server/src/main/java/org/apache/bookkeeper/client/LedgerFragmentReplicator.java,7,1,2,0,0,0,2,3,152,1,3,3,false
4.1.0,asyncProcessLedgersInSingleNode,bookkeeper-server/src/main/java/org/apache/bookkeeper/meta/AbstractZkLedgerManager.java,22,1,0,0,0,0,0,1,204,3,4,1,true
4.1.0,isInitialized,hedwig-protocol/src/main/java/org/apache/hedwig/protocol/PubSubProtocol.java,3,1,0,0,0,1,2,1,196,1,1,0,false
4.0.0,getConsumedMessagesBufferSize,hedwig-client/src/main/java/org/apache/hedwig/client/conf/ClientConfiguration.java,3,1,0,0,0,1,2,0,4,1,2,0,false
4.0.0,setCode,bookkeeper-server/src/main/java/org/apache/bookkeeper/bookie/BookieException.java,3,1,1,0,0,0,0,0,4,2,2,0,false
4.1.0,getReadOnlyHandle,bookkeeper-server/src/main/java/org/apache/bookkeeper/bookie/HandleFactoryImpl.java,11,2,3,0,0,1,0,1,84,1,1,0,false
4.1.0,readEntryComplete,bookkeeper-server/src/main/java/org/apache/bookkeeper/client/ReadLastConfirmedOp.java,31,11,6,2,1,1,0,2,450,2,5,2,true
4.2.0,getLockZNode,bookkeeper-server/src/main/java/org/apache/bookkeeper/meta/ZkLedgerUnderreplicationManager.java,3,1,0,0,0,1,2,0,157,3,12,0,false
4.2.0,isFenced,bookkeeper-server/src/main/java/org/apache/bookkeeper/bookie/LedgerCacheImpl.java,15,3,2,0,1,2,0,1,384,2,9,0,false
4.2.0,getCurrentSeqIdForTopic,hedwig-server/src/main/java/org/apache/hedwig/server/persistence/BookkeeperPersistenceManager.java,7,2,1,0,0,1,0,0,412,3,11,0,false
4.1.0,update,bookkeeper-server/src/main/java/org/apache/bookkeeper/client/MacDigestManager.java,3,1,0,0,0,0,0,0,196,1,1,1,false
4.1.0,compare,bookkeeper-server/src/main/java/org/apache/bookkeeper/bookie/GarbageCollectorThread.java,13,3,2,2,0,3,0,0,96,3,6,0,false
4.0.0,readEntry,bookkeeper-server/src/main/java/org/apache/bookkeeper/proto/PerChannelBookieClient.java,24,1,4,2,0,0,1,4,4,3,8,5,false
4.2.0,getServerPort,hedwig-server/src/main/java/org/apache/hedwig/server/common/ServerConfiguration.java,3,1,0,0,0,1,1,0,412,3,12,0,false
4.1.0,rollback,bookkeeper-server/src/main/java/org/apache/bookkeeper/bookie/FileSystemUpgrade.java,39,6,4,0,3,0,1,7,0,2,3,1,false
4.1.0,getBkQuorumSize,hedwig-server/src/main/java/org/apache/hedwig/server/common/ServerConfiguration.java,3,1,0,0,0,1,2,0,196,1,2,0,true
4.2.0,getZkTopicPath,hedwig-server/src/main/java/org/apache/hedwig/server/common/ServerConfiguration.java,3,1,0,0,0,1,0,1,412,3,12,2,false
4.0.0,errorMsgAndExit,hedwig-server/src/main/java/org/apache/hedwig/server/netty/PubSubServer.java,5,1,0,0,0,0,2,0,4,2,5,0,false
4.1.0,waitFor,bookkeeper-benchmark/src/main/java/org/apache/bookkeeper/benchmark/BenchBookie.java,7,2,2,0,0,0,1,0,0,1,2,0,false
4.1.0,getSeqId,hedwig-protocol/src/main/java/org/apache/hedwig/protocol/PubSubProtocol.java,3,1,0,0,0,1,4,0,196,1,1,0,false
4.1.0,realReleaseTopic,hedwig-server/src/main/java/org/apache/hedwig/server/topics/AbstractTopicManager.java,5,2,0,0,0,0,2,1,196,1,1,0,false
4.2.0,setReadTimeout,bookkeeper-server/src/main/java/org/apache/bookkeeper/conf/ClientConfiguration.java,4,1,0,0,0,1,0,0,441,1,4,0,false
4.1.0,verify,bookkeeper-server/src/main/java/org/apache/bookkeeper/bookie/Cookie.java,5,6,0,0,0,0,1,0,91,1,1,3,true
4.2.0,startReadingFrom,hedwig-server/src/main/java/org/apache/hedwig/server/persistence/BookkeeperPersistenceManager.java,14,3,2,1,0,1,2,3,412,3,11,2,false
4.1.0,addAllRemoteComponents,hedwig-protocol/src/main/java/org/apache/hedwig/protocol/PubSubProtocol.java,7,2,1,0,0,1,0,0,196,1,1,1,false
4.1.0,getPageToWrite,bookkeeper-server/src/main/java/org/apache/bookkeeper/bookie/LedgerEntryPage.java,5,1,0,0,0,1,0,1,196,2,2,0,false
4.0.0,clear,bookkeeper-server/src/main/java/org/apache/bookkeeper/proto/NIOServerFactory.java,14,3,2,0,1,0,2,1,4,3,7,3,false
4.1.0,upgrade,bookkeeper-server/src/main/java/org/apache/bookkeeper/bookie/FileSystemUpgrade.java,58,8,8,1,4,0,1,11,0,2,3,2,false
4.1.0,claimOrChoose,hedwig-server/src/main/java/org/apache/hedwig/server/topics/ZkTopicManager.java,4,2,0,0,0,0,2,2,196,1,2,0,false
4.1.0,getUsage,bookkeeper-server/src/main/java/org/apache/bookkeeper/bookie/GarbageCollectorThread.java,6,2,0,1,0,2,1,0,96,3,6,0,false
4.2.0,getLedgerZNodeVersion,bookkeeper-server/src/main/java/org/apache/bookkeeper/meta/ZkLedgerUnderreplicationManager.java,3,1,0,0,0,1,1,0,157,3,12,0,false
4.1.0,formatMessage,hedwig-server/src/main/java/org/apache/hedwig/admin/console/ReadTopic.java,47,7,7,3,0,0,1,0,0,1,1,7,false
4.1.0,operationFailed,hedwig-client/src/main/java/org/apache/hedwig/client/handlers/SubscribeReconnectCallback.java,4,1,0,1,0,0,0,1,196,1,1,0,false
4.2.0,getPageLimit,bookkeeper-server/src/main/java/org/apache/bookkeeper/bookie/LedgerCacheImpl.java,3,1,0,0,0,1,1,0,384,2,9,0,false
4.0.0,readLength,bookkeeper-server/src/main/java/org/apache/bookkeeper/proto/NIOServerFactory.java,7,3,2,1,0,0,1,0,4,3,7,0,false
4.0.0,getValueAndReset,bookkeeper-server/src/main/java/org/apache/bookkeeper/client/CRC32DigestManager.java,1,1,0,0,0,0,3,0,4,1,1,0,false
4.2.0,close,bookkeeper-server/src/main/java/org/apache/bookkeeper/meta/ZkLedgerUnderreplicationManager.java,18,5,0,0,1,0,0,1,157,3,12,3,false
4.1.0,realGetOwner,hedwig-server/src/main/java/org/apache/hedwig/server/topics/AbstractTopicManager.java,1,1,0,0,0,0,1,0,196,1,1,0,false
4.0.0,isValidSubscriberId,hedwig-client/src/main/java/org/apache/hedwig/client/netty/HedwigSubscriber.java,4,5,0,0,0,2,6,1,4,1,3,0,false
4.2.0,unsubscribe,hedwig-server/src/main/java/org/apache/hedwig/server/subscriptions/AbstractSubscriptionManager.java,3,1,0,0,0,0,0,1,412,2,10,0,false
4.0.0,instantiateZookeeperClient,hedwig-server/src/main/java/org/apache/hedwig/server/netty/PubSubServer.java,17,3,2,7,0,0,1,3,4,2,5,2,false
4.2.0,toString,bookkeeper-server/src/main/java/org/apache/bookkeeper/bookie/Cookie.java,16,3,2,0,0,2,2,1,398,2,3,0,false
4.1.0,getMacCodeLength,bookkeeper-server/src/main/java/org/apache/bookkeeper/client/CRC32DigestManager.java,3,1,0,0,0,1,0,0,196,1,1,0,false
4.2.0,resolveConflict,bookkeeper-server/src/main/java/org/apache/bookkeeper/client/LedgerMetadata.java,26,15,7,0,0,6,1,1,412,3,9,3,false
4.2.0,topicSubscribersPath,hedwig-server/src/main/java/org/apache/hedwig/server/meta/ZkMetadataManagerFactory.java,3,1,0,0,0,1,2,0,191,1,6,1,false
4.2.0,readLedgerMetadata,bookkeeper-server/src/main/java/org/apache/bookkeeper/meta/AbstractZkLedgerManager.java,29,1,0,0,0,0,0,1,420,3,7,4,false
4.2.0,deleteOwnerInfo,hedwig-server/src/main/java/org/apache/hedwig/server/meta/ZkMetadataManagerFactory.java,36,3,2,1,0,1,0,2,191,1,6,2,false
4.1.0,createTable,hedwig-server/src/main/java/org/apache/hedwig/server/persistence/LocalDBPersistenceManager.java,21,4,3,1,2,0,1,1,196,1,2,0,false
4.2.0,process,bookkeeper-server/src/main/java/org/apache/bookkeeper/replication/AutoRecoveryMain.java,9,2,0,1,0,0,0,1,106,2,5,1,false
4.1.0,getCertStream,hedwig-server/src/main/java/org/apache/hedwig/server/common/ServerConfiguration.java,11,5,2,0,0,2,1,2,196,1,2,3,true
4.1.0,getAvailableHubs,hedwig-server/src/main/java/org/apache/hedwig/admin/HedwigAdmin.java,20,4,8,0,1,1,1,0,0,2,2,2,false
4.1.0,mergeStopDeliveryRequest,hedwig-protocol/src/main/java/org/apache/hedwig/protocol/PubSubProtocol.java,10,3,3,0,0,1,1,5,196,1,1,2,false
4.1.0,getDescriptorForType,hedwig-protocol/src/main/java/org/apache/hedwig/protocol/PubSubProtocol.java,3,1,0,0,0,1,0,1,196,1,1,1,false
4.1.0,run,bookkeeper-server/src/main/java/org/apache/bookkeeper/bookie/GarbageCollectorThread.java,34,8,5,2,2,0,0,5,96,3,6,1,false
4.0.0,doGcLedgers,bookkeeper-server/src/main/java/org/apache/bookkeeper/bookie/EntryLogger.java,13,1,0,0,0,0,1,2,4,2,8,1,false
4.1.0,process,bookkeeper-server/src/main/java/org/apache/bookkeeper/bookie/EntryLogger.java,3,1,0,1,0,0,0,1,196,3,12,0,false
4.2.0,operationFailed,hedwig-client/src/main/java/org/apache/hedwig/client/netty/VoidCallbackAdapter.java,3,1,0,0,0,0,0,0,172,1,1,0,false
4.1.0,readEntryComplete,bookkeeper-server/src/main/java/org/apache/bookkeeper/client/PendingReadOp.java,26,6,4,3,1,2,0,2,196,2,3,1,true
4.1.0,addEntry,bookkeeper-server/src/main/java/org/apache/bookkeeper/proto/PerChannelBookieClient.java,31,2,6,3,1,0,0,3,196,3,10,4,false
4.1.0,storeTopic2HostMapping,hedwig-client/src/main/java/org/apache/hedwig/client/netty/HedwigClientImpl.java,16,5,2,1,0,1,0,1,226,1,1,2,true
4.2.0,acquiredTopic,hedwig-server/src/main/java/org/apache/hedwig/server/subscriptions/AbstractSubscriptionManager.java,3,1,0,0,0,0,0,1,412,2,10,0,false
4.2.0,updateSubscriptionData,hedwig-server/src/main/java/org/apache/hedwig/server/subscriptions/AbstractSubscriptionManager.java,1,1,0,0,0,0,2,0,412,2,10,0,false
4.1.0,subscribe,hedwig-server/src/main/java/org/apache/hedwig/server/regions/HedwigHubSubscriber.java,3,1,0,0,0,0,0,1,196,1,1,0,false
4.0.0,shutdown,hedwig-server/src/main/java/org/apache/hedwig/server/proxy/HedwigProxy.java,5,1,0,0,0,0,0,1,4,1,3,1,false
4.1.0,main,hedwig-server/src/main/java/org/apache/hedwig/server/proxy/HedwigProxy.java,25,5,4,3,2,0,0,4,196,1,2,0,false
4.1.0,operationComplete,hedwig-server/src/main/java/org/apache/hedwig/server/delivery/ChannelEndPoint.java,13,3,1,0,0,0,0,0,196,1,1,0,false
4.2.0,recoverBookieData,bookkeeper-server/src/main/java/org/apache/bookkeeper/client/BookKeeperAdmin.java,23,3,1,0,0,0,1,2,484,3,13,0,false
4.1.0,doSubUnsub,hedwig-client/src/main/java/org/apache/hedwig/client/netty/HedwigSubscriber.java,36,7,7,1,0,0,4,4,196,1,4,6,true
4.1.0,deleteFromZooKeeper,bookkeeper-server/src/main/java/org/apache/bookkeeper/bookie/Cookie.java,7,2,2,0,0,0,0,1,91,1,1,0,true
4.1.0,operationComplete,hedwig-server/src/main/java/org/apache/hedwig/server/netty/UmbrellaHandler.java,11,3,0,0,0,0,0,0,196,1,1,1,false
4.0.0,close,bookkeeper-server/src/main/java/org/apache/bookkeeper/streaming/LedgerInputStream.java,2,1,0,0,0,0,0,0,4,1,2,0,false
4.1.0,getMinSeqIdForTopic,hedwig-server/src/main/java/org/apache/hedwig/server/persistence/BookkeeperPersistenceManager.java,9,3,1,2,0,2,3,0,196,1,3,1,true
4.1.0,setRegion,hedwig-protocol/src/main/java/org/apache/hedwig/protocol/PubSubProtocol.java,8,2,2,0,0,1,2,0,196,1,1,0,false
4.0.0,getPacketsReceived,bookkeeper-server/src/main/java/org/apache/bookkeeper/proto/NIOServerFactory.java,3,1,0,0,0,1,1,0,4,3,7,0,false
4.1.0,containsActiveLedger,bookkeeper-server/src/main/java/org/apache/bookkeeper/meta/HierarchicalLedgerManager.java,3,1,0,0,0,1,0,0,204,2,4,0,false
4.2.0,getNumPacketsReceived,bookkeeper-server/src/main/java/org/apache/bookkeeper/proto/BookieServerBean.java,3,1,0,0,0,1,0,0,480,1,1,1,false
4.1.0,notifySubscribe,hedwig-server/src/main/java/org/apache/hedwig/server/subscriptions/AbstractSubscriptionManager.java,6,2,1,0,0,0,2,1,196,1,4,0,false
4.1.0,readLayout,bookkeeper-server/src/main/java/org/apache/bookkeeper/meta/LedgerLayout.java,17,3,3,1,2,2,0,1,204,1,1,0,false
4.2.0,createSubscriptionData,hedwig-server/src/main/java/org/apache/hedwig/server/subscriptions/InMemorySubscriptionManager.java,3,1,0,0,0,0,0,0,412,2,5,0,false
4.1.0,setMasterKey,bookkeeper-server/src/main/java/org/apache/bookkeeper/bookie/InterleavedLedgerStorage.java,3,1,0,0,0,0,0,0,56,2,3,0,false
4.1.0,registerWithZookeeper,hedwig-server/src/main/java/org/apache/hedwig/server/topics/ZkTopicManager.java,3,1,0,0,0,0,1,0,196,1,2,0,false
4.0.0,addComplete,bookkeeper-server/src/main/java/org/apache/bookkeeper/client/LedgerRecoveryOp.java,8,2,0,1,0,1,0,3,4,2,5,0,false
4.0.0,updatePage,bookkeeper-server/src/main/java/org/apache/bookkeeper/bookie/LedgerCache.java,21,4,3,1,1,0,2,8,4,2,6,2,false
4.2.0,operationComplete,bookkeeper-server/src/main/java/org/apache/bookkeeper/replication/BookieLedgerIndexer.java,14,4,0,1,0,0,0,16,144,1,2,2,false
4.2.0,getCode,bookkeeper-server/src/main/java/org/apache/bookkeeper/client/BKException.java,3,1,0,0,0,1,0,0,412,1,4,0,false
4.1.0,isClosed,bookkeeper-server/src/main/java/org/apache/bookkeeper/client/LedgerMetadata.java,3,3,0,0,0,1,5,0,196,3,5,0,true
4.1.0,accept,bookkeeper-server/src/main/java/org/apache/bookkeeper/bookie/GarbageCollectorThread.java,3,1,0,0,0,1,0,3,96,3,6,0,false
4.0.0,subscribe,hedwig-client/src/main/java/org/apache/hedwig/client/netty/HedwigSubscriber.java,3,1,0,0,0,0,0,1,4,1,3,0,false
4.2.0,setMetadataManagerFactoryName,hedwig-server/src/main/java/org/apache/hedwig/server/common/ServerConfiguration.java,4,1,0,0,0,1,0,0,412,3,12,0,false
4.1.0,getNextEnsembleChange,bookkeeper-server/src/main/java/org/apache/bookkeeper/client/LedgerMetadata.java,9,2,1,1,0,2,1,0,196,3,5,1,true
4.2.0,getLedgerToRereplicate,bookkeeper-server/src/main/java/org/apache/bookkeeper/meta/LedgerUnderreplicationManager.java,1,1,0,0,0,0,0,0,157,1,2,0,false
4.1.0,adjustTopicSeqIdForPublish,hedwig-server/src/main/java/org/apache/hedwig/server/persistence/LocalDBPersistenceManager.java,18,3,4,1,0,1,1,1,196,1,2,0,false
4.2.0,parseConfig,bookkeeper-server/src/main/java/org/apache/bookkeeper/client/LedgerMetadata.java,50,10,21,2,0,2,0,3,412,3,9,12,false
4.1.0,operationComplete,hedwig-client/src/main/java/org/apache/hedwig/client/netty/ConnectCallback.java,34,10,2,4,0,2,0,6,196,1,1,5,false
4.0.0,getAvailableBookies,bookkeeper-server/src/main/java/org/apache/bookkeeper/tools/BookKeeperTools.java,29,2,1,0,0,0,1,1,4,2,5,2,false
4.1.0,setClientTcpNoDelay,bookkeeper-server/src/main/java/org/apache/bookkeeper/conf/ClientConfiguration.java,4,1,0,0,0,1,0,0,225,2,3,0,true
4.1.0,safeRun,bookkeeper-server/src/main/java/org/apache/bookkeeper/client/BookieWatcher.java,3,1,0,0,0,0,0,17,196,1,3,0,false
4.2.0,readEntryComplete,bookkeeper-server/src/main/java/org/apache/bookkeeper/client/LedgerChecker.java,10,5,0,0,0,0,0,0,154,1,3,0,false
4.2.0,parseVersion1Config,bookkeeper-server/src/main/java/org/apache/bookkeeper/client/LedgerMetadata.java,35,6,13,0,1,1,1,1,412,3,9,1,false
4.1.0,getRegion,hedwig-protocol/src/main/java/org/apache/hedwig/protocol/PubSubProtocol.java,3,1,0,0,0,1,5,0,196,1,1,0,false
4.2.0,newTopicOwnershipManager,hedwig-server/src/main/java/org/apache/hedwig/server/meta/ZkMetadataManagerFactory.java,3,1,0,0,0,1,0,1,191,1,6,0,false
4.0.0,main,bookkeeper-server/src/main/java/org/apache/bookkeeper/util/LocalBookKeeper.java,13,3,1,0,0,0,0,9,4,3,5,0,false
4.0.0,releaseTopic,hedwig-server/src/main/java/org/apache/hedwig/server/topics/AbstractTopicManager.java,3,1,0,0,0,0,1,1,4,2,3,0,false
4.1.0,toString,bookkeeper-server/src/main/java/org/apache/bookkeeper/bookie/LedgerEntryPage.java,9,2,1,0,0,1,0,2,196,2,2,0,false
4.1.0,addEntry,bookkeeper-server/src/main/java/org/apache/bookkeeper/bookie/LedgerDescriptorReadOnlyImpl.java,4,1,0,0,0,0,0,0,84,1,1,0,false
4.0.0,usePage,bookkeeper-server/src/main/java/org/apache/bookkeeper/bookie/LedgerEntryPage.java,3,1,0,0,0,0,3,0,4,2,2,0,false
4.0.0,initiate,bookkeeper-server/src/main/java/org/apache/bookkeeper/client/ReadLastConfirmedOp.java,5,2,1,0,0,0,2,2,131,2,5,3,false
4.0.0,run,hedwig-server/src/main/java/org/apache/hedwig/server/topics/AbstractTopicManager.java,11,1,0,0,0,0,0,26,4,2,3,0,false
4.0.0,getNextEnsembleChange,bookkeeper-server/src/main/java/org/apache/bookkeeper/client/LedgerMetadata.java,9,2,1,1,0,2,1,0,4,3,6,1,false
4.1.0,getNumOpenLedgers,bookkeeper-server/src/main/java/org/apache/bookkeeper/bookie/LedgerCacheImpl.java,3,1,0,0,0,1,0,0,84,3,6,0,true
4.0.0,initializeHandlers,hedwig-server/src/main/java/org/apache/hedwig/server/proxy/HedwigProxy.java,10,1,2,0,0,0,1,3,4,1,3,0,false
4.0.0,finish,hedwig-client/src/main/java/org/apache/hedwig/client/benchmark/BenchmarkUtils.java,5,1,0,1,0,0,2,2,4,1,2,2,false
4.2.0,operationFailed,hedwig-server/src/main/java/org/apache/hedwig/server/subscriptions/AbstractSubscriptionManager.java,4,1,0,1,0,0,0,3,412,2,10,0,false
4.2.0,getServerState,bookkeeper-server/src/main/java/org/apache/bookkeeper/proto/BookieServerBean.java,3,1,0,0,0,1,0,0,480,1,1,1,false
4.2.0,readLastConfirmedDataComplete,bookkeeper-server/src/main/java/org/apache/bookkeeper/client/ReadLastConfirmedOp.java,1,1,0,0,0,0,1,0,666,2,3,0,false
4.1.0,getResponseForException,hedwig-protocol/src/main/java/org/apache/hedwig/protoextensions/PubSubResponseUtils.java,3,1,0,0,0,1,0,1,196,1,1,0,false
4.1.0,close,bookkeeper-server/src/main/java/org/apache/bookkeeper/meta/HierarchicalLedgerManager.java,9,2,0,0,1,0,0,0,204,2,4,1,false
4.1.0,addActiveLedger,bookkeeper-server/src/main/java/org/apache/bookkeeper/meta/FlatLedgerManager.java,1,1,0,0,0,0,0,0,204,2,2,0,false
4.2.0,getAckQuorumSize,bookkeeper-server/src/main/java/org/apache/bookkeeper/client/LedgerMetadata.java,3,1,0,0,0,1,0,0,412,3,9,0,false
4.2.0,readSubscriptions,hedwig-server/src/main/java/org/apache/hedwig/server/subscriptions/InMemorySubscriptionManager.java,9,2,1,0,0,0,0,0,412,2,5,0,false
4.0.0,getOutstandingRequests,bookkeeper-server/src/main/java/org/apache/bookkeeper/proto/NIOServerFactory.java,3,1,0,0,0,1,1,0,4,3,7,0,false
4.1.0,errorOutOutstandingEntries,bookkeeper-server/src/main/java/org/apache/bookkeeper/proto/PerChannelBookieClient.java,8,3,0,0,0,0,1,2,196,3,10,0,false
4.1.0,getLocalComponent,hedwig-protocol/src/main/java/org/apache/hedwig/protocol/PubSubProtocol.java,3,1,0,0,0,1,0,1,196,1,1,0,false
4.2.0,options2Preferences,hedwig-client/src/main/java/org/apache/hedwig/client/netty/HedwigSubscriber.java,16,5,1,0,0,1,1,0,412,2,9,0,false
4.1.0,processResult,bookkeeper-server/src/main/java/org/apache/bookkeeper/meta/AbstractZkLedgerManager.java,11,3,0,1,0,1,0,20,204,3,4,2,true
4.2.0,onSuspend,hedwig-server/src/main/java/org/apache/hedwig/server/topics/MMTopicManager.java,3,1,1,0,0,0,0,0,165,1,1,0,false
4.2.0,getNumDirtyLedgers,bookkeeper-server/src/main/java/org/apache/bookkeeper/bookie/LedgerCacheImpl.java,3,1,0,0,0,1,0,0,384,2,9,0,false
4.1.0,checkTopic,hedwig-server/src/main/java/org/apache/hedwig/admin/console/ReadTopic.java,3,2,0,0,0,1,1,1,0,1,1,0,false
4.2.0,getReadTimeout,bookkeeper-server/src/main/java/org/apache/bookkeeper/conf/ClientConfiguration.java,3,1,0,0,0,1,1,0,441,1,4,0,false
4.2.0,getMetadataManagerFactoryClass,hedwig-server/src/main/java/org/apache/hedwig/server/common/ServerConfiguration.java,3,1,0,0,0,1,0,0,412,3,12,0,false
4.2.0,releaseUnderreplicatedLedger,bookkeeper-server/src/main/java/org/apache/bookkeeper/meta/ZkLedgerUnderreplicationManager.java,19,5,1,0,1,0,1,1,157,3,12,3,false
4.0.0,operationFailed,hedwig-client/src/main/java/org/apache/hedwig/client/handlers/MessageConsumeCallback.java,6,1,2,1,0,0,0,8,4,1,3,0,false
4.1.0,deleteSubscriptionState,hedwig-server/src/main/java/org/apache/hedwig/server/subscriptions/AbstractSubscriptionManager.java,1,1,0,0,0,0,2,0,196,1,4,0,false
4.1.0,hasLedgerId,hedwig-protocol/src/main/java/org/apache/hedwig/protocol/PubSubProtocol.java,3,1,0,0,0,1,0,1,196,1,1,0,false
4.0.0,curry,hedwig-client/src/main/java/org/apache/hedwig/util/CallbackUtils.java,11,1,0,0,0,1,0,1,4,2,3,0,false
4.0.0,readSubscriptions,hedwig-server/src/main/java/org/apache/hedwig/server/subscriptions/AbstractSubscriptionManager.java,1,1,0,0,0,0,1,0,4,2,3,0,false
4.1.0,hasRegion,hedwig-protocol/src/main/java/org/apache/hedwig/protocol/PubSubProtocol.java,3,1,0,0,0,1,4,0,196,1,1,0,false
4.2.0,deleteSubscriptionState,hedwig-server/src/main/java/org/apache/hedwig/server/meta/ZkMetadataManagerFactory.java,20,1,0,0,0,0,0,1,191,1,6,2,false
4.2.0,scanSingleMessage,hedwig-server/src/main/java/org/apache/hedwig/server/persistence/BookkeeperPersistenceManager.java,3,1,0,0,0,0,0,0,412,3,11,1,false
4.0.0,process,bookkeeper-server/src/main/java/org/apache/bookkeeper/client/BookKeeperAdmin.java,3,1,0,0,0,0,0,18,40,2,5,0,false
4.1.0,halt,bookkeeper-server/src/main/java/org/apache/bookkeeper/client/BookieWatcher.java,3,1,0,0,0,0,1,0,196,1,3,0,false
4.2.0,asyncPublish,hedwig-client/src/main/java/org/apache/hedwig/client/netty/HedwigPublisher.java,3,1,0,0,0,0,1,4,412,2,6,0,false
4.0.0,pickDirs,bookkeeper-server/src/main/java/org/apache/bookkeeper/bookie/LedgerCache.java,3,1,0,0,0,1,1,0,4,2,6,0,false
4.0.0,setMasterKey,bookkeeper-server/src/main/java/org/apache/bookkeeper/bookie/LedgerDescriptor.java,3,1,1,0,0,0,2,0,4,2,4,0,false
4.0.0,readEntryComplete,bookkeeper-server/src/main/java/org/apache/bookkeeper/proto/BookkeeperInternalCallbacks.java,1,1,0,0,0,0,3,0,4,2,2,0,false
4.1.0,pressKeyToContinue,hedwig-server/src/main/java/org/apache/hedwig/admin/console/ReadTopic.java,9,3,2,0,0,2,1,0,0,1,1,1,false
4.1.0,newBuilder,hedwig-protocol/src/main/java/org/apache/hedwig/protocol/PubSubProtocol.java,3,1,0,0,0,1,1,2,196,1,1,0,false
4.1.0,run,bookkeeper-server/src/main/java/org/apache/bookkeeper/proto/NIOServerFactory.java,33,9,6,1,1,0,0,4,196,1,4,9,false
4.1.0,getZkAvailableBookiesPath,bookkeeper-server/src/main/java/org/apache/bookkeeper/conf/AbstractConfiguration.java,3,1,0,1,0,1,0,1,225,2,2,0,false
4.0.0,close,bookkeeper-server/src/main/java/org/apache/bookkeeper/proto/PerChannelBookieClient.java,5,2,0,0,0,0,1,0,4,3,8,1,false
4.1.0,ensureSeqIdExistsForTopic,hedwig-server/src/main/java/org/apache/hedwig/server/persistence/LocalDBPersistenceManager.java,12,3,3,0,0,3,2,0,196,1,2,0,false
4.0.0,getEntriesPerPage,bookkeeper-server/src/main/java/org/apache/bookkeeper/bookie/LedgerCache.java,3,1,0,0,0,1,1,0,4,2,6,0,false
4.0.0,addDeliveryPtr,hedwig-server/src/main/java/org/apache/hedwig/server/delivery/FIFODeliveryManager.java,4,1,1,0,0,0,2,1,4,2,3,0,false
4.0.0,openNewChannel,bookkeeper-server/src/main/java/org/apache/bookkeeper/bookie/EntryLogger.java,3,1,0,0,0,0,1,1,4,2,8,0,false
4.1.0,permanentErrorOnSend,hedwig-server/src/main/java/org/apache/hedwig/server/delivery/FIFODeliveryManager.java,3,1,0,0,0,0,0,1,196,1,2,0,false
4.1.0,tokenize,bookkeeper-server/src/main/java/org/apache/bookkeeper/jmx/BKMBeanRegistry.java,8,3,1,0,0,1,1,0,0,1,1,0,false
4.0.0,equals,bookkeeper-server/src/main/java/org/apache/bookkeeper/bookie/LedgerEntryPage.java,4,3,1,0,0,1,0,2,4,2,2,2,false
4.2.0,getWriteQuorumSize,bookkeeper-server/src/main/java/org/apache/bookkeeper/client/LedgerMetadata.java,3,1,0,0,0,1,0,0,412,3,9,0,false
4.1.0,close,hedwig-server/src/main/java/org/apache/hedwig/server/delivery/ChannelEndPoint.java,3,1,0,0,0,0,0,0,196,1,1,0,false
4.1.0,process,bookkeeper-server/src/main/java/org/apache/bookkeeper/bookie/Journal.java,1,1,0,0,0,0,1,0,56,1,2,0,false
4.2.0,parseArgs,bookkeeper-server/src/main/java/org/apache/bookkeeper/replication/AutoRecoveryMain.java,25,8,5,0,1,1,1,1,106,2,5,4,false
4.2.0,writeTopicPersistenceInfo,hedwig-server/src/main/java/org/apache/hedwig/server/meta/ZkMetadataManagerFactory.java,35,3,3,1,0,2,0,3,191,1,6,2,false
4.1.0,process,hedwig-server/src/main/java/org/apache/hedwig/admin/HedwigAdmin.java,2,1,0,0,0,0,0,0,0,2,2,0,false
4.1.0,messageReceived,bookkeeper-server/src/main/java/org/apache/bookkeeper/proto/PerChannelBookieClient.java,35,3,5,1,1,2,0,0,196,3,10,1,false
4.1.0,readFromZooKeeper,bookkeeper-server/src/main/java/org/apache/bookkeeper/bookie/Cookie.java,8,1,5,0,0,1,1,2,91,1,1,1,true
4.0.0,main,bookkeeper-server/src/main/java/org/apache/bookkeeper/proto/BookieServer.java,23,4,9,2,0,1,1,12,4,3,10,0,false
4.0.0,getFile,bookkeeper-server/src/main/java/org/apache/bookkeeper/bookie/FileInfo.java,3,1,0,0,0,1,1,0,4,2,4,0,false
4.1.0,onFirstLocalSubscribe,hedwig-server/src/main/java/org/apache/hedwig/server/regions/RegionManager.java,14,1,0,0,0,0,0,0,196,1,3,0,false
4.0.0,addComplete,hedwig-server/src/main/java/org/apache/hedwig/server/benchmark/BookkeeperBenchmark.java,3,2,0,0,0,0,0,1,4,2,3,0,false
4.2.0,processResult,bookkeeper-server/src/main/java/org/apache/bookkeeper/meta/AbstractZkLedgerManager.java,24,6,1,3,1,1,0,6,420,3,7,2,false
4.1.0,getBookieRecoveryPasswd,bookkeeper-server/src/main/java/org/apache/bookkeeper/conf/ClientConfiguration.java,3,1,0,0,0,1,0,0,225,2,3,0,true
4.2.0,getLength,bookkeeper-server/src/main/java/org/apache/bookkeeper/client/LedgerMetadata.java,3,1,0,0,0,1,0,0,412,3,9,0,false
4.1.0,exceptionCaught,bookkeeper-server/src/main/java/org/apache/bookkeeper/proto/PerChannelBookieClient.java,15,5,1,1,0,3,0,0,196,3,10,2,false
4.1.0,safeCreateComplete,hedwig-server/src/main/java/org/apache/hedwig/server/persistence/BookkeeperPersistenceManager.java,24,5,6,2,0,3,0,3,196,1,3,6,true
4.1.0,stopDelivery,hedwig-client/src/main/java/org/apache/hedwig/client/netty/HedwigSubscriber.java,20,3,3,3,0,0,0,2,196,1,4,2,true
4.0.0,initiate,bookkeeper-server/src/main/java/org/apache/bookkeeper/client/LedgerOpenOp.java,3,1,0,0,0,0,3,2,4,2,8,0,false
4.2.0,closeComplete,hedwig-server/src/main/java/org/apache/hedwig/server/persistence/BookkeeperPersistenceManager.java,16,3,3,2,0,2,0,1,412,3,11,0,false
4.1.0,uncaughtException,hedwig-server/src/main/java/org/apache/hedwig/server/common/TerminateJVMExceptionHandler.java,4,1,0,1,0,0,0,0,196,1,1,1,false
4.0.0,getEnsemble,bookkeeper-server/src/main/java/org/apache/bookkeeper/client/LedgerMetadata.java,3,1,0,1,0,1,2,0,4,3,6,1,false
4.1.0,removeEntryLog,bookkeeper-server/src/main/java/org/apache/bookkeeper/bookie/EntryLogger.java,21,4,2,1,2,2,1,1,196,3,12,2,false
4.2.0,getScanBackoffPeriodMs,hedwig-server/src/main/java/org/apache/hedwig/server/common/ServerConfiguration.java,3,1,0,0,0,1,0,0,412,3,12,0,false
4.0.0,processResult,bookkeeper-server/src/main/java/org/apache/bookkeeper/client/LedgerOpenOp.java,51,9,2,5,2,6,0,8,4,2,8,5,false
4.0.0,getFromTable,bookkeeper-server/src/main/java/org/apache/bookkeeper/bookie/LedgerCache.java,7,2,1,0,0,2,1,0,4,2,6,0,false
4.1.0,getCurrentLogId,bookkeeper-server/src/main/java/org/apache/bookkeeper/bookie/EntryLogger.java,3,1,0,0,0,1,1,0,196,3,12,0,false
4.1.0,operationComplete,hedwig-client/src/main/java/org/apache/hedwig/client/netty/WriteCallback.java,26,9,3,4,0,1,0,4,196,1,1,5,false
4.2.0,run,hedwig-client/src/main/java/org/apache/hedwig/client/netty/HedwigClientImpl.java,31,8,6,2,2,0,0,2,442,2,9,3,false
4.1.0,writeToZooKeeper,bookkeeper-server/src/main/java/org/apache/bookkeeper/bookie/Cookie.java,21,4,5,1,1,0,1,2,91,1,1,2,true
4.2.0,getServerPort,bookkeeper-server/src/main/java/org/apache/bookkeeper/proto/BookieServerBean.java,8,2,0,1,1,2,0,3,480,1,1,0,false
4.1.0,addLedgerSize,bookkeeper-server/src/main/java/org/apache/bookkeeper/bookie/EntryLogger.java,10,2,5,0,0,0,1,0,196,3,12,0,false
4.2.0,ledgerExists,bookkeeper-server/src/main/java/org/apache/bookkeeper/bookie/LedgerCacheImpl.java,12,3,2,0,0,2,0,1,384,2,9,0,false
4.1.0,getTxnId,hedwig-protocol/src/main/java/org/apache/hedwig/protocol/PubSubProtocol.java,3,1,0,0,0,1,4,0,196,1,1,0,false
4.1.0,hasShouldClaim,hedwig-protocol/src/main/java/org/apache/hedwig/protocol/PubSubProtocol.java,3,1,0,0,0,1,4,0,196,1,1,0,false
4.1.0,lostTopic,hedwig-server/src/main/java/org/apache/hedwig/server/persistence/BookkeeperPersistenceManager.java,3,1,0,0,0,0,0,1,196,1,3,0,true
4.2.0,shutdown,bookkeeper-server/src/main/java/org/apache/bookkeeper/replication/Auditor.java,15,3,1,1,1,1,1,0,4,1,3,1,false
4.0.0,logErrorAndReattemptRead,bookkeeper-server/src/main/java/org/apache/bookkeeper/client/PendingReadOp.java,7,1,2,2,0,1,1,3,4,2,3,3,false
4.1.0,hasStopped,hedwig-client/src/main/java/org/apache/hedwig/client/netty/HedwigClientImpl.java,3,1,0,0,0,1,1,0,226,1,1,0,true
4.1.0,getLinkCount,bookkeeper-server/src/main/java/org/apache/bookkeeper/util/HardLink.java,43,10,13,1,1,2,0,2,90,1,1,2,false
4.0.0,handleSubscribeResponse,hedwig-client/src/main/java/org/apache/hedwig/client/handlers/SubscribeResponseHandler.java,31,7,5,4,0,0,0,0,4,3,5,3,false
4.1.0,getTopics,hedwig-server/src/main/java/org/apache/hedwig/admin/HedwigAdmin.java,3,1,0,0,0,1,1,0,0,2,2,0,false
4.2.0,generateCookie,bookkeeper-server/src/main/java/org/apache/bookkeeper/bookie/Cookie.java,14,2,7,0,0,1,2,3,398,2,3,0,false
4.1.0,createLogId,bookkeeper-server/src/main/java/org/apache/bookkeeper/bookie/EntryLogger.java,14,3,3,2,0,0,4,2,196,3,12,1,false
4.0.0,notifyListenersAndAddToOwnedTopics,hedwig-server/src/main/java/org/apache/hedwig/server/topics/AbstractTopicManager.java,42,2,2,0,0,0,1,0,4,2,3,0,false
4.0.0,hashCode,bookkeeper-server/src/main/java/org/apache/bookkeeper/proto/PerChannelBookieClient.java,3,1,0,1,0,1,0,0,4,3,8,0,false
4.1.0,parseLayout,bookkeeper-server/src/main/java/org/apache/bookkeeper/meta/LedgerLayout.java,26,6,6,4,1,1,1,1,204,1,1,1,false
4.0.0,loadConfFile,bookkeeper-server/src/main/java/org/apache/bookkeeper/proto/BookieServer.java,14,3,0,3,1,0,1,0,4,3,10,1,false
4.2.0,getDefaultMessageWindowSize,hedwig-server/src/main/java/org/apache/hedwig/server/common/ServerConfiguration.java,3,1,0,0,0,1,0,0,412,3,12,0,false
4.2.0,stop,hedwig-server/src/main/java/org/apache/hedwig/server/topics/MMTopicManager.java,9,2,0,1,1,0,0,0,165,1,1,0,false
4.1.0,getTriedServersCount,hedwig-protocol/src/main/java/org/apache/hedwig/protocol/PubSubProtocol.java,3,1,0,0,0,1,1,0,196,1,1,0,false
4.1.0,showTopics,hedwig-server/src/main/java/org/apache/hedwig/admin/console/HedwigConsole.java,5,1,1,0,0,0,1,1,0,1,1,0,false
4.1.0,hasMsg,hedwig-protocol/src/main/java/org/apache/hedwig/protocol/PubSubProtocol.java,3,1,0,0,0,1,1,1,196,1,1,0,false
4.0.0,operationFailed,hedwig-client/src/main/java/org/apache/hedwig/client/benchmark/BenchmarkUtils.java,3,1,0,0,0,0,0,1,4,1,2,0,false
4.2.0,getConsumeCallback,hedwig-client/src/main/java/org/apache/hedwig/client/netty/HedwigClientImpl.java,3,1,0,0,0,1,0,0,442,2,9,0,false
4.1.0,setStartDeliveryRequest,hedwig-protocol/src/main/java/org/apache/hedwig/protocol/PubSubProtocol.java,5,1,2,0,0,1,0,1,196,1,1,0,false
4.1.0,makeShellPath,bookkeeper-server/src/main/java/org/apache/bookkeeper/util/HardLink.java,27,5,6,2,1,2,4,0,90,1,1,3,false
4.2.0,getSslFactory,hedwig-client/src/main/java/org/apache/hedwig/client/netty/HedwigClientImpl.java,3,1,0,0,0,1,0,0,442,2,9,0,false
4.2.0,getNumReadAheadCacheThreads,hedwig-server/src/main/java/org/apache/hedwig/server/common/ServerConfiguration.java,3,1,0,0,0,1,0,0,412,3,12,1,false
4.2.0,getReadAheadCount,hedwig-server/src/main/java/org/apache/hedwig/server/common/ServerConfiguration.java,3,1,0,0,0,1,0,0,412,3,12,0,false
4.1.0,readEntry,bookkeeper-server/src/main/java/org/apache/bookkeeper/bookie/LedgerDescriptorImpl.java,3,1,0,0,0,1,0,1,84,1,1,0,false
4.0.0,main,hedwig-server/src/main/java/org/apache/hedwig/server/proxy/HedwigProxy.java,25,5,4,3,2,0,0,1,4,1,3,0,false
4.2.0,getMetastoreImplClass,hedwig-server/src/main/java/org/apache/hedwig/server/common/ServerConfiguration.java,3,1,0,0,0,1,0,0,412,3,12,0,false
4.1.0,getSerializedSize,hedwig-protocol/src/main/java/org/apache/hedwig/protocol/PubSubProtocol.java,49,14,19,1,0,2,1,25,196,1,1,15,false
4.1.0,stop,hedwig-server/src/main/java/org/apache/hedwig/server/delivery/DeliveryManager.java,1,1,0,0,0,0,0,0,196,1,2,0,false
4.2.0,parseAddr,bookkeeper-server/src/main/java/org/apache/bookkeeper/util/StringUtils.java,15,3,3,2,1,1,2,0,412,2,2,0,false
4.0.0,logger,hedwig-client/src/main/java/org/apache/hedwig/util/CallbackUtils.java,3,1,0,0,0,1,0,2,4,2,3,0,false
4.0.0,main,hedwig-server/src/main/java/org/apache/hedwig/server/benchmark/BookieBenchmark.java,4,1,1,0,0,0,0,1,4,2,4,0,false
4.2.0,getConsumeInterval,hedwig-server/src/main/java/org/apache/hedwig/server/common/ServerConfiguration.java,3,1,0,0,0,1,0,0,412,3,12,0,false
4.1.0,setBookieRecoveryDigestType,bookkeeper-server/src/main/java/org/apache/bookkeeper/conf/ClientConfiguration.java,4,1,0,0,0,1,0,0,225,2,3,0,true
4.2.0,readSubscriptions,hedwig-server/src/main/java/org/apache/hedwig/server/meta/ZkMetadataManagerFactory.java,61,1,1,0,0,0,0,1,191,1,6,4,false
4.1.0,loadConf,hedwig-server/src/main/java/org/apache/hedwig/server/common/ServerConfiguration.java,4,1,0,0,0,0,1,1,196,1,2,0,true
4.0.0,retrySubscribeRequest,hedwig-client/src/main/java/org/apache/hedwig/client/handlers/SubscribeReconnectCallback.java,4,2,0,0,0,1,3,4,4,1,3,0,false
4.1.0,safeProcessResult,hedwig-server/src/main/java/org/apache/hedwig/server/persistence/BookkeeperPersistenceManager.java,23,3,2,1,0,2,0,1,196,1,3,4,false
4.0.0,setMessageHandler,hedwig-client/src/main/java/org/apache/hedwig/client/handlers/SubscribeResponseHandler.java,13,7,1,2,0,0,0,1,4,3,5,2,false
4.0.0,shutdown,bookkeeper-server/src/main/java/org/apache/bookkeeper/bookie/EntryLogger.java,11,2,1,0,1,0,1,1,4,2,8,0,false
4.1.0,initiate,bookkeeper-server/src/main/java/org/apache/bookkeeper/client/LedgerRecoveryOp.java,6,2,2,0,0,0,2,3,196,3,6,0,false
4.2.0,getNewBookie,bookkeeper-server/src/main/java/org/apache/bookkeeper/client/BookKeeperAdmin.java,9,2,1,0,0,1,1,0,484,3,13,0,false
4.1.0,containsActiveLedger,bookkeeper-server/src/main/java/org/apache/bookkeeper/meta/FlatLedgerManager.java,1,1,0,0,0,0,0,0,204,2,2,0,false
4.1.0,run,bookkeeper-benchmark/src/main/java/org/apache/bookkeeper/benchmark/BenchReadThroughputLatency.java,3,1,0,0,0,0,0,4,0,1,1,0,false
4.2.0,deleteSubscriptionData,hedwig-server/src/main/java/org/apache/hedwig/server/subscriptions/InMemorySubscriptionManager.java,3,1,0,0,0,0,0,0,412,2,5,0,false
4.1.0,getRangesCount,hedwig-protocol/src/main/java/org/apache/hedwig/protocol/PubSubProtocol.java,3,1,0,0,0,1,1,0,196,1,1,0,false
4.1.0,waitForComplete,bookkeeper-benchmark/src/main/java/org/apache/bookkeeper/benchmark/BenchBookie.java,5,2,0,0,0,0,1,0,0,1,2,0,false
4.0.0,readLastConfirmedComplete,bookkeeper-server/src/main/java/org/apache/bookkeeper/client/LedgerOpenOp.java,9,2,2,0,0,0,0,0,4,2,8,0,false
4.1.0,run,hedwig-client/src/main/java/org/apache/hedwig/client/handlers/SubscribeReconnectCallback.java,5,2,0,1,0,0,0,0,196,1,1,0,false
4.1.0,getReadAheadCount,hedwig-server/src/main/java/org/apache/hedwig/server/common/ServerConfiguration.java,3,1,0,0,0,1,0,0,196,1,2,0,true
4.2.0,notifyFirstLocalSubscribe,hedwig-server/src/main/java/org/apache/hedwig/server/subscriptions/AbstractSubscriptionManager.java,6,2,1,0,0,0,2,0,412,2,10,0,false
4.0.0,getLedgerPasswd,bookkeeper-server/src/main/java/org/apache/bookkeeper/tools/BookKeeperTools.java,3,1,0,0,0,1,1,0,4,2,5,0,false
4.2.0,setInstanceId,bookkeeper-server/src/main/java/org/apache/bookkeeper/bookie/Cookie.java,3,1,1,0,0,0,1,0,398,2,3,0,false
4.2.0,getReadAheadSizeBytes,hedwig-server/src/main/java/org/apache/hedwig/server/common/ServerConfiguration.java,3,1,0,1,0,1,0,0,412,3,12,0,false
4.1.0,getDescriptor,hedwig-protocol/src/main/java/org/apache/hedwig/protocol/PubSubProtocol.java,3,1,0,0,0,1,1,0,196,1,1,0,false
4.2.0,operationFinished,hedwig-server/src/main/java/org/apache/hedwig/server/persistence/BookkeeperPersistenceManager.java,2,1,0,0,0,0,0,16,412,3,11,0,false
4.1.0,setCode,bookkeeper-server/src/main/java/org/apache/bookkeeper/bookie/BookieException.java,3,1,1,0,0,0,0,0,196,2,2,0,false
4.2.0,setConsumeSeqIdForSubscriber,hedwig-server/src/main/java/org/apache/hedwig/server/subscriptions/AbstractSubscriptionManager.java,3,1,0,0,0,0,0,1,412,2,10,0,false
4.1.0,asyncCloseSubscription,hedwig-client/src/main/java/org/apache/hedwig/client/netty/HedwigSubscriber.java,26,3,4,2,0,0,3,3,196,1,4,2,true
4.1.0,readLastConfirmedDataComplete,bookkeeper-server/src/main/java/org/apache/bookkeeper/client/LedgerRecoveryOp.java,13,3,3,0,0,0,0,2,196,3,6,0,false
4.2.0,refreshRegionList,hedwig-server/src/main/java/org/apache/hedwig/server/common/ServerConfiguration.java,9,2,3,0,0,0,2,0,412,3,12,1,false
4.1.0,getZkTimeout,hedwig-server/src/main/java/org/apache/hedwig/server/common/ServerConfiguration.java,3,1,0,0,0,1,1,0,196,1,2,0,true
4.0.0,getMaximumMessageSize,hedwig-client/src/main/java/org/apache/hedwig/client/conf/ClientConfiguration.java,3,1,0,1,0,1,0,0,4,1,2,0,false
4.1.0,hasMsgId,hedwig-protocol/src/main/java/org/apache/hedwig/protocol/PubSubProtocol.java,3,1,0,0,0,1,1,1,196,1,1,0,false
4.1.0,mergeStartDeliveryRequest,hedwig-protocol/src/main/java/org/apache/hedwig/protocol/PubSubProtocol.java,10,3,3,0,0,1,1,5,196,1,1,2,false
4.1.0,process,bookkeeper-server/src/main/java/org/apache/bookkeeper/util/LocalBookKeeper.java,2,1,0,0,0,0,0,0,196,2,3,0,false
4.1.0,toBuilder,hedwig-protocol/src/main/java/org/apache/hedwig/protocol/PubSubProtocol.java,3,1,0,0,0,1,0,1,196,1,1,2,false
4.0.0,run,hedwig-client/src/main/java/org/apache/hedwig/client/benchmark/BenchmarkUtils.java,13,4,4,1,1,0,0,36,4,1,2,2,false
4.2.0,getLastEntry,bookkeeper-server/src/main/java/org/apache/bookkeeper/bookie/LedgerCacheImpl.java,52,12,14,11,1,1,1,10,384,2,9,4,false
4.2.0,getZkHost,hedwig-server/src/main/java/org/apache/hedwig/server/common/ServerConfiguration.java,3,1,0,0,0,1,0,0,412,3,12,0,false
4.0.0,addEntry,bookkeeper-server/src/main/java/org/apache/bookkeeper/bookie/LedgerDescriptor.java,11,2,3,1,0,1,4,2,4,2,4,0,false
4.2.0,getVoteSequenceId,bookkeeper-server/src/main/java/org/apache/bookkeeper/replication/AuditorElector.java,4,1,1,0,0,1,1,0,4,2,5,0,false
4.1.0,getLedgerId,bookkeeper-server/src/main/java/org/apache/bookkeeper/bookie/LedgerDescriptorImpl.java,3,1,0,0,0,1,0,0,84,1,1,0,false
4.2.0,openComplete,bookkeeper-server/src/main/java/org/apache/bookkeeper/client/BookKeeperAdmin.java,83,18,17,4,3,4,0,13,484,3,13,13,false
4.2.0,readTopicPersistenceInfo,hedwig-server/src/main/java/org/apache/hedwig/server/meta/ZkMetadataManagerFactory.java,18,1,1,0,0,0,0,1,191,1,6,2,false
4.1.0,processPacket,bookkeeper-server/src/main/java/org/apache/bookkeeper/proto/NIOServerFactory.java,1,1,0,0,0,0,1,0,196,1,4,0,false
4.1.0,toString,bookkeeper-server/src/main/java/org/apache/bookkeeper/bookie/EntryLogger.java,5,1,1,0,0,1,0,0,196,3,12,0,false
4.2.0,getBkQuorumSize,hedwig-server/src/main/java/org/apache/hedwig/server/common/ServerConfiguration.java,3,1,0,0,0,1,2,0,412,3,12,0,false
4.0.0,getMsg,hedwig-client/src/main/java/org/apache/hedwig/client/benchmark/BenchmarkPublisher.java,9,2,4,0,0,1,2,0,4,1,2,0,false
4.2.0,isPartialUpdateSupported,hedwig-server/src/main/java/org/apache/hedwig/server/subscriptions/InMemorySubscriptionManager.java,3,1,0,0,0,1,0,0,412,2,5,0,false
4.0.0,sendingFinished,hedwig-server/src/main/java/org/apache/hedwig/server/delivery/FIFODeliveryManager.java,12,3,3,1,0,1,1,2,4,2,3,0,false
4.2.0,getOpenFileLimit,bookkeeper-server/src/main/java/org/apache/bookkeeper/bookie/LedgerCacheImpl.java,3,1,0,0,0,1,0,0,384,2,9,0,false
4.1.0,topicSubscriberPath,hedwig-server/src/main/java/org/apache/hedwig/admin/HedwigAdmin.java,3,1,0,0,0,1,2,1,0,2,2,0,false
4.2.0,operationFinished,hedwig-client/src/main/java/org/apache/hedwig/client/netty/HedwigPublisher.java,4,2,0,0,0,0,0,0,412,2,6,0,false
4.2.0,maybeSendSpeculativeRead,bookkeeper-server/src/main/java/org/apache/bookkeeper/client/PendingReadOp.java,14,3,2,0,0,3,1,3,412,3,12,3,false
4.1.0,operationFailed,hedwig-server/src/main/java/org/apache/hedwig/server/handlers/BaseHandler.java,4,1,0,0,0,0,0,2,196,1,1,2,false
4.1.0,getStartDeliveryHandler,hedwig-server/src/main/java/org/apache/hedwig/server/proxy/HedwigProxy.java,3,1,0,0,0,1,0,0,196,1,2,0,false
4.1.0,operationFinished,hedwig-server/src/main/java/org/apache/hedwig/server/topics/AbstractTopicManager.java,20,2,0,0,0,0,0,10,196,1,1,0,false
4.2.0,getMessageHandler,hedwig-client/src/main/java/org/apache/hedwig/client/netty/impl/simple/SimpleSubscribeResponseHandler.java,3,1,0,0,0,1,0,0,113,1,4,0,false
4.1.0,asyncSubUnsub,hedwig-client/src/main/java/org/apache/hedwig/client/netty/HedwigSubscriber.java,16,5,2,1,0,0,3,3,196,1,4,6,true
4.1.0,consume,hedwig-client/src/main/java/org/apache/hedwig/client/netty/HedwigSubscriber.java,9,3,2,2,0,0,0,4,196,1,4,0,true
4.0.0,sendResponse,bookkeeper-server/src/main/java/org/apache/bookkeeper/proto/NIOServerFactory.java,13,3,0,0,0,1,2,2,4,3,7,1,false
4.0.0,main,hedwig-server/src/main/java/org/apache/hedwig/server/netty/PubSubServer.java,25,5,4,3,2,0,0,5,4,2,5,0,false
4.1.0,getName,hedwig-server/src/main/java/org/apache/hedwig/admin/console/HedwigCommands.java,3,1,0,0,0,1,1,0,0,1,1,0,false
4.1.0,getMacCodeLength,bookkeeper-server/src/main/java/org/apache/bookkeeper/client/MacDigestManager.java,3,1,0,0,0,1,0,0,196,1,1,0,false
4.0.0,writeSameEntryBatch,bookkeeper-benchmark/src/main/java/org/apache/bookkeeper/benchmark/MySqlClient.java,14,2,4,6,0,0,1,0,4,2,3,0,false
4.2.0,shutdown,bookkeeper-server/src/main/java/org/apache/bookkeeper/util/OrderedSafeExecutor.java,5,2,1,0,0,0,0,0,412,2,2,0,false
4.2.0,addEntry,bookkeeper-server/src/main/java/org/apache/bookkeeper/client/ReadOnlyLedgerHandle.java,4,1,0,1,0,0,1,0,445,1,2,0,false
4.1.0,getDuration,bookkeeper-benchmark/src/main/java/org/apache/bookkeeper/benchmark/BenchThroughputLatency.java,3,1,0,0,0,1,2,0,0,3,4,0,false
4.0.0,updateZnodeStatus,bookkeeper-server/src/main/java/org/apache/bookkeeper/client/LedgerMetadata.java,3,1,1,0,0,0,3,0,4,3,6,0,false
4.1.0,getRemoteComponentsCount,hedwig-protocol/src/main/java/org/apache/hedwig/protocol/PubSubProtocol.java,3,1,0,0,0,1,0,1,196,1,1,0,false
4.0.0,addCnxn,bookkeeper-server/src/main/java/org/apache/bookkeeper/proto/NIOServerFactory.java,5,1,0,0,0,0,1,0,4,3,7,0,false
4.0.0,validate,hedwig-client/src/main/java/org/apache/hedwig/client/conf/ClientConfiguration.java,5,3,0,0,0,0,0,2,4,1,2,1,false
4.1.0,extractMetaFromEntryLog,bookkeeper-server/src/main/java/org/apache/bookkeeper/bookie/EntryLogger.java,12,2,2,2,1,1,0,3,196,3,12,0,false
4.0.0,tearDown,hedwig-server/src/main/java/org/apache/hedwig/server/benchmark/BookkeeperBenchmark.java,3,1,0,0,0,0,0,1,4,2,3,0,false
4.2.0,deleteOwnerInfo,hedwig-server/src/main/java/org/apache/hedwig/server/meta/TopicOwnershipManager.java,1,1,0,0,0,0,0,0,165,1,1,0,false
4.1.0,getEntriesPerPage,bookkeeper-server/src/main/java/org/apache/bookkeeper/bookie/LedgerCacheImpl.java,3,1,0,0,0,1,1,0,84,3,6,0,true
4.1.0,doGcEntryLogs,bookkeeper-server/src/main/java/org/apache/bookkeeper/bookie/EntryLogger.java,32,8,3,2,2,0,1,1,196,3,12,7,false
4.1.0,read,bookkeeper-server/src/main/java/org/apache/bookkeeper/bookie/FileInfo.java,3,1,0,1,0,1,2,1,196,1,4,0,false
4.1.0,getPassword,hedwig-server/src/main/java/org/apache/hedwig/server/common/ServerConfiguration.java,3,1,0,0,0,1,1,0,196,1,2,0,true
4.2.0,operationFailed,hedwig-client/src/main/java/org/apache/hedwig/client/netty/impl/simple/SimpleSubscribeResponseHandler.java,3,1,0,0,0,0,0,1,113,1,4,0,false
4.1.0,getMessage,bookkeeper-server/src/main/java/org/apache/bookkeeper/bookie/BookieException.java,27,9,8,0,0,2,0,0,196,2,2,0,false
4.0.0,doOps,hedwig-server/src/main/java/org/apache/hedwig/server/benchmark/BookieBenchmark.java,26,2,10,0,0,0,0,1,4,2,4,3,false
4.2.0,getHChannelManager,hedwig-client/src/main/java/org/apache/hedwig/client/netty/impl/simple/SimpleSubscribeResponseHandler.java,3,1,0,0,0,1,0,0,113,1,4,0,false
4.1.0,getSSLSocketAddress,hedwig-client/src/main/java/org/apache/hedwig/util/HedwigSocketAddress.java,3,1,0,0,0,1,0,0,196,1,1,0,false
4.1.0,errorOutReadKey,bookkeeper-server/src/main/java/org/apache/bookkeeper/proto/PerChannelBookieClient.java,12,1,0,0,0,0,3,0,196,3,10,1,false
4.2.0,updateSubscriptionStates,hedwig-server/src/main/java/org/apache/hedwig/server/subscriptions/AbstractSubscriptionManager.java,18,4,3,0,0,0,2,1,412,2,10,2,false
4.1.0,getProxyPort,hedwig-server/src/main/java/org/apache/hedwig/server/proxy/ProxyConfiguration.java,3,1,0,0,0,1,1,0,196,1,1,0,false
4.2.0,deliveredUntil,hedwig-server/src/main/java/org/apache/hedwig/server/persistence/BookkeeperPersistenceManager.java,2,1,0,0,0,0,0,0,412,3,11,0,false
4.1.0,mergeMessage,hedwig-protocol/src/main/java/org/apache/hedwig/protocol/PubSubProtocol.java,10,3,3,0,0,1,1,5,196,1,1,2,false
4.1.0,scanMessages,hedwig-server/src/main/java/org/apache/hedwig/server/persistence/BookkeeperPersistenceManager.java,3,1,0,0,0,0,0,1,196,1,3,0,true
4.0.0,stopServingSubscriber,hedwig-server/src/main/java/org/apache/hedwig/server/delivery/FIFODeliveryManager.java,3,1,0,0,0,0,3,2,4,2,3,0,false
4.2.0,addActiveLedger,bookkeeper-server/src/main/java/org/apache/bookkeeper/meta/AbstractZkLedgerManager.java,3,1,0,0,0,0,0,0,420,3,7,0,false
4.1.0,readLog,bookkeeper-server/src/main/java/org/apache/bookkeeper/bookie/Journal.java,31,6,9,3,2,0,1,0,56,1,2,0,false
4.1.0,createHardLink,bookkeeper-server/src/main/java/org/apache/bookkeeper/util/HardLink.java,3,1,0,0,0,0,2,2,90,1,1,0,false
4.2.0,flushLedger,bookkeeper-server/src/main/java/org/apache/bookkeeper/bookie/LedgerCacheImpl.java,83,18,18,4,2,2,1,10,384,2,9,9,false
4.1.0,addEntry,bookkeeper-server/src/main/java/org/apache/bookkeeper/bookie/EntryLogger.java,13,2,3,2,0,1,1,2,196,3,12,2,false
4.1.0,getReplicaIndex,bookkeeper-server/src/main/java/org/apache/bookkeeper/client/RoundRobinDistributionSchedule.java,4,2,1,1,0,1,0,0,196,1,1,0,false
4.1.0,setReadTimeout,bookkeeper-server/src/main/java/org/apache/bookkeeper/conf/ClientConfiguration.java,4,1,0,0,0,1,0,0,225,2,3,0,true
4.1.0,deliver,hedwig-server/src/main/java/org/apache/hedwig/server/regions/RegionManager.java,16,2,0,0,0,0,0,0,196,1,3,1,false
4.1.0,stop,hedwig-server/src/main/java/org/apache/hedwig/server/subscriptions/AbstractSubscriptionManager.java,3,1,0,0,0,0,1,0,196,1,4,0,true
4.2.0,operationFinished,hedwig-server/src/main/java/org/apache/hedwig/server/topics/MMTopicManager.java,3,1,0,0,0,0,0,16,165,1,1,0,false
4.0.0,writeComplete,bookkeeper-server/src/main/java/org/apache/bookkeeper/client/PendingAddOp.java,27,7,3,3,0,3,0,4,4,2,3,3,false
4.0.0,setLastScanErrorTime,hedwig-server/src/main/java/org/apache/hedwig/server/delivery/FIFODeliveryManager.java,3,1,1,0,0,0,1,0,4,2,3,0,false
4.0.0,readEntryComplete,bookkeeper-server/src/main/java/org/apache/bookkeeper/client/PendingReadOp.java,26,6,4,3,1,2,0,4,4,2,3,1,false
4.0.0,doOps,hedwig-server/src/main/java/org/apache/hedwig/server/benchmark/AbstractBenchmark.java,1,1,0,0,0,0,1,0,4,1,2,0,false
4.1.0,getLastLocalSeqIdDelivered,hedwig-server/src/main/java/org/apache/hedwig/server/delivery/FIFODeliveryManager.java,3,1,0,0,0,1,0,0,196,1,2,0,false
4.1.0,getPercentile,hedwig-client/src/main/java/org/apache/hedwig/client/benchmark/BenchmarkUtils.java,11,3,4,6,0,2,1,0,196,1,1,0,false
4.0.0,getMessageConsumeRetryWaitTime,hedwig-client/src/main/java/org/apache/hedwig/client/conf/ClientConfiguration.java,3,1,0,0,0,1,1,0,4,1,2,0,false
4.1.0,getSubscriberId,hedwig-protocol/src/main/java/org/apache/hedwig/protocol/PubSubProtocol.java,3,1,0,0,0,1,0,1,196,1,1,0,false
4.1.0,submitCallback,bookkeeper-server/src/main/java/org/apache/bookkeeper/client/PendingAddOp.java,4,1,0,0,0,0,2,1,196,2,2,1,true
4.2.0,handleSubscribeMessage,hedwig-client/src/main/java/org/apache/hedwig/client/netty/impl/simple/SimpleSubscribeResponseHandler.java,18,5,2,0,0,0,0,1,113,1,4,0,false
4.2.0,checkLedger,bookkeeper-server/src/main/java/org/apache/bookkeeper/client/LedgerChecker.java,45,11,13,1,0,1,0,2,154,1,3,3,false
4.2.0,initialize,bookkeeper-server/src/main/java/org/apache/bookkeeper/replication/Auditor.java,19,5,3,0,1,0,1,0,4,1,3,0,false
4.1.0,getJournalQueueLength,bookkeeper-server/src/main/java/org/apache/bookkeeper/bookie/Journal.java,3,1,0,0,0,1,0,0,56,1,2,0,false
4.1.0,process,bookkeeper-server/src/main/java/org/apache/bookkeeper/client/BookieWatcher.java,21,4,3,1,1,1,1,1,196,1,3,1,false
4.1.0,shutdown,hedwig-server/src/main/java/org/apache/hedwig/server/proxy/HedwigProxy.java,5,1,0,0,0,0,0,0,196,1,2,1,false
4.1.0,uncaughtException,hedwig-server/src/main/java/org/apache/hedwig/server/proxy/HedwigProxy.java,3,1,0,0,0,0,0,0,196,1,2,0,false
4.1.0,consumedUntil,hedwig-server/src/main/java/org/apache/hedwig/server/persistence/BookkeeperPersistenceManager.java,19,5,2,1,1,1,0,2,196,1,3,5,true
4.0.0,stop,hedwig-server/src/main/java/org/apache/hedwig/server/regions/RegionManager.java,5,2,0,0,0,0,0,1,4,1,3,0,false
4.1.0,close,bookkeeper-server/src/main/java/org/apache/bookkeeper/proto/PerChannelBookieClient.java,9,3,1,0,0,0,0,0,196,3,10,1,false
4.1.0,setBookieRecoveryPasswd,bookkeeper-server/src/main/java/org/apache/bookkeeper/conf/ClientConfiguration.java,4,1,0,0,0,1,0,0,225,2,3,0,true
4.1.0,process,bookkeeper-server/src/main/java/org/apache/bookkeeper/bookie/InterleavedLedgerStorage.java,3,1,0,0,0,0,0,1,56,2,3,0,false
4.2.0,processTopicLedgerRanges,hedwig-server/src/main/java/org/apache/hedwig/server/persistence/BookkeeperPersistenceManager.java,23,4,7,2,0,2,1,4,412,3,11,5,false
4.1.0,getOpCode,bookkeeper-server/src/main/java/org/apache/bookkeeper/proto/BookieProtocol.java,3,1,0,0,0,1,1,0,196,2,3,0,false
4.2.0,removeSubscriptionListener,hedwig-client/src/main/java/org/apache/hedwig/client/netty/HedwigSubscriber.java,3,1,0,0,0,0,0,2,412,2,9,1,false
4.0.0,getLedgerEntryPage,bookkeeper-server/src/main/java/org/apache/bookkeeper/bookie/LedgerCache.java,14,4,1,0,1,2,3,3,4,2,6,0,false
4.1.0,setStopDeliveryRequest,hedwig-protocol/src/main/java/org/apache/hedwig/protocol/PubSubProtocol.java,5,1,2,0,0,1,0,1,196,1,1,0,false
4.2.0,asyncCloseSubscription,hedwig-client/src/main/java/org/apache/hedwig/client/netty/HedwigSubscriber.java,3,1,0,0,0,0,3,3,412,2,9,0,false
4.1.0,getSSLServerPort,hedwig-server/src/main/java/org/apache/hedwig/server/common/ServerConfiguration.java,3,1,0,0,0,1,2,0,196,1,2,0,true
4.1.0,setLedger,bookkeeper-server/src/main/java/org/apache/bookkeeper/bookie/LedgerEntryPage.java,3,1,1,0,0,0,0,0,196,2,2,0,false
4.1.0,acquiredTopic,hedwig-server/src/main/java/org/apache/hedwig/server/subscriptions/AbstractSubscriptionManager.java,3,1,0,0,0,0,0,1,196,1,4,0,true
4.1.0,isPinned,bookkeeper-server/src/main/java/org/apache/bookkeeper/bookie/LedgerEntryPage.java,3,1,0,0,0,1,0,0,196,2,2,0,false
4.1.0,getSSLPort,hedwig-client/src/main/java/org/apache/hedwig/util/HedwigSocketAddress.java,3,1,0,0,0,1,0,0,196,1,1,0,false
4.1.0,mergeConsumeRequest,hedwig-protocol/src/main/java/org/apache/hedwig/protocol/PubSubProtocol.java,10,3,3,0,0,1,1,5,196,1,1,2,false
4.0.0,getFirstEntry,bookkeeper-server/src/main/java/org/apache/bookkeeper/bookie/LedgerEntryPage.java,3,1,0,0,0,1,10,0,4,2,2,0,false
4.0.0,publish,hedwig-client/src/main/java/org/apache/hedwig/client/netty/HedwigPublisher.java,31,8,3,2,1,0,0,5,4,2,4,1,false
4.2.0,sendNextRead,bookkeeper-server/src/main/java/org/apache/bookkeeper/client/PendingReadOp.java,21,3,3,1,1,3,3,2,412,3,12,4,false
4.1.0,createSubscriptionState,hedwig-server/src/main/java/org/apache/hedwig/server/subscriptions/AbstractSubscriptionManager.java,1,1,0,0,0,0,1,0,196,1,4,0,false
4.0.0,setNotConnected,hedwig-server/src/main/java/org/apache/hedwig/server/delivery/FIFODeliveryManager.java,4,1,1,0,0,0,1,0,4,2,3,0,false
4.0.0,recoverComplete,bookkeeper-server/src/main/java/org/apache/bookkeeper/tools/BookKeeperTools.java,8,1,2,1,0,0,0,0,4,2,5,0,false
4.0.0,putEntryOffset,bookkeeper-server/src/main/java/org/apache/bookkeeper/bookie/LedgerCache.java,17,3,4,3,0,1,1,6,4,2,6,0,false
4.2.0,createOwnerInfo,hedwig-server/src/main/java/org/apache/hedwig/server/meta/ZkMetadataManagerFactory.java,21,1,1,0,0,0,1,1,191,1,6,3,false
4.2.0,deleteLedger,bookkeeper-server/src/main/java/org/apache/bookkeeper/bookie/LedgerCacheImpl.java,36,4,4,0,1,0,0,4,384,2,9,1,false
4.1.0,exceptionCaught,hedwig-server/src/main/java/org/apache/hedwig/server/netty/UmbrellaHandler.java,13,5,2,0,0,0,0,0,196,1,1,1,false
4.1.0,readLength,bookkeeper-server/src/main/java/org/apache/bookkeeper/proto/NIOServerFactory.java,7,3,2,1,0,0,1,0,196,1,4,0,false
4.0.0,addEntry,bookkeeper-server/src/main/java/org/apache/bookkeeper/proto/PerChannelBookieClient.java,25,1,6,3,0,0,1,4,4,3,8,4,false
4.1.0,hasProtocolVersion,hedwig-protocol/src/main/java/org/apache/hedwig/protocol/PubSubProtocol.java,3,1,0,0,0,1,4,0,196,1,1,0,false
4.1.0,isSpecialZnode,bookkeeper-server/src/main/java/org/apache/bookkeeper/meta/HierarchicalLedgerManager.java,3,1,0,0,0,1,2,0,204,2,4,0,false
4.1.0,getPacketsSent,bookkeeper-server/src/main/java/org/apache/bookkeeper/proto/NIOServerFactory.java,3,1,0,0,0,1,1,0,196,1,4,0,false
4.1.0,getQueueLength,bookkeeper-server/src/main/java/org/apache/bookkeeper/bookie/BookieBean.java,3,1,0,0,0,1,0,1,132,1,1,1,false
4.0.0,writeComplete,bookkeeper-server/src/main/java/org/apache/bookkeeper/proto/BookieServer.java,13,2,2,1,0,0,0,3,4,3,10,4,false
4.1.0,getEnsembles,bookkeeper-server/src/main/java/org/apache/bookkeeper/client/LedgerMetadata.java,3,1,0,0,0,1,4,0,196,3,5,0,true
4.2.0,getZkPrefix,hedwig-server/src/main/java/org/apache/hedwig/server/common/ServerConfiguration.java,3,1,0,0,0,1,2,0,412,3,12,0,false
4.1.0,shutdown,bookkeeper-server/src/main/java/org/apache/bookkeeper/bookie/Journal.java,13,3,1,0,1,1,1,0,56,1,2,0,false
4.0.0,multiCallback,hedwig-client/src/main/java/org/apache/hedwig/util/CallbackUtils.java,32,2,0,0,0,2,2,0,4,2,3,0,false
4.0.0,setFenced,bookkeeper-server/src/main/java/org/apache/bookkeeper/bookie/LedgerDescriptor.java,3,1,1,0,0,0,1,0,4,2,4,0,false
4.1.0,markLog,bookkeeper-server/src/main/java/org/apache/bookkeeper/bookie/Journal.java,3,1,1,0,0,0,1,1,56,1,2,0,false
4.1.0,setProtocolVersion,hedwig-protocol/src/main/java/org/apache/hedwig/protocol/PubSubProtocol.java,8,2,2,0,0,1,4,0,196,1,1,0,false
4.0.0,run,hedwig-client/src/main/java/org/apache/hedwig/client/handlers/SubscribeReconnectCallback.java,5,2,0,1,0,0,0,1,4,1,3,0,false
4.1.0,closeSubscription,hedwig-client/src/main/java/org/apache/hedwig/client/netty/HedwigSubscriber.java,16,4,2,1,1,0,2,4,196,1,4,0,true
4.2.0,checkPubSubDataToTimeOut,hedwig-client/src/main/java/org/apache/hedwig/client/netty/HedwigClientImpl.java,7,2,0,2,0,0,1,0,442,2,9,1,false
4.1.0,getOwner,hedwig-server/src/main/java/org/apache/hedwig/server/topics/AbstractTopicManager.java,3,1,0,0,0,0,0,1,196,1,1,0,false
4.1.0,setShouldClaim,hedwig-protocol/src/main/java/org/apache/hedwig/protocol/PubSubProtocol.java,5,1,2,0,0,1,3,0,196,1,1,0,false
4.2.0,readFromZooKeeper,bookkeeper-server/src/main/java/org/apache/bookkeeper/bookie/Cookie.java,14,1,6,0,1,1,2,3,398,2,3,0,false
4.1.0,printTopicLedgers,hedwig-server/src/main/java/org/apache/hedwig/admin/console/HedwigConsole.java,23,6,6,2,0,2,1,0,0,1,1,4,false
4.1.0,initFields,hedwig-protocol/src/main/java/org/apache/hedwig/protocol/PubSubProtocol.java,10,1,8,0,0,0,2,6,196,1,1,8,false
4.1.0,enableRecv,bookkeeper-server/src/main/java/org/apache/bookkeeper/proto/NIOServerFactory.java,8,4,1,0,0,0,1,0,196,1,4,0,false
4.1.0,mergeEndSeqIdIncluded,hedwig-protocol/src/main/java/org/apache/hedwig/protocol/PubSubProtocol.java,10,3,3,0,0,1,1,5,196,1,1,2,false
4.1.0,addRanges,hedwig-protocol/src/main/java/org/apache/hedwig/protocol/PubSubProtocol.java,10,3,1,0,0,1,1,0,196,1,1,2,false
4.1.0,updateLoadInformation,hedwig-server/src/main/java/org/apache/hedwig/server/topics/ZkTopicManager.java,7,2,1,1,0,0,1,1,196,1,2,0,false
4.1.0,getFlags,bookkeeper-server/src/main/java/org/apache/bookkeeper/proto/BookieProtocol.java,3,1,0,0,0,1,1,0,196,2,3,0,false
4.1.0,grabLedgerEntryPage,bookkeeper-server/src/main/java/org/apache/bookkeeper/bookie/LedgerCacheImpl.java,17,2,1,0,1,1,2,3,84,3,6,0,true
4.2.0,readEntryComplete,bookkeeper-server/src/main/java/org/apache/bookkeeper/client/ReadLastConfirmedOp.java,36,14,8,2,1,1,0,4,666,2,3,2,false
4.1.0,close,bookkeeper-server/src/main/java/org/apache/bookkeeper/client/LedgerMetadata.java,3,1,1,0,0,0,2,0,196,3,5,0,true
4.1.0,executeLine,hedwig-server/src/main/java/org/apache/hedwig/admin/console/HedwigConsole.java,8,2,0,0,0,0,1,3,0,1,1,0,false
4.0.0,doConsume,hedwig-client/src/main/java/org/apache/hedwig/client/netty/HedwigSubscriber.java,22,2,4,1,0,0,2,1,4,1,3,1,false
4.0.0,handleAddResponse,bookkeeper-server/src/main/java/org/apache/bookkeeper/proto/PerChannelBookieClient.java,27,6,5,3,0,1,1,2,4,3,8,0,false
4.2.0,join,bookkeeper-server/src/main/java/org/apache/bookkeeper/replication/AutoRecoveryMain.java,3,1,0,0,0,0,1,0,106,2,5,0,false
4.1.0,releasePage,bookkeeper-server/src/main/java/org/apache/bookkeeper/bookie/LedgerEntryPage.java,6,2,0,0,0,0,0,0,196,2,2,0,false
4.1.0,runInternal,hedwig-server/src/main/java/org/apache/hedwig/server/persistence/BookkeeperPersistenceManager.java,14,6,1,0,0,1,0,1,196,1,3,1,true
4.1.0,setCreateOrAttach,hedwig-protocol/src/main/java/org/apache/hedwig/protocol/PubSubProtocol.java,8,2,2,0,0,1,4,0,196,1,1,0,false
4.2.0,close,bookkeeper-server/src/main/java/org/apache/bookkeeper/meta/LedgerUnderreplicationManager.java,1,1,0,0,0,0,0,0,157,1,2,0,false
4.0.0,getTopic,hedwig-server/src/main/java/org/apache/hedwig/server/delivery/FIFODeliveryManager.java,3,1,0,0,0,1,3,0,4,2,3,0,false
4.2.0,doPublish,hedwig-client/src/main/java/org/apache/hedwig/client/netty/HedwigPublisher.java,28,5,6,2,1,1,3,3,412,2,6,2,false
4.0.0,hashCode,bookkeeper-server/src/main/java/org/apache/bookkeeper/bookie/LedgerEntryPage.java,3,1,0,0,0,1,0,2,4,2,2,0,false
4.1.0,getMsgId,hedwig-protocol/src/main/java/org/apache/hedwig/protocol/PubSubProtocol.java,3,1,0,0,0,1,1,1,196,1,1,0,false
4.2.0,asyncRecoverBookieData,bookkeeper-server/src/main/java/org/apache/bookkeeper/client/BookKeeperAdmin.java,13,1,0,0,0,0,1,0,484,3,13,2,false
4.0.0,getSubscribeReconnectRetryWaitTime,hedwig-client/src/main/java/org/apache/hedwig/client/conf/ClientConfiguration.java,3,1,0,0,0,1,0,0,4,1,2,0,false
4.2.0,createSubscriptionState,hedwig-server/src/main/java/org/apache/hedwig/server/meta/ZkMetadataManagerFactory.java,21,1,0,0,0,0,0,1,191,1,6,2,false
4.2.0,isHidden,bookkeeper-server/src/main/java/org/apache/bookkeeper/proto/BookieServerBean.java,3,1,0,0,0,1,0,0,480,1,1,0,false
4.0.0,run,hedwig-server/src/main/java/org/apache/hedwig/server/regions/RegionManager.java,6,2,1,0,0,0,0,0,4,1,3,1,false
4.1.0,addEnsemble,bookkeeper-server/src/main/java/org/apache/bookkeeper/client/LedgerMetadata.java,5,2,1,0,0,0,3,0,196,3,5,0,true
4.2.0,removeChannelForTopic,hedwig-client/src/main/java/org/apache/hedwig/client/netty/HedwigSubscriber.java,3,1,0,0,0,0,0,0,412,2,9,0,false
4.1.0,startServingSubscription,hedwig-server/src/main/java/org/apache/hedwig/server/delivery/FIFODeliveryManager.java,4,1,1,1,0,0,0,2,196,1,2,0,false
4.0.0,createTempDirectory,hedwig-client/src/main/java/org/apache/hedwig/util/FileUtils.java,3,1,0,0,0,1,0,1,4,1,1,0,false
4.2.0,newSubscriptionDataManager,hedwig-server/src/main/java/org/apache/hedwig/server/meta/ZkMetadataManagerFactory.java,3,1,0,0,0,1,0,1,191,1,6,0,false
4.2.0,getNumCleanLedgers,bookkeeper-server/src/main/java/org/apache/bookkeeper/bookie/LedgerCacheImpl.java,3,1,0,0,0,1,0,0,384,2,9,0,false
4.0.0,toString,hedwig-server/src/main/java/org/apache/hedwig/server/delivery/FIFODeliveryManager.java,8,1,1,0,0,1,0,0,4,2,3,0,false
4.1.0,readLastConfirmedDataComplete,bookkeeper-server/src/main/java/org/apache/bookkeeper/client/ReadLastConfirmedOp.java,1,1,0,0,0,0,1,0,450,2,5,0,true
4.2.0,printUsage,bookkeeper-server/src/main/java/org/apache/bookkeeper/replication/AutoRecoveryMain.java,4,1,1,0,0,0,1,0,106,2,5,0,false
4.2.0,grabCleanPage,bookkeeper-server/src/main/java/org/apache/bookkeeper/bookie/LedgerCacheImpl.java,60,14,8,2,0,2,3,9,384,2,9,14,false
4.0.0,openComplete,bookkeeper-server/src/main/java/org/apache/bookkeeper/client/BookKeeperAdmin.java,44,10,9,3,2,3,0,16,40,2,5,4,false
4.1.0,newZookeeper,bookkeeper-server/src/main/java/org/apache/bookkeeper/bookie/FileSystemUpgrade.java,24,4,2,1,1,1,2,0,0,2,3,1,false
4.1.0,computeDigestAndPackageForSending,bookkeeper-server/src/main/java/org/apache/bookkeeper/client/DigestManager.java,17,1,3,1,0,1,2,2,196,2,3,11,false
4.1.0,setStatusMsg,hedwig-protocol/src/main/java/org/apache/hedwig/protocol/PubSubProtocol.java,8,2,2,0,0,1,2,0,196,1,1,0,false
4.1.0,createNewLog,bookkeeper-server/src/main/java/org/apache/bookkeeper/bookie/EntryLogger.java,26,6,6,3,0,0,2,1,196,3,12,0,false
4.0.0,operationFinished,hedwig-server/src/main/java/org/apache/hedwig/server/topics/AbstractTopicManager.java,3,1,0,0,0,0,0,18,4,2,3,0,false
4.0.0,read,bookkeeper-server/src/main/java/org/apache/bookkeeper/bookie/FileInfo.java,3,1,0,1,0,1,2,1,4,2,4,0,false
4.2.0,clearAllTopicsForHost,hedwig-client/src/main/java/org/apache/hedwig/client/netty/HedwigClientImpl.java,10,5,0,2,0,0,0,0,442,2,9,0,false
4.0.0,retryErroredSubscribers,hedwig-server/src/main/java/org/apache/hedwig/server/delivery/FIFODeliveryManager.java,11,3,2,1,0,1,1,2,4,2,3,0,false
4.2.0,operationFinished,hedwig-server/src/main/java/org/apache/hedwig/server/subscriptions/AbstractSubscriptionManager.java,4,1,0,1,0,0,0,16,412,2,10,0,false
4.0.0,doPublish,hedwig-client/src/main/java/org/apache/hedwig/client/netty/HedwigPublisher.java,21,4,6,1,0,0,3,6,4,2,4,2,false
4.1.0,deliver,hedwig-client/src/main/java/org/apache/hedwig/client/benchmark/BenchmarkSubscriber.java,15,4,3,3,0,0,0,2,196,1,1,1,false
4.1.0,getLedgerPath,bookkeeper-server/src/main/java/org/apache/bookkeeper/meta/HierarchicalLedgerManager.java,6,1,2,0,0,1,1,0,204,2,4,2,false
4.1.0,readEntry,bookkeeper-server/src/main/java/org/apache/bookkeeper/bookie/EntryLogger.java,40,7,13,7,1,1,1,1,196,3,12,9,false
4.0.0,recoverLedger,bookkeeper-server/src/main/java/org/apache/bookkeeper/tools/BookKeeperTools.java,90,4,4,3,1,3,1,5,4,2,5,5,false
4.1.0,getZkServers,bookkeeper-server/src/main/java/org/apache/bookkeeper/conf/ClientConfiguration.java,7,3,1,0,0,2,0,0,225,2,3,1,true
4.2.0,getActiveLedgers,bookkeeper-server/src/main/java/org/apache/bookkeeper/client/BookKeeperAdmin.java,18,1,1,0,0,0,2,2,484,3,13,0,false
4.1.0,addTopicOwnershipChangeListener,hedwig-server/src/main/java/org/apache/hedwig/server/topics/TopicManager.java,1,1,0,0,0,0,1,0,196,1,1,0,false
4.1.0,getThroughput,bookkeeper-benchmark/src/main/java/org/apache/bookkeeper/benchmark/BenchThroughputLatency.java,3,1,0,0,0,1,2,0,0,3,4,0,false
4.1.0,run,hedwig-server/src/main/java/org/apache/hedwig/server/proxy/HedwigProxy.java,7,1,2,0,0,0,0,15,196,1,2,0,false
4.2.0,readSubscriptions,hedwig-server/src/main/java/org/apache/hedwig/server/subscriptions/AbstractSubscriptionManager.java,1,1,0,0,0,0,1,0,412,2,10,0,false
4.2.0,isHidden,bookkeeper-server/src/main/java/org/apache/bookkeeper/bookie/LedgerCacheImpl.java,3,1,0,0,0,1,0,0,384,2,9,0,false
4.1.0,close,bookkeeper-server/src/main/java/org/apache/bookkeeper/bookie/JournalChannel.java,3,1,0,0,0,0,4,0,125,1,2,0,false
4.1.0,internalGetValueMap,hedwig-protocol/src/main/java/org/apache/hedwig/protocol/PubSubProtocol.java,3,1,0,0,0,1,0,0,196,1,1,0,false
4.0.0,read,bookkeeper-server/src/main/java/org/apache/bookkeeper/streaming/LedgerInputStream.java,14,3,4,1,0,2,0,1,4,1,2,0,false
4.1.0,getBookieIndex,bookkeeper-server/src/main/java/org/apache/bookkeeper/client/RoundRobinDistributionSchedule.java,3,1,0,2,0,1,0,0,196,1,1,0,false
4.2.0,getLedgerId,bookkeeper-server/src/main/java/org/apache/bookkeeper/meta/AbstractZkLedgerManager.java,1,1,0,0,0,0,1,0,420,3,7,0,false
4.2.0,deleteTopicPersistenceInfo,hedwig-server/src/main/java/org/apache/hedwig/server/meta/ZkMetadataManagerFactory.java,32,3,3,1,0,1,0,2,191,1,6,2,false
4.0.0,newInstance,hedwig-server/src/main/java/org/apache/hedwig/server/delivery/FIFODeliveryManager.java,3,1,0,0,0,1,0,0,4,2,3,0,false
4.0.0,create,bookkeeper-server/src/main/java/org/apache/bookkeeper/bookie/BookieException.java,10,3,0,0,0,3,3,3,4,2,2,0,false
4.2.0,reportFailure,hedwig-server/src/main/java/org/apache/hedwig/server/meta/ZkMetadataManagerFactory.java,3,2,0,0,0,0,1,0,191,1,6,0,false
4.1.0,getHedwigCommands,hedwig-server/src/main/java/org/apache/hedwig/admin/console/HedwigCommands.java,3,1,0,0,0,1,0,0,0,1,1,0,false
4.1.0,channelConnected,hedwig-server/src/main/java/org/apache/hedwig/server/netty/UmbrellaHandler.java,18,2,0,0,0,0,0,0,196,1,1,1,false
4.2.0,stopDelivery,hedwig-client/src/main/java/org/apache/hedwig/client/netty/HedwigSubscriber.java,25,4,3,4,1,0,0,2,412,2,9,2,false
4.1.0,readHeader,bookkeeper-server/src/main/java/org/apache/bookkeeper/bookie/FileInfo.java,33,8,6,2,0,1,2,0,196,1,4,8,false
4.1.0,read,hedwig-server/src/main/java/org/apache/hedwig/server/persistence/BookkeeperPersistenceManager.java,67,3,1,8,0,1,2,1,196,1,3,6,true
4.1.0,operationComplete,bookkeeper-server/src/main/java/org/apache/bookkeeper/client/BookKeeperAdmin.java,10,2,1,1,0,0,0,13,268,2,4,1,false
4.0.0,getServerAckResponseTimeout,hedwig-client/src/main/java/org/apache/hedwig/client/conf/ClientConfiguration.java,3,1,0,0,0,1,1,0,4,1,2,0,false
4.0.0,getAvailableBookies,bookkeeper-server/src/main/java/org/apache/bookkeeper/client/BookKeeperAdmin.java,29,2,1,0,0,0,1,1,40,2,5,2,false
4.0.0,extractLedgersFromEntryLogs,bookkeeper-server/src/main/java/org/apache/bookkeeper/bookie/EntryLogger.java,51,10,12,8,2,0,1,3,4,2,8,3,false
4.1.0,refreshMyServerAddress,hedwig-server/src/main/java/org/apache/hedwig/server/common/ServerConfiguration.java,8,2,1,0,1,0,2,3,196,1,2,2,true
4.1.0,transientErrorOnSend,hedwig-server/src/main/java/org/apache/hedwig/server/delivery/FIFODeliveryManager.java,3,1,0,0,0,0,0,1,196,1,2,0,false
4.2.0,rereplicate,bookkeeper-server/src/main/java/org/apache/bookkeeper/replication/ReplicationWorker.java,57,11,6,9,2,4,1,3,147,1,7,0,false
4.1.0,process,hedwig-server/src/main/java/org/apache/hedwig/server/topics/ZkTopicManager.java,9,3,1,1,0,0,0,4,196,1,2,2,false
4.1.0,removeDeliveryPtr,hedwig-server/src/main/java/org/apache/hedwig/server/delivery/FIFODeliveryManager.java,17,9,2,2,0,1,2,1,196,1,2,0,false
4.1.0,getSessionTimeout,bookkeeper-server/src/main/java/org/apache/bookkeeper/proto/NIOServerFactory.java,3,1,0,0,0,1,0,0,196,1,4,0,false
4.1.0,getRangesList,hedwig-protocol/src/main/java/org/apache/hedwig/protocol/PubSubProtocol.java,3,1,0,0,0,1,3,0,196,1,1,0,false
4.0.0,operationFailed,hedwig-server/src/main/java/org/apache/hedwig/server/regions/RegionManager.java,4,2,0,1,0,0,0,0,4,1,3,0,false
4.1.0,asyncProcessLedgers,bookkeeper-server/src/main/java/org/apache/bookkeeper/meta/FlatLedgerManager.java,1,1,0,0,0,0,0,0,204,2,2,0,false
4.1.0,main,bookkeeper-benchmark/src/main/java/org/apache/bookkeeper/benchmark/BenchBookie.java,75,6,31,8,0,0,0,6,0,1,2,18,false
4.1.0,channelDisconnected,hedwig-server/src/main/java/org/apache/hedwig/server/netty/UmbrellaHandler.java,5,1,1,0,0,0,0,0,196,1,1,1,false
4.0.0,stop,hedwig-server/src/main/java/org/apache/hedwig/server/delivery/FIFODeliveryManager.java,3,1,0,0,0,0,0,2,4,2,3,0,false
4.1.0,hasTxnId,hedwig-protocol/src/main/java/org/apache/hedwig/protocol/PubSubProtocol.java,3,1,0,0,0,1,4,0,196,1,1,0,false
4.2.0,getReplicaIndex,bookkeeper-server/src/main/java/org/apache/bookkeeper/client/DistributionSchedule.java,1,1,0,0,0,0,0,0,412,1,2,0,false
4.2.0,parseAndReturnTopicLedgerRanges,hedwig-server/src/main/java/org/apache/hedwig/server/meta/ZkMetadataManagerFactory.java,13,2,2,1,1,2,1,1,191,1,6,0,false
4.1.0,mergeFrom,hedwig-protocol/src/main/java/org/apache/hedwig/protocol/PubSubProtocol.java,9,2,0,0,0,2,4,1,196,1,1,0,false
4.1.0,operationFailed,hedwig-client/src/main/java/org/apache/hedwig/client/netty/HedwigSubscriber.java,3,1,0,0,0,0,0,0,196,1,4,0,true
4.0.0,hasSubscription,hedwig-client/src/main/java/org/apache/hedwig/client/netty/HedwigSubscriber.java,3,1,0,0,0,1,0,1,4,1,3,0,false
4.1.0,getServerAddr,hedwig-server/src/main/java/org/apache/hedwig/server/common/ServerConfiguration.java,6,2,0,0,0,1,3,1,196,1,2,0,true
4.0.0,operationFinished,hedwig-client/src/main/java/org/apache/hedwig/client/netty/HedwigSubscriber.java,3,1,0,0,0,0,0,5,4,1,3,0,false
4.1.0,linkCount,bookkeeper-server/src/main/java/org/apache/bookkeeper/util/HardLink.java,6,1,2,1,0,1,0,0,90,1,1,0,false
4.0.0,getAdditionalBookie,bookkeeper-server/src/main/java/org/apache/bookkeeper/client/BookieWatcher.java,22,5,2,0,0,2,2,1,4,1,3,0,false
4.2.0,loadConf,hedwig-server/src/main/java/org/apache/hedwig/server/common/ServerConfiguration.java,4,1,0,0,0,0,0,1,412,3,12,0,false
4.1.0,addActiveLedger,bookkeeper-server/src/main/java/org/apache/bookkeeper/meta/HierarchicalLedgerManager.java,3,1,0,0,0,0,0,0,204,2,4,0,false
4.2.0,operationFinished,hedwig-client/src/main/java/org/apache/hedwig/client/netty/impl/simple/SimpleSubscribeResponseHandler.java,3,1,0,0,0,0,0,1,113,1,4,0,false
4.1.0,getMsg,hedwig-client/src/main/java/org/apache/hedwig/client/benchmark/BenchmarkPublisher.java,9,2,4,0,0,1,2,0,196,1,1,0,false
4.1.0,findValueByNumber,hedwig-protocol/src/main/java/org/apache/hedwig/protocol/PubSubProtocol.java,3,1,0,0,0,1,0,0,196,1,1,0,false
4.1.0,closeLedger,hedwig-server/src/main/java/org/apache/hedwig/server/persistence/BookkeeperPersistenceManager.java,2,1,0,0,0,0,2,0,196,1,3,0,true
4.2.0,initiate,bookkeeper-server/src/main/java/org/apache/bookkeeper/client/LedgerOpenOp.java,3,1,0,0,0,0,1,0,412,2,3,0,false
4.1.0,fullRead,bookkeeper-server/src/main/java/org/apache/bookkeeper/bookie/Journal.java,11,3,3,0,0,2,1,1,56,1,2,0,false
4.2.0,addListener,hedwig-server/src/main/java/org/apache/hedwig/server/subscriptions/AbstractSubscriptionManager.java,3,1,0,0,0,0,0,0,412,2,10,0,false
4.1.0,isHidden,bookkeeper-server/src/main/java/org/apache/bookkeeper/bookie/LedgerCacheImpl.java,3,1,0,0,0,1,0,0,84,3,6,0,true
4.2.0,run,hedwig-server/src/main/java/org/apache/hedwig/server/subscriptions/AbstractSubscriptionManager.java,24,6,2,1,0,2,0,6,412,2,10,2,false
4.2.0,getLedgerPath,bookkeeper-server/src/main/java/org/apache/bookkeeper/meta/AbstractZkLedgerManager.java,1,1,0,0,0,0,3,0,420,3,7,0,false
4.1.0,asyncClose,bookkeeper-server/src/main/java/org/apache/bookkeeper/client/ReadOnlyLedgerHandle.java,3,1,0,0,0,0,0,1,229,1,1,0,true
4.1.0,getLastScanErrorTime,hedwig-server/src/main/java/org/apache/hedwig/server/delivery/FIFODeliveryManager.java,3,1,0,0,0,1,1,0,196,1,2,0,false
4.0.0,getDefaultServerHedwigSocketAddress,hedwig-client/src/main/java/org/apache/hedwig/client/conf/ClientConfiguration.java,4,2,1,0,0,1,2,0,4,1,2,0,false
4.1.0,main,bookkeeper-benchmark/src/main/java/org/apache/bookkeeper/benchmark/BenchReadThroughputLatency.java,120,8,13,2,1,0,0,2,0,1,1,16,false
4.1.0,setLastLogMark,bookkeeper-server/src/main/java/org/apache/bookkeeper/bookie/Journal.java,4,1,2,0,0,0,1,0,56,1,2,0,false
4.0.0,handleUnsubscribeResponse,hedwig-client/src/main/java/org/apache/hedwig/client/handlers/UnsubscribeResponseHandler.java,22,6,0,4,0,0,0,4,4,1,3,4,false
4.0.0,nextElement,bookkeeper-server/src/main/java/org/apache/bookkeeper/client/PendingReadOp.java,3,1,0,0,0,1,0,0,4,2,3,0,false
4.2.0,getMaximumCacheSize,hedwig-server/src/main/java/org/apache/hedwig/server/common/ServerConfiguration.java,3,1,0,2,0,1,0,0,412,3,12,1,false
4.2.0,ledgersPath,hedwig-server/src/main/java/org/apache/hedwig/server/meta/ZkMetadataManagerFactory.java,3,1,0,0,0,1,4,0,191,1,6,0,false
4.2.0,isMetadataManagerBasedTopicManagerEnabled,hedwig-server/src/main/java/org/apache/hedwig/server/common/ServerConfiguration.java,3,1,0,0,0,1,0,0,412,3,12,0,false
4.0.0,shutdown,bookkeeper-server/src/main/java/org/apache/bookkeeper/proto/NIOServerFactory.java,14,3,0,0,1,0,1,1,4,3,7,1,false
4.0.0,messageReceived,bookkeeper-server/src/main/java/org/apache/bookkeeper/proto/PerChannelBookieClient.java,35,3,5,1,1,2,0,3,4,3,8,1,false
4.1.0,operationFinished,hedwig-server/src/main/java/org/apache/hedwig/server/persistence/BookkeeperPersistenceManager.java,2,1,0,0,0,0,0,10,196,1,3,0,true
4.0.0,tearDown,hedwig-server/src/main/java/org/apache/hedwig/server/benchmark/BookieBenchmark.java,5,1,0,0,0,0,0,1,4,2,4,0,false
4.1.0,getRemoteAddress,bookkeeper-server/src/main/java/org/apache/bookkeeper/proto/NIOServerFactory.java,3,1,0,0,0,1,0,0,196,1,4,1,false
4.2.0,openNewTopicLedger,hedwig-server/src/main/java/org/apache/hedwig/server/persistence/BookkeeperPersistenceManager.java,39,1,0,0,0,0,4,0,412,3,11,7,false
4.0.0,releasePage,bookkeeper-server/src/main/java/org/apache/bookkeeper/bookie/LedgerEntryPage.java,6,2,0,0,0,0,4,0,4,2,2,0,false
4.1.0,hasType,hedwig-protocol/src/main/java/org/apache/hedwig/protocol/PubSubProtocol.java,3,1,0,0,0,1,4,0,196,1,1,0,false
4.1.0,getNumDirtyLedgers,bookkeeper-server/src/main/java/org/apache/bookkeeper/bookie/LedgerCacheImpl.java,3,1,0,0,0,1,0,0,84,3,6,0,true
4.1.0,resolveConflict,bookkeeper-server/src/main/java/org/apache/bookkeeper/client/LedgerMetadata.java,23,10,7,0,0,5,1,1,196,3,5,2,true
4.1.0,addEntry,bookkeeper-server/src/main/java/org/apache/bookkeeper/bookie/InterleavedLedgerStorage.java,9,1,4,0,0,1,1,0,56,2,3,0,false
4.1.0,getMaximumMessageSize,hedwig-server/src/main/java/org/apache/hedwig/server/common/ServerConfiguration.java,3,1,0,0,0,1,1,0,196,1,2,0,true
4.2.0,isRunning,bookkeeper-server/src/main/java/org/apache/bookkeeper/replication/AuditorElector.java,6,2,0,0,0,2,0,0,4,2,5,0,false
4.2.0,operationComplete,bookkeeper-server/src/main/java/org/apache/bookkeeper/client/LedgerOpenOp.java,75,11,5,2,1,6,0,3,412,2,3,3,false
4.1.0,ding,hedwig-client/src/main/java/org/apache/hedwig/client/benchmark/BenchmarkUtils.java,9,5,1,1,0,0,2,0,196,1,1,0,false
4.0.0,getPipeline,bookkeeper-server/src/main/java/org/apache/bookkeeper/proto/PerChannelBookieClient.java,6,1,1,0,0,1,0,0,4,3,8,1,false
4.0.0,tick,bookkeeper-server/src/main/java/org/apache/bookkeeper/client/BookKeeperAdmin.java,10,3,0,0,0,0,1,0,40,2,5,1,false
4.1.0,handleSubscribeResponse,hedwig-client/src/main/java/org/apache/hedwig/client/handlers/SubscribeResponseHandler.java,33,7,5,4,0,0,0,0,196,1,1,3,false
4.2.0,start,bookkeeper-server/src/main/java/org/apache/bookkeeper/replication/ReplicationWorker.java,3,1,0,0,0,0,1,0,147,1,7,0,false
4.2.0,notifyLedgerReplicationEnabled,bookkeeper-server/src/main/java/org/apache/bookkeeper/meta/ZkLedgerUnderreplicationManager.java,25,4,1,2,1,1,1,0,157,3,12,1,false
4.1.0,getEndLedgerIdByLevel,bookkeeper-server/src/main/java/org/apache/bookkeeper/meta/HierarchicalLedgerManager.java,3,1,0,0,0,1,1,1,204,2,4,0,false
4.1.0,getNumCleanLedgers,bookkeeper-server/src/main/java/org/apache/bookkeeper/bookie/LedgerCacheImpl.java,3,1,0,0,0,1,0,0,84,3,6,0,true
4.2.0,getEnsembles,bookkeeper-server/src/main/java/org/apache/bookkeeper/client/LedgerMetadata.java,3,1,0,0,0,1,4,0,412,3,9,0,false
4.0.0,safeRun,bookkeeper-server/src/main/java/org/apache/bookkeeper/proto/PerChannelBookieClient.java,7,2,1,1,0,0,0,20,4,3,8,0,false
4.1.0,clone,hedwig-protocol/src/main/java/org/apache/hedwig/protocol/PubSubProtocol.java,3,1,0,0,0,1,0,2,196,1,1,1,false
4.1.0,run,hedwig-client/src/main/java/org/apache/hedwig/client/netty/HedwigClientImpl.java,17,6,4,0,0,0,0,2,226,1,1,2,true
4.1.0,assignDescriptors,hedwig-protocol/src/main/java/org/apache/hedwig/protocol/PubSubProtocol.java,34,1,31,0,0,1,0,1,196,1,1,8,false
4.2.0,createElectorPath,bookkeeper-server/src/main/java/org/apache/bookkeeper/replication/AuditorElector.java,25,7,0,0,3,0,1,1,4,2,5,3,false
4.2.0,getLedgerToRereplicate,bookkeeper-server/src/main/java/org/apache/bookkeeper/meta/ZkLedgerUnderreplicationManager.java,29,5,3,0,1,1,0,2,157,3,12,1,false
4.0.0,run,hedwig-client/src/main/java/org/apache/hedwig/util/FileUtils.java,7,2,0,0,0,0,0,1,4,1,1,0,false
4.1.0,setTxnId,hedwig-protocol/src/main/java/org/apache/hedwig/protocol/PubSubProtocol.java,5,1,2,0,0,1,4,0,196,1,1,0,false
4.2.0,acquiredTopic,hedwig-server/src/main/java/org/apache/hedwig/server/persistence/BookkeeperPersistenceManager.java,3,1,0,0,0,0,0,1,412,3,11,0,false
4.1.0,operationComplete,hedwig-server/src/main/java/org/apache/hedwig/server/proxy/ProxyStartDeliveryHandler.java,6,2,0,0,0,1,0,0,196,1,1,0,false
4.2.0,getCurrentVersion,hedwig-server/src/main/java/org/apache/hedwig/server/meta/ZkMetadataManagerFactory.java,3,1,0,0,0,1,0,0,191,1,6,0,false
4.0.0,usage,bookkeeper-server/src/main/java/org/apache/bookkeeper/util/LocalBookKeeper.java,3,1,0,0,0,0,1,0,4,3,5,0,false
4.1.0,channelDisconnected,hedwig-server/src/main/java/org/apache/hedwig/server/handlers/SubscribeHandler.java,8,2,1,0,0,0,0,0,196,1,1,0,false
4.2.0,compare,bookkeeper-server/src/main/java/org/apache/bookkeeper/meta/ZkVersion.java,25,7,2,1,0,5,0,0,213,1,1,0,false
4.1.0,run,bookkeeper-benchmark/src/main/java/org/apache/bookkeeper/benchmark/BenchThroughputLatency.java,4,1,0,1,0,0,0,4,0,3,4,0,false
4.2.0,asyncCloseSubscription,hedwig-client/src/main/java/org/apache/hedwig/client/netty/impl/simple/SimpleSubscribeResponseHandler.java,3,1,0,0,0,0,0,0,113,1,4,0,false
4.1.0,main,hedwig-client/src/main/java/org/apache/hedwig/client/benchmark/HedwigBenchmark.java,36,2,6,0,0,0,0,2,196,1,1,1,false
4.1.0,delete,bookkeeper-server/src/main/java/org/apache/bookkeeper/bookie/FileInfo.java,3,1,0,0,0,1,2,0,196,1,4,0,false
4.2.0,run,hedwig-client/src/main/java/org/apache/hedwig/client/handlers/MessageConsumeCallback.java,17,4,3,1,1,1,0,7,412,2,3,3,false
4.2.0,serveSubscribeRequest,hedwig-server/src/main/java/org/apache/hedwig/server/subscriptions/AbstractSubscriptionManager.java,3,1,0,0,0,0,0,1,412,2,10,0,false
4.1.0,operationFailed,hedwig-server/src/main/java/org/apache/hedwig/server/handlers/SubscribeHandler.java,4,1,0,0,0,0,0,3,196,1,1,1,false
4.0.0,startDelivery,hedwig-client/src/main/java/org/apache/hedwig/client/netty/HedwigSubscriber.java,19,3,3,3,0,0,1,1,4,1,3,2,false
4.2.0,getHeardFromBitSet,bookkeeper-server/src/main/java/org/apache/bookkeeper/client/PendingReadOp.java,10,3,2,0,0,1,1,0,412,3,12,0,false
4.2.0,process,bookkeeper-server/src/main/java/org/apache/bookkeeper/proto/BookkeeperInternalCallbacks.java,1,1,0,0,0,0,0,0,412,1,1,0,false
4.0.0,isNioServerRunning,bookkeeper-server/src/main/java/org/apache/bookkeeper/proto/BookieServer.java,3,1,0,0,0,1,1,1,4,3,10,0,false
4.2.0,close,hedwig-client/src/main/java/org/apache/hedwig/client/netty/HedwigClientImpl.java,13,2,1,0,0,0,0,3,442,2,9,0,false
4.1.0,submitCallback,bookkeeper-server/src/main/java/org/apache/bookkeeper/client/PendingReadOp.java,3,1,0,0,0,0,2,0,196,2,3,0,true
4.2.0,setZnodeVersion,bookkeeper-server/src/main/java/org/apache/bookkeeper/meta/ZkVersion.java,4,1,1,0,0,1,1,0,213,1,1,0,false
4.0.0,isClean,bookkeeper-server/src/main/java/org/apache/bookkeeper/bookie/LedgerEntryPage.java,3,1,0,0,0,1,4,0,4,2,2,0,false
4.0.0,submitCallback,bookkeeper-server/src/main/java/org/apache/bookkeeper/client/PendingAddOp.java,4,1,0,0,0,0,2,1,4,2,3,1,false
4.0.0,isPinned,bookkeeper-server/src/main/java/org/apache/bookkeeper/bookie/LedgerEntryPage.java,3,1,0,0,0,1,0,0,4,2,2,0,false
4.1.0,doPublish,hedwig-client/src/main/java/org/apache/hedwig/client/netty/HedwigPublisher.java,21,4,6,1,0,0,2,3,196,1,1,2,true
4.2.0,setOwner,hedwig-server/src/main/java/org/apache/hedwig/server/topics/MMTopicManager.java,18,1,0,0,0,0,1,1,165,1,1,0,false
4.2.0,safeReadComplete,hedwig-server/src/main/java/org/apache/hedwig/server/persistence/BookkeeperPersistenceManager.java,40,8,6,6,1,4,0,17,412,3,11,8,false
4.0.0,doSubUnsub,hedwig-client/src/main/java/org/apache/hedwig/client/netty/HedwigSubscriber.java,30,5,7,1,0,0,2,3,4,1,3,3,false
4.1.0,flushLedger,bookkeeper-server/src/main/java/org/apache/bookkeeper/bookie/LedgerCacheImpl.java,74,18,16,5,1,2,1,5,84,3,6,7,true
4.1.0,addCommand,hedwig-server/src/main/java/org/apache/hedwig/admin/console/HedwigCommands.java,3,1,0,0,0,0,1,1,0,1,1,0,false
4.0.0,handlePublishResponse,hedwig-client/src/main/java/org/apache/hedwig/client/handlers/PublishResponseHandler.java,18,5,0,3,0,0,0,2,4,1,3,1,false
4.1.0,scanFinished,hedwig-server/src/main/java/org/apache/hedwig/server/delivery/FIFODeliveryManager.java,2,1,0,0,0,0,0,0,196,1,2,0,false
4.1.0,getRetentionSecs,hedwig-server/src/main/java/org/apache/hedwig/server/common/ServerConfiguration.java,3,1,0,0,0,1,1,0,196,1,2,0,true
4.0.0,operationFinished,hedwig-client/src/main/java/org/apache/hedwig/util/CallbackUtils.java,4,3,0,0,0,0,0,20,4,2,3,0,false
4.2.0,isLedgerReplicationEnabled,bookkeeper-server/src/main/java/org/apache/bookkeeper/meta/ZkLedgerUnderreplicationManager.java,17,4,0,2,1,2,1,0,157,3,12,1,false
4.1.0,getSubscriber,hedwig-client/src/main/java/org/apache/hedwig/client/netty/HedwigClientImpl.java,3,1,0,0,0,1,1,0,226,1,1,0,true
4.1.0,scanFailed,hedwig-server/src/main/java/org/apache/hedwig/server/delivery/FIFODeliveryManager.java,6,2,0,0,0,1,0,1,196,1,2,0,false
4.0.0,createLogId,bookkeeper-server/src/main/java/org/apache/bookkeeper/bookie/EntryLogger.java,15,3,3,2,0,0,4,5,4,2,8,1,false
4.1.0,safeAddComplete,hedwig-server/src/main/java/org/apache/hedwig/server/persistence/BookkeeperPersistenceManager.java,26,4,3,4,0,1,0,0,196,1,3,3,true
