release,class,method,path,loc,wmc,assignmentsQty,mathOperationsQty,qtyTryCatch,qtyReturn,fanin,fanout,age,nAuth,nr,nSmell,buggy
0.9.0,openjpa-lib/src/main/java/org/apache/openjpa/lib/jdbc/DelegatingResultSet.java,getFloat/1[int],org.apache.openjpa.lib.jdbc.DelegatingResultSet.getFloat/1[int],3,1,0,0,0,1,0,0,243,1,1,0,false
0.9.0,openjpa-persistence/src/main/java/org/apache/openjpa/persistence/OpenJPAEntityManagerFactory.java,"transactional/2[java.lang.Object,boolean]","org.apache.openjpa.persistence.OpenJPAEntityManager.transactional/2[java.lang.Object,boolean]",1,1,0,0,0,0,0,0,334,1,1,0,false
0.9.6,openjpa-jdbc/src/main/java/org/apache/openjpa/jdbc/ant/ReverseMappingToolTask.java,setForeignKeyJavaType/1[org.apache.openjpa.jdbc.meta.ForeignKey],org.apache.openjpa.jdbc.meta.ReverseMappingTool.setForeignKeyJavaType/1[org.apache.openjpa.jdbc.meta.ForeignKey],6,4,3,0,0,1,1,2,317,1,1,0,false
0.9.6,openjpa-jdbc/src/main/java/org/apache/openjpa/jdbc/meta/ClassMapping.java,syncMappingInfo/0,org.apache.openjpa.jdbc.meta.ClassMapping.syncMappingInfo/0,8,3,2,0,0,0,0,1,317,2,3,0,false
0.9.6,openjpa-kernel/src/main/java/org/apache/openjpa/event/RemoteCommitEventManager.java,getPayloadType/0,org.apache.openjpa.event.RemoteCommitEvent.getPayloadType/0,3,1,0,0,0,1,0,0,334,1,1,0,false
0.9.6,openjpa-jdbc/src/main/java/org/apache/openjpa/jdbc/sql/DBDictionaryFactory.java,getAddColumnSQL/1[org.apache.openjpa.jdbc.schema.Column],org.apache.openjpa.jdbc.sql.DBDictionary.getAddColumnSQL/1[org.apache.openjpa.jdbc.schema.Column],6,3,1,1,0,3,1,3,317,2,2,0,false
0.9.6,openjpa-lib/src/main/java/org/apache/openjpa/lib/xml/Location.java,setLocator/1[org.xml.sax.Locator],org.apache.openjpa.lib.xml.Location.setLocator/1[org.xml.sax.Locator],3,1,1,0,0,0,1,0,243,1,1,0,false
0.9.6,openjpa-persistence/src/main/java/org/apache/openjpa/persistence/MetaDataParsers.java,"validateMethodsForSameCallback/6[java.lang.Class,java.util.Collection<org.apache.openjpa.persistence.LifecycleCallbacks>,java.lang.reflect.Method,org.apache.openjpa.persistence.MetaDataTag,org.apache.openjpa.persistence.MetaDataDefaults,org.apache.openjpa.persistence.Log]","org.apache.openjpa.persistence.MetaDataParsers.validateMethodsForSameCallback/6[java.lang.Class,java.util.Collection<org.apache.openjpa.persistence.LifecycleCallbacks>,java.lang.reflect.Method,org.apache.openjpa.persistence.MetaDataTag,org.apache.openjpa.persistence.MetaDataDefaults,org.apache.openjpa.persistence.Log]",12,8,3,0,0,1,1,2,262,1,1,2,false
0.9.6,openjpa-kernel/src/main/java/org/apache/openjpa/meta/ClassMetaData.java,"addDeclaredField/2[java.lang.String,java.lang.Class]","org.apache.openjpa.meta.ClassMetaData.addDeclaredField/2[java.lang.String,java.lang.Class]",6,1,1,0,0,1,3,2,334,3,7,0,false
0.9.0,openjpa-lib/src/main/java/org/apache/openjpa/lib/jdbc/DelegatingCallableStatement.java,equals/1[java.lang.Object],org.apache.openjpa.lib.jdbc.DelegatingCallableStatement.equals/1[java.lang.Object],5,3,1,0,0,2,0,1,243,1,1,0,false
0.9.0,openjpa-lib/src/main/java/org/apache/openjpa/lib/jdbc/DataSourceLogs.java,"log/4[java.lang.String,java.sql.Connection,org.apache.openjpa.lib.log.Log,long]","org.apache.openjpa.lib.jdbc.DataSourceLogs.log/4[java.lang.String,java.sql.Connection,org.apache.openjpa.lib.log.Log,long]",12,6,3,2,0,1,3,2,243,1,1,1,false
0.9.6,openjpa-persistence/src/main/java/org/apache/openjpa/persistence/QueryImpl.java,removeAggregateListener/1[org.apache.openjpa.persistence.AggregateListener],org.apache.openjpa.persistence.QueryImpl.removeAggregateListener/1[org.apache.openjpa.persistence.AggregateListener],4,1,0,0,0,1,0,1,334,5,11,0,false
0.9.0,openjpa-kernel/src/main/java/org/apache/openjpa/kernel/HollowState.java,"beforeNontransactionalWrite/3[org.apache.openjpa.kernel.StateManagerImpl,int,boolean]","org.apache.openjpa.kernel.HollowState.beforeNontransactionalWrite/3[org.apache.openjpa.kernel.StateManagerImpl,int,boolean]",3,1,0,0,0,1,0,0,334,1,1,0,false
0.9.6,openjpa-jdbc/src/main/java/org/apache/openjpa/jdbc/schema/SchemaGenerator.java,"generateTables/4[java.lang.String,java.lang.String,java.sql.Connection,java.sql.DatabaseMetaData]","org.apache.openjpa.jdbc.schema.SchemaGenerator.generateTables/4[java.lang.String,java.lang.String,java.sql.Connection,java.sql.DatabaseMetaData]",39,24,14,0,0,1,2,12,317,2,2,2,false
0.9.6,openjpa-persistence/src/main/java/org/apache/openjpa/persistence/QueryImpl.java,"getDataStoreActions/3[org.apache.openjpa.kernel.StoreQuery,java.lang.Object[],StoreQuery.Range]","org.apache.openjpa.kernel.QueryImpl.MergedExecutor.getDataStoreActions/3[org.apache.openjpa.kernel.StoreQuery,java.lang.Object[],StoreQuery.Range]",11,5,4,0,0,2,0,0,334,5,11,0,false
0.9.6,openjpa-lib/src/main/java/org/apache/openjpa/lib/rop/AbstractResultList.java,"getCharacterStream/2[org.apache.openjpa.jdbc.sql.Column,org.apache.openjpa.jdbc.sql.Joins]","org.apache.openjpa.jdbc.sql.AbstractResult.getCharacterStream/2[org.apache.openjpa.jdbc.sql.Column,org.apache.openjpa.jdbc.sql.Joins]",3,1,0,0,0,1,0,2,243,1,1,0,false
0.9.6,openjpa-kernel/src/main/java/org/apache/openjpa/kernel/ExpressionStoreQuery.java,"getRange/3[org.apache.openjpa.kernel.StoreQuery,java.lang.Object[],org.apache.openjpa.kernel.Range]","org.apache.openjpa.kernel.ExpressionStoreQuery.AbstractExpressionExecutor.getRange/3[org.apache.openjpa.kernel.StoreQuery,java.lang.Object[],org.apache.openjpa.kernel.Range]",16,7,3,0,1,2,0,1,334,2,3,3,false
0.9.6,openjpa-kernel/src/main/java/org/apache/openjpa/util/AbstractLRSProxyMap.java,remove/1[java.lang.Object],org.apache.openjpa.util.AbstractLRSProxyMap.remove/1[java.lang.Object],11,6,2,0,0,1,1,3,334,2,2,1,false
0.9.6,openjpa-persistence-jdbc/src/main/java/org/apache/openjpa/persistence/jdbc/JDBCPersistenceProductDerivation.java,afterClose/1[org.apache.openjpa.persistence.OpenJPAConfiguration],org.apache.openjpa.persistence.PersistenceProductDerivation.afterClose/1[org.apache.openjpa.persistence.OpenJPAConfiguration],2,1,0,0,0,0,0,0,317,1,1,0,false
0.9.6,openjpa-lib/src/main/java/org/apache/openjpa/lib/log/MultiLogFactory.java,isErrorEnabled/0,org.apache.openjpa.lib.log.MultiLogFactory.MultiLog.isErrorEnabled/0,4,3,1,0,0,2,0,1,243,1,1,0,false
0.9.0,openjpa-kernel/src/main/java/org/apache/openjpa/kernel/DelegatingFetchConfiguration.java,clearFetchGroups/0,org.apache.openjpa.kernel.DelegatingFetchConfiguration.clearFetchGroups/0,9,2,0,0,1,1,1,2,334,2,2,1,false
0.9.0,openjpa-kernel/src/main/java/org/apache/openjpa/kernel/OrderingMergedResultObjectProvider.java,size/0,org.apache.openjpa.jdbc.sql.MergedResult.size/0,5,2,3,0,0,1,0,1,334,1,1,0,false
0.9.6,openjpa-kernel/src/main/java/org/apache/openjpa/meta/SequenceMetaData.java,setSchemaName/1[java.lang.String],org.apache.openjpa.jdbc.schema.Sequence.setSchemaName/1[java.lang.String],5,2,2,0,0,0,1,1,334,1,1,0,false
0.9.0,openjpa-kernel/src/main/java/org/apache/openjpa/kernel/PNonTransState.java,"beforeRead/2[org.apache.openjpa.kernel.StateManagerImpl,int]","org.apache.openjpa.kernel.PNonTransState.beforeRead/2[org.apache.openjpa.kernel.StateManagerImpl,int]",4,1,0,0,0,1,0,1,334,1,1,0,false
0.9.6,openjpa-kernel/src/main/java/org/apache/openjpa/meta/ClassMetaData.java,getComments/0,org.apache.openjpa.meta.ClassMetaData.getComments/0,3,2,0,0,0,1,0,0,334,3,7,0,false
0.9.0,openjpa-lib/src/main/java/org/apache/openjpa/lib/jdbc/DelegatingResultSet.java,getLong/1[int],org.apache.openjpa.lib.jdbc.DelegatingResultSet.getLong/1[int],3,1,0,0,0,1,0,0,243,1,1,0,false
0.9.0,openjpa-kernel/src/main/java/org/apache/openjpa/kernel/exps/AbstractExpressionBuilder.java,"traversePath/2[org.apache.openjpa.kernel.exps.Path,java.lang.String]","org.apache.openjpa.kernel.exps.AbstractExpressionBuilder.traversePath/2[org.apache.openjpa.kernel.exps.Path,java.lang.String]",3,1,0,0,0,1,0,1,334,1,1,0,false
0.9.0,openjpa-kernel/src/main/java/org/apache/openjpa/util/ArrayStateImage.java,newImage/1[int],org.apache.openjpa.util.ArrayStateImage.newImage/1[int],5,1,2,1,0,1,0,0,334,1,1,0,false
0.9.6,openjpa-jdbc/src/main/java/org/apache/openjpa/jdbc/kernel/exps/SelectConstructor.java,getOrdering/0,org.apache.openjpa.jdbc.sql.Select.getOrdering/0,1,1,0,0,0,0,4,0,317,1,1,0,false
0.9.6,openjpa-jdbc/src/main/java/org/apache/openjpa/jdbc/meta/strats/EmbedFieldStrategy.java,"whereNumber/2[org.apache.openjpa.jdbc.meta.strats.Column,java.lang.Number]","org.apache.openjpa.jdbc.meta.strats.EmbedFieldStrategy.EmbeddedRow.whereNumber/2[org.apache.openjpa.jdbc.meta.strats.Column,java.lang.Number]",3,1,0,0,0,0,0,0,317,2,2,0,false
0.9.6,openjpa-jdbc/src/main/java/org/apache/openjpa/jdbc/kernel/exps/StartsWithExpression.java,isPath/0,org.apache.openjpa.jdbc.kernel.exps.StartsWithExpression.ZeroFilterValue.isPath/0,3,1,0,0,0,1,0,0,317,1,1,0,false
0.9.0,openjpa-jdbc/src/main/java/org/apache/openjpa/jdbc/kernel/DelegatingJDBCFetchConfiguration.java,getLRSSize/0,org.apache.openjpa.jdbc.kernel.JDBCFetchConfiguration.getLRSSize/0,1,1,0,0,0,0,6,0,317,3,4,0,false
0.9.0,openjpa-lib/src/main/java/org/apache/openjpa/lib/util/CodeFormat.java,getImplementsDec/1[int],org.apache.openjpa.lib.util.CodeFormat.getImplementsDec/1[int],5,3,0,2,0,3,1,2,243,1,1,0,false
0.9.6,openjpa-persistence/src/main/java/org/apache/openjpa/persistence/PersistenceListenerAdapter.java,afterStore/1[org.apache.openjpa.persistence.LifecycleEvent],org.apache.openjpa.persistence.PersistenceListenerAdapter.afterStore/1[org.apache.openjpa.persistence.LifecycleEvent],3,1,0,0,0,0,0,1,334,1,1,0,false
0.9.0,openjpa-lib/src/main/java/org/apache/openjpa/lib/jdbc/DelegatingDatabaseMetaData.java,supportsAlterTableWithDropColumn/0,org.apache.openjpa.lib.jdbc.DelegatingDatabaseMetaData.supportsAlterTableWithDropColumn/0,3,1,0,0,0,1,0,0,243,2,2,0,false
0.9.0,openjpa-kernel/src/main/java/org/apache/openjpa/kernel/exps/InMemoryExpressionFactory.java,"getMapValue/2[org.apache.openjpa.kernel.exps.Value,org.apache.openjpa.kernel.exps.Value]","org.apache.openjpa.kernel.exps.InMemoryExpressionFactory.getMapValue/2[org.apache.openjpa.kernel.exps.Value,org.apache.openjpa.kernel.exps.Value]",3,1,0,0,0,1,0,1,334,1,1,0,false
0.9.6,openjpa-kernel/src/main/java/org/apache/openjpa/datacache/QueryCacheStoreQuery.java,abortCaching/0,org.apache.openjpa.datacache.QueryCacheStoreQuery.CachingResultObjectProvider.abortCaching/0,8,2,1,0,0,1,3,1,334,2,2,0,false
0.9.0,openjpa-jdbc/src/main/java/org/apache/openjpa/jdbc/meta/strats/EmbedValueHandler.java,Value/0,org.apache.openjpa.lib.conf.Value.Value/0,2,1,0,0,0,0,0,0,317,1,1,0,false
0.9.0,openjpa-jdbc/src/main/java/org/apache/openjpa/jdbc/schema/XMLSchemaParser.java,startSchema/1[org.xml.sax.Attributes],org.apache.openjpa.jdbc.schema.XMLSchemaParser.startSchema/1[org.xml.sax.Attributes],6,2,4,0,0,0,1,2,317,2,2,1,false
0.9.0,openjpa-kernel/src/main/java/org/apache/openjpa/kernel/DelegatingBrokerFactory.java,rollbackToSavepoint/1[java.lang.String],org.apache.openjpa.kernel.DelegatingBroker.rollbackToSavepoint/1[java.lang.String],8,2,0,0,1,0,1,1,334,1,1,1,false
0.9.6,openjpa-kernel/src/main/java/org/apache/openjpa/kernel/DelegatingExtent.java,unlock/0,org.apache.openjpa.kernel.DelegatingExtent.unlock/0,8,2,0,0,1,0,0,1,334,1,1,1,false
0.9.6,openjpa-kernel/src/main/java/org/apache/openjpa/conf/OpenJPAConfigurationImpl.java,setSpecification/1[java.lang.String],org.apache.openjpa.conf.OpenJPAConfigurationImpl.setSpecification/1[java.lang.String],10,5,1,0,0,3,0,6,334,3,5,2,false
0.9.6,openjpa-lib/src/main/java/org/apache/openjpa/lib/util/CodeFormat.java,ificmplt/0,serp.bytecode.Code.ificmplt/0,3,1,0,0,0,1,1,1,243,1,1,0,false
0.9.0,openjpa-kernel/src/main/java/org/apache/openjpa/conf/OpenJPAConfiguration.java,setManagedRuntime/1[java.lang.String],org.apache.openjpa.conf.OpenJPAConfiguration.setManagedRuntime/1[java.lang.String],1,1,0,0,0,0,0,0,334,1,1,0,false
0.9.0,openjpa-jdbc/src/main/java/org/apache/openjpa/jdbc/sql/OracleDictionary.java,"getObject/3[java.sql.ResultSet,int,java.util.Map]","org.apache.openjpa.jdbc.sql.OracleDictionary.getObject/3[java.sql.ResultSet,int,java.util.Map]",7,4,3,0,0,2,0,1,317,2,3,2,false
0.9.6,openjpa-kernel/src/main/java/org/apache/openjpa/kernel/exps/BindVariableAndExpression.java,getExpression1/0,org.apache.openjpa.kernel.exps.AndExpression.getExpression1/0,3,1,0,0,0,1,1,0,334,1,1,0,false
0.9.6,openjpa-persistence/src/main/java/org/apache/openjpa/persistence/OpenJPAPersistence.java,cast/1[org.apache.openjpa.persistence.EntityManager],org.apache.openjpa.persistence.OpenJPAPersistence.cast/1[org.apache.openjpa.persistence.EntityManager],3,1,0,0,0,1,0,0,334,2,2,0,false
0.9.6,openjpa-lib/src/main/java/org/apache/openjpa/lib/rop/AbstractResultList.java,"getNumberInternal/2[java.lang.Object,org.apache.openjpa.jdbc.sql.Joins]","org.apache.openjpa.jdbc.sql.AbstractResult.getNumberInternal/2[java.lang.Object,org.apache.openjpa.jdbc.sql.Joins]",6,3,1,0,0,3,2,2,243,1,1,0,false
0.9.6,openjpa-jdbc/src/main/java/org/apache/openjpa/jdbc/schema/Schemas.java,getTable/1[java.lang.String],org.apache.openjpa.jdbc.schema.Schema.getTable/1[java.lang.String],4,3,0,0,0,2,0,0,317,1,1,0,false
0.9.6,openjpa-kernel/src/main/java/org/apache/openjpa/ee/WASManagedRuntime.java,getTransaction/0,org.apache.openjpa.ee.WASManagedRuntime.WASTransaction.getTransaction/0,3,1,0,0,0,1,0,0,215,1,2,0,false
0.9.6,openjpa-persistence/src/main/java/org/apache/openjpa/persistence/QueryImpl.java,getCandidateType/0,org.apache.openjpa.kernel.QueryImpl.getCandidateType/0,12,5,0,0,1,2,2,4,334,5,11,0,false
0.9.6,openjpa-jdbc/src/main/java/org/apache/openjpa/jdbc/meta/strats/StringFieldStrategy.java,"delete/3[org.apache.openjpa.jdbc.meta.strats.OpenJPAStateManager,org.apache.openjpa.jdbc.meta.strats.JDBCStore,org.apache.openjpa.jdbc.meta.strats.RowManager]","org.apache.openjpa.jdbc.meta.strats.StringFieldStrategy.delete/3[org.apache.openjpa.jdbc.meta.strats.OpenJPAStateManager,org.apache.openjpa.jdbc.meta.strats.JDBCStore,org.apache.openjpa.jdbc.meta.strats.RowManager]",3,1,0,0,0,0,0,0,317,1,1,0,false
0.9.6,openjpa-persistence/src/main/java/org/apache/openjpa/persistence/EntityManagerImpl.java,setAutoDetach/1[int],org.apache.openjpa.persistence.EntityManagerImpl.setAutoDetach/1[int],3,1,0,0,0,0,0,1,334,4,8,0,false
0.9.6,openjpa-kernel/src/main/java/org/apache/openjpa/kernel/DelegatingFetchConfiguration.java,requiresFetch/1[org.apache.openjpa.kernel.FieldMetaData],org.apache.openjpa.kernel.DelegatingFetchConfiguration.requiresFetch/1[org.apache.openjpa.kernel.FieldMetaData],8,2,0,0,1,1,0,2,334,2,2,1,false
0.9.6,openjpa-persistence-jdbc/src/main/java/org/apache/openjpa/persistence/jdbc/AnnotationPersistenceMappingParser.java,"parseColumns/2[org.apache.openjpa.persistence.jdbc.FieldMapping,javax.persistence.Column[]]","org.apache.openjpa.persistence.jdbc.AnnotationPersistenceMappingParser.parseColumns/2[org.apache.openjpa.persistence.jdbc.FieldMapping,javax.persistence.Column[]]",18,9,7,0,0,1,2,4,317,4,6,4,false
0.9.6,openjpa-lib/src/main/java/org/apache/openjpa/lib/util/FormatPreservingProperties.java,"writeProperty/3[java.lang.String,java.io.PrintWriter,boolean]","org.apache.openjpa.lib.util.FormatPreservingProperties.writeProperty/3[java.lang.String,java.io.PrintWriter,boolean]",13,5,2,0,0,3,2,2,243,1,1,0,false
0.9.6,openjpa-jdbc/src/main/java/org/apache/openjpa/jdbc/meta/strats/LRSProxyCollection.java,remove/0,org.apache.openjpa.jdbc.meta.strats.LRSProxyCollection.ResultIterator.remove/0,3,1,0,0,0,0,0,0,317,2,2,0,false
0.9.6,openjpa-jdbc/src/main/java/org/apache/openjpa/jdbc/schema/DataSourceFactory.java,"installDBDictionary/4[org.apache.openjpa.jdbc.schema.DBDictionary,org.apache.openjpa.jdbc.schema.DecoratingDataSource,org.apache.openjpa.jdbc.schema.JDBCConfiguration,boolean]","org.apache.openjpa.jdbc.schema.DataSourceFactory.installDBDictionary/4[org.apache.openjpa.jdbc.schema.DBDictionary,org.apache.openjpa.jdbc.schema.DecoratingDataSource,org.apache.openjpa.jdbc.schema.JDBCConfiguration,boolean]",25,9,5,0,1,1,0,1,317,1,1,1,false
0.9.6,openjpa-lib/src/main/java/org/apache/openjpa/lib/util/concurrent/CondVar.java,awaitUntil/1[java.util.Date],org.apache.openjpa.lib.util.concurrent.CondVar.awaitUntil/1[java.util.Date],31,8,8,2,2,1,0,1,243,1,1,1,false
0.9.6,openjpa-jdbc/src/main/java/org/apache/openjpa/jdbc/sql/SelectImpl.java,isAggregate/0,org.apache.openjpa.jdbc.sql.SelectImpl.isAggregate/0,3,2,0,0,0,1,5,0,317,4,6,0,false
0.9.6,openjpa-kernel/src/main/java/org/apache/openjpa/kernel/PDeletedState.java,isPersistent/0,org.apache.openjpa.kernel.PDeletedState.isPersistent/0,3,1,0,0,0,1,0,0,334,2,2,0,false
0.9.6,openjpa-kernel/src/main/java/org/apache/openjpa/ant/ApplicationIdToolTask.java,ApplicationIdToolTask/0,org.apache.openjpa.ant.ApplicationIdToolTask.ApplicationIdToolTask/0,3,1,1,0,0,0,0,0,329,1,1,0,false
0.9.6,openjpa-kernel/src/main/java/org/apache/openjpa/event/TCPRemoteCommitProvider.java,validateObject/1[java.lang.Object],org.apache.openjpa.event.TCPRemoteCommitProvider.HostAddress.SocketPoolableObjectFactory.validateObject/1[java.lang.Object],3,1,0,0,0,1,0,0,334,2,2,0,false
0.9.0,openjpa-kernel/src/main/java/org/apache/openjpa/kernel/exps/Concat.java,"initialize/3[org.apache.openjpa.jdbc.sql.Select,org.apache.openjpa.jdbc.kernel.exps.JDBCStore,boolean]","org.apache.openjpa.jdbc.kernel.exps.Concat.initialize/3[org.apache.openjpa.jdbc.sql.Select,org.apache.openjpa.jdbc.kernel.exps.JDBCStore,boolean]",13,2,8,2,0,0,0,1,334,1,1,4,false
0.9.0,openjpa-kernel/src/main/java/org/apache/openjpa/kernel/BrokerImpl.java,useTransactionalState/1[org.apache.openjpa.kernel.FetchConfiguration],org.apache.openjpa.kernel.BrokerImpl.useTransactionalState/1[org.apache.openjpa.kernel.FetchConfiguration],3,4,0,0,0,1,6,1,334,5,17,0,false
0.9.6,openjpa-persistence/src/main/java/org/apache/openjpa/persistence/QueryImpl.java,updateAll/1[java.util.Map],org.apache.openjpa.kernel.QueryImpl.updateAll/1[java.util.Map],3,1,0,0,0,1,0,3,334,5,11,0,false
0.9.0,openjpa-kernel/src/main/java/org/apache/openjpa/kernel/StateManagerImpl.java,fetchString/1[int],org.apache.openjpa.kernel.StateManagerImpl.fetchString/1[int],6,2,2,0,0,2,0,6,334,3,10,2,false
0.9.0,openjpa-kernel/src/main/java/org/apache/openjpa/meta/ValueMetaData.java,setCascadeRefresh/1[int],org.apache.openjpa.meta.ValueMetaData.setCascadeRefresh/1[int],1,1,0,0,0,0,1,0,334,2,2,0,false
0.9.6,openjpa-jdbc/src/main/java/org/apache/openjpa/jdbc/sql/LogicalUnion.java,"orderBy/3[org.apache.openjpa.jdbc.sql.Column[],boolean,boolean]","org.apache.openjpa.jdbc.sql.LogicalUnion.UnionSelect.orderBy/3[org.apache.openjpa.jdbc.sql.Column[],boolean,boolean]",3,1,0,0,0,1,0,1,317,3,4,0,false
0.9.6,openjpa-lib/src/main/java/org/apache/openjpa/lib/meta/ClassArgParser.java,"readAttribute/2[java.io.Reader,char[]]","org.apache.openjpa.lib.meta.ClassArgParser.readAttribute/2[java.io.Reader,char[]]",23,11,7,0,0,4,1,2,243,1,1,1,false
0.9.6,openjpa-slice/src/main/java/org/apache/openjpa/slice/DistributedBrokerImpl.java,addDereferencedDependent/1[org.apache.openjpa.kernel.StateManagerImpl],org.apache.openjpa.kernel.BrokerImpl.addDereferencedDependent/1[org.apache.openjpa.kernel.StateManagerImpl],16,5,2,0,1,0,1,2,600,0,0,0,false
0.9.0,openjpa-kernel/src/main/java/org/apache/openjpa/enhance/PCDataGenerator.java,PCDataGenerator/1[org.apache.openjpa.enhance.OpenJPAConfiguration],org.apache.openjpa.enhance.PCDataGenerator.PCDataGenerator/1[org.apache.openjpa.enhance.OpenJPAConfiguration],4,1,2,0,0,0,0,0,334,2,2,0,false
0.9.0,openjpa-kernel/src/main/java/org/apache/openjpa/kernel/exps/Param.java,getName/0,org.apache.openjpa.jdbc.kernel.exps.Param.getName/0,3,1,0,0,0,1,1,0,334,1,1,0,false
0.9.0,openjpa-persistence/src/main/java/org/apache/openjpa/persistence/OpenJPAEntityManagerFactory.java,createNativeQuery/1[java.lang.String],org.apache.openjpa.persistence.OpenJPAEntityManager.createNativeQuery/1[java.lang.String],1,1,0,0,0,0,0,0,334,1,1,0,false
0.9.6,openjpa-kernel/src/main/java/org/apache/openjpa/meta/AbstractCFMetaDataFactory.java,"parse/2[org.apache.openjpa.meta.MetaDataParser,java.util.Collection]","org.apache.openjpa.meta.AbstractCFMetaDataFactory.parse/2[org.apache.openjpa.meta.MetaDataParser,java.util.Collection]",8,3,1,0,1,0,1,0,334,3,5,0,false
0.9.6,openjpa-kernel/src/main/java/org/apache/openjpa/ee/WASManagedRuntime.java,WASSynchronization/1[org.apache.openjpa.ee.Synchronization],org.apache.openjpa.ee.WASManagedRuntime.WASSynchronization.WASSynchronization/1[org.apache.openjpa.ee.Synchronization],3,1,1,0,0,0,1,0,215,1,2,0,false
0.9.0,openjpa-kernel/src/main/java/org/apache/openjpa/kernel/BrokerImpl.java,syncWithManagedTransaction/0,org.apache.openjpa.kernel.BrokerImpl.syncWithManagedTransaction/0,16,5,0,0,1,2,1,7,334,5,17,0,false
0.9.0,openjpa-persistence/src/main/java/org/apache/openjpa/persistence/XMLPersistenceMetaDataParser.java,startQueryHint/1[org.xml.sax.Attributes],org.apache.openjpa.persistence.XMLPersistenceMetaDataParser.startQueryHint/1[org.xml.sax.Attributes],5,1,1,0,0,1,2,2,334,6,10,1,false
0.9.0,openjpa-jdbc/src/main/java/org/apache/openjpa/jdbc/kernel/DelegatingJDBCFetchConfiguration.java,getResultSetType/0,org.apache.openjpa.jdbc.kernel.JDBCFetchConfiguration.getResultSetType/0,1,1,0,0,0,0,3,0,317,3,4,0,false
0.9.6,openjpa-kernel/src/main/java/org/apache/openjpa/event/LoadListener.java,afterRefresh/1[org.apache.openjpa.event.LifecycleEvent],org.apache.openjpa.event.LoadListener.afterRefresh/1[org.apache.openjpa.event.LifecycleEvent],1,1,0,0,0,0,0,0,334,1,1,0,false
0.9.6,openjpa-persistence/src/main/java/org/apache/openjpa/persistence/EntityManagerImpl.java,lock/1[java.lang.Object],org.apache.openjpa.persistence.EntityManagerImpl.lock/1[java.lang.Object],3,1,0,0,0,0,0,1,334,4,8,0,false
0.9.6,openjpa-jdbc/src/main/java/org/apache/openjpa/jdbc/sql/SelectImpl.java,isGrouping/0,org.apache.openjpa.jdbc.sql.SelectImpl.isGrouping/0,3,2,0,0,0,1,12,0,317,4,6,0,false
0.9.6,openjpa-jdbc/src/main/java/org/apache/openjpa/jdbc/meta/strats/EmbedFieldStrategy.java,"providedDoubleField/3[org.apache.openjpa.jdbc.meta.strats.PersistenceCapable,int,double]","org.apache.openjpa.jdbc.meta.strats.EmbedFieldStrategy.NullEmbeddedStateManager.providedDoubleField/3[org.apache.openjpa.jdbc.meta.strats.PersistenceCapable,int,double]",3,1,0,0,0,0,0,0,317,2,2,0,false
0.9.6,openjpa-kernel/src/main/java/org/apache/openjpa/util/AbstractChangeTracker.java,added/1[java.lang.Object],org.apache.openjpa.util.AbstractChangeTracker.added/1[java.lang.Object],5,2,0,0,0,1,0,2,334,2,2,0,false
0.9.0,openjpa-jdbc/src/main/java/org/apache/openjpa/jdbc/kernel/exps/JDBCExpressionFactory.java,"newArgumentList/2[org.apache.openjpa.kernel.exps.Value,org.apache.openjpa.kernel.exps.Value]","org.apache.openjpa.jdbc.kernel.exps.JDBCExpressionFactory.newArgumentList/2[org.apache.openjpa.kernel.exps.Value,org.apache.openjpa.kernel.exps.Value]",3,1,0,0,0,1,0,0,317,1,1,0,false
0.9.6,openjpa-persistence/src/main/java/org/apache/openjpa/persistence/QueryImpl.java,"executeQuery/5[org.apache.openjpa.kernel.StoreQuery,java.util.Map,boolean,long,long]","org.apache.openjpa.kernel.QueryImpl.MergedExecutor.executeQuery/5[org.apache.openjpa.kernel.StoreQuery,java.util.Map,boolean,long,long]",12,7,8,0,0,2,0,3,334,5,11,1,false
0.9.0,openjpa-kernel/src/main/java/org/apache/openjpa/kernel/Filters.java,"divide/4[java.lang.Object,java.lang.Class,java.lang.Object,java.lang.Class]","org.apache.openjpa.kernel.Filters.divide/4[java.lang.Object,java.lang.Class,java.lang.Object,java.lang.Class]",3,1,0,0,0,1,1,1,334,2,2,0,false
0.9.6,openjpa-kernel/src/main/java/org/apache/openjpa/event/RemoteCommitEventManager.java,getPersistedTypeNames/0,org.apache.openjpa.event.RemoteCommitEvent.getPersistedTypeNames/0,3,2,0,0,0,1,0,0,334,1,1,0,false
0.9.0,openjpa-jdbc/src/main/java/org/apache/openjpa/jdbc/kernel/exps/OrExpression.java,"selectColumns/5[org.apache.openjpa.jdbc.kernel.exps.Select,org.apache.openjpa.jdbc.kernel.JDBCStore,java.lang.Object[],boolean,org.apache.openjpa.jdbc.kernel.JDBCFetchConfiguration]","org.apache.openjpa.jdbc.kernel.exps.OrExpression.selectColumns/5[org.apache.openjpa.jdbc.kernel.exps.Select,org.apache.openjpa.jdbc.kernel.JDBCStore,java.lang.Object[],boolean,org.apache.openjpa.jdbc.kernel.JDBCFetchConfiguration]",4,1,0,0,0,0,0,1,317,1,1,0,false
0.9.0,openjpa-kernel/src/main/java/org/apache/openjpa/meta/ValueMetaData.java,setType/1[java.lang.Class],org.apache.openjpa.meta.ValueMetaData.setType/1[java.lang.Class],1,1,0,0,0,0,0,0,334,2,2,0,false
0.9.6,openjpa-jdbc/src/main/java/org/apache/openjpa/jdbc/kernel/exps/PCPath.java,PCPath/1[org.apache.openjpa.jdbc.kernel.exps.SubQ],org.apache.openjpa.jdbc.kernel.exps.PCPath.PCPath/1[org.apache.openjpa.jdbc.kernel.exps.SubQ],10,1,7,0,0,0,0,1,317,1,1,0,false
0.9.6,openjpa-jdbc/src/main/java/org/apache/openjpa/jdbc/meta/VersionMappingInfo.java,"getColumns/3[org.apache.openjpa.jdbc.meta.Version,org.apache.openjpa.jdbc.meta.Column[],boolean]","org.apache.openjpa.jdbc.meta.VersionMappingInfo.getColumns/3[org.apache.openjpa.jdbc.meta.Version,org.apache.openjpa.jdbc.meta.Column[],boolean]",5,1,1,0,0,1,0,4,317,1,1,3,false
0.9.0,openjpa-kernel/src/main/java/org/apache/openjpa/kernel/BrokerImpl.java,getBrokerFactory/0,org.apache.openjpa.kernel.BrokerImpl.getBrokerFactory/0,3,1,0,0,0,1,0,0,334,5,17,0,false
0.9.0,openjpa-jdbc/src/main/java/org/apache/openjpa/jdbc/kernel/MappedQueryResultObjectProvider.java,"getTimestampInternal/3[java.lang.Object,java.util.Calendar,org.apache.openjpa.jdbc.kernel.Joins]","org.apache.openjpa.jdbc.kernel.MappedQueryResultObjectProvider.MappingResult.getTimestampInternal/3[java.lang.Object,java.util.Calendar,org.apache.openjpa.jdbc.kernel.Joins]",4,2,0,0,0,2,0,0,317,1,1,0,false
0.9.6,openjpa-lib/src/main/java/org/apache/openjpa/lib/meta/ClassArgParser.java,getFromJavaFile/1[java.io.File],org.apache.openjpa.lib.meta.ClassArgParser.getFromJavaFile/1[java.io.File],31,10,11,2,2,1,1,0,243,1,1,11,false
0.9.6,openjpa-kernel/src/main/java/org/apache/openjpa/kernel/jpql/JPQLExpressionBuilder.java,root/0,org.apache.openjpa.kernel.jpql.JPQLExpressionBuilder.root/0,3,1,0,0,0,1,21,1,334,1,3,2,false
0.9.0,openjpa-kernel/src/main/java/org/apache/openjpa/kernel/BrokerImpl.java,getLockLevel/1[java.lang.Object],org.apache.openjpa.kernel.BrokerImpl.getLockLevel/1[java.lang.Object],7,3,1,0,0,3,0,3,334,5,17,0,false
0.9.6,openjpa-jdbc/src/main/java/org/apache/openjpa/jdbc/meta/FieldMapping.java,"setForeignKey/2[org.apache.openjpa.jdbc.meta.Row,org.apache.openjpa.kernel.OpenJPAStateManager]","org.apache.openjpa.jdbc.meta.FieldMapping.setForeignKey/2[org.apache.openjpa.jdbc.meta.Row,org.apache.openjpa.kernel.OpenJPAStateManager]",3,1,0,0,0,0,0,0,317,1,1,0,false
0.9.6,openjpa-lib/src/main/java/org/apache/openjpa/lib/util/concurrent/FIFOWaitQueue.java,WaitNode/0,org.apache.openjpa.lib.util.concurrent.WaitQueue.WaitNode.WaitNode/0,3,1,1,0,0,0,3,0,243,1,1,0,false
0.9.6,openjpa-kernel/src/main/java/org/apache/openjpa/meta/ClassMetaData.java,getExtraFieldDataIndex/1[int],org.apache.openjpa.meta.ClassMetaData.getExtraFieldDataIndex/1[int],3,1,0,0,0,1,4,1,334,3,7,0,false
0.9.6,openjpa-lib/src/main/java/org/apache/openjpa/lib/rop/AbstractResultList.java,"getBytesInternal/2[java.lang.Object,org.apache.openjpa.jdbc.sql.Joins]","org.apache.openjpa.jdbc.sql.AbstractResult.getBytesInternal/2[java.lang.Object,org.apache.openjpa.jdbc.sql.Joins]",3,1,0,0,0,1,2,2,243,1,1,0,false
0.9.0,openjpa-lib/src/main/java/org/apache/openjpa/lib/meta/ResourceMetaDataIterator.java,"ResourceMetaDataIterator/2[java.lang.String,java.lang.ClassLoader]","org.apache.openjpa.lib.meta.ResourceMetaDataIterator.ResourceMetaDataIterator/2[java.lang.String,java.lang.ClassLoader]",14,4,4,0,0,0,1,2,243,1,1,0,false
0.9.0,openjpa-kernel/src/main/java/org/apache/openjpa/meta/LifecycleMetaData.java,getIgnoreSuperclassCallbacks/0,org.apache.openjpa.meta.LifecycleMetaData.getIgnoreSuperclassCallbacks/0,3,1,0,0,0,1,0,0,334,1,1,0,false
0.9.6,openjpa-lib/src/main/java/org/apache/openjpa/lib/util/CodeFormat.java,laload/0,serp.bytecode.Code.laload/0,3,1,0,0,0,1,0,1,243,1,1,0,false
0.9.6,openjpa-jdbc/src/main/java/org/apache/openjpa/jdbc/meta/FieldMapping.java,copy/1[org.apache.openjpa.jdbc.meta.FieldMetaData],org.apache.openjpa.jdbc.meta.FieldMapping.copy/1[org.apache.openjpa.jdbc.meta.FieldMetaData],4,2,1,0,0,0,0,1,317,1,1,0,false
0.9.0,openjpa-kernel/src/main/java/org/apache/openjpa/util/GeneralException.java,GeneralException/1[org.apache.openjpa.util.Message],org.apache.openjpa.util.GeneralException.GeneralException/1[org.apache.openjpa.util.Message],3,1,0,0,0,0,0,0,334,1,1,0,false
0.9.0,openjpa-kernel/src/main/java/org/apache/openjpa/kernel/ECleanState.java,rollbackRestore/1[org.apache.openjpa.kernel.StateManagerImpl],org.apache.openjpa.kernel.ECleanState.rollbackRestore/1[org.apache.openjpa.kernel.StateManagerImpl],3,1,0,0,0,1,0,0,334,1,1,0,false
0.9.6,openjpa-xmlstore/src/main/java/org/apache/openjpa/xmlstore/XMLFileHandler.java,ObjectDataHandler/1[org.apache.openjpa.xmlstore.XMLConfiguration],org.apache.openjpa.xmlstore.XMLFileHandler.ObjectDataHandler.ObjectDataHandler/1[org.apache.openjpa.xmlstore.XMLConfiguration],3,1,1,0,0,0,1,0,334,1,1,0,false
0.9.0,openjpa-kernel/src/main/java/org/apache/openjpa/enhance/ApplicationIdTool.java,getToStringCode/1[boolean],org.apache.openjpa.enhance.ApplicationIdTool.getToStringCode/1[boolean],27,13,4,1,0,2,1,4,334,2,2,13,false
0.9.0,openjpa-lib/src/main/java/org/apache/openjpa/lib/util/ReferenceHashMap.java,"addMapping/4[int,int,java.lang.Object,java.lang.Object]","org.apache.openjpa.lib.util.ReferenceHashMap.addMapping/4[int,int,java.lang.Object,java.lang.Object]",4,2,0,1,0,0,0,1,243,1,1,0,false
0.9.0,openjpa-kernel/src/main/java/org/apache/openjpa/kernel/exps/Concat.java,"select/5[org.apache.openjpa.jdbc.sql.Select,org.apache.openjpa.jdbc.kernel.exps.JDBCStore,java.lang.Object[],boolean,org.apache.openjpa.jdbc.kernel.exps.JDBCFetchConfiguration]","org.apache.openjpa.jdbc.kernel.exps.Concat.select/5[org.apache.openjpa.jdbc.sql.Select,org.apache.openjpa.jdbc.kernel.exps.JDBCStore,java.lang.Object[],boolean,org.apache.openjpa.jdbc.kernel.exps.JDBCFetchConfiguration]",3,1,0,0,0,0,0,2,334,1,1,0,false
0.9.6,openjpa-jdbc/src/main/java/org/apache/openjpa/jdbc/meta/strats/StateComparisonVersionStrategy.java,CustomUpdate/1[org.apache.openjpa.jdbc.schema.Table],org.apache.openjpa.jdbc.meta.strats.StateComparisonVersionStrategy.CustomUpdate.CustomUpdate/1[org.apache.openjpa.jdbc.schema.Table],3,1,0,0,0,0,2,0,317,2,2,0,false
0.9.0,openjpa-kernel/src/main/java/org/apache/openjpa/kernel/exps/AbstractExpressionBuilder.java,"AbstractExpressionBuilder/2[org.apache.openjpa.kernel.exps.ExpressionFactory,org.apache.openjpa.kernel.exps.Resolver]","org.apache.openjpa.kernel.exps.AbstractExpressionBuilder.AbstractExpressionBuilder/2[org.apache.openjpa.kernel.exps.ExpressionFactory,org.apache.openjpa.kernel.exps.Resolver]",4,1,2,0,0,0,0,0,334,1,1,0,false
0.9.0,openjpa-jdbc/src/main/java/org/apache/openjpa/jdbc/kernel/ValueTableJDBCSeq.java,"run/5[org.apache.openjpa.jdbc.conf.JDBCConfiguration,java.lang.String[],java.lang.String,org.apache.openjpa.jdbc.kernel.MappingRepository,java.lang.ClassLoader]","org.apache.openjpa.jdbc.kernel.ValueTableJDBCSeq.run/5[org.apache.openjpa.jdbc.conf.JDBCConfiguration,java.lang.String[],java.lang.String,org.apache.openjpa.jdbc.kernel.MappingRepository,java.lang.ClassLoader]",45,13,9,4,2,5,1,10,317,1,1,3,false
0.9.6,openjpa-jdbc/src/main/java/org/apache/openjpa/jdbc/sql/DBDictionaryFactory.java,"appendCast/3[org.apache.openjpa.jdbc.sql.SQLBuffer,org.apache.openjpa.jdbc.sql.FilterValue,int]","org.apache.openjpa.jdbc.sql.DBDictionary.appendCast/3[org.apache.openjpa.jdbc.sql.SQLBuffer,org.apache.openjpa.jdbc.sql.FilterValue,int]",17,2,7,2,0,0,3,1,317,2,2,1,false
0.9.6,openjpa-lib/src/main/java/org/apache/openjpa/lib/util/concurrent/ConcurrentLinkedQueue.java,setNext/1[org.apache.openjpa.lib.util.concurrent.ConcurrentLinkedQueue.Node],org.apache.openjpa.lib.util.concurrent.ConcurrentLinkedQueue.Node.setNext/1[org.apache.openjpa.lib.util.concurrent.ConcurrentLinkedQueue.Node],3,1,1,0,0,0,0,0,243,1,1,0,false
0.9.0,openjpa-kernel/src/main/java/org/apache/openjpa/datacache/QueryCache.java,writeLock/0,org.apache.openjpa.datacache.QueryCache.writeLock/0,1,1,0,0,0,0,3,0,334,1,1,0,false
0.9.0,openjpa-jdbc/src/main/java/org/apache/openjpa/jdbc/kernel/AbstractUpdateManager.java,"CustomMapping/3[int,org.apache.openjpa.jdbc.kernel.OpenJPAStateManager,org.apache.openjpa.jdbc.kernel.Strategy]","org.apache.openjpa.jdbc.kernel.AbstractUpdateManager.CustomMapping.CustomMapping/3[int,org.apache.openjpa.jdbc.kernel.OpenJPAStateManager,org.apache.openjpa.jdbc.kernel.Strategy]",5,1,3,0,0,0,3,0,317,1,1,0,false
0.9.0,openjpa-jdbc/src/main/java/org/apache/openjpa/jdbc/kernel/JDBCStoreManager.java,rollback/0,org.apache.openjpa.jdbc.kernel.JDBCStoreManager.rollback/0,12,6,1,0,1,1,0,1,317,3,5,0,false
0.9.0,openjpa-persistence/src/main/java/org/apache/openjpa/persistence/query/UnaryOperatorExpression.java,clearParameters/0,org.apache.openjpa.jdbc.kernel.exps.UnaryOp.clearParameters/0,3,1,0,0,0,0,1,1,362,0,0,0,false
0.9.0,openjpa-lib/src/main/java/org/apache/openjpa/lib/util/concurrent/ReentrantLock.java,NonfairSync/0,org.apache.openjpa.lib.util.concurrent.ReentrantLock.NonfairSync.NonfairSync/0,2,1,0,0,0,0,2,0,243,1,1,1,false
0.9.6,openjpa-persistence/src/main/java/org/apache/openjpa/persistence/EntityManagerFactoryImpl.java,close/0,org.apache.openjpa.persistence.EntityManagerFactoryImpl.close/0,3,1,0,0,0,0,0,0,334,3,4,0,false
0.9.0,openjpa-lib/src/main/java/org/apache/openjpa/lib/util/concurrent/ConcurrentReferenceHashMap.java,"ConcurrentReferenceHashMap/3[int,int,int]","org.apache.openjpa.lib.util.concurrent.ConcurrentReferenceHashMap.ConcurrentReferenceHashMap/3[int,int,int]",3,1,0,0,0,0,0,0,243,1,1,0,false
0.9.6,openjpa-persistence/src/main/java/org/apache/openjpa/persistence/query/InExpression.java,getConstant/0,org.apache.openjpa.jdbc.kernel.exps.InExpression.getConstant/0,3,1,0,0,0,1,0,0,362,0,0,0,false
0.9.6,openjpa-kernel/src/main/java/org/apache/openjpa/kernel/ENonTransState.java,evict/1[org.apache.openjpa.kernel.StateManagerImpl],org.apache.openjpa.kernel.ENonTransState.evict/1[org.apache.openjpa.kernel.StateManagerImpl],3,1,0,0,0,1,0,0,334,1,1,0,false
0.9.6,openjpa-kernel/src/main/java/org/apache/openjpa/kernel/exps/SubQ.java,"groupBy/4[org.apache.openjpa.jdbc.kernel.exps.Select,org.apache.openjpa.jdbc.kernel.exps.JDBCStore,java.lang.Object[],org.apache.openjpa.jdbc.kernel.exps.JDBCFetchState]","org.apache.openjpa.jdbc.kernel.exps.SubQ.groupBy/4[org.apache.openjpa.jdbc.kernel.exps.Select,org.apache.openjpa.jdbc.kernel.exps.JDBCStore,java.lang.Object[],org.apache.openjpa.jdbc.kernel.exps.JDBCFetchState]",3,1,0,0,0,0,0,1,334,1,1,0,false
0.9.6,openjpa-jdbc/src/main/java/org/apache/openjpa/jdbc/meta/strats/HandlerFieldStrategy.java,"appendIsNull/3[org.apache.openjpa.jdbc.meta.strats.SQLBuffer,org.apache.openjpa.jdbc.meta.strats.Select,org.apache.openjpa.jdbc.sql.Joins]","org.apache.openjpa.jdbc.meta.strats.HandlerFieldStrategy.appendIsNull/3[org.apache.openjpa.jdbc.meta.strats.SQLBuffer,org.apache.openjpa.jdbc.meta.strats.Select,org.apache.openjpa.jdbc.sql.Joins]",7,3,2,0,0,0,0,1,317,1,1,2,false
0.9.6,openjpa-persistence-jdbc/src/main/java/org/apache/openjpa/persistence/jdbc/AnnotationPersistenceMappingParser.java,"parseContainerTable/2[org.apache.openjpa.persistence.jdbc.FieldMapping,org.apache.openjpa.persistence.jdbc.ContainerTable]","org.apache.openjpa.persistence.jdbc.AnnotationPersistenceMappingParser.parseContainerTable/2[org.apache.openjpa.persistence.jdbc.FieldMapping,org.apache.openjpa.persistence.jdbc.ContainerTable]",6,3,0,0,0,0,2,4,317,4,6,3,false
0.9.6,openjpa-kernel/src/main/java/org/apache/openjpa/kernel/MethodStoreQuery.java,deleteAll/1[java.lang.Object[]],org.apache.openjpa.kernel.Query.deleteAll/1[java.lang.Object[]],1,1,0,0,0,0,0,0,334,1,1,0,false
0.9.6,openjpa-kernel/src/main/java/org/apache/openjpa/kernel/TransferFieldManager.java,fetchByteField/1[int],org.apache.openjpa.kernel.TransferFieldManager.fetchByteField/1[int],3,1,0,0,0,1,0,0,334,1,1,0,false
0.9.6,openjpa-slice/src/main/java/org/apache/openjpa/slice/DistributedBrokerImpl.java,getUserName/0,org.apache.openjpa.kernel.BrokerImpl.JCAHelper.getUserName/0,3,1,0,0,0,1,0,0,600,0,0,0,false
0.9.6,openjpa-kernel/src/main/java/org/apache/openjpa/util/MapChangeTrackerImpl.java,getTrackKeys/0,org.apache.openjpa.util.MapChangeTrackerImpl.getTrackKeys/0,3,1,0,0,0,1,7,0,334,2,2,0,false
0.9.0,openjpa-lib/src/main/java/org/apache/openjpa/lib/jdbc/DelegatingDatabaseMetaData.java,supportsMixedCaseIdentifiers/0,org.apache.openjpa.lib.jdbc.DelegatingDatabaseMetaData.supportsMixedCaseIdentifiers/0,3,1,0,0,0,1,0,0,243,2,2,0,false
0.9.6,openjpa-kernel/src/main/java/org/apache/openjpa/meta/MetaDataRepository.java,"addDeclaredInterfaceImpl/2[org.apache.openjpa.meta.ClassMetaData,java.lang.Class]","org.apache.openjpa.meta.MetaDataRepository.addDeclaredInterfaceImpl/2[org.apache.openjpa.meta.ClassMetaData,java.lang.Class]",5,1,0,0,0,0,2,3,334,3,5,0,false
0.9.6,openjpa-lib/src/main/java/org/apache/openjpa/lib/rop/ResultListIterator.java,hasNext/0,org.apache.openjpa.lib.rop.ResultListIterator.hasNext/0,4,2,0,0,0,2,0,1,243,1,1,0,false
0.9.6,openjpa-kernel/src/main/java/org/apache/openjpa/conf/OpenJPAConfigurationImpl.java,getDataCacheManagerInstance/0,org.apache.openjpa.conf.OpenJPAConfigurationImpl.getDataCacheManagerInstance/0,8,2,2,0,0,1,0,1,334,3,5,0,false
0.9.0,openjpa-kernel/src/main/java/org/apache/openjpa/conf/OpenJPAConfiguration.java,setAutoDetach/1[int],org.apache.openjpa.conf.OpenJPAConfiguration.setAutoDetach/1[int],1,1,0,0,0,0,0,0,334,1,1,0,false
0.9.0,openjpa-kernel/src/main/java/org/apache/openjpa/conf/AutoDetachValue.java,get/0,org.apache.openjpa.conf.AutoDetachValue.get/0,3,1,0,0,0,1,1,0,334,2,3,0,false
0.9.0,openjpa-kernel/src/main/java/org/apache/openjpa/kernel/DelegatingBrokerFactory.java,getUserObject/1[java.lang.Object],org.apache.openjpa.kernel.DelegatingBroker.getUserObject/1[java.lang.Object],8,2,0,0,1,1,1,1,334,1,1,1,false
0.9.0,openjpa-jdbc/src/main/java/org/apache/openjpa/jdbc/kernel/PreparedSQLStoreQuery.java,isPacking/1[org.apache.openjpa.jdbc.kernel.StoreQuery],org.apache.openjpa.jdbc.kernel.SQLStoreQuery.SQLExecutor.isPacking/1[org.apache.openjpa.jdbc.kernel.StoreQuery],3,2,0,0,0,1,0,0,295,2,2,1,false
0.9.6,openjpa-lib/src/main/java/org/apache/openjpa/lib/jdbc/DelegatingCallableStatement.java,setMagic/1[int],serp.bytecode.State.setMagic/1[int],3,1,0,0,0,0,0,0,243,1,1,0,false
0.9.0,openjpa-kernel/src/main/java/org/apache/openjpa/kernel/BrokerImpl.java,"extentIterator/4[java.lang.Class,boolean,org.apache.openjpa.kernel.FetchConfiguration,boolean]","org.apache.openjpa.kernel.BrokerImpl.extentIterator/4[java.lang.Class,boolean,org.apache.openjpa.kernel.FetchConfiguration,boolean]",5,1,1,0,0,1,0,3,334,5,17,2,false
0.9.6,openjpa-kernel/src/main/java/org/apache/openjpa/ee/WASManagedRuntime.java,begin/0,org.apache.openjpa.ee.WASManagedRuntime.WASTransaction.begin/0,3,1,0,0,0,0,0,1,215,1,2,0,false
0.9.0,openjpa-jdbc/src/main/java/org/apache/openjpa/jdbc/kernel/exps/IndexOf.java,"orderBy/5[org.apache.openjpa.jdbc.sql.Select,org.apache.openjpa.jdbc.kernel.exps.JDBCStore,java.lang.Object[],boolean,org.apache.openjpa.jdbc.kernel.exps.JDBCFetchConfiguration]","org.apache.openjpa.jdbc.kernel.exps.IndexOf.orderBy/5[org.apache.openjpa.jdbc.sql.Select,org.apache.openjpa.jdbc.kernel.exps.JDBCStore,java.lang.Object[],boolean,org.apache.openjpa.jdbc.kernel.exps.JDBCFetchConfiguration]",3,1,0,0,0,0,0,2,317,1,1,0,false
0.9.6,openjpa-persistence/src/main/java/org/apache/openjpa/persistence/PersistenceMetaDataDefaults.java,usesAccess/1[java.lang.reflect.AnnotatedElement[]],org.apache.openjpa.persistence.PersistenceMetaDataDefaults.usesAccess/1[java.lang.reflect.AnnotatedElement[]],12,6,4,0,0,2,1,0,334,3,3,2,false
0.9.0,openjpa-jdbc/src/main/java/org/apache/openjpa/jdbc/kernel/exps/PCPath.java,"selectColumns/5[org.apache.openjpa.jdbc.kernel.exps.Select,org.apache.openjpa.jdbc.kernel.JDBCStore,java.lang.Object[],boolean,org.apache.openjpa.jdbc.kernel.JDBCFetchConfiguration]","org.apache.openjpa.jdbc.kernel.exps.PCPath.selectColumns/5[org.apache.openjpa.jdbc.kernel.exps.Select,org.apache.openjpa.jdbc.kernel.JDBCStore,java.lang.Object[],boolean,org.apache.openjpa.jdbc.kernel.JDBCFetchConfiguration]",9,5,2,0,0,0,2,2,317,1,1,1,false
0.9.6,openjpa-jdbc/src/main/java/org/apache/openjpa/jdbc/meta/strats/HandlerFieldStrategy.java,"load/4[org.apache.openjpa.kernel.OpenJPAStateManager,org.apache.openjpa.jdbc.meta.strats.JDBCStore,org.apache.openjpa.jdbc.meta.strats.JDBCFetchConfiguration,org.apache.openjpa.jdbc.sql.Result]","org.apache.openjpa.jdbc.meta.strats.HandlerFieldStrategy.load/4[org.apache.openjpa.kernel.OpenJPAStateManager,org.apache.openjpa.jdbc.meta.strats.JDBCStore,org.apache.openjpa.jdbc.meta.strats.JDBCFetchConfiguration,org.apache.openjpa.jdbc.sql.Result]",9,5,2,0,0,1,0,5,317,1,1,1,false
0.9.6,openjpa-slice/src/main/java/org/apache/openjpa/slice/DistributedBrokerImpl.java,persist/1[org.apache.openjpa.kernel.StateManagerImpl],org.apache.openjpa.kernel.BrokerImpl.ManagedCache.persist/1[org.apache.openjpa.kernel.StateManagerImpl],3,2,0,0,0,0,2,0,600,0,0,0,false
0.9.6,openjpa-jdbc/src/main/java/org/apache/openjpa/jdbc/meta/strats/CharArrayStreamValueHandler.java,"toDataStoreValue/3[org.apache.openjpa.jdbc.meta.strats.ValueMapping,java.lang.Object,org.apache.openjpa.jdbc.meta.strats.JDBCStore]","org.apache.openjpa.jdbc.meta.strats.CharArrayStreamValueHandler.toDataStoreValue/3[org.apache.openjpa.jdbc.meta.strats.ValueMapping,java.lang.Object,org.apache.openjpa.jdbc.meta.strats.JDBCStore]",5,2,1,0,0,2,0,0,317,1,1,0,false
0.9.6,openjpa-slice/src/main/java/org/apache/openjpa/slice/DistributedBrokerImpl.java,setNontransactionalWrite/1[boolean],org.apache.openjpa.kernel.BrokerImpl.setNontransactionalWrite/1[boolean],5,3,1,0,0,0,0,1,600,0,0,0,false
0.9.0,openjpa-xmlstore/src/main/java/org/apache/openjpa/xmlstore/XMLStore.java,XMLStore/1[org.apache.openjpa.xmlstore.XMLConfiguration],org.apache.openjpa.xmlstore.XMLStore.XMLStore/1[org.apache.openjpa.xmlstore.XMLConfiguration],3,1,1,0,0,0,0,0,334,1,1,0,false
0.9.6,openjpa-kernel/src/main/java/org/apache/openjpa/kernel/DetachedValueStateManager.java,fetchString/1[int],org.apache.openjpa.kernel.DetachedValueStateManager.fetchString/1[int],3,1,0,0,0,0,0,0,334,2,2,0,false
0.9.6,openjpa-jdbc/src/main/java/org/apache/openjpa/jdbc/kernel/exps/Math.java,"calculateValue/5[org.apache.openjpa.jdbc.kernel.exps.Select,org.apache.openjpa.jdbc.kernel.exps.ExpContext,org.apache.openjpa.jdbc.kernel.exps.ExpState,org.apache.openjpa.jdbc.kernel.exps.Val,org.apache.openjpa.jdbc.kernel.exps.ExpState]","org.apache.openjpa.jdbc.kernel.exps.Math.calculateValue/5[org.apache.openjpa.jdbc.kernel.exps.Select,org.apache.openjpa.jdbc.kernel.exps.ExpContext,org.apache.openjpa.jdbc.kernel.exps.ExpState,org.apache.openjpa.jdbc.kernel.exps.Val,org.apache.openjpa.jdbc.kernel.exps.ExpState]",5,1,1,0,0,0,1,0,1211,0,0,0,false
0.9.0,openjpa-jdbc/src/main/java/org/apache/openjpa/jdbc/kernel/ValueTableJDBCSeq.java,"run/3[org.apache.openjpa.jdbc.kernel.JDBCConfiguration,java.lang.String[],org.apache.openjpa.jdbc.kernel.Options]","org.apache.openjpa.jdbc.kernel.TableJDBCSeq.run/3[org.apache.openjpa.jdbc.kernel.JDBCConfiguration,java.lang.String[],org.apache.openjpa.jdbc.kernel.Options]",6,3,1,0,0,2,1,2,317,1,1,0,false
0.9.0,openjpa-persistence/src/main/java/org/apache/openjpa/persistence/AnnotationPersistenceMetaDataParser.java,"parseReadOnly/2[org.apache.openjpa.persistence.FieldMetaData,org.apache.openjpa.persistence.ReadOnly]","org.apache.openjpa.persistence.AnnotationPersistenceMetaDataParser.parseReadOnly/2[org.apache.openjpa.persistence.FieldMetaData,org.apache.openjpa.persistence.ReadOnly]",5,3,0,0,0,0,1,0,334,4,5,0,false
0.9.6,openjpa-kernel/src/main/java/org/apache/openjpa/kernel/ObjectIdStateManager.java,proxyDetachedDeserialized/1[int],org.apache.openjpa.kernel.ObjectIdStateManager.proxyDetachedDeserialized/1[int],3,1,0,0,0,0,0,0,334,3,3,0,false
0.9.6,openjpa-persistence/src/main/java/org/apache/openjpa/persistence/QueryImpl.java,addFilterListener/1[org.apache.openjpa.kernel.FilterListener],org.apache.openjpa.kernel.QueryImpl.addFilterListener/1[org.apache.openjpa.kernel.FilterListener],12,2,1,0,1,0,0,4,334,5,11,0,false
0.9.6,openjpa-lib/src/main/java/org/apache/openjpa/lib/log/AbstractLog.java,info/1[java.lang.Object],org.apache.openjpa.lib.log.AbstractLog.info/1[java.lang.Object],3,1,0,0,0,0,0,2,243,1,1,0,false
0.9.0,openjpa-kernel/src/main/java/org/apache/openjpa/kernel/BrokerImpl.java,getUpdatedTypes/0,org.apache.openjpa.kernel.BrokerImpl.getUpdatedTypes/0,4,3,0,0,0,2,0,0,334,5,17,0,false
0.9.6,openjpa-lib/src/main/java/org/apache/openjpa/lib/jdbc/DelegatingCallableStatement.java,getComponentName/0,serp.bytecode.State.getComponentName/0,3,1,0,0,0,0,0,0,243,1,1,0,false
0.9.0,openjpa-lib/src/main/java/org/apache/openjpa/lib/conf/FileValue.java,getValueType/0,org.apache.openjpa.lib.conf.FileValue.getValueType/0,3,1,0,0,0,1,0,0,243,1,1,0,false
0.9.6,openjpa-jdbc/src/main/java/org/apache/openjpa/jdbc/meta/strats/PrimitiveWrapperArrays.java,"copyOfRange/3[int[],int,int]","org.apache.openjpa.lib.util.concurrent.Arrays.copyOfRange/3[int[],int,int]",9,3,4,3,0,1,0,0,317,1,1,0,false
0.9.0,openjpa-kernel/src/main/java/org/apache/openjpa/kernel/BrokerImpl.java,"deleteAll/2[java.util.Collection,org.apache.openjpa.kernel.OpCallbacks]","org.apache.openjpa.kernel.BrokerImpl.deleteAll/2[java.util.Collection,org.apache.openjpa.kernel.OpCallbacks]",21,4,4,0,2,0,0,7,334,5,17,0,false
0.9.6,openjpa-persistence/src/main/java/org/apache/openjpa/persistence/EntityManagerImpl.java,"transactionalAll/2[java.lang.Object[],boolean]","org.apache.openjpa.persistence.EntityManagerImpl.transactionalAll/2[java.lang.Object[],boolean]",3,1,0,0,0,0,0,1,334,4,8,0,false
0.9.0,openjpa-jdbc/src/main/java/org/apache/openjpa/jdbc/meta/strats/RelationFieldStrategy.java,"selectEagerParallel/5[org.apache.openjpa.jdbc.meta.strats.SelectExecutor,org.apache.openjpa.jdbc.meta.strats.OpenJPAStateManager,org.apache.openjpa.jdbc.meta.strats.JDBCStore,org.apache.openjpa.jdbc.meta.strats.JDBCFetchConfiguration,int]","org.apache.openjpa.jdbc.meta.strats.RelationFieldStrategy.selectEagerParallel/5[org.apache.openjpa.jdbc.meta.strats.SelectExecutor,org.apache.openjpa.jdbc.meta.strats.OpenJPAStateManager,org.apache.openjpa.jdbc.meta.strats.JDBCStore,org.apache.openjpa.jdbc.meta.strats.JDBCFetchConfiguration,int]",14,3,2,0,0,0,2,2,317,3,4,1,false
0.9.0,openjpa-jdbc/src/main/java/org/apache/openjpa/jdbc/kernel/AbstractJDBCSavepointManager.java,supportsIncrementalFlush/0,org.apache.openjpa.jdbc.kernel.AbstractJDBCSavepointManager.supportsIncrementalFlush/0,3,1,0,0,0,1,0,0,317,1,1,0,false
0.9.6,openjpa-lib/src/main/java/org/apache/openjpa/lib/util/concurrent/ConcurrentHashSet.java,contains/1[java.lang.Object],org.apache.openjpa.lib.util.concurrent.ConcurrentHashSet.contains/1[java.lang.Object],3,1,0,0,0,1,0,0,243,1,1,0,false
0.9.0,openjpa-lib/src/main/java/org/apache/openjpa/lib/jdbc/DelegatingDatabaseMetaData.java,supportsNonNullableColumns/0,org.apache.openjpa.lib.jdbc.DelegatingDatabaseMetaData.supportsNonNullableColumns/0,3,1,0,0,0,1,0,0,243,2,2,0,false
0.9.6,openjpa-lib/src/main/java/org/apache/openjpa/lib/meta/XMLMetaDataParser.java,getSourceName/0,org.apache.openjpa.lib.meta.XMLMetaDataParser.getSourceName/0,3,1,0,0,0,1,7,0,243,2,2,0,false
0.9.6,openjpa-persistence/src/main/java/org/apache/openjpa/persistence/EntityManagerImpl.java,createNamedQuery/1[java.lang.String],org.apache.openjpa.persistence.EntityManagerImpl.createNamedQuery/1[java.lang.String],16,3,6,0,1,1,0,9,334,4,8,8,false
0.9.6,openjpa-jdbc/src/main/java/org/apache/openjpa/jdbc/meta/strats/HandlerFieldStrategy.java,"loadEmbedded/4[org.apache.openjpa.kernel.OpenJPAStateManager,org.apache.openjpa.jdbc.meta.strats.JDBCStore,org.apache.openjpa.jdbc.meta.strats.JDBCFetchConfiguration,java.lang.Object]","org.apache.openjpa.jdbc.meta.strats.HandlerFieldStrategy.loadEmbedded/4[org.apache.openjpa.kernel.OpenJPAStateManager,org.apache.openjpa.jdbc.meta.strats.JDBCStore,org.apache.openjpa.jdbc.meta.strats.JDBCFetchConfiguration,java.lang.Object]",5,4,1,0,0,0,1,4,317,1,1,1,false
0.9.6,openjpa-kernel/src/main/java/org/apache/openjpa/meta/ValueMetaDataImpl.java,setTypeOverride/1[java.lang.Class],org.apache.openjpa.meta.ValueMetaDataImpl.setTypeOverride/1[java.lang.Class],3,1,1,0,0,0,0,0,334,2,3,0,false
0.9.0,openjpa-jdbc/src/main/java/org/apache/openjpa/jdbc/kernel/JDBCStoreQuery.java,"executeUnion/5[org.apache.openjpa.jdbc.kernel.Union,org.apache.openjpa.jdbc.kernel.ClassMapping[],org.apache.openjpa.jdbc.kernel.QueryExpressions[],java.util.BitSet[],org.apache.openjpa.jdbc.kernel.JDBCFetchState]","org.apache.openjpa.jdbc.kernel.JDBCStoreQuery.executeUnion/5[org.apache.openjpa.jdbc.kernel.Union,org.apache.openjpa.jdbc.kernel.ClassMapping[],org.apache.openjpa.jdbc.kernel.QueryExpressions[],java.util.BitSet[],org.apache.openjpa.jdbc.kernel.JDBCFetchState]",5,5,1,0,0,3,1,3,317,4,5,0,false
0.9.6,openjpa-jdbc/src/main/java/org/apache/openjpa/jdbc/meta/JDBCRelatedFieldOrder.java,isAscending/0,org.apache.openjpa.jdbc.meta.JDBCRelatedFieldOrder.isAscending/0,3,1,0,0,0,1,0,0,317,2,2,0,false
0.9.0,openjpa-kernel/src/main/java/org/apache/openjpa/datacache/DataCacheManager.java,getSystemQueryCache/0,org.apache.openjpa.datacache.DataCacheManager.getSystemQueryCache/0,1,1,0,0,0,0,0,0,334,1,1,0,false
0.9.0,openjpa-jdbc/src/main/java/org/apache/openjpa/jdbc/meta/strats/RelationFieldStrategy.java,"selectEagerJoin/5[org.apache.openjpa.jdbc.sql.Select,org.apache.openjpa.jdbc.meta.strats.OpenJPAStateManager,org.apache.openjpa.jdbc.kernel.JDBCStore,org.apache.openjpa.jdbc.meta.strats.JDBCFetchConfiguration,int]","org.apache.openjpa.jdbc.meta.strats.RelationFieldStrategy.selectEagerJoin/5[org.apache.openjpa.jdbc.sql.Select,org.apache.openjpa.jdbc.meta.strats.OpenJPAStateManager,org.apache.openjpa.jdbc.kernel.JDBCStore,org.apache.openjpa.jdbc.meta.strats.JDBCFetchConfiguration,int]",4,1,1,0,0,0,0,3,317,3,4,0,false
0.9.6,openjpa-jdbc/src/main/java/org/apache/openjpa/jdbc/meta/strats/RelationMapTableFieldStrategy.java,getAutoAssignedColumns/0,org.apache.openjpa.jdbc.schema.Table.getAutoAssignedColumns/0,17,7,6,0,0,1,1,1,317,2,2,0,false
0.9.6,openjpa-slice/src/main/java/org/apache/openjpa/slice/DistributedBrokerImpl.java,toString/0,org.apache.openjpa.kernel.BrokerImpl.StateManagerId.toString/0,3,1,0,1,0,1,0,0,600,0,0,0,false
0.9.6,openjpa-kernel/src/main/java/org/apache/openjpa/kernel/ObjectIdStateManager.java,"providedShortField/3[org.apache.openjpa.kernel.PersistenceCapable,int,short]","org.apache.openjpa.kernel.ObjectIdStateManager.providedShortField/3[org.apache.openjpa.kernel.PersistenceCapable,int,short]",3,1,0,0,0,0,0,0,334,3,3,0,false
0.9.6,openjpa-lib/src/main/java/org/apache/openjpa/lib/util/UUIDGenerator.java,nextHex/0,org.apache.openjpa.lib.util.UUIDGenerator.nextHex/0,3,1,0,0,0,1,0,2,243,1,1,0,false
0.9.6,openjpa-kernel/src/main/java/org/apache/openjpa/meta/SequenceMetaData.java,getSchema/0,org.apache.openjpa.jdbc.schema.Sequence.getSchema/0,3,1,0,0,0,1,3,0,334,1,1,0,false
0.9.0,openjpa-kernel/src/main/java/org/apache/openjpa/util/ApplicationIds.java,"create/2[org.apache.openjpa.util.PersistenceCapable,org.apache.openjpa.util.ClassMetaData]","org.apache.openjpa.util.ApplicationIds.create/2[org.apache.openjpa.util.PersistenceCapable,org.apache.openjpa.util.ClassMetaData]",15,5,4,0,0,5,1,1,334,2,5,1,false
0.9.6,openjpa-jdbc/src/main/java/org/apache/openjpa/jdbc/schema/Schemas.java,Schema/0,org.apache.openjpa.jdbc.schema.Schema.Schema/0,2,1,0,0,0,0,0,0,317,1,1,0,false
0.9.0,openjpa-lib/src/main/java/org/apache/openjpa/lib/jdbc/DelegatingDatabaseMetaData.java,getMaxCursorNameLength/0,org.apache.openjpa.lib.jdbc.DelegatingDatabaseMetaData.getMaxCursorNameLength/0,3,1,0,0,0,1,0,0,243,2,2,0,false
0.9.6,openjpa-persistence/src/main/java/org/apache/openjpa/persistence/TransactionRequiredException.java,"TransactionRequiredException/4[org.apache.openjpa.lib.util.Localizer.Message,java.lang.Throwable[],java.lang.Object,boolean]","org.apache.openjpa.persistence.TransactionRequiredException.TransactionRequiredException/4[org.apache.openjpa.lib.util.Localizer.Message,java.lang.Throwable[],java.lang.Object,boolean]",3,1,0,0,0,0,2,1,334,1,1,0,false
0.9.0,openjpa-kernel/src/main/java/org/apache/openjpa/kernel/exps/SubQ.java,"appendIsNull/5[org.apache.openjpa.jdbc.kernel.exps.SQLBuffer,org.apache.openjpa.jdbc.sql.Select,org.apache.openjpa.jdbc.kernel.exps.JDBCStore,java.lang.Object[],org.apache.openjpa.jdbc.kernel.exps.JDBCFetchConfiguration]","org.apache.openjpa.jdbc.kernel.exps.SubQ.appendIsNull/5[org.apache.openjpa.jdbc.kernel.exps.SQLBuffer,org.apache.openjpa.jdbc.sql.Select,org.apache.openjpa.jdbc.kernel.exps.JDBCStore,java.lang.Object[],org.apache.openjpa.jdbc.kernel.exps.JDBCFetchConfiguration]",4,1,0,0,0,0,0,1,334,1,1,0,false
0.9.6,openjpa-jdbc/src/main/java/org/apache/openjpa/jdbc/kernel/JDBCFetchConfigurationImpl.java,addPropertyPrefix/1[java.lang.String],org.apache.openjpa.lib.conf.ConfigurationImpl.addPropertyPrefix/1[java.lang.String],3,2,0,0,0,0,1,0,317,3,5,0,false
0.9.6,openjpa-jdbc/src/main/java/org/apache/openjpa/jdbc/sql/SQLBuffer.java,hashCode/0,org.apache.openjpa.jdbc.sql.SQLBuffer.hashCode/0,4,2,1,0,0,1,0,0,317,1,1,0,false
0.9.0,openjpa-lib/src/main/java/org/apache/openjpa/lib/jdbc/DelegatingDatabaseMetaData.java,supportsOpenCursorsAcrossRollback/0,org.apache.openjpa.lib.jdbc.DelegatingDatabaseMetaData.supportsOpenCursorsAcrossRollback/0,3,1,0,0,0,1,0,0,243,2,2,0,false
0.9.0,openjpa-lib/src/main/java/org/apache/openjpa/lib/jdbc/DelegatingCallableStatement.java,getDouble/1[int],org.apache.openjpa.lib.jdbc.DelegatingCallableStatement.getDouble/1[int],3,1,0,0,0,1,0,0,243,1,1,0,false
0.9.0,openjpa-lib/src/main/java/org/apache/openjpa/lib/util/concurrent/ConcurrentReferenceHashMap.java,"SoftEntry/6[int,java.lang.Object,java.lang.Object,boolean,org.apache.openjpa.lib.util.concurrent.ConcurrentReferenceHashMap.Entry,java.lang.ref.ReferenceQueue]","org.apache.openjpa.lib.util.concurrent.ConcurrentReferenceHashMap.SoftEntry.SoftEntry/6[int,java.lang.Object,java.lang.Object,boolean,org.apache.openjpa.lib.util.concurrent.ConcurrentReferenceHashMap.Entry,java.lang.ref.ReferenceQueue]",7,3,4,0,0,0,2,0,243,1,1,0,false
0.9.0,openjpa-jdbc/src/main/java/org/apache/openjpa/jdbc/kernel/JDBCStoreManager.java,newFetchConfiguration/0,org.apache.openjpa.jdbc.kernel.JDBCStoreManager.newFetchConfiguration/0,3,1,0,0,0,1,0,1,317,3,5,0,false
0.9.6,openjpa-lib/src/main/java/org/apache/openjpa/lib/util/CodeFormat.java,add/1[serp.bytecode.Instruction],serp.bytecode.Code.add/1[serp.bytecode.Instruction],6,1,1,0,0,1,0,4,243,1,1,1,false
0.9.6,openjpa-kernel/src/main/java/org/apache/openjpa/kernel/StateManagerImpl.java,isProvisional/0,org.apache.openjpa.kernel.StateManagerImpl.isProvisional/0,3,1,0,0,0,1,3,1,334,3,10,0,false
0.9.0,openjpa-kernel/src/main/java/org/apache/openjpa/datacache/AbstractQueryCache.java,"put/2[org.apache.openjpa.datacache.QueryKey,org.apache.openjpa.datacache.QueryResult]","org.apache.openjpa.datacache.AbstractQueryCache.put/2[org.apache.openjpa.datacache.QueryKey,org.apache.openjpa.datacache.QueryResult]",5,4,1,0,0,1,0,2,334,1,1,1,false
0.9.6,openjpa-jdbc/src/main/java/org/apache/openjpa/jdbc/meta/FieldMapping.java,setValueUnique/1[org.apache.openjpa.jdbc.meta.Unique],org.apache.openjpa.jdbc.meta.FieldMapping.setValueUnique/1[org.apache.openjpa.jdbc.meta.Unique],3,1,0,0,0,0,0,0,317,1,1,0,false
0.9.6,openjpa-jdbc/src/main/java/org/apache/openjpa/jdbc/sql/SQLBuffer.java,"prepareStatement/4[java.sql.Connection,org.apache.openjpa.jdbc.sql.JDBCFetchConfiguration,int,int]","org.apache.openjpa.jdbc.sql.SQLBuffer.prepareStatement/4[java.sql.Connection,org.apache.openjpa.jdbc.sql.JDBCFetchConfiguration,int,int]",24,13,5,0,2,1,1,2,317,1,1,0,false
0.9.0,openjpa-jdbc/src/main/java/org/apache/openjpa/jdbc/kernel/exps/PCPath.java,"groupBy/4[org.apache.openjpa.jdbc.kernel.exps.Select,org.apache.openjpa.jdbc.kernel.exps.JDBCStore,java.lang.Object[],org.apache.openjpa.jdbc.kernel.exps.JDBCFetchConfiguration]","org.apache.openjpa.jdbc.kernel.exps.PCPath.groupBy/4[org.apache.openjpa.jdbc.kernel.exps.Select,org.apache.openjpa.jdbc.kernel.exps.JDBCStore,java.lang.Object[],org.apache.openjpa.jdbc.kernel.exps.JDBCFetchConfiguration]",8,4,2,0,0,0,0,2,317,1,1,0,false
0.9.6,openjpa-persistence/src/main/java/org/apache/openjpa/persistence/PersistenceMetaDataFactory.java,setAnnotationParser/1[org.apache.openjpa.persistence.AnnotationPersistenceMetaDataParser],org.apache.openjpa.persistence.PersistenceMetaDataFactory.setAnnotationParser/1[org.apache.openjpa.persistence.AnnotationPersistenceMetaDataParser],5,3,1,0,0,0,1,2,334,3,4,0,false
0.9.6,openjpa-persistence/src/main/java/org/apache/openjpa/persistence/QueryImpl.java,isPacking/1[org.apache.openjpa.kernel.StoreQuery],org.apache.openjpa.kernel.QueryImpl.MergedExecutor.isPacking/1[org.apache.openjpa.kernel.StoreQuery],3,1,0,0,0,1,0,1,334,5,11,0,false
0.9.6,openjpa-kernel/src/main/java/org/apache/openjpa/kernel/VersionAttachStrategy.java,Version/1[org.apache.openjpa.jdbc.meta.ClassMapping],org.apache.openjpa.jdbc.meta.Version.Version/1[org.apache.openjpa.jdbc.meta.ClassMapping],4,1,2,0,0,0,0,1,334,3,3,0,false
0.9.0,openjpa-jdbc/src/main/java/org/apache/openjpa/jdbc/kernel/JDBCFetchConfigurationImpl.java,setContext/1[org.apache.openjpa.kernel.StoreContext],org.apache.openjpa.kernel.FetchConfigurationImpl.setContext/1[org.apache.openjpa.kernel.StoreContext],10,5,2,0,0,1,0,10,317,3,5,1,false
0.9.0,openjpa-kernel/src/main/java/org/apache/openjpa/meta/Extensions.java,"calculateValue/5[org.apache.openjpa.jdbc.sql.Select,org.apache.openjpa.jdbc.kernel.exps.JDBCStore,java.lang.Object[],org.apache.openjpa.jdbc.kernel.exps.Val,org.apache.openjpa.jdbc.kernel.exps.JDBCFetchConfiguration]","org.apache.openjpa.jdbc.kernel.exps.Extension.calculateValue/5[org.apache.openjpa.jdbc.sql.Select,org.apache.openjpa.jdbc.kernel.exps.JDBCStore,java.lang.Object[],org.apache.openjpa.jdbc.kernel.exps.Val,org.apache.openjpa.jdbc.kernel.exps.JDBCFetchConfiguration]",4,3,0,0,0,0,2,0,334,1,1,0,false
0.9.6,openjpa-kernel/src/main/java/org/apache/openjpa/kernel/PNewFlushedDeletedState.java,nontransactional/1[org.apache.openjpa.kernel.StateManagerImpl],org.apache.openjpa.kernel.PNewFlushedDeletedState.nontransactional/1[org.apache.openjpa.kernel.StateManagerImpl],3,1,0,0,0,1,0,0,334,1,1,0,false
0.9.6,openjpa-jdbc/src/main/java/org/apache/openjpa/jdbc/conf/JDBCProductDerivation.java,getConfigurationPrefix/0,org.apache.openjpa.lib.conf.ProductDerivation.getConfigurationPrefix/0,1,1,0,0,0,0,0,0,317,1,1,0,false
0.9.6,openjpa-kernel/src/main/java/org/apache/openjpa/kernel/OpenJPAStateManager.java,getObjectId/0,org.apache.openjpa.kernel.OpenJPAStateManager.getObjectId/0,1,1,0,0,0,0,15,0,334,1,1,0,false
0.9.6,openjpa-kernel/src/main/java/org/apache/openjpa/kernel/LocalManagedRuntime.java,commit/0,org.apache.openjpa.kernel.LocalManagedRuntime.commit/0,33,12,6,0,3,0,0,3,334,1,2,5,false
0.9.0,openjpa-kernel/src/main/java/org/apache/openjpa/writebehind/WriteBehindStoreManager.java,rollback/0,org.apache.openjpa.kernel.StoreManager.rollback/0,1,1,0,0,0,0,0,0,96,1,1,0,false
0.9.0,openjpa-lib/src/main/java/org/apache/openjpa/lib/jdbc/DelegatingResultSet.java,"updateInt/2[int,int]","org.apache.openjpa.lib.jdbc.DelegatingResultSet.updateInt/2[int,int]",3,1,0,0,0,0,0,0,243,1,1,0,false
0.9.6,openjpa-lib/src/main/java/org/apache/openjpa/lib/meta/ClassArgParser.java,getFromClassFile/1[java.io.File],org.apache.openjpa.lib.meta.ClassArgParser.getFromClassFile/1[java.io.File],14,3,2,0,2,1,1,1,243,1,1,1,false
0.9.6,openjpa-kernel/src/main/java/org/apache/openjpa/kernel/SingleFieldManager.java,"gatherCascadeRefresh/2[java.lang.Object[],org.apache.openjpa.kernel.OpCallbacks]","org.apache.openjpa.kernel.SingleFieldManager.gatherCascadeRefresh/2[java.lang.Object[],org.apache.openjpa.kernel.OpCallbacks]",3,2,1,0,0,0,1,1,334,2,2,0,false
0.9.6,openjpa-kernel/src/main/java/org/apache/openjpa/kernel/ObjectIdStateManager.java,fetch/1[int],org.apache.openjpa.kernel.ObjectIdStateManager.fetch/1[int],5,2,2,0,0,1,2,2,334,3,3,0,false
0.9.6,openjpa-lib/src/main/java/org/apache/openjpa/lib/util/concurrent/ReentrantLock.java,recheck/1[org.apache.openjpa.lib.util.concurrent.WaitQueue.WaitNode],org.apache.openjpa.lib.util.concurrent.ReentrantLock.FairSync.recheck/1[org.apache.openjpa.lib.util.concurrent.WaitQueue.WaitNode],14,3,3,0,0,3,0,2,243,1,1,0,false
0.9.6,openjpa-jdbc/src/main/java/org/apache/openjpa/jdbc/sql/LogicalUnion.java,"select/2[java.lang.String,java.lang.Object]","org.apache.openjpa.jdbc.sql.LogicalUnion.UnionSelect.select/2[java.lang.String,java.lang.Object]",3,1,0,0,0,1,0,1,317,3,4,0,false
0.9.0,openjpa-lib/src/main/java/org/apache/openjpa/lib/jdbc/DelegatingStatement.java,"executeUpdate/2[java.lang.String,java.lang.String[]]","org.apache.openjpa.lib.jdbc.DelegatingStatement.executeUpdate/2[java.lang.String,java.lang.String[]]",3,1,0,0,0,0,0,0,243,1,1,0,false
0.9.0,openjpa-kernel/src/main/java/org/apache/openjpa/kernel/StateManagerImpl.java,"postLoad/2[org.apache.openjpa.kernel.FetchGroup,org.apache.openjpa.kernel.FetchConfiguration]","org.apache.openjpa.kernel.StateManagerImpl.postLoad/2[org.apache.openjpa.kernel.FetchGroup,org.apache.openjpa.kernel.FetchConfiguration]",8,5,3,0,0,3,1,2,334,3,10,0,false
0.9.6,openjpa-lib/src/main/java/org/apache/openjpa/lib/rop/RangeResultObjectProvider.java,"getDouble/2[org.apache.openjpa.jdbc.sql.Column,org.apache.openjpa.jdbc.sql.Joins]","org.apache.openjpa.jdbc.sql.Result.getDouble/2[org.apache.openjpa.jdbc.sql.Column,org.apache.openjpa.jdbc.sql.Joins]",1,1,0,0,0,0,1,0,243,1,1,0,false
0.9.0,openjpa-kernel/src/main/java/org/apache/openjpa/abstractstore/AbstractStoreManager.java,"initialize/4[org.apache.openjpa.abstractstore.OpenJPAStateManager,org.apache.openjpa.abstractstore.PCState,org.apache.openjpa.abstractstore.FetchConfiguration,java.lang.Object]","org.apache.openjpa.abstractstore.AbstractStoreManager.initialize/4[org.apache.openjpa.abstractstore.OpenJPAStateManager,org.apache.openjpa.abstractstore.PCState,org.apache.openjpa.abstractstore.FetchConfiguration,java.lang.Object]",1,1,0,0,0,0,0,0,1228,0,0,0,false
0.9.6,openjpa-lib/src/main/java/org/apache/openjpa/lib/meta/MetaDataSerializer.java,"serialize/2[java.io.File,int]","org.apache.openjpa.lib.meta.MetaDataSerializer.serialize/2[java.io.File,int]",1,1,0,0,0,0,0,0,243,1,1,0,false
0.9.6,openjpa-jdbc/src/main/java/org/apache/openjpa/jdbc/sql/RowImpl.java,"whereByte/2[org.apache.openjpa.jdbc.sql.Column,byte]","org.apache.openjpa.jdbc.sql.RowImpl.whereByte/2[org.apache.openjpa.jdbc.sql.Column,byte]",3,1,0,0,0,0,0,1,1211,0,0,0,false
0.9.6,openjpa-jdbc/src/main/java/org/apache/openjpa/jdbc/sql/SelectImpl.java,indexOfAlias/1[java.lang.Object],org.apache.openjpa.jdbc.sql.SelectImpl.Selects.indexOfAlias/1[java.lang.Object],5,4,1,0,0,3,4,0,317,4,6,0,false
0.9.6,openjpa-kernel/src/main/java/org/apache/openjpa/kernel/TransferFieldManager.java,clear/0,org.apache.openjpa.kernel.TransferFieldManager.clear/0,6,1,4,0,0,0,0,0,334,1,1,0,false
0.9.6,openjpa-persistence-jdbc/src/main/java/org/apache/openjpa/persistence/jdbc/AnnotationPersistenceMappingParser.java,"parseTable/2[org.apache.openjpa.persistence.jdbc.ClassMapping,org.apache.openjpa.persistence.jdbc.Table]","org.apache.openjpa.persistence.jdbc.AnnotationPersistenceMappingParser.parseTable/2[org.apache.openjpa.persistence.jdbc.ClassMapping,org.apache.openjpa.persistence.jdbc.Table]",6,4,2,0,0,0,1,2,317,4,6,1,false
0.9.6,openjpa-kernel/src/main/java/org/apache/openjpa/kernel/MethodStoreQuery.java,getCandidateExtent/0,org.apache.openjpa.kernel.Query.getCandidateExtent/0,1,1,0,0,0,0,0,0,334,1,1,0,false
0.9.6,openjpa-jdbc/src/main/java/org/apache/openjpa/jdbc/meta/strats/StateComparisonVersionStrategy.java,"getRow/4[org.apache.openjpa.jdbc.meta.strats.Table,int,org.apache.openjpa.jdbc.meta.strats.OpenJPAStateManager,boolean]","org.apache.openjpa.jdbc.meta.strats.StateComparisonVersionStrategy.CustomUpdate.getRow/4[org.apache.openjpa.jdbc.meta.strats.Table,int,org.apache.openjpa.jdbc.meta.strats.OpenJPAStateManager,boolean]",4,2,0,0,0,2,0,0,317,2,2,0,false
0.9.0,openjpa-jdbc/src/main/java/org/apache/openjpa/jdbc/meta/DiscriminatorMappingInfo.java,"syncColumn/8[org.apache.openjpa.jdbc.meta.MetaDataContext,org.apache.openjpa.jdbc.meta.Column,int,boolean,org.apache.openjpa.jdbc.schema.Table,org.apache.openjpa.jdbc.schema.Table,java.lang.Object,boolean]","org.apache.openjpa.jdbc.meta.MappingInfo.syncColumn/8[org.apache.openjpa.jdbc.meta.MetaDataContext,org.apache.openjpa.jdbc.meta.Column,int,boolean,org.apache.openjpa.jdbc.schema.Table,org.apache.openjpa.jdbc.schema.Table,java.lang.Object,boolean]",38,36,7,3,0,1,2,2,317,1,1,6,false
0.9.6,openjpa-kernel/src/main/java/org/apache/openjpa/conf/OpenJPAConfigurationImpl.java,setTransactionMode/1[java.lang.String],org.apache.openjpa.conf.OpenJPAConfigurationImpl.setTransactionMode/1[java.lang.String],4,1,0,0,0,0,0,1,334,3,5,0,false
0.9.6,openjpa-jdbc/src/main/java/org/apache/openjpa/jdbc/kernel/FinderQueryImpl.java,toArray/1[java.lang.Object[]],org.apache.openjpa.kernel.QueryImpl.RemoveOnCloseResultList.toArray/1[java.lang.Object[]],3,1,0,0,0,1,0,0,261,0,0,0,false
0.9.0,openjpa-kernel/src/main/java/org/apache/openjpa/kernel/QueryContext.java,getCandidateType/0,org.apache.openjpa.kernel.QueryContext.getCandidateType/0,1,1,0,0,0,0,6,0,334,2,2,0,false
0.9.0,openjpa-jdbc/src/main/java/org/apache/openjpa/jdbc/kernel/JDBCFetchConfigurationImpl.java,getTraversedFromField/0,org.apache.openjpa.kernel.FetchConfigurationImpl.getTraversedFromField/0,3,1,0,0,0,1,1,0,317,3,5,0,false
0.9.0,openjpa-kernel/src/main/java/org/apache/openjpa/datacache/DelegatingQueryCache.java,equals/1[java.lang.Object],org.apache.openjpa.datacache.DelegatingQueryCache.equals/1[java.lang.Object],5,3,1,0,0,2,0,1,334,1,1,0,false
0.9.0,openjpa-kernel/src/main/java/org/apache/openjpa/util/UserException.java,UserException/1[java.lang.Throwable],org.apache.openjpa.util.UserException.UserException/1[java.lang.Throwable],3,1,0,0,0,0,6,0,334,1,2,0,false
0.9.0,openjpa-persistence/src/main/java/org/apache/openjpa/persistence/OpenJPAEntityManagerFactory.java,persistAll/1[java.lang.Object[]],org.apache.openjpa.persistence.OpenJPAEntityManager.persistAll/1[java.lang.Object[]],1,1,0,0,0,0,0,0,334,1,1,0,false
0.9.6,openjpa-kernel/src/main/java/org/apache/openjpa/datacache/QueryCacheStoreQuery.java,getDelegate/0,org.apache.openjpa.datacache.QueryCacheStoreQuery.getDelegate/0,3,1,0,0,0,1,7,0,334,2,2,0,false
0.9.0,openjpa-jdbc/src/main/java/org/apache/openjpa/jdbc/sql/OracleDictionary.java,getEmptyBlob/0,org.apache.openjpa.jdbc.sql.OracleDictionary.getEmptyBlob/0,9,3,1,0,1,2,1,0,317,2,3,1,false
0.9.6,openjpa-jdbc/src/main/java/org/apache/openjpa/jdbc/meta/JDBCColumnOrder.java,setType/1[int],org.apache.openjpa.jdbc.schema.Column.setType/1[int],3,1,1,0,0,0,1,0,317,1,1,0,false
0.9.0,openjpa-kernel/src/main/java/org/apache/openjpa/enhance/ApplicationIdTool.java,"getConversionCode/2[org.apache.openjpa.enhance.FieldMetaData,java.lang.String]","org.apache.openjpa.enhance.ApplicationIdTool.getConversionCode/2[org.apache.openjpa.enhance.FieldMetaData,java.lang.String]",57,22,4,0,0,1,1,1,334,2,2,58,false
0.9.0,openjpa-jdbc/src/main/java/org/apache/openjpa/jdbc/kernel/exps/AbstractVal.java,"appendIsNull/5[org.apache.openjpa.jdbc.kernel.exps.SQLBuffer,org.apache.openjpa.jdbc.kernel.exps.Select,org.apache.openjpa.jdbc.kernel.exps.JDBCStore,java.lang.Object[],org.apache.openjpa.jdbc.kernel.exps.JDBCFetchConfiguration]","org.apache.openjpa.jdbc.kernel.exps.AbstractVal.appendIsNull/5[org.apache.openjpa.jdbc.kernel.exps.SQLBuffer,org.apache.openjpa.jdbc.kernel.exps.Select,org.apache.openjpa.jdbc.kernel.exps.JDBCStore,java.lang.Object[],org.apache.openjpa.jdbc.kernel.exps.JDBCFetchConfiguration]",4,1,0,0,0,0,0,0,317,1,1,1,false
0.9.0,openjpa-kernel/src/main/java/org/apache/openjpa/kernel/DelegatingStoreManager.java,"load/5[org.apache.openjpa.kernel.OpenJPAStateManager,java.util.BitSet,org.apache.openjpa.kernel.FetchState,int,java.lang.Object]","org.apache.openjpa.kernel.DelegatingStoreManager.load/5[org.apache.openjpa.kernel.OpenJPAStateManager,java.util.BitSet,org.apache.openjpa.kernel.FetchState,int,java.lang.Object]",3,1,0,0,0,1,1,1,334,1,1,0,false
0.9.0,openjpa-kernel/src/main/java/org/apache/openjpa/kernel/BrokerImpl.java,"persist/2[java.lang.Object,org.apache.openjpa.kernel.OpCallbacks]","org.apache.openjpa.kernel.BrokerImpl.persist/2[java.lang.Object,org.apache.openjpa.kernel.OpCallbacks]",3,1,0,0,0,0,1,2,334,5,17,0,false
0.9.6,openjpa-jdbc/src/main/java/org/apache/openjpa/jdbc/kernel/exps/Args.java,getValues/0,org.apache.openjpa.jdbc.kernel.exps.Args.getValues/0,3,1,0,0,0,1,0,0,317,1,1,0,false
0.9.0,openjpa-lib/src/main/java/org/apache/openjpa/lib/rop/LazyForwardResultList.java,isProviderOpen/0,org.apache.openjpa.lib.rop.LazyForwardResultList.isProviderOpen/0,3,2,0,0,0,1,0,0,243,1,1,0,false
0.9.0,openjpa-jdbc/src/main/java/org/apache/openjpa/jdbc/sql/DBDictionaryFactory.java,"setFloat/4[java.sql.PreparedStatement,int,float,org.apache.openjpa.jdbc.sql.Column]","org.apache.openjpa.jdbc.sql.DBDictionary.setFloat/4[java.sql.PreparedStatement,int,float,org.apache.openjpa.jdbc.sql.Column]",3,1,0,0,0,0,4,0,317,2,2,0,false
0.9.0,openjpa-kernel/src/main/java/org/apache/openjpa/enhance/PCDataGenerator.java,"load/3[org.apache.openjpa.kernel.OpenJPAStateManager,org.apache.openjpa.kernel.FetchState,java.lang.Object]","org.apache.openjpa.kernel.PCData.load/3[org.apache.openjpa.kernel.OpenJPAStateManager,org.apache.openjpa.kernel.FetchState,java.lang.Object]",1,1,0,0,0,0,0,0,334,2,2,0,false
0.9.0,openjpa-persistence/src/main/java/org/apache/openjpa/persistence/AnnotationPersistenceMetaDataParser.java,setRepository/1[org.apache.openjpa.persistence.MetaDataRepository],org.apache.openjpa.persistence.AnnotationPersistenceMetaDataParser.setRepository/1[org.apache.openjpa.persistence.MetaDataRepository],3,1,1,0,0,0,2,0,334,4,5,0,false
0.9.6,openjpa-jdbc/src/main/java/org/apache/openjpa/jdbc/kernel/exps/BinaryOpExpState.java,BinaryOpExpState/0,org.apache.openjpa.jdbc.kernel.exps.BinaryOpExpState.BinaryOpExpState/0,2,1,0,0,0,0,0,0,149,1,1,0,false
0.9.6,openjpa-kernel/src/main/java/org/apache/openjpa/kernel/DetachedValueStateManager.java,"setImplData/2[int,java.lang.Object]","org.apache.openjpa.kernel.DetachedValueStateManager.setImplData/2[int,java.lang.Object]",3,1,0,0,0,0,0,0,334,2,2,0,false
0.9.0,openjpa-jdbc/src/main/java/org/apache/openjpa/jdbc/kernel/exps/JDBCExpressionFactory.java,abs/1[org.apache.openjpa.jdbc.kernel.exps.Value],org.apache.openjpa.jdbc.kernel.exps.JDBCExpressionFactory.abs/1[org.apache.openjpa.jdbc.kernel.exps.Value],3,1,0,0,0,1,0,0,317,1,1,0,false
0.9.0,openjpa-slice/src/main/java/org/apache/openjpa/slice/jdbc/DistributedJDBCStoreManager.java,"prepareStatement/2[java.lang.String,boolean]","org.apache.openjpa.jdbc.kernel.JDBCStoreManager.RefCountConnection.prepareStatement/2[java.lang.String,boolean]",3,1,0,0,0,1,0,1,281,1,1,0,false
0.9.6,openjpa-jdbc/src/main/java/org/apache/openjpa/jdbc/meta/strats/AbstractVersionStrategy.java,"afterLoad/2[org.apache.openjpa.jdbc.meta.strats.OpenJPAStateManager,org.apache.openjpa.jdbc.meta.strats.JDBCStore]","org.apache.openjpa.jdbc.meta.strats.AbstractVersionStrategy.afterLoad/2[org.apache.openjpa.jdbc.meta.strats.OpenJPAStateManager,org.apache.openjpa.jdbc.meta.strats.JDBCStore]",2,1,0,0,0,0,0,0,317,1,1,0,false
0.9.6,openjpa-lib/src/main/java/org/apache/openjpa/lib/rop/AbstractResultList.java,"getTimestamp/2[java.lang.Object,java.util.Calendar]","org.apache.openjpa.jdbc.sql.AbstractResult.getTimestamp/2[java.lang.Object,java.util.Calendar]",3,1,0,0,0,1,0,2,243,1,1,0,false
0.9.0,openjpa-kernel/src/main/java/org/apache/openjpa/kernel/StateManagerImpl.java,getId/0,org.apache.openjpa.kernel.StateManagerImpl.getId/0,3,1,0,0,0,1,5,0,334,3,10,0,false
0.9.6,openjpa-kernel/src/main/java/org/apache/openjpa/kernel/UUIDStringSeq.java,UUIDStringSeq/0,org.apache.openjpa.kernel.UUIDStringSeq.UUIDStringSeq/0,2,1,0,0,0,0,0,0,334,1,1,0,false
0.9.0,openjpa-kernel/src/main/java/org/apache/openjpa/meta/Extensions.java,getExtensionKeys/0,org.apache.openjpa.meta.Extensions.getExtensionKeys/0,3,1,0,0,0,1,0,1,334,1,1,0,false
0.9.6,openjpa-kernel/src/main/java/org/apache/openjpa/util/Id.java,getIdObject/0,org.apache.openjpa.util.Id.getIdObject/0,3,1,0,0,0,1,0,0,334,1,1,0,false
0.9.0,openjpa-jdbc/src/main/java/org/apache/openjpa/jdbc/kernel/exps/IndexOf.java,"calculateValue/5[org.apache.openjpa.jdbc.sql.Select,org.apache.openjpa.jdbc.kernel.exps.JDBCStore,java.lang.Object[],org.apache.openjpa.jdbc.kernel.exps.Val,org.apache.openjpa.jdbc.kernel.exps.JDBCFetchConfiguration]","org.apache.openjpa.jdbc.kernel.exps.IndexOf.calculateValue/5[org.apache.openjpa.jdbc.sql.Select,org.apache.openjpa.jdbc.kernel.exps.JDBCStore,java.lang.Object[],org.apache.openjpa.jdbc.kernel.exps.Val,org.apache.openjpa.jdbc.kernel.exps.JDBCFetchConfiguration]",4,1,0,0,0,0,1,0,317,1,1,0,false
0.9.0,openjpa-jdbc/src/main/java/org/apache/openjpa/jdbc/kernel/exps/Distinct.java,getOperator/0,org.apache.openjpa.jdbc.kernel.exps.Distinct.getOperator/0,3,1,0,0,0,1,0,0,317,1,1,0,false
0.9.0,openjpa-jdbc/src/main/java/org/apache/openjpa/jdbc/kernel/JDBCStoreQuery.java,"getTable/2[org.apache.openjpa.jdbc.kernel.FieldMapping,org.apache.openjpa.jdbc.schema.Table]","org.apache.openjpa.jdbc.kernel.JDBCStoreQuery.getTable/2[org.apache.openjpa.jdbc.kernel.FieldMapping,org.apache.openjpa.jdbc.schema.Table]",9,6,3,0,0,3,0,0,317,4,5,0,false
0.9.6,openjpa-lib/src/main/java/org/apache/openjpa/lib/rop/AbstractResultList.java,isLocking/0,org.apache.openjpa.jdbc.sql.AbstractResult.isLocking/0,3,1,0,0,0,1,0,0,243,1,1,0,false
0.9.0,openjpa-lib/src/main/java/org/apache/openjpa/lib/jdbc/DelegatingPreparedStatement.java,clearParameters/0,org.apache.openjpa.lib.jdbc.DelegatingPreparedStatement.clearParameters/0,3,1,0,0,0,0,0,0,243,1,1,0,false
0.9.0,openjpa-lib/src/main/java/org/apache/openjpa/lib/util/ReferenceHashMap.java,key/0,org.apache.openjpa.lib.util.ReferenceHashMap.AccessibleEntry.key/0,3,1,0,0,0,1,2,0,243,1,1,0,false
0.9.6,openjpa-jdbc/src/main/java/org/apache/openjpa/jdbc/sql/DBDictionaryFactory.java,isSupported/0,org.apache.openjpa.jdbc.sql.DBDictionary.isSupported/0,6,3,2,0,0,2,1,0,317,2,2,3,false
0.9.6,openjpa-lib/src/main/java/org/apache/openjpa/lib/log/Log4JLogFactory.java,error/1[java.lang.Object],org.apache.openjpa.lib.log.Log4JLogFactory.LogAdapter.error/1[java.lang.Object],3,1,0,0,0,0,0,0,243,1,1,0,false
0.9.6,openjpa-persistence/src/main/java/org/apache/openjpa/persistence/AnnotationPersistenceXMLMetaDataParser.java,getSchemaSource/0,org.apache.openjpa.lib.meta.XMLMetaDataParser.getSchemaSource/0,3,1,0,0,0,1,1,0,825,0,0,0,false
0.9.0,openjpa-jdbc/src/main/java/org/apache/openjpa/jdbc/kernel/exps/SelectConstructor.java,"newJoinsSelect/6[org.apache.openjpa.jdbc.kernel.exps.JDBCStore,org.apache.openjpa.jdbc.sql.Select,java.lang.String,org.apache.openjpa.jdbc.kernel.exps.QueryExpressions,java.lang.Object[],org.apache.openjpa.jdbc.kernel.exps.JDBCFetchConfiguration]","org.apache.openjpa.jdbc.kernel.exps.SelectConstructor.newJoinsSelect/6[org.apache.openjpa.jdbc.kernel.exps.JDBCStore,org.apache.openjpa.jdbc.sql.Select,java.lang.String,org.apache.openjpa.jdbc.kernel.exps.QueryExpressions,java.lang.Object[],org.apache.openjpa.jdbc.kernel.exps.JDBCFetchConfiguration]",28,15,4,0,0,1,1,3,317,1,1,1,false
0.9.0,openjpa-kernel/src/main/java/org/apache/openjpa/conf/OpenJPAConfiguration.java,isTransactionModeManaged/0,org.apache.openjpa.conf.OpenJPAConfiguration.isTransactionModeManaged/0,1,1,0,0,0,0,0,0,334,1,1,0,false
0.9.6,openjpa-kernel/src/main/java/org/apache/openjpa/ant/PCEnhancerTask.java,"throwException/2[serp.bytecode.Code,java.lang.Class]","org.apache.openjpa.enhance.PCEnhancer.throwException/2[serp.bytecode.Code,java.lang.Class]",7,1,1,0,0,1,7,4,334,1,1,2,false
0.9.0,openjpa-lib/src/main/java/org/apache/openjpa/lib/util/TypedProperties.java,"removeDoubleProperty/2[java.lang.String,double]","org.apache.openjpa.lib.util.TypedProperties.removeDoubleProperty/2[java.lang.String,double]",4,2,0,0,0,2,0,1,243,1,1,0,false
0.9.0,openjpa-lib/src/main/java/org/apache/openjpa/lib/util/concurrent/CopyOnWriteArraySet.java,toArray/0,org.apache.openjpa.lib.util.concurrent.CopyOnWriteArraySet.toArray/0,3,1,0,0,0,1,0,0,243,1,1,0,false
0.9.6,openjpa-persistence/src/main/java/org/apache/openjpa/persistence/OpenJPAPersistenceUtil.java,"getFactoryClass/2[org.apache.openjpa.lib.conf.ConfigurationProvider,java.lang.ClassLoader]","org.apache.openjpa.persistence.OpenJPAPersistence.getFactoryClass/2[org.apache.openjpa.lib.conf.ConfigurationProvider,java.lang.ClassLoader]",15,5,4,0,1,2,1,3,76,3,3,1,false
0.9.6,openjpa-kernel/src/main/java/org/apache/openjpa/event/JMSRemoteCommitProvider.java,setExceptionReconnectAttempts/1[int],org.apache.openjpa.event.JMSRemoteCommitProvider.setExceptionReconnectAttempts/1[int],3,1,1,0,0,0,0,0,334,3,3,0,false
0.9.0,openjpa-lib/src/main/java/org/apache/openjpa/lib/util/Localizer.java,setStart/1[serp.bytecode.Instruction],serp.bytecode.Local.setStart/1[serp.bytecode.Instruction],3,1,0,0,0,0,0,0,243,1,1,0,false
0.9.6,openjpa-kernel/src/main/java/org/apache/openjpa/meta/AbstractCFMetaDataFactory.java,"scan/4[org.apache.openjpa.meta.MetaDataIterator,org.apache.openjpa.lib.meta.ClassArgParser,java.util.Set,boolean]","org.apache.openjpa.meta.AbstractCFMetaDataFactory.scan/4[org.apache.openjpa.meta.MetaDataIterator,org.apache.openjpa.lib.meta.ClassArgParser,java.util.Set,boolean]",15,3,3,0,1,0,2,2,334,3,5,1,false
0.9.6,openjpa-kernel/src/main/java/org/apache/openjpa/kernel/DelegatingQuery.java,getBroker/0,org.apache.openjpa.kernel.DelegatingQuery.getBroker/0,8,2,0,0,1,1,2,1,334,2,2,1,false
0.9.0,openjpa-persistence/src/main/java/org/apache/openjpa/persistence/query/ConcatExpression.java,"load/3[org.apache.openjpa.jdbc.kernel.exps.Result,org.apache.openjpa.jdbc.kernel.exps.JDBCStore,org.apache.openjpa.jdbc.kernel.exps.JDBCFetchConfiguration]","org.apache.openjpa.jdbc.kernel.exps.Concat.load/3[org.apache.openjpa.jdbc.kernel.exps.Result,org.apache.openjpa.jdbc.kernel.exps.JDBCStore,org.apache.openjpa.jdbc.kernel.exps.JDBCFetchConfiguration]",3,1,0,0,0,1,0,1,356,0,0,0,false
0.9.6,openjpa-kernel/src/main/java/org/apache/openjpa/conf/OpenJPAConfigurationImpl.java,getConnectionFactory2/0,org.apache.openjpa.conf.OpenJPAConfigurationImpl.getConnectionFactory2/0,4,2,0,0,0,1,0,2,334,3,5,0,false
0.9.0,openjpa-kernel/src/main/java/org/apache/openjpa/util/ExceptionInfo.java,getCause/0,org.apache.openjpa.util.ExceptionInfo.getCause/0,1,1,0,0,0,0,0,0,334,1,2,0,false
0.9.0,openjpa-kernel/src/main/java/org/apache/openjpa/kernel/MethodStoreQuery.java,setQuery/1[java.lang.Object],org.apache.openjpa.kernel.StoreQuery.setQuery/1[java.lang.Object],1,1,0,0,0,0,2,0,334,1,1,0,false
0.9.6,openjpa-jdbc/src/main/java/org/apache/openjpa/jdbc/meta/ClassMapping.java,setPrimaryKeyColumns/1[org.apache.openjpa.jdbc.meta.Column[]],org.apache.openjpa.jdbc.meta.ClassMapping.setPrimaryKeyColumns/1[org.apache.openjpa.jdbc.meta.Column[]],4,2,2,0,0,0,0,0,317,2,3,0,false
0.9.6,openjpa-persistence-jdbc/src/main/java/org/apache/openjpa/persistence/jdbc/AnnotationPersistenceMappingParser.java,"handleUnknownClassMappingAnnotation/2[org.apache.openjpa.persistence.jdbc.ClassMapping,java.lang.annotation.Annotation]","org.apache.openjpa.persistence.jdbc.AnnotationPersistenceMappingParser.handleUnknownClassMappingAnnotation/2[org.apache.openjpa.persistence.jdbc.ClassMapping,java.lang.annotation.Annotation]",3,1,0,0,0,1,1,0,317,4,6,0,false
0.9.0,openjpa-lib/src/main/java/org/apache/openjpa/lib/meta/ZipStreamMetaDataIterator.java,getContent/0,org.apache.openjpa.lib.meta.ZipStreamMetaDataIterator.getContent/0,15,3,6,0,0,1,0,0,243,2,2,0,false
0.9.6,openjpa-jdbc/src/main/java/org/apache/openjpa/jdbc/meta/ClassMapping.java,"customLoad/5[org.apache.openjpa.jdbc.meta.JDBCStore,boolean,org.apache.openjpa.jdbc.meta.JDBCFetchConfiguration,long,long]","org.apache.openjpa.jdbc.meta.ClassMapping.customLoad/5[org.apache.openjpa.jdbc.meta.JDBCStore,boolean,org.apache.openjpa.jdbc.meta.JDBCFetchConfiguration,long,long]",3,1,0,0,0,1,0,1,317,2,3,1,false
0.9.6,openjpa-jdbc/src/main/java/org/apache/openjpa/jdbc/kernel/exps/InKeyExpression.java,"getCollection/2[org.apache.openjpa.jdbc.kernel.exps.ExpContext,org.apache.openjpa.jdbc.kernel.exps.ExpState]","org.apache.openjpa.jdbc.kernel.exps.InKeyExpression.getCollection/2[org.apache.openjpa.jdbc.kernel.exps.ExpContext,org.apache.openjpa.jdbc.kernel.exps.ExpState]",4,2,1,0,0,1,0,2,1211,0,0,2,false
0.9.6,openjpa-kernel/src/main/java/org/apache/openjpa/kernel/EDirtyState.java,isTransactional/0,org.apache.openjpa.kernel.EDirtyState.isTransactional/0,3,1,0,0,0,1,0,0,334,1,1,0,false
0.9.0,openjpa-lib/src/main/java/org/apache/openjpa/lib/jdbc/DelegatingResultSet.java,findColumn/1[java.lang.String],org.apache.openjpa.lib.jdbc.DelegatingResultSet.findColumn/1[java.lang.String],3,1,0,0,0,1,0,0,243,1,1,0,false
0.9.6,openjpa-jdbc/src/main/java/org/apache/openjpa/jdbc/schema/Schemas.java,"Schema/2[java.lang.String,org.apache.openjpa.jdbc.schema.SchemaGroup]","org.apache.openjpa.jdbc.schema.Schema.Schema/2[java.lang.String,org.apache.openjpa.jdbc.schema.SchemaGroup]",4,1,1,0,0,0,0,1,317,1,1,0,false
0.9.0,openjpa-kernel/src/main/java/org/apache/openjpa/kernel/BrokerImpl.java,endStoreManagerTransaction/1[boolean],org.apache.openjpa.kernel.BrokerImpl.endStoreManagerTransaction/1[boolean],40,11,9,0,3,1,2,4,334,5,17,5,false
0.9.6,openjpa-slice/src/main/java/org/apache/openjpa/slice/DistributedBrokerImpl.java,getUserObject/1[java.lang.Object],org.apache.openjpa.kernel.BrokerImpl.getUserObject/1[java.lang.Object],9,2,0,0,1,1,0,2,600,0,0,0,false
0.9.0,openjpa-jdbc/src/main/java/org/apache/openjpa/jdbc/kernel/DelegatingJDBCFetchConfiguration.java,getQueryCache/0,org.apache.openjpa.kernel.FetchConfiguration.getQueryCache/0,1,1,0,0,0,0,3,0,317,3,4,0,false
0.9.6,openjpa-kernel/src/main/java/org/apache/openjpa/kernel/SingleFieldManager.java,"delete/3[org.apache.openjpa.kernel.ValueMetaData,java.lang.Object[],org.apache.openjpa.kernel.OpCallbacks]","org.apache.openjpa.kernel.SingleFieldManager.delete/3[org.apache.openjpa.kernel.ValueMetaData,java.lang.Object[],org.apache.openjpa.kernel.OpCallbacks]",3,2,1,0,0,0,1,1,334,2,2,0,false
0.9.0,openjpa-lib/src/main/java/org/apache/openjpa/lib/util/concurrent/ConcurrentReferenceHashMap.java,"eq/2[java.lang.Object,java.lang.Object]","org.apache.openjpa.lib.util.concurrent.ConcurrentReferenceHashMap.eq/2[java.lang.Object,java.lang.Object]",3,3,0,0,0,1,10,0,243,1,1,0,false
0.9.6,openjpa-lib/src/main/java/org/apache/openjpa/lib/util/SizedMap.java,"overflowRemoved/2[java.lang.Object,java.lang.Object]","org.apache.openjpa.lib.util.SizedMap.overflowRemoved/2[java.lang.Object,java.lang.Object]",1,1,0,0,0,0,0,0,243,1,1,0,false
0.9.0,openjpa-jdbc/src/main/java/org/apache/openjpa/jdbc/kernel/AbstractUpdateManager.java,"bufferCustomInsert/4[org.apache.openjpa.jdbc.kernel.Strategy,org.apache.openjpa.jdbc.kernel.OpenJPAStateManager,org.apache.openjpa.jdbc.kernel.JDBCStore,java.util.Collection]","org.apache.openjpa.jdbc.kernel.AbstractUpdateManager.bufferCustomInsert/4[org.apache.openjpa.jdbc.kernel.Strategy,org.apache.openjpa.jdbc.kernel.OpenJPAStateManager,org.apache.openjpa.jdbc.kernel.JDBCStore,java.util.Collection]",5,2,1,0,0,1,1,1,317,1,1,2,false
0.9.0,openjpa-lib/src/main/java/org/apache/openjpa/lib/rop/LazyForwardResultList.java,previous/0,org.apache.openjpa.lib.rop.LazyForwardResultList.Itr.previous/0,4,2,0,0,0,1,0,0,243,1,1,0,false
0.9.6,openjpa-kernel/src/main/java/org/apache/openjpa/ant/PCEnhancerTask.java,"addSetMethod/2[int,org.apache.openjpa.meta.FieldMetaData]","org.apache.openjpa.enhance.PCEnhancer.addSetMethod/2[int,org.apache.openjpa.meta.FieldMetaData]",38,4,8,1,0,0,1,8,334,1,1,18,false
0.9.0,openjpa-kernel/src/main/java/org/apache/openjpa/kernel/BrokerImpl.java,getNontransactionalRead/0,org.apache.openjpa.kernel.BrokerImpl.getNontransactionalRead/0,3,1,0,0,0,1,1,0,334,5,17,0,false
0.9.0,openjpa-jdbc/src/main/java/org/apache/openjpa/jdbc/kernel/exps/Substring.java,"calculateValue/5[org.apache.openjpa.jdbc.kernel.exps.Select,org.apache.openjpa.jdbc.kernel.exps.JDBCStore,java.lang.Object[],org.apache.openjpa.jdbc.kernel.exps.Val,org.apache.openjpa.jdbc.kernel.exps.JDBCFetchConfiguration]","org.apache.openjpa.jdbc.kernel.exps.Substring.calculateValue/5[org.apache.openjpa.jdbc.kernel.exps.Select,org.apache.openjpa.jdbc.kernel.exps.JDBCStore,java.lang.Object[],org.apache.openjpa.jdbc.kernel.exps.Val,org.apache.openjpa.jdbc.kernel.exps.JDBCFetchConfiguration]",4,1,0,0,0,0,1,1,1211,0,0,0,false
0.9.0,openjpa-jdbc/src/main/java/org/apache/openjpa/jdbc/kernel/exps/CompareEqualExpression.java,"isNull/2[org.apache.openjpa.jdbc.kernel.exps.Val,java.lang.Object[]]","org.apache.openjpa.jdbc.kernel.exps.CompareEqualExpression.isNull/2[org.apache.openjpa.jdbc.kernel.exps.Val,java.lang.Object[]]",6,4,1,0,0,3,1,1,317,1,1,0,false
0.9.0,openjpa-kernel/src/main/java/org/apache/openjpa/abstractstore/AbstractStoreManager.java,"executeExtent/3[org.apache.openjpa.kernel.ClassMetaData,boolean,org.apache.openjpa.kernel.FetchConfiguration]","org.apache.openjpa.kernel.StoreManager.executeExtent/3[org.apache.openjpa.kernel.ClassMetaData,boolean,org.apache.openjpa.kernel.FetchConfiguration]",1,1,0,0,0,0,1,0,334,2,2,0,false
0.9.0,openjpa-jdbc/src/main/java/org/apache/openjpa/jdbc/conf/JDBCConfigurationImpl.java,setSubclassFetchMode/1[int],org.apache.openjpa.jdbc.conf.JDBCConfigurationImpl.setSubclassFetchMode/1[int],4,1,0,0,0,0,0,1,317,1,1,0,false
0.9.0,openjpa-jdbc/src/main/java/org/apache/openjpa/jdbc/meta/strats/RelationFieldStrategy.java,"toEmbeddedDataStoreValue/2[java.lang.Object,org.apache.openjpa.jdbc.meta.strats.JDBCStore]","org.apache.openjpa.jdbc.meta.strats.RelationFieldStrategy.toEmbeddedDataStoreValue/2[java.lang.Object,org.apache.openjpa.jdbc.meta.strats.JDBCStore]",3,1,0,0,0,1,0,1,317,3,4,0,false
0.9.6,openjpa-kernel/src/main/java/org/apache/openjpa/kernel/exps/ContainsValueExpression.java,getCollection/1[java.lang.Object],org.apache.openjpa.kernel.exps.ContainsValueExpression.getCollection/1[java.lang.Object],3,2,0,0,0,1,0,0,334,1,1,0,false
0.9.0,openjpa-lib/src/main/java/org/apache/openjpa/lib/conf/PluginValue.java,setString/1[java.lang.String],org.apache.openjpa.lib.conf.PluginValue.setString/1[java.lang.String],7,2,3,0,0,0,1,5,243,1,1,0,false
0.9.0,openjpa-kernel/src/main/java/org/apache/openjpa/kernel/exps/CompareExpression.java,"CompareExpression/3[org.apache.openjpa.jdbc.kernel.exps.Val,org.apache.openjpa.jdbc.kernel.exps.Val,java.lang.String]","org.apache.openjpa.jdbc.kernel.exps.CompareExpression.CompareExpression/3[org.apache.openjpa.jdbc.kernel.exps.Val,org.apache.openjpa.jdbc.kernel.exps.Val,java.lang.String]",5,1,3,0,0,0,0,0,334,1,1,0,false
0.9.0,openjpa-jdbc/src/main/java/org/apache/openjpa/jdbc/ant/ReverseMappingToolTask.java,newConfiguration/0,org.apache.openjpa.jdbc.ant.ReverseMappingToolTask.newConfiguration/0,3,1,0,0,0,1,0,1,317,1,1,0,false
0.9.6,openjpa-lib/src/main/java/org/apache/openjpa/lib/jdbc/LoggingConnectionDecorator.java,"setLogParameter/2[int,int]","org.apache.openjpa.lib.jdbc.LoggingConnectionDecorator.LoggingConnection.LoggingPreparedStatement.setLogParameter/2[int,int]",3,2,0,1,0,0,1,2,243,1,1,0,false
0.9.6,openjpa-persistence/src/main/java/org/apache/openjpa/persistence/InvalidStateException.java,printStackTrace/1[java.io.PrintStream],org.apache.openjpa.persistence.InvalidStateException.printStackTrace/1[java.io.PrintStream],4,1,0,0,0,0,1,0,334,1,1,0,false
0.9.0,openjpa-lib/src/main/java/org/apache/openjpa/lib/jdbc/DataSourceLogs.java,isJDBCEnabled/0,org.apache.openjpa.lib.jdbc.DataSourceLogs.isJDBCEnabled/0,3,2,0,0,0,1,27,1,243,1,1,0,false
0.9.0,openjpa-kernel/src/main/java/org/apache/openjpa/enhance/ApplicationIdTool.java,"run/4[org.apache.openjpa.enhance.OpenJPAConfiguration,java.lang.String[],org.apache.openjpa.enhance.ApplicationIdTool.Flags,java.lang.ClassLoader]","org.apache.openjpa.enhance.ApplicationIdTool.run/4[org.apache.openjpa.enhance.OpenJPAConfiguration,java.lang.String[],org.apache.openjpa.enhance.ApplicationIdTool.Flags,java.lang.ClassLoader]",39,9,11,0,0,1,1,10,1228,0,0,4,false
0.9.6,openjpa-jdbc/src/main/java/org/apache/openjpa/jdbc/ant/ReverseMappingToolTask.java,installStrategy/1[org.apache.openjpa.jdbc.meta.Discriminator],org.apache.openjpa.jdbc.meta.ReverseMappingTool.ReverseStrategyInstaller.installStrategy/1[org.apache.openjpa.jdbc.meta.Discriminator],14,4,2,0,0,0,0,1,317,1,1,1,false
0.9.6,openjpa-jdbc/src/main/java/org/apache/openjpa/jdbc/sql/LogicalUnion.java,getColumnAlias/1[org.apache.openjpa.jdbc.sql.Column],org.apache.openjpa.jdbc.sql.LogicalUnion.UnionSelect.getColumnAlias/1[org.apache.openjpa.jdbc.sql.Column],3,1,0,0,0,1,0,1,317,3,4,0,false
0.9.6,openjpa-jdbc/src/main/java/org/apache/openjpa/jdbc/meta/Joinable.java,clone/0,org.apache.openjpa.jdbc.sql.Join.clone/0,8,2,0,0,1,2,0,0,317,1,1,1,false
0.9.6,openjpa-persistence-jdbc/src/main/java/org/apache/openjpa/persistence/jdbc/KeyForeignKey.java,getConstantPrimaryKeyColumns/0,org.apache.openjpa.jdbc.schema.ForeignKey.getConstantPrimaryKeyColumns/0,4,3,1,0,0,1,4,0,701,0,0,0,false
0.9.6,openjpa-jdbc/src/main/java/org/apache/openjpa/jdbc/sql/SelectImpl.java,"select/2[org.apache.openjpa.jdbc.schema.Column,org.apache.openjpa.jdbc.sql.Joins]","org.apache.openjpa.jdbc.sql.SelectImpl.select/2[org.apache.openjpa.jdbc.schema.Column,org.apache.openjpa.jdbc.sql.Joins]",5,2,0,0,0,2,1,4,317,4,6,0,false
0.9.6,openjpa-kernel/src/main/java/org/apache/openjpa/kernel/jpql/JPQLExpressionBuilder.java,"addJoin/3[org.apache.openjpa.kernel.jpql.JPQLExpressionBuilder.JPQLNode,boolean,org.apache.openjpa.kernel.jpql.Expression]","org.apache.openjpa.kernel.jpql.JPQLExpressionBuilder.addJoin/3[org.apache.openjpa.kernel.jpql.JPQLExpressionBuilder.JPQLNode,boolean,org.apache.openjpa.kernel.jpql.Expression]",11,5,4,0,0,1,1,9,334,1,3,5,false
0.9.0,openjpa-jdbc/src/main/java/org/apache/openjpa/jdbc/kernel/ClassTableJDBCSeq.java,"run/3[org.apache.openjpa.jdbc.kernel.JDBCConfiguration,java.lang.String[],org.apache.openjpa.jdbc.kernel.Options]","org.apache.openjpa.jdbc.kernel.ClassTableJDBCSeq.run/3[org.apache.openjpa.jdbc.kernel.JDBCConfiguration,java.lang.String[],org.apache.openjpa.jdbc.kernel.Options]",6,3,1,0,0,2,1,1,317,1,1,0,false
0.9.0,openjpa-kernel/src/main/java/org/apache/openjpa/kernel/DelegatingResultList.java,"add/2[int,java.lang.Object]","org.apache.openjpa.kernel.DelegatingResultList.add/2[int,java.lang.Object]",8,2,0,0,1,0,0,1,334,1,1,1,false
0.9.0,openjpa-kernel/src/main/java/org/apache/openjpa/util/AbstractLRSProxyCollection.java,getOwnerField/0,org.apache.openjpa.util.AbstractLRSProxyCollection.getOwnerField/0,3,1,0,0,0,1,0,0,334,2,2,0,false
0.9.6,openjpa-jdbc/src/main/java/org/apache/openjpa/jdbc/ant/ReverseMappingToolTask.java,addJoinConstraints/1[org.apache.openjpa.jdbc.meta.FieldMapping],org.apache.openjpa.jdbc.meta.ReverseMappingTool.addJoinConstraints/1[org.apache.openjpa.jdbc.meta.FieldMapping],8,4,3,0,0,1,4,4,317,1,1,2,false
0.9.6,openjpa-lib/src/main/java/org/apache/openjpa/lib/util/concurrent/FIFOWaitQueue.java,getWaitingThreads/0,org.apache.openjpa.lib.util.concurrent.WaitQueue.getWaitingThreads/0,1,1,0,0,0,0,1,0,243,1,1,0,false
0.9.0,openjpa-kernel/src/main/java/org/apache/openjpa/kernel/DelegatingBrokerFactory.java,rollbackAndResume/0,org.apache.openjpa.kernel.DelegatingBroker.rollbackAndResume/0,8,2,0,0,1,0,1,1,334,1,1,1,false
0.9.0,openjpa-jdbc/src/main/java/org/apache/openjpa/jdbc/kernel/exps/JDBCExpressionFactory.java,"getMapValue/2[org.apache.openjpa.jdbc.kernel.exps.Value,org.apache.openjpa.jdbc.kernel.exps.Value]","org.apache.openjpa.jdbc.kernel.exps.JDBCExpressionFactory.getMapValue/2[org.apache.openjpa.jdbc.kernel.exps.Value,org.apache.openjpa.jdbc.kernel.exps.Value]",3,1,0,0,0,1,0,1,317,1,1,0,false
0.9.6,openjpa-kernel/src/main/java/org/apache/openjpa/meta/Extensions.java,"appendTo/5[org.apache.openjpa.jdbc.kernel.exps.Select,org.apache.openjpa.jdbc.kernel.exps.ExpContext,org.apache.openjpa.jdbc.kernel.exps.ExpState,org.apache.openjpa.jdbc.kernel.exps.SQLBuffer,int]","org.apache.openjpa.jdbc.kernel.exps.Extension.appendTo/5[org.apache.openjpa.jdbc.kernel.exps.Select,org.apache.openjpa.jdbc.kernel.exps.ExpContext,org.apache.openjpa.jdbc.kernel.exps.ExpState,org.apache.openjpa.jdbc.kernel.exps.SQLBuffer,int]",6,2,2,0,0,0,2,2,1228,0,0,0,false
0.9.0,openjpa-kernel/src/main/java/org/apache/openjpa/kernel/BrokerImpl.java,"lockAll/2[java.util.Collection,org.apache.openjpa.kernel.OpCallbacks]","org.apache.openjpa.kernel.BrokerImpl.lockAll/2[java.util.Collection,org.apache.openjpa.kernel.OpCallbacks]",10,2,0,0,1,1,0,5,334,5,17,0,false
0.9.0,openjpa-jdbc-5/src/main/java/org/apache/openjpa/jdbc/meta/strats/EnumValueHandler.java,getStoreOrdinal/0,org.apache.openjpa.jdbc.meta.strats.EnumValueHandler.getStoreOrdinal/0,3,1,0,0,0,1,0,0,317,1,1,0,false
0.9.6,openjpa-lib/src/main/java/org/apache/openjpa/lib/util/Files.java,getSourceFile/1[java.lang.Class],org.apache.openjpa.lib.util.Files.getSourceFile/1[java.lang.Class],3,1,0,0,0,1,0,1,243,1,1,0,false
0.9.6,openjpa-jdbc/src/main/java/org/apache/openjpa/jdbc/sql/SelectImpl.java,"select/2[org.apache.openjpa.jdbc.sql.SQLBuffer,java.lang.Object]","org.apache.openjpa.jdbc.sql.SelectImpl.select/2[org.apache.openjpa.jdbc.sql.SQLBuffer,java.lang.Object]",3,1,0,0,0,1,5,1,317,4,6,0,false
0.9.0,openjpa-kernel/src/main/java/org/apache/openjpa/meta/ValueMetaData.java,getTypeMetaData/0,org.apache.openjpa.meta.ValueMetaData.getTypeMetaData/0,1,1,0,0,0,0,0,0,334,2,2,0,false
0.9.0,openjpa-jdbc/src/main/java/org/apache/openjpa/jdbc/kernel/NativeJDBCSeq.java,getInitialValue/0,org.apache.openjpa.jdbc.kernel.NativeJDBCSeq.getInitialValue/0,3,1,0,0,0,1,0,0,317,2,2,0,false
0.9.6,openjpa-kernel/src/main/java/org/apache/openjpa/kernel/DelegatingExtent.java,"DelegatingExtent/2[org.apache.openjpa.kernel.Extent,org.apache.openjpa.kernel.RuntimeExceptionTranslator]","org.apache.openjpa.kernel.DelegatingExtent.DelegatingExtent/2[org.apache.openjpa.kernel.Extent,org.apache.openjpa.kernel.RuntimeExceptionTranslator]",6,2,4,0,0,0,0,0,334,1,1,0,false
0.9.6,openjpa-jdbc/src/main/java/org/apache/openjpa/jdbc/sql/SelectImpl.java,"where/2[org.apache.openjpa.jdbc.sql.SQLBuffer,org.apache.openjpa.jdbc.sql.Joins]","org.apache.openjpa.jdbc.sql.SelectImpl.where/2[org.apache.openjpa.jdbc.sql.SQLBuffer,org.apache.openjpa.jdbc.sql.Joins]",3,1,0,0,0,0,5,2,317,4,6,0,false
0.9.6,openjpa-jdbc/src/main/java/org/apache/openjpa/jdbc/sql/LogicalUnion.java,"groupBy/2[org.apache.openjpa.jdbc.sql.Column[],boolean]","org.apache.openjpa.jdbc.sql.LogicalUnion.UnionSelect.groupBy/2[org.apache.openjpa.jdbc.sql.Column[],boolean]",3,1,0,0,0,1,0,1,317,3,4,0,false
0.9.6,openjpa-jdbc/src/main/java/org/apache/openjpa/jdbc/meta/strats/AbstractFieldStrategy.java,"toDataStoreValue/2[java.lang.Object,org.apache.openjpa.jdbc.meta.strats.JDBCStore]","org.apache.openjpa.jdbc.meta.strats.AbstractFieldStrategy.toDataStoreValue/2[java.lang.Object,org.apache.openjpa.jdbc.meta.strats.JDBCStore]",3,1,0,0,0,1,0,0,317,1,1,0,false
0.9.0,openjpa-jdbc/src/main/java/org/apache/openjpa/jdbc/meta/DiscriminatorMappingInfo.java,"customDelete/2[org.apache.openjpa.jdbc.meta.OpenJPAStateManager,org.apache.openjpa.jdbc.kernel.JDBCStore]","org.apache.openjpa.jdbc.meta.Discriminator.customDelete/2[org.apache.openjpa.jdbc.meta.OpenJPAStateManager,org.apache.openjpa.jdbc.kernel.JDBCStore]",3,1,0,0,0,0,0,1,317,1,1,1,false
0.9.6,openjpa-kernel/src/main/java/org/apache/openjpa/kernel/ClearFieldManager.java,fetchLongField/1[int],org.apache.openjpa.kernel.ClearFieldManager.fetchLongField/1[int],3,1,0,0,0,1,0,0,334,1,1,0,false
0.9.6,openjpa-jdbc/src/main/java/org/apache/openjpa/jdbc/meta/strats/MaxEmbeddedBlobFieldStrategy.java,initialize/0,org.apache.openjpa.jdbc.meta.strats.MaxEmbeddedBlobFieldStrategy.initialize/0,5,1,2,0,0,0,0,0,317,1,1,1,false
0.9.0,openjpa-kernel/src/main/java/org/apache/openjpa/abstractstore/AbstractStoreManager.java,beginOptimistic/0,org.apache.openjpa.kernel.StoreManager.beginOptimistic/0,1,1,0,0,0,0,1,0,334,2,2,0,false
0.9.0,openjpa-kernel/src/main/java/org/apache/openjpa/abstractstore/AbstractStoreManager.java,"load/5[org.apache.openjpa.abstractstore.OpenJPAStateManager,java.util.BitSet,org.apache.openjpa.kernel.FetchState,int,java.lang.Object]","org.apache.openjpa.abstractstore.AbstractStoreManager.load/5[org.apache.openjpa.abstractstore.OpenJPAStateManager,java.util.BitSet,org.apache.openjpa.kernel.FetchState,int,java.lang.Object]",1,1,0,0,0,0,0,0,334,2,2,0,false
0.9.6,openjpa-jdbc/src/main/java/org/apache/openjpa/jdbc/meta/ClassMapping.java,assertJoinable/1[org.apache.openjpa.jdbc.meta.Column],org.apache.openjpa.jdbc.meta.ClassMapping.assertJoinable/1[org.apache.openjpa.jdbc.meta.Column],5,2,1,0,0,1,4,1,317,2,3,0,false
0.9.6,openjpa-kernel/src/main/java/org/apache/openjpa/conf/OpenJPAConfigurationImpl.java,setManagedRuntime/1[java.lang.String],org.apache.openjpa.conf.OpenJPAConfigurationImpl.setManagedRuntime/1[java.lang.String],4,1,0,0,0,0,0,1,334,3,5,0,false
0.9.0,openjpa-kernel/src/main/java/org/apache/openjpa/enhance/DynamicStorageGenerator.java,getInt/1[int],org.apache.openjpa.enhance.DynamicStorage.getInt/1[int],1,1,0,0,0,0,0,0,334,1,1,0,false
0.9.6,openjpa-kernel/src/main/java/org/apache/openjpa/kernel/DetachedValueStateManager.java,isVersionCheckRequired/0,org.apache.openjpa.kernel.DetachedValueStateManager.isVersionCheckRequired/0,3,1,0,0,0,0,0,0,334,2,2,0,false
0.9.6,openjpa-lib/src/main/java/org/apache/openjpa/lib/util/CodeFormat.java,ishr/0,serp.bytecode.Code.ishr/0,3,1,0,0,0,1,0,1,243,1,1,0,false
0.9.6,openjpa-kernel/src/main/java/org/apache/openjpa/abstractstore/AbstractStoreBrokerFactory.java,setRestoreState/1[int],org.apache.openjpa.kernel.Broker.setRestoreState/1[int],1,1,0,0,0,0,0,0,334,2,2,0,false
0.9.0,openjpa-kernel/src/main/java/org/apache/openjpa/datacache/DataCachePCDataImpl.java,getVersion/0,org.apache.openjpa.datacache.DataCachePCDataImpl.getVersion/0,3,1,0,0,0,1,0,0,334,1,1,0,false
0.9.6,openjpa-jdbc/src/main/java/org/apache/openjpa/jdbc/meta/strats/EmbedFieldStrategy.java,"customUpdate/2[org.apache.openjpa.jdbc.meta.strats.OpenJPAStateManager,org.apache.openjpa.jdbc.meta.strats.JDBCStore]","org.apache.openjpa.jdbc.meta.strats.EmbedFieldStrategy.customUpdate/2[org.apache.openjpa.jdbc.meta.strats.OpenJPAStateManager,org.apache.openjpa.jdbc.meta.strats.JDBCStore]",6,6,4,0,0,0,0,1,317,2,2,2,false
0.9.6,openjpa-persistence/src/main/java/org/apache/openjpa/persistence/EntityManagerImpl.java,releaseAll/1[java.util.Collection],org.apache.openjpa.persistence.EntityManagerImpl.releaseAll/1[java.util.Collection],3,1,0,0,0,0,1,1,334,4,8,0,false
0.9.6,openjpa-kernel/src/main/java/org/apache/openjpa/enhance/PCDataGenerator.java,PCDataGenerator/1[org.apache.openjpa.conf.OpenJPAConfiguration],org.apache.openjpa.enhance.PCDataGenerator.PCDataGenerator/1[org.apache.openjpa.conf.OpenJPAConfiguration],4,1,2,0,0,0,0,0,334,2,2,0,false
0.9.6,openjpa-jdbc/src/main/java/org/apache/openjpa/jdbc/meta/strats/NumberVersionStrategy.java,nextVersion/1[java.lang.Object],org.apache.openjpa.jdbc.meta.strats.NumberVersionStrategy.nextVersion/1[java.lang.Object],4,2,0,1,0,2,0,0,317,1,1,0,false
0.9.6,openjpa-kernel/src/main/java/org/apache/openjpa/kernel/VersionAttachStrategy.java,"setResolve/2[int,boolean]","org.apache.openjpa.jdbc.meta.Version.setResolve/2[int,boolean]",5,3,3,0,0,0,1,0,334,3,3,0,false
0.9.6,openjpa-persistence-jdbc/src/main/java/org/apache/openjpa/persistence/jdbc/KeyForeignKey.java,setDeleteAction/1[int],org.apache.openjpa.jdbc.schema.ForeignKey.setDeleteAction/1[int],5,3,3,0,0,0,2,0,701,0,0,0,false
0.9.0,openjpa-lib/src/main/java/org/apache/openjpa/lib/util/Localizer.java,setLocal/1[int],serp.bytecode.Local.setLocal/1[int],3,1,1,0,0,0,2,0,243,1,1,0,false
0.9.0,openjpa-jdbc/src/main/java/org/apache/openjpa/jdbc/sql/DBDictionaryFactory.java,"setDouble/4[java.sql.PreparedStatement,int,double,org.apache.openjpa.jdbc.sql.Column]","org.apache.openjpa.jdbc.sql.DBDictionary.setDouble/4[java.sql.PreparedStatement,int,double,org.apache.openjpa.jdbc.sql.Column]",3,1,0,0,0,0,5,0,317,2,2,0,false
0.9.6,openjpa-persistence/src/main/java/org/apache/openjpa/persistence/QueryImpl.java,"setParameter/2[java.lang.String,java.lang.Object]","org.apache.openjpa.persistence.QueryImpl.setParameter/2[java.lang.String,java.lang.Object]",12,3,1,0,1,1,3,5,334,5,11,0,false
0.9.6,openjpa-persistence/src/main/java/org/apache/openjpa/persistence/StoreCache.java,equals/1[java.lang.Object],org.apache.openjpa.persistence.StoreCache.equals/1[java.lang.Object],5,3,0,0,0,3,0,0,334,1,1,0,false
0.9.6,openjpa-kernel/src/main/java/org/apache/openjpa/util/AbstractLRSProxyMap.java,getTrackKeys/0,org.apache.openjpa.util.AbstractLRSProxyMap.getTrackKeys/0,3,1,0,0,0,1,0,1,334,2,2,0,false
0.9.6,openjpa-jdbc/src/main/java/org/apache/openjpa/jdbc/meta/strats/AbstractFieldStrategy.java,"selectEagerParallel/5[org.apache.openjpa.jdbc.meta.strats.SelectExecutor,org.apache.openjpa.kernel.OpenJPAStateManager,org.apache.openjpa.jdbc.meta.strats.JDBCStore,org.apache.openjpa.jdbc.meta.strats.JDBCFetchConfiguration,int]","org.apache.openjpa.jdbc.meta.strats.AbstractFieldStrategy.selectEagerParallel/5[org.apache.openjpa.jdbc.meta.strats.SelectExecutor,org.apache.openjpa.kernel.OpenJPAStateManager,org.apache.openjpa.jdbc.meta.strats.JDBCStore,org.apache.openjpa.jdbc.meta.strats.JDBCFetchConfiguration,int]",2,1,0,0,0,0,0,0,317,1,1,0,false
0.9.6,openjpa-persistence/src/main/java/org/apache/openjpa/persistence/OpenJPAPersistenceUtil.java,getMetaData/1[java.lang.Object],org.apache.openjpa.persistence.OpenJPAPersistence.getMetaData/1[java.lang.Object],5,3,1,0,0,2,0,2,76,3,3,0,false
0.9.0,openjpa-kernel/src/main/java/org/apache/openjpa/util/Proxies.java,next/0,.next/0,4,1,1,0,0,1,0,1,334,2,4,0,false
0.9.6,openjpa-lib/src/main/java/org/apache/openjpa/lib/conf/Configurations.java,serializeProperties/1[java.util.Map],org.apache.openjpa.lib.conf.Configurations.serializeProperties/1[java.util.Map],15,6,4,0,0,2,1,0,243,3,6,1,false
0.9.6,openjpa-jdbc/src/main/java/org/apache/openjpa/jdbc/sql/DBDictionaryFactory.java,getCreateIndexSQL/1[org.apache.openjpa.jdbc.sql.Index],org.apache.openjpa.jdbc.sql.DBDictionary.getCreateIndexSQL/1[org.apache.openjpa.jdbc.sql.Index],9,2,1,0,0,1,1,1,317,2,2,0,false
0.9.0,openjpa-kernel/src/main/java/org/apache/openjpa/kernel/AbstractPCResultObjectProvider.java,reset/0,org.apache.openjpa.kernel.AbstractPCResultObjectProvider.reset/0,3,1,0,0,0,0,0,0,334,1,1,0,false
0.9.0,openjpa-persistence/src/main/java/org/apache/openjpa/persistence/OpenJPAEntityManagerFactory.java,getNamedGenerator/1[java.lang.String],org.apache.openjpa.persistence.OpenJPAEntityManager.getNamedGenerator/1[java.lang.String],1,1,0,0,0,0,0,0,334,1,1,0,false
0.9.0,openjpa-kernel/src/main/java/org/apache/openjpa/datacache/DelegatingDataCache.java,hashCode/0,org.apache.openjpa.datacache.DelegatingDataCache.hashCode/0,4,2,0,0,0,2,0,1,334,1,1,1,false
0.9.0,openjpa-jdbc/src/main/java/org/apache/openjpa/jdbc/kernel/exps/CompareEqualExpression.java,getJoins/0,org.apache.openjpa.jdbc.kernel.exps.CompareEqualExpression.getJoins/0,3,1,0,0,0,1,0,0,317,1,1,0,false
0.9.6,openjpa-jdbc/src/main/java/org/apache/openjpa/jdbc/kernel/exps/InSubQExpression.java,acceptVisit/1[org.apache.openjpa.jdbc.kernel.exps.ExpressionVisitor],org.apache.openjpa.jdbc.kernel.exps.InSubQExpression.acceptVisit/1[org.apache.openjpa.jdbc.kernel.exps.ExpressionVisitor],6,1,0,0,0,0,0,1,1211,0,0,0,false
0.9.0,openjpa-kernel/src/main/java/org/apache/openjpa/kernel/AbstractStoreQuery.java,populateFromCompilation/1[java.lang.Object],org.apache.openjpa.kernel.AbstractStoreQuery.populateFromCompilation/1[java.lang.Object],2,1,0,0,0,0,0,0,334,3,4,0,false
0.9.0,openjpa-kernel/src/main/java/org/apache/openjpa/conf/OpenJPAConfiguration.java,setConnectionDriverName/1[java.lang.String],org.apache.openjpa.conf.OpenJPAConfiguration.setConnectionDriverName/1[java.lang.String],1,1,0,0,0,0,1,0,334,1,1,0,false
0.9.0,openjpa-lib/src/main/java/org/apache/openjpa/lib/util/concurrent/CopyOnWriteArrayList.java,hasPrevious/0,org.apache.openjpa.lib.util.concurrent.CopyOnWriteArrayList.COWSubIterator.hasPrevious/0,3,2,0,0,0,1,0,0,243,1,1,0,false
0.9.6,openjpa-kernel/src/main/java/org/apache/openjpa/kernel/exps/Constant.java,"appendIsNotNull/4[org.apache.openjpa.jdbc.kernel.exps.Select,org.apache.openjpa.jdbc.kernel.exps.ExpContext,org.apache.openjpa.jdbc.kernel.exps.ExpState,org.apache.openjpa.jdbc.kernel.exps.SQLBuffer]","org.apache.openjpa.jdbc.kernel.exps.Const.appendIsNotNull/4[org.apache.openjpa.jdbc.kernel.exps.Select,org.apache.openjpa.jdbc.kernel.exps.ExpContext,org.apache.openjpa.jdbc.kernel.exps.ExpState,org.apache.openjpa.jdbc.kernel.exps.SQLBuffer]",4,2,0,0,0,0,0,1,334,1,1,0,false
0.9.0,openjpa-kernel/src/main/java/org/apache/openjpa/kernel/DelegatingResultList.java,get/1[int],org.apache.openjpa.kernel.DelegatingResultList.get/1[int],8,2,0,0,1,1,0,1,334,1,1,1,false
0.9.6,openjpa-kernel/src/main/java/org/apache/openjpa/meta/ClassMetaData.java,getField/1[int],org.apache.openjpa.meta.ClassMetaData.getField/1[int],5,3,1,0,0,2,50,1,334,3,7,0,false
0.9.0,openjpa-kernel/src/main/java/org/apache/openjpa/kernel/StateManagerImpl.java,"providedIntField/3[org.apache.openjpa.kernel.PersistenceCapable,int,int]","org.apache.openjpa.kernel.StateManagerImpl.providedIntField/3[org.apache.openjpa.kernel.PersistenceCapable,int,int]",3,1,0,0,0,0,0,0,334,3,10,0,false
0.9.0,openjpa-jdbc/src/main/java/org/apache/openjpa/jdbc/kernel/JDBCStoreManager.java,"load/4[org.apache.openjpa.jdbc.kernel.ClassMapping,org.apache.openjpa.jdbc.kernel.OpenJPAStateManager,org.apache.openjpa.jdbc.kernel.JDBCFetchState,org.apache.openjpa.jdbc.kernel.Result]","org.apache.openjpa.jdbc.kernel.JDBCStoreManager.load/4[org.apache.openjpa.jdbc.kernel.ClassMapping,org.apache.openjpa.jdbc.kernel.OpenJPAStateManager,org.apache.openjpa.jdbc.kernel.JDBCFetchState,org.apache.openjpa.jdbc.kernel.Result]",5,5,1,0,0,0,2,2,317,3,5,1,false
0.9.0,openjpa-kernel/src/main/java/org/apache/openjpa/kernel/StateManagerImpl.java,"settingShortField/5[org.apache.openjpa.kernel.PersistenceCapable,int,short,short,int]","org.apache.openjpa.kernel.StateManagerImpl.settingShortField/5[org.apache.openjpa.kernel.PersistenceCapable,int,short,short,int]",16,5,1,0,1,1,4,6,334,3,10,0,false
0.9.6,openjpa-lib/src/main/java/org/apache/openjpa/lib/conf/Configurations.java,loadGlobals/1[java.lang.ClassLoader],org.apache.openjpa.lib.conf.Configurations.loadGlobals/1[java.lang.ClassLoader],3,1,0,0,0,1,1,1,243,3,6,0,false
0.9.0,openjpa-jdbc/src/main/java/org/apache/openjpa/jdbc/kernel/exps/JDBCExpressionFactory.java,size/1[org.apache.openjpa.jdbc.kernel.exps.Value],org.apache.openjpa.jdbc.kernel.exps.JDBCExpressionFactory.size/1[org.apache.openjpa.jdbc.kernel.exps.Value],3,1,0,0,0,1,0,1,317,1,1,0,false
0.9.0,openjpa-jdbc/src/main/java/org/apache/openjpa/jdbc/meta/JavaSQLTypes.java,getNonEmptyValue/1[int],org.apache.openjpa.jdbc.meta.JavaSQLTypes.getNonEmptyValue/1[int],37,21,0,0,0,12,0,0,317,1,1,1,false
0.9.6,openjpa-kernel/src/main/java/org/apache/openjpa/util/AbstractLRSProxyMap.java,"put/2[java.lang.Object,java.lang.Object]","org.apache.openjpa.util.AbstractLRSProxyMap.put/2[java.lang.Object,java.lang.Object]",14,6,3,0,0,1,1,4,334,2,2,1,false
0.9.0,openjpa-jdbc/src/main/java/org/apache/openjpa/jdbc/kernel/DelegatingJDBCFetchConfiguration.java,hasAnyFetchGroup/1[java.util.Set],org.apache.openjpa.kernel.FetchConfiguration.hasAnyFetchGroup/1[java.util.Set],1,1,0,0,0,0,5,0,317,3,4,0,false
0.9.0,openjpa-jdbc/src/main/java/org/apache/openjpa/jdbc/kernel/JDBCStoreQuery.java,"getVerticalMappings/4[org.apache.openjpa.jdbc.kernel.ClassMapping,boolean,org.apache.openjpa.jdbc.kernel.QueryExpressions,int]","org.apache.openjpa.jdbc.kernel.JDBCStoreQuery.getVerticalMappings/4[org.apache.openjpa.jdbc.kernel.ClassMapping,boolean,org.apache.openjpa.jdbc.kernel.QueryExpressions,int]",7,5,1,0,0,3,2,2,317,4,5,0,false
0.9.6,openjpa-kernel/src/main/java/org/apache/openjpa/conf/OpenJPAConfigurationImpl.java,getRestoreState/0,org.apache.openjpa.conf.OpenJPAConfigurationImpl.getRestoreState/0,3,1,0,0,0,1,0,0,334,3,5,0,false
0.9.6,openjpa-persistence-jdbc/src/main/java/org/apache/openjpa/persistence/jdbc/XMLPersistenceMappingParser.java,endEnumerated/0,org.apache.openjpa.persistence.jdbc.XMLPersistenceMappingParser.endEnumerated/0,8,3,4,1,0,1,1,1,317,5,5,0,false
0.9.0,openjpa-jdbc/src/main/java/org/apache/openjpa/jdbc/kernel/exps/OrExpression.java,"eval/4[java.lang.Object,java.lang.Object,org.apache.openjpa.kernel.exps.StoreContext,java.lang.Object[]]","org.apache.openjpa.kernel.exps.OrExpression.eval/4[java.lang.Object,java.lang.Object,org.apache.openjpa.kernel.exps.StoreContext,java.lang.Object[]]",3,1,0,0,0,1,0,0,317,1,1,0,false
0.9.0,openjpa-kernel/src/main/java/org/apache/openjpa/util/CollectionChangeTrackerImpl.java,"CollectionChangeTrackerImpl/4[java.util.Collection,boolean,boolean,org.apache.openjpa.util.OpenJPAConfiguration]","org.apache.openjpa.util.CollectionChangeTrackerImpl.CollectionChangeTrackerImpl/4[java.util.Collection,boolean,boolean,org.apache.openjpa.util.OpenJPAConfiguration]",6,1,3,0,0,0,1,0,334,2,2,0,false
0.9.0,openjpa-persistence/src/main/java/org/apache/openjpa/persistence/OpenJPAEntityManagerFactory.java,getDetachState/0,org.apache.openjpa.persistence.OpenJPAEntityManager.getDetachState/0,1,1,0,0,0,0,0,0,334,1,1,0,false
0.9.0,openjpa-kernel/src/main/java/org/apache/openjpa/kernel/DelegatingQuery.java,removeFilterListener/1[org.apache.openjpa.kernel.exps.FilterListener],org.apache.openjpa.kernel.DelegatingQuery.removeFilterListener/1[org.apache.openjpa.kernel.exps.FilterListener],8,2,0,0,1,0,0,1,334,2,2,1,false
0.9.6,openjpa-kernel/src/main/java/org/apache/openjpa/conf/OpenJPAConfigurationImpl.java,getConnection2Password/0,org.apache.openjpa.conf.OpenJPAConfigurationImpl.getConnection2Password/0,3,1,0,0,0,1,1,0,334,3,5,0,false
0.9.0,openjpa-kernel/src/main/java/org/apache/openjpa/kernel/exps/Add.java,"operate/4[java.lang.Object,java.lang.Class,java.lang.Object,java.lang.Class]","org.apache.openjpa.kernel.exps.Add.operate/4[java.lang.Object,java.lang.Class,java.lang.Object,java.lang.Class]",3,1,0,0,0,1,0,0,334,1,1,0,false
0.9.6,openjpa-jdbc/src/main/java/org/apache/openjpa/jdbc/meta/strats/LRSProxyCollection.java,close/0,org.apache.openjpa.jdbc.meta.strats.LRSProxyCollection.ResultIterator.close/0,4,1,1,0,0,0,0,0,317,2,2,0,false
0.9.0,openjpa-kernel/src/main/java/org/apache/openjpa/util/ProxyManagerImpl.java,(initializer 4),(initializer 4),10,1,2,0,0,0,0,1,334,2,11,0,false
0.9.6,openjpa-jdbc/src/main/java/org/apache/openjpa/jdbc/sql/DBDictionaryFactory.java,"setTimestamp/5[java.sql.PreparedStatement,int,java.sql.Timestamp,java.util.Calendar,org.apache.openjpa.jdbc.schema.Column]","org.apache.openjpa.jdbc.sql.DBDictionary.setTimestamp/5[java.sql.PreparedStatement,int,java.sql.Timestamp,java.util.Calendar,org.apache.openjpa.jdbc.schema.Column]",12,4,3,3,0,0,3,0,317,2,2,0,false
0.9.0,openjpa-kernel/src/main/java/org/apache/openjpa/kernel/exps/InMemoryExpressionFactory.java,"trim/3[org.apache.openjpa.kernel.exps.Value,org.apache.openjpa.kernel.exps.Value,java.lang.Boolean]","org.apache.openjpa.kernel.exps.InMemoryExpressionFactory.trim/3[org.apache.openjpa.kernel.exps.Value,org.apache.openjpa.kernel.exps.Value,java.lang.Boolean]",3,1,0,0,0,1,0,0,334,1,1,0,false
0.9.0,openjpa-jdbc/src/main/java/org/apache/openjpa/jdbc/kernel/exps/JDBCExpressionFactory.java,"contains/2[org.apache.openjpa.jdbc.kernel.exps.Value,org.apache.openjpa.jdbc.kernel.exps.Value]","org.apache.openjpa.jdbc.kernel.exps.JDBCExpressionFactory.contains/2[org.apache.openjpa.jdbc.kernel.exps.Value,org.apache.openjpa.jdbc.kernel.exps.Value]",5,3,0,0,0,3,1,2,317,1,1,0,false
0.9.0,openjpa-kernel/src/main/java/org/apache/openjpa/enhance/FieldConsumer.java,"storeByteField/2[int,byte]","org.apache.openjpa.enhance.FieldConsumer.storeByteField/2[int,byte]",1,1,0,0,0,0,0,0,334,1,1,0,false
0.9.0,openjpa-lib/src/main/java/org/apache/openjpa/lib/util/CodeFormat.java,setScoreBeforeFieldName/1[boolean],org.apache.openjpa.lib.util.CodeFormat.setScoreBeforeFieldName/1[boolean],3,1,1,0,0,0,0,0,243,1,1,0,false
0.9.6,openjpa-lib/src/main/java/org/apache/openjpa/lib/rop/RangeResultObjectProvider.java,"getDate/2[org.apache.openjpa.jdbc.sql.Column,org.apache.openjpa.jdbc.sql.Joins]","org.apache.openjpa.jdbc.sql.Result.getDate/2[org.apache.openjpa.jdbc.sql.Column,org.apache.openjpa.jdbc.sql.Joins]",1,1,0,0,0,0,0,0,243,1,1,0,false
0.9.6,openjpa-jdbc/src/main/java/org/apache/openjpa/jdbc/kernel/exps/Trim.java,"newSQLBuffer/4[org.apache.openjpa.jdbc.kernel.exps.Select,org.apache.openjpa.jdbc.kernel.exps.JDBCStore,java.lang.Object[],org.apache.openjpa.jdbc.kernel.exps.JDBCFetchState]","org.apache.openjpa.jdbc.kernel.exps.Trim.newSQLBuffer/4[org.apache.openjpa.jdbc.kernel.exps.Select,org.apache.openjpa.jdbc.kernel.exps.JDBCStore,java.lang.Object[],org.apache.openjpa.jdbc.kernel.exps.JDBCFetchState]",7,1,1,0,0,1,3,3,317,1,1,0,false
0.9.0,openjpa-kernel/src/main/java/org/apache/openjpa/kernel/BrokerImpl.java,setIgnoreChanges/1[boolean],org.apache.openjpa.kernel.BrokerImpl.setIgnoreChanges/1[boolean],4,1,1,0,0,0,1,1,334,5,17,0,false
0.9.6,openjpa-lib/src/main/java/org/apache/openjpa/lib/meta/XMLMetaDataParser.java,currentComments/0,org.apache.openjpa.lib.meta.XMLMetaDataParser.currentComments/0,4,3,0,0,0,2,1,0,243,2,2,0,false
0.9.0,openjpa-kernel/src/main/java/org/apache/openjpa/kernel/exps/Constant.java,"appendIsNull/5[org.apache.openjpa.jdbc.kernel.exps.SQLBuffer,org.apache.openjpa.jdbc.kernel.exps.Select,org.apache.openjpa.jdbc.kernel.JDBCStore,java.lang.Object[],org.apache.openjpa.jdbc.kernel.JDBCFetchConfiguration]","org.apache.openjpa.jdbc.kernel.exps.Const.appendIsNull/5[org.apache.openjpa.jdbc.kernel.exps.SQLBuffer,org.apache.openjpa.jdbc.kernel.exps.Select,org.apache.openjpa.jdbc.kernel.JDBCStore,java.lang.Object[],org.apache.openjpa.jdbc.kernel.JDBCFetchConfiguration]",4,2,0,0,0,0,0,1,334,1,1,0,false
0.9.0,openjpa-jdbc/src/main/java/org/apache/openjpa/jdbc/kernel/JDBCBrokerFactory.java,getProperties/0,org.apache.openjpa.jdbc.kernel.JDBCBrokerFactory.getProperties/0,12,2,4,1,1,1,0,2,317,1,1,5,false
0.9.6,openjpa-kernel/src/main/java/org/apache/openjpa/kernel/DetachedValueStateManager.java,"providedFloatField/3[org.apache.openjpa.kernel.PersistenceCapable,int,float]","org.apache.openjpa.kernel.DetachedValueStateManager.providedFloatField/3[org.apache.openjpa.kernel.PersistenceCapable,int,float]",3,1,1,0,0,0,0,0,334,2,2,0,false
0.9.6,openjpa-examples/src/main/java/relations/Deity.java,"giveBirth/3[java.lang.String,relations.Deity,relations.Deity.Gender]","relations.Deity.giveBirth/3[java.lang.String,relations.Deity,relations.Deity.Gender]",14,6,5,0,0,1,0,1,149,2,2,0,false
0.9.6,openjpa-jdbc/src/main/java/org/apache/openjpa/jdbc/sql/HSQLDictionary.java,getPreferredType/1[int],org.apache.openjpa.jdbc.sql.HSQLDictionary.getPreferredType/1[int],10,3,0,0,0,3,0,0,317,2,3,0,false
0.9.0,openjpa-kernel/src/main/java/org/apache/openjpa/kernel/DelegatingBrokerFactory.java,rollback/0,org.apache.openjpa.kernel.DelegatingBroker.rollback/0,8,2,0,0,1,0,1,1,334,1,1,1,false
0.9.6,openjpa-kernel/src/main/java/org/apache/openjpa/meta/MetaDataTool.java,getFile/0,org.apache.openjpa.meta.MetaDataTool.getFile/0,3,1,0,0,0,1,0,0,334,1,1,0,false
0.9.0,openjpa-kernel/src/main/java/org/apache/openjpa/datacache/AbstractDataCache.java,pinInternal/1[java.lang.Object],org.apache.openjpa.datacache.AbstractDataCache.pinInternal/1[java.lang.Object],1,1,0,0,0,0,1,0,334,1,1,0,false
0.9.0,openjpa-kernel/src/main/java/org/apache/openjpa/kernel/ExpressionStoreQuery.java,"DataStoreExecutor/5[org.apache.openjpa.kernel.ExpressionStoreQuery,org.apache.openjpa.kernel.ClassMetaData,boolean,org.apache.openjpa.kernel.ExpressionParser,java.lang.Object]","org.apache.openjpa.kernel.ExpressionStoreQuery.DataStoreExecutor.DataStoreExecutor/5[org.apache.openjpa.kernel.ExpressionStoreQuery,org.apache.openjpa.kernel.ClassMetaData,boolean,org.apache.openjpa.kernel.ExpressionParser,java.lang.Object]",13,4,11,0,0,0,1,4,334,2,3,0,false
0.9.0,openjpa-kernel/src/main/java/org/apache/openjpa/conf/OpenJPAConfigurationImpl.java,getProductName/0,org.apache.openjpa.conf.OpenJPAConfigurationImpl.getProductName/0,3,1,0,0,0,1,0,0,334,3,5,0,false
0.9.6,openjpa-kernel/src/main/java/org/apache/openjpa/kernel/ObjectIdStateManager.java,dirty/1[java.lang.String],org.apache.openjpa.kernel.ObjectIdStateManager.dirty/1[java.lang.String],3,1,0,0,0,0,0,0,334,3,3,0,false
0.9.6,openjpa-kernel/src/main/java/org/apache/openjpa/kernel/UUIDStringSeq.java,"next/2[org.apache.openjpa.kernel.StoreContext,org.apache.openjpa.kernel.ClassMetaData]","org.apache.openjpa.kernel.UUIDStringSeq.next/2[org.apache.openjpa.kernel.StoreContext,org.apache.openjpa.kernel.ClassMetaData]",4,1,1,0,0,1,0,0,334,1,1,0,false
0.9.6,openjpa-lib/src/main/java/org/apache/openjpa/lib/rop/AbstractResultList.java,clear/0,org.apache.openjpa.lib.rop.AbstractResultList.clear/0,3,1,0,0,0,0,0,2,243,1,1,0,false
0.9.6,openjpa-kernel/src/main/java/org/apache/openjpa/kernel/VersionAttachStrategy.java,"getDetachedObjectId/2[org.apache.openjpa.kernel.AttachManager,java.lang.Object]","org.apache.openjpa.kernel.VersionAttachStrategy.getDetachedObjectId/2[org.apache.openjpa.kernel.AttachManager,java.lang.Object]",5,1,2,0,0,1,4,1,334,3,3,4,false
0.9.0,openjpa-kernel/src/main/java/org/apache/openjpa/kernel/MethodStoreQuery.java,"getDataStoreActions/4[org.apache.openjpa.kernel.StoreQuery,java.lang.Object[],long,long]","org.apache.openjpa.kernel.StoreQuery.Executor.getDataStoreActions/4[org.apache.openjpa.kernel.StoreQuery,java.lang.Object[],long,long]",1,1,0,0,0,0,2,0,334,1,1,0,false
0.9.6,openjpa-kernel/src/main/java/org/apache/openjpa/kernel/DetachedValueStateManager.java,"replaceStringField/2[org.apache.openjpa.kernel.PersistenceCapable,int]","org.apache.openjpa.kernel.DetachedValueStateManager.replaceStringField/2[org.apache.openjpa.kernel.PersistenceCapable,int]",3,1,0,0,0,0,0,0,334,2,2,0,false
0.9.0,openjpa-jdbc/src/main/java/org/apache/openjpa/jdbc/ant/ReverseMappingToolTask.java,"ReverseCodeGenerator/2[org.apache.openjpa.jdbc.meta.ClassMapping,org.apache.openjpa.enhance.ApplicationIdTool]","org.apache.openjpa.jdbc.meta.ReverseMappingTool.ReverseCodeGenerator.ReverseCodeGenerator/2[org.apache.openjpa.jdbc.meta.ClassMapping,org.apache.openjpa.enhance.ApplicationIdTool]",8,3,3,0,0,0,1,1,317,1,1,0,false
0.9.6,openjpa-jdbc/src/main/java/org/apache/openjpa/jdbc/meta/strats/EmbedValueHandler.java,"setAlias/3[java.lang.String,java.lang.String,java.lang.String[]]","org.apache.openjpa.lib.conf.Value.setAlias/3[java.lang.String,java.lang.String,java.lang.String[]]",14,4,7,2,0,2,1,0,317,1,1,0,false
0.9.6,openjpa-jdbc/src/main/java/org/apache/openjpa/jdbc/meta/strats/PrimitiveFieldStrategy.java,isVersionable/0,org.apache.openjpa.jdbc.meta.strats.PrimitiveFieldStrategy.isVersionable/0,14,8,0,0,0,3,0,1,317,1,1,0,false
0.9.0,openjpa-kernel/src/main/java/org/apache/openjpa/enhance/CodeGenerator.java,getMetaData/0,org.apache.openjpa.enhance.CodeGenerator.getMetaData/0,3,1,0,0,0,1,0,0,334,1,1,0,false
0.9.6,openjpa-kernel/src/main/java/org/apache/openjpa/kernel/PNonTransNewState.java,isDirty/0,org.apache.openjpa.kernel.PNonTransNewState.isDirty/0,3,1,0,0,0,1,0,0,334,1,1,0,false
0.9.0,openjpa-persistence/src/main/java/org/apache/openjpa/persistence/OpenJPAEntityManagerFactory.java,isPersistent/1[java.lang.Object],org.apache.openjpa.persistence.OpenJPAEntityManager.isPersistent/1[java.lang.Object],1,1,0,0,0,0,0,0,334,1,1,0,false
0.9.6,openjpa-jdbc/src/main/java/org/apache/openjpa/jdbc/meta/strats/EmbedFieldStrategy.java,"storeShort/2[int,short]","org.apache.openjpa.jdbc.meta.strats.EmbedFieldStrategy.NullEmbeddedStateManager.storeShort/2[int,short]",3,1,0,0,0,0,0,0,317,2,2,0,false
0.9.0,openjpa-kernel/src/main/java/org/apache/openjpa/enhance/PCDataGenerator.java,"addLoadMethod/2[org.apache.openjpa.enhance.BCClass,boolean]","org.apache.openjpa.enhance.PCDataGenerator.addLoadMethod/2[org.apache.openjpa.enhance.BCClass,boolean]",14,2,5,0,0,1,4,0,334,2,2,5,false
0.9.0,openjpa-jdbc/src/main/java/org/apache/openjpa/jdbc/meta/strats/RelationToManyTableFieldStrategy.java,"update/3[org.apache.openjpa.jdbc.meta.strats.OpenJPAStateManager,org.apache.openjpa.jdbc.meta.strats.JDBCStore,org.apache.openjpa.jdbc.meta.strats.RowManager]","org.apache.openjpa.jdbc.meta.strats.RelationToManyTableFieldStrategy.update/3[org.apache.openjpa.jdbc.meta.strats.OpenJPAStateManager,org.apache.openjpa.jdbc.meta.strats.JDBCStore,org.apache.openjpa.jdbc.meta.strats.RowManager]",42,12,17,0,0,2,0,2,317,2,2,8,false
0.9.6,openjpa-jdbc/src/main/java/org/apache/openjpa/jdbc/meta/QueryResultMapping.java,"hasEager/2[java.util.List,org.apache.openjpa.jdbc.meta.FieldMapping]","org.apache.openjpa.jdbc.meta.QueryResultMapping.PCResult.hasEager/2[java.util.List,org.apache.openjpa.jdbc.meta.FieldMapping]",8,5,1,0,0,4,0,1,317,2,2,1,false
0.9.0,openjpa-jdbc/src/main/java/org/apache/openjpa/jdbc/kernel/AbstractJDBCSeq.java,"nextInternal/2[org.apache.openjpa.jdbc.kernel.JDBCStore,org.apache.openjpa.jdbc.kernel.ClassMapping]","org.apache.openjpa.jdbc.kernel.AbstractJDBCSeq.nextInternal/2[org.apache.openjpa.jdbc.kernel.JDBCStore,org.apache.openjpa.jdbc.kernel.ClassMapping]",1,1,0,0,0,0,1,0,317,2,2,0,false
0.9.0,openjpa-kernel/src/main/java/org/apache/openjpa/kernel/BrokerImpl.java,ManagedObjectCollection/1[java.util.Collection],org.apache.openjpa.kernel.BrokerImpl.ManagedObjectCollection.ManagedObjectCollection/1[java.util.Collection],3,1,1,0,0,0,7,0,334,5,17,0,false
0.9.6,openjpa-kernel/src/main/java/org/apache/openjpa/meta/NonPersistentMetaData.java,setComments/1[java.lang.String[]],org.apache.openjpa.meta.NonPersistentMetaData.setComments/1[java.lang.String[]],3,1,1,0,0,0,0,0,304,1,1,0,false
0.9.0,openjpa-jdbc/src/main/java/org/apache/openjpa/jdbc/kernel/exps/IndexOf.java,"orderBy/5[org.apache.openjpa.jdbc.kernel.exps.Select,org.apache.openjpa.jdbc.kernel.JDBCStore,java.lang.Object[],boolean,org.apache.openjpa.jdbc.kernel.JDBCFetchConfiguration]","org.apache.openjpa.jdbc.kernel.exps.IndexOf.orderBy/5[org.apache.openjpa.jdbc.kernel.exps.Select,org.apache.openjpa.jdbc.kernel.JDBCStore,java.lang.Object[],boolean,org.apache.openjpa.jdbc.kernel.JDBCFetchConfiguration]",3,1,0,0,0,0,0,1,317,1,1,0,false
0.9.6,openjpa-kernel/src/main/java/org/apache/openjpa/ant/PCEnhancerTask.java,"PCEnhancer/2[org.apache.openjpa.enhance.OpenJPAConfiguration,org.apache.openjpa.meta.ClassMetaData]","org.apache.openjpa.enhance.PCEnhancer.PCEnhancer/2[org.apache.openjpa.enhance.OpenJPAConfiguration,org.apache.openjpa.meta.ClassMetaData]",3,1,0,0,0,0,0,4,334,1,1,0,false
0.9.6,openjpa-persistence/src/main/java/org/apache/openjpa/persistence/PersistenceUnitInfoImpl.java,setPersistenceUnitRootUrl/1[java.net.URL],org.apache.openjpa.persistence.PersistenceUnitInfoImpl.setPersistenceUnitRootUrl/1[java.net.URL],3,1,1,0,0,0,0,0,334,2,3,0,false
0.9.6,openjpa-kernel/src/main/java/org/apache/openjpa/meta/NonPersistentMetaData.java,"setSource/2[java.io.File,int]","org.apache.openjpa.meta.NonPersistentMetaData.setSource/2[java.io.File,int]",4,1,2,0,0,0,0,0,304,1,1,0,false
0.9.0,openjpa-persistence/src/main/java/org/apache/openjpa/persistence/query/ConcatExpression.java,"calculateValue/5[org.apache.openjpa.jdbc.kernel.exps.Select,org.apache.openjpa.jdbc.kernel.exps.JDBCStore,java.lang.Object[],org.apache.openjpa.jdbc.kernel.exps.Val,org.apache.openjpa.jdbc.kernel.exps.JDBCFetchConfiguration]","org.apache.openjpa.jdbc.kernel.exps.Concat.calculateValue/5[org.apache.openjpa.jdbc.kernel.exps.Select,org.apache.openjpa.jdbc.kernel.exps.JDBCStore,java.lang.Object[],org.apache.openjpa.jdbc.kernel.exps.Val,org.apache.openjpa.jdbc.kernel.exps.JDBCFetchConfiguration]",4,1,0,0,0,0,1,1,356,0,0,0,false
0.9.6,openjpa-jdbc/src/main/java/org/apache/openjpa/jdbc/sql/SQLBuffer.java,append/1[org.apache.openjpa.jdbc.schema.Table],org.apache.openjpa.jdbc.sql.SQLBuffer.append/1[org.apache.openjpa.jdbc.schema.Table],4,1,0,0,0,1,0,0,317,1,1,0,false
0.9.0,openjpa-kernel/src/main/java/org/apache/openjpa/conf/OpenJPAConfiguration.java,getAutoClearConstant/0,org.apache.openjpa.conf.OpenJPAConfiguration.getAutoClearConstant/0,1,1,0,0,0,0,0,0,334,1,1,0,false
0.9.6,openjpa-jdbc/src/main/java/org/apache/openjpa/jdbc/kernel/exps/SelectConstructor.java,"evaluate/5[org.apache.openjpa.jdbc.kernel.exps.ExpContext,org.apache.openjpa.jdbc.kernel.exps.Select,java.lang.String,org.apache.openjpa.jdbc.kernel.exps.QueryExpressions,org.apache.openjpa.jdbc.kernel.exps.QueryExpressionsState]","org.apache.openjpa.jdbc.kernel.exps.SelectConstructor.evaluate/5[org.apache.openjpa.jdbc.kernel.exps.ExpContext,org.apache.openjpa.jdbc.kernel.exps.Select,java.lang.String,org.apache.openjpa.jdbc.kernel.exps.QueryExpressions,org.apache.openjpa.jdbc.kernel.exps.QueryExpressionsState]",26,11,8,0,0,3,0,3,317,1,1,6,false
0.9.6,openjpa-jdbc/src/main/java/org/apache/openjpa/jdbc/ant/ReverseMappingToolTask.java,getDetachable/0,org.apache.openjpa.jdbc.meta.ReverseMappingTool.getDetachable/0,3,1,0,0,0,1,1,0,317,1,1,0,false
0.9.6,openjpa-kernel/src/main/java/org/apache/openjpa/meta/AbstractCFMetaDataFactory.java,getRepository/0,org.apache.openjpa.meta.AbstractCFMetaDataFactory.Parser.getRepository/0,1,1,0,0,0,0,2,0,334,3,5,0,false
0.9.0,openjpa-lib/src/main/java/org/apache/openjpa/lib/rop/AbstractNonSequentialResultList.java,Itr/1[int],org.apache.openjpa.lib.rop.AbstractNonSequentialResultList.Itr.Itr/1[int],3,1,1,0,0,0,1,0,243,1,1,0,false
0.9.6,openjpa-jdbc/src/main/java/org/apache/openjpa/jdbc/meta/strats/EmbedFieldStrategy.java,"providedStringField/3[org.apache.openjpa.jdbc.meta.strats.PersistenceCapable,int,java.lang.String]","org.apache.openjpa.jdbc.meta.strats.EmbedFieldStrategy.NullEmbeddedStateManager.providedStringField/3[org.apache.openjpa.jdbc.meta.strats.PersistenceCapable,int,java.lang.String]",3,1,0,0,0,0,0,0,317,2,2,0,false
0.9.6,openjpa-jdbc/src/main/java/org/apache/openjpa/jdbc/kernel/exps/Variable.java,setPCPath/1[org.apache.openjpa.jdbc.kernel.exps.PCPath],org.apache.openjpa.jdbc.kernel.exps.Variable.setPCPath/1[org.apache.openjpa.jdbc.kernel.exps.PCPath],3,1,1,0,0,0,0,0,317,1,1,0,false
0.9.6,openjpa-kernel/src/main/java/org/apache/openjpa/meta/JavaTypes.java,"convert/2[java.lang.Object,int]","org.apache.openjpa.meta.JavaTypes.convert/2[java.lang.Object,int]",71,54,0,0,0,40,1,0,334,1,1,3,false
0.9.6,openjpa-kernel/src/main/java/org/apache/openjpa/conf/OpenJPAConfigurationImpl.java,getStoreFacadeTypeRegistry/0,org.apache.openjpa.conf.OpenJPAConfigurationImpl.getStoreFacadeTypeRegistry/0,3,1,0,0,0,1,0,0,334,3,5,0,false
0.9.6,openjpa-jdbc/src/main/java/org/apache/openjpa/jdbc/meta/strats/EmbedFieldStrategy.java,"whereDouble/2[org.apache.openjpa.jdbc.meta.strats.Column,double]","org.apache.openjpa.jdbc.meta.strats.EmbedFieldStrategy.EmbeddedRow.whereDouble/2[org.apache.openjpa.jdbc.meta.strats.Column,double]",3,1,0,0,0,0,0,0,317,2,2,0,false
0.9.0,openjpa-jdbc/src/main/java/org/apache/openjpa/jdbc/kernel/exps/InExpression.java,"appendTo/5[org.apache.openjpa.jdbc.kernel.exps.SQLBuffer,org.apache.openjpa.jdbc.kernel.exps.Select,org.apache.openjpa.jdbc.kernel.exps.JDBCStore,java.lang.Object[],org.apache.openjpa.jdbc.kernel.exps.JDBCFetchState]","org.apache.openjpa.jdbc.kernel.exps.InExpression.appendTo/5[org.apache.openjpa.jdbc.kernel.exps.SQLBuffer,org.apache.openjpa.jdbc.kernel.exps.Select,org.apache.openjpa.jdbc.kernel.exps.JDBCStore,java.lang.Object[],org.apache.openjpa.jdbc.kernel.exps.JDBCFetchState]",19,8,7,0,0,0,0,3,317,3,4,1,false
0.9.6,openjpa-kernel/src/main/java/org/apache/openjpa/kernel/exps/BindVariableAndExpression.java,"eval/4[java.lang.Object,java.lang.Object,org.apache.openjpa.kernel.exps.StoreContext,java.lang.Object[]]","org.apache.openjpa.kernel.exps.BindVariableAndExpression.eval/4[java.lang.Object,java.lang.Object,org.apache.openjpa.kernel.exps.StoreContext,java.lang.Object[]]",11,6,4,0,0,3,1,3,334,1,1,1,false
0.9.6,openjpa-kernel/src/main/java/org/apache/openjpa/meta/ClassMetaData.java,setDescribedType/1[java.lang.Class],org.apache.openjpa.meta.ClassMetaData.setDescribedType/1[java.lang.Class],5,3,1,0,0,0,2,0,334,3,7,1,false
0.9.0,openjpa-kernel/src/main/java/org/apache/openjpa/util/CacheMap.java,"softMapOverflowRemoved/2[java.lang.Object,java.lang.Object]","org.apache.openjpa.util.CacheMap.softMapOverflowRemoved/2[java.lang.Object,java.lang.Object]",3,1,0,0,0,0,1,1,334,1,1,0,false
0.9.6,openjpa-lib/src/main/java/org/apache/openjpa/lib/meta/MetaDataIteratorChain.java,getInputStream/0,org.apache.openjpa.lib.meta.MetaDataIteratorChain.getInputStream/0,4,2,0,0,0,1,0,0,243,1,1,0,false
0.9.0,openjpa-lib/src/main/java/org/apache/openjpa/lib/jdbc/DelegatingStatement.java,"execute/2[java.lang.String,int]","org.apache.openjpa.lib.jdbc.DelegatingStatement.execute/2[java.lang.String,int]",3,1,0,0,0,0,0,0,243,1,1,0,false
0.9.6,openjpa-kernel/src/main/java/org/apache/openjpa/meta/FieldMetaData.java,getDefiningMetaData/0,org.apache.openjpa.meta.FieldMetaData.getDefiningMetaData/0,3,1,0,0,0,1,11,0,334,2,2,0,false
0.9.6,openjpa-jdbc/src/main/java/org/apache/openjpa/jdbc/kernel/exps/StringFunction.java,getType/0,org.apache.openjpa.jdbc.kernel.exps.StringFunction.getType/0,3,1,0,0,0,1,3,0,317,1,1,0,false
0.9.0,openjpa-jdbc/src/main/java/org/apache/openjpa/jdbc/kernel/exps/JDBCExpressionFactory.java,"cast/2[org.apache.openjpa.kernel.exps.Value,java.lang.Class]","org.apache.openjpa.jdbc.kernel.exps.JDBCExpressionFactory.cast/2[org.apache.openjpa.kernel.exps.Value,java.lang.Class]",4,1,0,0,0,1,0,1,317,1,1,0,false
0.9.6,openjpa-kernel/src/main/java/org/apache/openjpa/meta/FieldMetaData.java,setListingIndex/1[int],org.apache.openjpa.meta.FieldMetaData.setListingIndex/1[int],3,1,1,0,0,0,0,0,334,2,2,0,false
0.9.6,openjpa-jdbc/src/main/java/org/apache/openjpa/jdbc/kernel/exps/StringFunction.java,"calculateValue/5[org.apache.openjpa.jdbc.kernel.exps.Select,org.apache.openjpa.jdbc.kernel.exps.JDBCStore,java.lang.Object[],org.apache.openjpa.jdbc.kernel.exps.Val,org.apache.openjpa.jdbc.kernel.exps.JDBCFetchState]","org.apache.openjpa.jdbc.kernel.exps.StringFunction.calculateValue/5[org.apache.openjpa.jdbc.kernel.exps.Select,org.apache.openjpa.jdbc.kernel.exps.JDBCStore,java.lang.Object[],org.apache.openjpa.jdbc.kernel.exps.Val,org.apache.openjpa.jdbc.kernel.exps.JDBCFetchState]",3,1,0,0,0,0,1,0,317,1,1,0,false
0.9.0,openjpa-jdbc/src/main/java/org/apache/openjpa/jdbc/sql/RowManagerImpl.java,"getAllRows/2[org.apache.openjpa.jdbc.schema.Table,int]","org.apache.openjpa.jdbc.sql.RowManagerImpl.getAllRows/2[org.apache.openjpa.jdbc.schema.Table,int]",3,1,0,0,0,1,0,0,317,1,1,0,false
0.9.6,openjpa-kernel/src/main/java/org/apache/openjpa/kernel/exps/SubQ.java,"newSQLBuffer/4[org.apache.openjpa.jdbc.kernel.exps.Select,org.apache.openjpa.jdbc.kernel.exps.JDBCStore,java.lang.Object[],org.apache.openjpa.jdbc.kernel.exps.JDBCFetchState]","org.apache.openjpa.jdbc.kernel.exps.SubQ.newSQLBuffer/4[org.apache.openjpa.jdbc.kernel.exps.Select,org.apache.openjpa.jdbc.kernel.exps.JDBCStore,java.lang.Object[],org.apache.openjpa.jdbc.kernel.exps.JDBCFetchState]",5,1,1,0,0,1,3,1,334,1,1,0,false
0.9.0,openjpa-jdbc/src/main/java/org/apache/openjpa/jdbc/meta/DiscriminatorMappingInfo.java,resolve/1[int],org.apache.openjpa.jdbc.meta.Discriminator.resolve/1[int],8,11,2,0,0,2,0,1,317,1,1,0,false
0.9.0,openjpa-jdbc/src/main/java/org/apache/openjpa/jdbc/kernel/exps/JDBCExpressionFactory.java,asExpression/1[org.apache.openjpa.jdbc.kernel.exps.Value],org.apache.openjpa.jdbc.kernel.exps.JDBCExpressionFactory.asExpression/1[org.apache.openjpa.jdbc.kernel.exps.Value],3,1,0,0,0,1,0,2,317,1,1,0,false
0.9.6,openjpa-jdbc/src/main/java/org/apache/openjpa/jdbc/meta/DiscriminatorMappingInfo.java,isForeignKey/1[org.apache.openjpa.jdbc.meta.Column],org.apache.openjpa.jdbc.meta.MappingInfo.isForeignKey/1[org.apache.openjpa.jdbc.meta.Column],6,5,2,0,0,3,1,2,1211,0,0,1,false
0.9.6,openjpa-lib/src/main/java/org/apache/openjpa/lib/util/ReferenceMap.java,valueExpired/1[java.lang.Object],org.apache.openjpa.lib.util.ReferenceMap.valueExpired/1[java.lang.Object],1,1,0,0,0,0,0,0,243,1,1,0,false
0.9.6,openjpa-kernel/src/main/java/org/apache/openjpa/meta/MetaDataRepository.java,clear/0,org.apache.openjpa.meta.MetaDataRepository.clear/0,14,2,0,0,0,0,1,4,334,3,5,0,false
0.9.6,openjpa-jdbc/src/main/java/org/apache/openjpa/jdbc/kernel/exps/StringFunction.java,"appendTo/6[org.apache.openjpa.jdbc.kernel.exps.SQLBuffer,int,org.apache.openjpa.jdbc.kernel.exps.Select,org.apache.openjpa.jdbc.kernel.exps.JDBCStore,java.lang.Object[],org.apache.openjpa.jdbc.kernel.exps.JDBCFetchState]","org.apache.openjpa.jdbc.kernel.exps.StringFunction.appendTo/6[org.apache.openjpa.jdbc.kernel.exps.SQLBuffer,int,org.apache.openjpa.jdbc.kernel.exps.Select,org.apache.openjpa.jdbc.kernel.exps.JDBCStore,java.lang.Object[],org.apache.openjpa.jdbc.kernel.exps.JDBCFetchState]",5,1,0,0,0,0,1,0,317,1,1,0,false
0.9.6,openjpa-jdbc/src/main/java/org/apache/openjpa/jdbc/meta/strats/PrimitiveWrapperArrays.java,"binarySearch/2[java.lang.Object[],java.lang.Object]","org.apache.openjpa.lib.util.concurrent.Arrays.binarySearch/2[java.lang.Object[],java.lang.Object]",3,1,0,0,0,1,0,0,317,1,1,1,false
0.9.0,openjpa-lib/src/main/java/org/apache/openjpa/lib/util/concurrent/CopyOnWriteArrayList.java,CopyOnWriteArrayList/0,org.apache.openjpa.lib.util.concurrent.CopyOnWriteArrayList.CopyOnWriteArrayList/0,3,1,0,0,0,0,0,1,243,1,1,0,false
0.9.6,openjpa-kernel/src/main/java/org/apache/openjpa/kernel/exps/StringLength.java,isVariable/0,org.apache.openjpa.kernel.exps.StringLength.isVariable/0,3,1,0,0,0,1,0,0,334,1,1,0,false
0.9.0,openjpa-jdbc/src/main/java/org/apache/openjpa/jdbc/sql/PrimaryRow.java,"newInstance/2[org.apache.openjpa.jdbc.schema.Table,int]","org.apache.openjpa.jdbc.sql.PrimaryRow.newInstance/2[org.apache.openjpa.jdbc.schema.Table,int]",3,1,0,0,0,1,0,1,317,2,2,0,false
0.9.6,openjpa-lib/src/main/java/org/apache/openjpa/lib/util/Options.java,"getBooleanProperty/3[java.lang.String,java.lang.String,boolean]","org.apache.openjpa.lib.util.Options.getBooleanProperty/3[java.lang.String,java.lang.String,boolean]",6,3,2,0,0,2,0,1,243,1,1,0,false
0.9.6,openjpa-jdbc/src/main/java/org/apache/openjpa/jdbc/kernel/exps/SelectConstructor.java,getJoinIterator/0,org.apache.openjpa.jdbc.sql.Select.getJoinIterator/0,1,1,0,0,0,0,2,0,317,1,1,0,false
0.9.6,openjpa-jdbc/src/main/java/org/apache/openjpa/jdbc/meta/ClassMapping.java,getJoinable/1[org.apache.openjpa.jdbc.meta.Column],org.apache.openjpa.jdbc.meta.ClassMapping.getJoinable/1[org.apache.openjpa.jdbc.meta.Column],13,5,3,0,0,3,2,3,317,2,3,3,false
0.9.6,openjpa-lib/src/main/java/org/apache/openjpa/lib/util/CodeFormat.java,removeLocalVariableTables/0,serp.bytecode.Code.removeLocalVariableTables/0,3,1,0,0,0,1,0,0,243,1,1,0,false
0.9.0,openjpa-kernel/src/main/java/org/apache/openjpa/conf/OpenJPAConfiguration.java,setManagedRuntime/1[org.apache.openjpa.ee.ManagedRuntime],org.apache.openjpa.conf.OpenJPAConfiguration.setManagedRuntime/1[org.apache.openjpa.ee.ManagedRuntime],1,1,0,0,0,0,0,0,334,1,1,0,false
0.9.0,openjpa-jdbc/src/main/java/org/apache/openjpa/jdbc/kernel/PreparedSQLStoreQuery.java,getStore/0,org.apache.openjpa.jdbc.kernel.SQLStoreQuery.getStore/0,3,1,0,0,0,1,2,0,295,2,2,0,false
0.9.6,openjpa-kernel/src/main/java/org/apache/openjpa/kernel/ExtentImpl.java,"Extent/2[org.apache.openjpa.persistence.EntityManagerImpl,org.apache.openjpa.kernel.Extent]","org.apache.openjpa.persistence.Extent.Extent/2[org.apache.openjpa.persistence.EntityManagerImpl,org.apache.openjpa.kernel.Extent]",4,1,2,0,0,0,0,0,334,2,2,0,false
0.9.6,openjpa-kernel/src/main/java/org/apache/openjpa/kernel/PNonTransDirtyState.java,isDirty/0,org.apache.openjpa.kernel.PNonTransDirtyState.isDirty/0,3,1,0,0,0,1,0,0,334,1,1,0,false
0.9.0,openjpa-persistence/src/main/java/org/apache/openjpa/persistence/XMLPersistenceMetaDataParser.java,startNamedQuery/1[org.xml.sax.Attributes],org.apache.openjpa.persistence.XMLPersistenceMetaDataParser.startNamedQuery/1[org.xml.sax.Attributes],20,8,6,0,0,2,2,11,334,6,10,9,false
0.9.0,openjpa-kernel/src/main/java/org/apache/openjpa/kernel/DetachedStateManager.java,getIntermediate/1[int],org.apache.openjpa.kernel.DetachedStateManager.getIntermediate/1[int],3,1,0,0,0,0,0,0,334,4,6,0,false
0.9.6,openjpa-kernel/src/main/java/org/apache/openjpa/meta/AbstractCFMetaDataFactory.java,"getDefiningMetaData/2[org.apache.openjpa.meta.QueryMetaData,java.util.Map]","org.apache.openjpa.meta.AbstractCFMetaDataFactory.getDefiningMetaData/2[org.apache.openjpa.meta.QueryMetaData,java.util.Map]",12,4,4,0,0,3,1,2,334,3,5,2,false
0.9.6,openjpa-kernel/src/main/java/org/apache/openjpa/util/ProxyCalendar.java,newInstance/1[java.util.TimeZone],org.apache.openjpa.util.ProxyCalendar.newInstance/1[java.util.TimeZone],1,1,0,0,0,0,0,0,334,2,2,0,false
0.9.6,openjpa-jdbc/src/main/java/org/apache/openjpa/jdbc/meta/strats/EmbedFieldStrategy.java,"initialize/2[java.lang.Class,org.apache.openjpa.jdbc.meta.strats.PCState]","org.apache.openjpa.jdbc.meta.strats.EmbedFieldStrategy.NullEmbeddedStateManager.initialize/2[java.lang.Class,org.apache.openjpa.jdbc.meta.strats.PCState]",3,1,0,0,0,0,0,0,317,2,2,0,false
0.9.0,openjpa-kernel/src/main/java/org/apache/openjpa/datacache/DataCacheScheduler.java,evict/1[org.apache.openjpa.datacache.DataCache],org.apache.openjpa.datacache.DataCacheScheduler.evict/1[org.apache.openjpa.datacache.DataCache],3,1,0,0,0,0,1,1,334,1,1,0,false
0.9.6,openjpa-kernel/src/main/java/org/apache/openjpa/kernel/DelegatingQuery.java,getUpdates/0,org.apache.openjpa.kernel.DelegatingQuery.getUpdates/0,8,2,0,0,1,1,0,1,334,2,2,1,false
0.9.6,openjpa-jdbc/src/main/java/org/apache/openjpa/jdbc/meta/strats/RelationFieldStrategy.java,"load/4[org.apache.openjpa.kernel.OpenJPAStateManager,org.apache.openjpa.jdbc.meta.strats.JDBCStore,org.apache.openjpa.jdbc.meta.strats.JDBCFetchConfiguration,org.apache.openjpa.jdbc.sql.Result]","org.apache.openjpa.jdbc.meta.strats.RelationFieldStrategy.load/4[org.apache.openjpa.kernel.OpenJPAStateManager,org.apache.openjpa.jdbc.meta.strats.JDBCStore,org.apache.openjpa.jdbc.meta.strats.JDBCFetchConfiguration,org.apache.openjpa.jdbc.sql.Result]",34,15,12,1,0,4,0,12,317,3,4,2,false
0.9.0,openjpa-kernel/src/main/java/org/apache/openjpa/kernel/exps/InMemoryExpressionFactory.java,"matches/4[org.apache.openjpa.kernel.exps.QueryExpressions,java.util.Collection,org.apache.openjpa.kernel.exps.StoreContext,java.lang.Object[]]","org.apache.openjpa.kernel.exps.InMemoryExpressionFactory.matches/4[org.apache.openjpa.kernel.exps.QueryExpressions,java.util.Collection,org.apache.openjpa.kernel.exps.StoreContext,java.lang.Object[]]",5,4,0,0,0,3,0,1,334,1,1,0,false
0.9.0,openjpa-kernel/src/main/java/org/apache/openjpa/kernel/StateManagerImpl.java,newProxy/1[int],org.apache.openjpa.kernel.StateManagerImpl.newProxy/1[int],18,9,1,0,0,9,0,5,334,3,10,1,false
0.9.0,openjpa-jdbc/src/main/java/org/apache/openjpa/jdbc/kernel/exps/IndexOf.java,length/0,org.apache.openjpa.jdbc.kernel.exps.IndexOf.length/0,3,1,0,0,0,1,0,0,317,1,1,0,false
0.9.6,openjpa-lib/src/main/java/org/apache/openjpa/lib/util/CodeFormat.java,addInstruction/1[serp.bytecode.Instruction],serp.bytecode.Code.addInstruction/1[serp.bytecode.Instruction],4,1,0,0,0,1,135,1,243,1,1,0,false
0.9.6,openjpa-jdbc/src/main/java/org/apache/openjpa/jdbc/meta/ClassMapping.java,getFieldMappingsInListingOrder/0,org.apache.openjpa.jdbc.meta.ClassMapping.getFieldMappingsInListingOrder/0,3,1,0,0,0,1,0,0,317,2,3,0,false
0.9.6,openjpa-lib/src/main/java/org/apache/openjpa/lib/util/CodeFormat.java,lneg/0,serp.bytecode.Code.lneg/0,3,1,0,0,0,1,0,1,243,1,1,0,false
0.9.6,openjpa-jdbc/src/main/java/org/apache/openjpa/jdbc/schema/Schemas.java,importSequence/1[org.apache.openjpa.jdbc.schema.Sequence],org.apache.openjpa.jdbc.schema.Schema.importSequence/1[org.apache.openjpa.jdbc.schema.Sequence],8,2,1,0,0,2,0,1,317,1,1,3,false
0.9.6,openjpa-jdbc/src/main/java/org/apache/openjpa/jdbc/meta/DiscriminatorMappingInfo.java,syncWith/1[org.apache.openjpa.jdbc.meta.Discriminator],org.apache.openjpa.jdbc.meta.DiscriminatorMappingInfo.syncWith/1[org.apache.openjpa.jdbc.meta.Discriminator],15,12,7,0,0,1,0,5,317,1,1,2,false
0.9.6,openjpa-persistence/src/main/java/org/apache/openjpa/persistence/StoreCache.java,hashCode/0,org.apache.openjpa.persistence.StoreCache.hashCode/0,3,1,0,0,0,1,0,0,334,1,1,0,false
0.9.6,openjpa-kernel/src/main/java/org/apache/openjpa/meta/ProxySetupStateManager.java,"providedDoubleField/3[org.apache.openjpa.meta.PersistenceCapable,int,double]","org.apache.openjpa.meta.ProxySetupStateManager.providedDoubleField/3[org.apache.openjpa.meta.PersistenceCapable,int,double]",3,1,0,0,0,0,0,0,334,2,2,0,false
0.9.0,openjpa-lib/src/main/java/org/apache/openjpa/lib/jdbc/DelegatingPreparedStatement.java,"setBlob/2[int,java.sql.Blob]","org.apache.openjpa.lib.jdbc.DelegatingPreparedStatement.setBlob/2[int,java.sql.Blob]",3,1,0,0,0,0,0,0,243,1,1,0,false
0.9.6,openjpa-slice/src/main/java/org/apache/openjpa/slice/DistributedBrokerImpl.java,"attach/3[java.lang.Object,boolean,org.apache.openjpa.kernel.OpCallbacks]","org.apache.openjpa.kernel.BrokerImpl.attach/3[java.lang.Object,boolean,org.apache.openjpa.kernel.OpCallbacks]",23,5,0,0,2,2,0,6,600,0,0,1,false
0.9.0,openjpa-kernel/src/main/java/org/apache/openjpa/util/ApplicationIds.java,setStore/1[java.lang.Object[]],org.apache.openjpa.util.ApplicationIds.PrimaryKeyFieldManager.setStore/1[java.lang.Object[]],3,1,1,0,0,0,4,0,334,2,5,0,false
0.9.6,openjpa-lib/src/main/java/org/apache/openjpa/lib/log/LogFactoryImpl.java,getLog/1[java.lang.String],org.apache.openjpa.lib.log.LogFactoryImpl.getLog/1[java.lang.String],11,3,3,0,0,1,0,4,243,1,1,1,false
0.9.6,openjpa-slice/src/main/java/org/apache/openjpa/slice/DistributedBrokerImpl.java,retainConnection/0,org.apache.openjpa.kernel.BrokerImpl.retainConnection/0,6,3,1,0,0,0,2,0,600,0,0,0,false
0.9.6,openjpa-kernel/src/main/java/org/apache/openjpa/kernel/exps/GreaterThanEqualExpression.java,"GreaterThanEqualExpression/2[org.apache.openjpa.kernel.exps.Val,org.apache.openjpa.kernel.exps.Val]","org.apache.openjpa.kernel.exps.GreaterThanEqualExpression.GreaterThanEqualExpression/2[org.apache.openjpa.kernel.exps.Val,org.apache.openjpa.kernel.exps.Val]",3,1,0,0,0,0,0,0,334,1,1,0,false
0.9.6,openjpa-kernel/src/main/java/org/apache/openjpa/abstractstore/AbstractStoreBrokerFactory.java,getRetainState/0,org.apache.openjpa.kernel.Broker.getRetainState/0,1,1,0,0,0,0,0,0,334,2,2,0,false
0.9.6,openjpa-jdbc/src/main/java/org/apache/openjpa/jdbc/kernel/FinderQueryImpl.java,equals/1[java.lang.Object],org.apache.openjpa.kernel.QueryImpl.RemoveOnCloseResultList.equals/1[java.lang.Object],3,1,0,0,0,1,0,0,261,0,0,0,false
0.9.6,openjpa-kernel/src/main/java/org/apache/openjpa/kernel/VersionAttachStrategy.java,"delete/3[org.apache.openjpa.jdbc.meta.OpenJPAStateManager,org.apache.openjpa.jdbc.meta.JDBCStore,org.apache.openjpa.jdbc.sql.RowManager]","org.apache.openjpa.jdbc.meta.Version.delete/3[org.apache.openjpa.jdbc.meta.OpenJPAStateManager,org.apache.openjpa.jdbc.meta.JDBCStore,org.apache.openjpa.jdbc.sql.RowManager]",3,1,0,0,0,0,0,1,334,3,3,1,false
0.9.6,openjpa-jdbc/src/main/java/org/apache/openjpa/jdbc/meta/QueryResultMapping.java,getPCResults/0,org.apache.openjpa.jdbc.meta.QueryResultMapping.getPCResults/0,9,3,3,0,0,1,0,0,317,2,2,0,false
0.9.6,openjpa-lib/src/main/java/org/apache/openjpa/lib/util/ReferenceHashSet.java,hashCode/0,org.apache.openjpa.lib.util.ReferenceHashSet.hashCode/0,3,1,0,0,0,1,0,0,243,1,1,0,false
0.9.0,openjpa-kernel/src/main/java/org/apache/openjpa/kernel/BrokerImpl.java,newObjectNotFoundException/1[java.util.Collection],org.apache.openjpa.kernel.BrokerImpl.newObjectNotFoundException/1[java.util.Collection],6,2,4,0,0,1,5,2,334,5,17,0,false
0.9.6,openjpa-kernel/src/main/java/org/apache/openjpa/kernel/VersionAttachStrategy.java,"attachField/5[org.apache.openjpa.kernel.AttachManager,java.lang.Object,org.apache.openjpa.kernel.StateManagerImpl,org.apache.openjpa.kernel.FieldMetaData,boolean]","org.apache.openjpa.kernel.AttachStrategy.attachField/5[org.apache.openjpa.kernel.AttachManager,java.lang.Object,org.apache.openjpa.kernel.StateManagerImpl,org.apache.openjpa.kernel.FieldMetaData,boolean]",113,72,18,0,0,8,0,34,334,3,3,5,false
0.9.6,openjpa-kernel/src/main/java/org/apache/openjpa/conf/OpenJPAConfigurationImpl.java,setOptimistic/1[boolean],org.apache.openjpa.conf.OpenJPAConfigurationImpl.setOptimistic/1[boolean],4,1,0,0,0,0,1,1,334,3,5,0,false
0.9.6,openjpa-persistence-jdbc/src/main/java/org/apache/openjpa/persistence/jdbc/ForeignKeyAction.java,getPrimaryKeyTable/0,org.apache.openjpa.jdbc.schema.ForeignKey.getPrimaryKeyTable/0,3,1,0,0,0,1,5,0,317,1,1,0,false
0.9.6,openjpa-persistence/src/main/java/org/apache/openjpa/persistence/OpenJPAEntityManagerFactory.java,getStoreCache/1[java.lang.String],org.apache.openjpa.persistence.OpenJPAEntityManagerFactory.getStoreCache/1[java.lang.String],1,1,0,0,0,0,0,0,334,1,1,0,false
0.9.6,openjpa-persistence-jdbc/src/main/java/org/apache/openjpa/persistence/jdbc/JDBCFetchPlanImpl.java,getEagerFetchMode/0,org.apache.openjpa.persistence.jdbc.JDBCFetchPlanImpl.getEagerFetchMode/0,3,1,0,0,0,1,0,0,315,2,4,0,false
0.9.6,openjpa-kernel/src/main/java/org/apache/openjpa/kernel/PNewFlushedDeletedState.java,rollbackRestore/1[org.apache.openjpa.kernel.StateManagerImpl],org.apache.openjpa.kernel.PNewFlushedDeletedState.rollbackRestore/1[org.apache.openjpa.kernel.StateManagerImpl],4,1,0,0,0,1,0,0,334,1,1,0,false
0.9.0,openjpa-kernel/src/main/java/org/apache/openjpa/util/OpenJPAId.java,idEquals/1[org.apache.openjpa.util.OpenJPAId],org.apache.openjpa.util.OpenJPAId.idEquals/1[org.apache.openjpa.util.OpenJPAId],1,1,0,0,0,0,1,0,334,3,4,0,false
0.9.6,openjpa-lib/src/main/java/org/apache/openjpa/lib/util/CodeFormat.java,size/0,serp.bytecode.Code.size/0,3,1,0,0,0,1,0,0,243,1,1,0,false
0.9.6,openjpa-jdbc/src/main/java/org/apache/openjpa/jdbc/kernel/exps/Args.java,getVals/0,org.apache.openjpa.jdbc.kernel.exps.Args.getVals/0,3,1,0,0,0,1,3,0,317,1,1,0,false
0.9.6,openjpa-lib/src/main/java/org/apache/openjpa/lib/meta/MetaDataFilter.java,getName/0,org.apache.openjpa.lib.meta.MetaDataFilter.Resource.getName/0,1,1,0,0,0,0,1,0,243,1,1,0,false
0.9.6,openjpa-lib/src/main/java/org/apache/openjpa/lib/jdbc/LoggingConnectionDecorator.java,handleSQLWarning/1[java.sql.SQLWarning],org.apache.openjpa.lib.jdbc.LoggingConnectionDecorator.LoggingConnection.handleSQLWarning/1[java.sql.SQLWarning],28,15,2,0,0,2,3,10,243,1,1,1,false
0.9.0,openjpa-jdbc/src/main/java/org/apache/openjpa/jdbc/schema/XMLSchemaParser.java,startForeignKey/1[org.xml.sax.Attributes],org.apache.openjpa.jdbc.schema.XMLSchemaParser.startForeignKey/1[org.xml.sax.Attributes],12,5,6,0,0,0,1,5,317,2,2,1,false
0.9.6,openjpa-persistence/src/main/java/org/apache/openjpa/persistence/PersistenceMetaDataFactory.java,newXMLParser/1[boolean],org.apache.openjpa.persistence.PersistenceMetaDataFactory.newXMLParser/1[boolean],3,1,0,0,0,1,2,1,334,3,4,0,false
0.9.6,openjpa-lib/src/main/java/org/apache/openjpa/lib/util/concurrent/TimeUnit.java,"timedJoin/2[java.lang.Thread,long]","org.apache.openjpa.lib.util.concurrent.TimeUnit.timedJoin/2[java.lang.Thread,long]",7,2,2,0,0,0,0,2,243,1,1,0,false
0.9.6,openjpa-jdbc/src/main/java/org/apache/openjpa/jdbc/kernel/exps/ConstPath.java,"initialize/3[org.apache.openjpa.jdbc.kernel.exps.Select,org.apache.openjpa.jdbc.kernel.exps.ExpContext,int]","org.apache.openjpa.jdbc.kernel.exps.ConstPath.initialize/3[org.apache.openjpa.jdbc.kernel.exps.Select,org.apache.openjpa.jdbc.kernel.exps.ExpContext,int]",3,1,0,0,0,1,0,2,1211,1,2,0,false
0.9.6,openjpa-examples/src/main/java/relations/Deity.java,getGender/0,relations.Deity.getGender/0,3,1,0,0,0,1,0,0,149,2,2,0,false
0.9.6,openjpa-lib/src/main/java/org/apache/openjpa/lib/jdbc/LoggingConnectionDecorator.java,setTrackParameters/1[boolean],org.apache.openjpa.lib.jdbc.LoggingConnectionDecorator.setTrackParameters/1[boolean],3,1,1,0,0,0,0,0,243,1,1,0,false
0.9.0,openjpa-jdbc/src/main/java/org/apache/openjpa/jdbc/kernel/exps/ConstPath.java,ConstPath/1[org.apache.openjpa.jdbc.kernel.exps.Const],org.apache.openjpa.jdbc.kernel.exps.ConstPath.ConstPath/1[org.apache.openjpa.jdbc.kernel.exps.Const],3,1,1,0,0,0,0,0,317,1,1,0,false
0.9.0,openjpa-persistence/src/main/java/org/apache/openjpa/persistence/query/VarArgsExpression.java,"groupBy/4[org.apache.openjpa.jdbc.kernel.exps.Select,org.apache.openjpa.jdbc.kernel.exps.JDBCStore,java.lang.Object[],org.apache.openjpa.jdbc.kernel.exps.JDBCFetchConfiguration]","org.apache.openjpa.jdbc.kernel.exps.Args.groupBy/4[org.apache.openjpa.jdbc.kernel.exps.Select,org.apache.openjpa.jdbc.kernel.exps.JDBCStore,java.lang.Object[],org.apache.openjpa.jdbc.kernel.exps.JDBCFetchConfiguration]",2,1,0,0,0,0,0,0,340,0,0,0,false
0.9.0,openjpa-kernel/src/main/java/org/apache/openjpa/kernel/BrokerImpl.java,"releaseAll/2[java.util.Collection,org.apache.openjpa.kernel.OpCallbacks]","org.apache.openjpa.kernel.BrokerImpl.releaseAll/2[java.util.Collection,org.apache.openjpa.kernel.OpCallbacks]",18,3,3,0,2,0,0,5,334,5,17,1,false
0.9.0,openjpa-kernel/src/main/java/org/apache/openjpa/datacache/QueryKey.java,newInstance/1[org.apache.openjpa.datacache.Query],org.apache.openjpa.datacache.QueryKey.newInstance/1[org.apache.openjpa.datacache.Query],3,1,0,0,0,1,0,1,334,1,1,0,false
0.9.6,openjpa-jdbc/src/main/java/org/apache/openjpa/jdbc/kernel/exps/StringFunction.java,"calculateValue/5[org.apache.openjpa.jdbc.kernel.exps.Select,org.apache.openjpa.jdbc.kernel.exps.ExpContext,org.apache.openjpa.jdbc.kernel.exps.ExpState,org.apache.openjpa.jdbc.kernel.exps.Val,org.apache.openjpa.jdbc.kernel.exps.ExpState]","org.apache.openjpa.jdbc.kernel.exps.StringFunction.calculateValue/5[org.apache.openjpa.jdbc.kernel.exps.Select,org.apache.openjpa.jdbc.kernel.exps.ExpContext,org.apache.openjpa.jdbc.kernel.exps.ExpState,org.apache.openjpa.jdbc.kernel.exps.Val,org.apache.openjpa.jdbc.kernel.exps.ExpState]",3,1,0,0,0,0,1,1,317,1,1,0,false
0.9.6,openjpa-jdbc/src/main/java/org/apache/openjpa/jdbc/sql/SQLBuffer.java,"appendValue/2[int,org.apache.openjpa.jdbc.sql.Column]","org.apache.openjpa.jdbc.sql.SQLBuffer.appendValue/2[int,org.apache.openjpa.jdbc.sql.Column]",3,1,0,0,0,1,0,1,317,1,1,0,false
0.9.6,openjpa-jdbc/src/main/java/org/apache/openjpa/jdbc/kernel/exps/ExpState.java,ExpState/1[org.apache.openjpa.jdbc.kernel.exps.Joins],org.apache.openjpa.jdbc.kernel.exps.ExpState.ExpState/1[org.apache.openjpa.jdbc.kernel.exps.Joins],3,1,1,0,0,0,0,0,149,1,1,0,false
0.9.0,openjpa-lib/src/main/java/org/apache/openjpa/lib/jdbc/DelegatingDatabaseMetaData.java,getJDBCMinorVersion/0,org.apache.openjpa.lib.jdbc.DelegatingDatabaseMetaData.getJDBCMinorVersion/0,3,1,0,0,0,0,0,0,243,2,2,0,false
0.9.0,openjpa-kernel/src/main/java/org/apache/openjpa/kernel/exps/InMemoryExpressionFactory.java,ArrayKey/1[java.lang.Object[]],org.apache.openjpa.kernel.exps.InMemoryExpressionFactory.ArrayKey.ArrayKey/1[java.lang.Object[]],3,1,1,0,0,0,1,0,334,1,1,0,false
0.9.6,openjpa-kernel/src/main/java/org/apache/openjpa/kernel/DetachedValueStateManager.java,"settingObjectField/5[org.apache.openjpa.kernel.PersistenceCapable,int,java.lang.Object,java.lang.Object,int]","org.apache.openjpa.kernel.DetachedValueStateManager.settingObjectField/5[org.apache.openjpa.kernel.PersistenceCapable,int,java.lang.Object,java.lang.Object,int]",3,1,0,0,0,0,0,0,334,2,2,0,false
0.9.0,openjpa-lib/src/main/java/org/apache/openjpa/lib/jdbc/DecoratingDataSource.java,clearDecorators/0,org.apache.openjpa.lib.jdbc.DecoratingDataSource.clearDecorators/0,3,1,1,0,0,0,0,0,243,1,1,0,false
0.9.6,openjpa-lib/src/main/java/org/apache/openjpa/lib/util/concurrent/ConcurrentHashMap.java,entrySet/0,org.apache.openjpa.lib.util.ConcurrentHashMap.entrySet/0,4,2,2,0,0,1,1,1,243,1,1,0,false
0.9.0,openjpa-kernel/src/main/java/org/apache/openjpa/kernel/DetachManager.java,"detachField/2[java.lang.Object,int]","org.apache.openjpa.kernel.DetachManager.InstanceDetachFieldManager.detachField/2[java.lang.Object,int]",48,21,13,0,0,9,1,15,334,3,5,5,false
0.9.6,openjpa-jdbc/src/main/java/org/apache/openjpa/jdbc/meta/strats/EmbedFieldStrategy.java,"settingIntField/5[org.apache.openjpa.jdbc.meta.strats.PersistenceCapable,int,int,int,int]","org.apache.openjpa.jdbc.meta.strats.EmbedFieldStrategy.NullEmbeddedStateManager.settingIntField/5[org.apache.openjpa.jdbc.meta.strats.PersistenceCapable,int,int,int,int]",3,1,0,0,0,0,0,0,317,2,2,0,false
0.9.0,openjpa-lib/src/main/java/org/apache/openjpa/lib/jdbc/AbstractJDBCListener.java,beforePrepareStatement/1[org.apache.openjpa.lib.jdbc.JDBCEvent],org.apache.openjpa.lib.jdbc.JDBCListener.beforePrepareStatement/1[org.apache.openjpa.lib.jdbc.JDBCEvent],1,1,0,0,0,0,1,0,243,1,1,0,false
0.9.0,openjpa-jdbc/src/main/java/org/apache/openjpa/jdbc/meta/DiscriminatorMappingInfo.java,"createJoins/9[org.apache.openjpa.jdbc.meta.MetaDataContext,java.lang.String,org.apache.openjpa.jdbc.schema.Table,org.apache.openjpa.jdbc.meta.ClassMapping,org.apache.openjpa.jdbc.meta.ClassMapping,java.util.List,org.apache.openjpa.jdbc.meta.MappingInfo.ForeignKeyDefaults,boolean,boolean]","org.apache.openjpa.jdbc.meta.MappingInfo.createJoins/9[org.apache.openjpa.jdbc.meta.MetaDataContext,java.lang.String,org.apache.openjpa.jdbc.schema.Table,org.apache.openjpa.jdbc.meta.ClassMapping,org.apache.openjpa.jdbc.meta.ClassMapping,java.util.List,org.apache.openjpa.jdbc.meta.MappingInfo.ForeignKeyDefaults,boolean,boolean]",31,7,11,1,0,2,1,3,317,1,1,2,false
0.9.0,openjpa-jdbc/src/main/java/org/apache/openjpa/jdbc/kernel/JDBCStoreManager.java,"syncVersion/2[org.apache.openjpa.jdbc.kernel.OpenJPAStateManager,java.lang.Object]","org.apache.openjpa.jdbc.kernel.JDBCStoreManager.syncVersion/2[org.apache.openjpa.jdbc.kernel.OpenJPAStateManager,java.lang.Object]",9,2,1,0,1,1,0,0,317,3,5,1,false
0.9.6,openjpa-lib/src/main/java/org/apache/openjpa/lib/rop/AbstractSequentialResultList.java,listIterator/0,org.apache.openjpa.lib.rop.AbstractSequentialResultList.listIterator/0,3,1,0,0,0,1,1,1,243,1,1,0,false
0.9.0,openjpa-jdbc/src/main/java/org/apache/openjpa/jdbc/kernel/exps/JDBCExpressionFactory.java,JDBCExpressionFactory/1[org.apache.openjpa.jdbc.kernel.exps.ClassMapping],org.apache.openjpa.jdbc.kernel.exps.JDBCExpressionFactory.JDBCExpressionFactory/1[org.apache.openjpa.jdbc.kernel.exps.ClassMapping],3,1,1,0,0,0,1,0,317,1,1,0,false
0.9.0,openjpa-kernel/src/main/java/org/apache/openjpa/kernel/InverseManager.java,"clearInverseRelations/4[org.apache.openjpa.kernel.OpenJPAStateManager,java.lang.Object,org.apache.openjpa.kernel.FieldMetaData,org.apache.openjpa.kernel.FieldMetaData[]]","org.apache.openjpa.kernel.InverseManager.clearInverseRelations/4[org.apache.openjpa.kernel.OpenJPAStateManager,java.lang.Object,org.apache.openjpa.kernel.FieldMetaData,org.apache.openjpa.kernel.FieldMetaData[]]",18,13,3,0,0,2,1,4,334,1,1,2,false
0.9.0,openjpa-jdbc/src/main/java/org/apache/openjpa/jdbc/schema/XMLSchemaParser.java,startJoin/1[org.xml.sax.Attributes],org.apache.openjpa.jdbc.schema.XMLSchemaParser.startJoin/1[org.xml.sax.Attributes],17,3,3,0,0,0,1,2,317,2,2,6,false
0.9.0,openjpa-jdbc/src/main/java/org/apache/openjpa/jdbc/kernel/exps/JDBCExpressionFactory.java,asExpression/1[org.apache.openjpa.kernel.exps.Value],org.apache.openjpa.jdbc.kernel.exps.JDBCExpressionFactory.asExpression/1[org.apache.openjpa.kernel.exps.Value],3,1,0,0,0,1,0,2,317,1,1,0,false
0.9.0,openjpa-kernel/src/main/java/org/apache/openjpa/meta/DelegatingMetaDataFactory.java,DelegatingMetaDataFactory/1[org.apache.openjpa.meta.MetaDataFactory],org.apache.openjpa.meta.DelegatingMetaDataFactory.DelegatingMetaDataFactory/1[org.apache.openjpa.meta.MetaDataFactory],3,1,1,0,0,0,0,0,334,2,2,0,false
0.9.6,openjpa-kernel/src/main/java/org/apache/openjpa/kernel/PCState.java,commitRetain/1[org.apache.openjpa.kernel.StateManagerImpl],org.apache.openjpa.kernel.PCState.commitRetain/1[org.apache.openjpa.kernel.StateManagerImpl],3,1,0,0,0,1,1,0,334,1,1,0,false
0.9.6,openjpa-jdbc/src/main/java/org/apache/openjpa/jdbc/sql/SelectImpl.java,setJoins/1[org.apache.openjpa.jdbc.sql.JoinSet],org.apache.openjpa.jdbc.sql.SelectImpl.SelectJoins.setJoins/1[org.apache.openjpa.jdbc.sql.JoinSet],4,4,2,0,0,0,4,0,317,4,6,1,false
0.9.6,openjpa-kernel/src/main/java/org/apache/openjpa/kernel/DetachedValueStateManager.java,"settingCharField/5[org.apache.openjpa.kernel.PersistenceCapable,int,char,char,int]","org.apache.openjpa.kernel.DetachedValueStateManager.settingCharField/5[org.apache.openjpa.kernel.PersistenceCapable,int,char,char,int]",3,1,0,0,0,0,0,0,334,2,2,0,false
0.9.0,openjpa-jdbc/src/main/java/org/apache/openjpa/jdbc/conf/JDBCConfigurationImpl.java,JDBCConfigurationImpl/0,org.apache.openjpa.jdbc.conf.JDBCConfigurationImpl.JDBCConfigurationImpl/0,3,1,0,0,0,0,8,0,317,1,1,0,false
0.9.6,openjpa-kernel/src/main/java/org/apache/openjpa/kernel/OpenJPAStateManager.java,"setRemote/2[int,java.lang.Object]","org.apache.openjpa.kernel.OpenJPAStateManager.setRemote/2[int,java.lang.Object]",1,1,0,0,0,0,0,0,334,1,1,0,false
0.9.6,openjpa-kernel/src/main/java/org/apache/openjpa/event/MethodLifecycleCallbacks.java,"hasCallback/2[java.lang.Object,int]","org.apache.openjpa.event.MethodLifecycleCallbacks.hasCallback/2[java.lang.Object,int]",3,1,0,0,0,1,0,0,334,3,4,0,false
0.9.0,openjpa-persistence-jdbc/src/main/java/org/apache/openjpa/persistence/jdbc/JDBCFetchPlanImpl.java,removeFields/1[java.util.Collection],org.apache.openjpa.persistence.FetchPlan.removeFields/1[java.util.Collection],4,1,0,0,0,1,2,1,315,2,4,0,false
0.9.0,openjpa-persistence/src/main/java/org/apache/openjpa/persistence/OpenJPAEntityManagerFactory.java,createQuery/1[java.lang.String],org.apache.openjpa.persistence.OpenJPAEntityManager.createQuery/1[java.lang.String],1,1,0,0,0,0,0,0,334,1,1,0,false
0.9.0,openjpa-jdbc/src/main/java/org/apache/openjpa/jdbc/kernel/DelegatingJDBCFetchConfiguration.java,getContext/0,org.apache.openjpa.kernel.FetchConfiguration.getContext/0,1,1,0,0,0,0,1,0,317,3,4,0,false
0.9.6,openjpa-jdbc/src/main/java/org/apache/openjpa/jdbc/sql/SybaseDictionary.java,SybaseConnection/1[java.sql.Connection],org.apache.openjpa.jdbc.sql.SybaseDictionary.SybaseConnection.SybaseConnection/1[java.sql.Connection],3,1,0,0,0,0,1,0,317,1,1,0,false
0.9.0,openjpa-jdbc/src/main/java/org/apache/openjpa/jdbc/kernel/DelegatingJDBCFetchConfiguration.java,copy/1[org.apache.openjpa.kernel.FetchConfiguration],org.apache.openjpa.kernel.FetchConfiguration.copy/1[org.apache.openjpa.kernel.FetchConfiguration],1,1,0,0,0,0,1,0,317,3,4,0,false
0.9.6,openjpa-jdbc/src/main/java/org/apache/openjpa/jdbc/meta/strats/HandlerFieldStrategy.java,"appendIsNotNull/3[org.apache.openjpa.jdbc.meta.strats.SQLBuffer,org.apache.openjpa.jdbc.meta.strats.Select,org.apache.openjpa.jdbc.meta.strats.Joins]","org.apache.openjpa.jdbc.meta.strats.HandlerFieldStrategy.appendIsNotNull/3[org.apache.openjpa.jdbc.meta.strats.SQLBuffer,org.apache.openjpa.jdbc.meta.strats.Select,org.apache.openjpa.jdbc.meta.strats.Joins]",9,5,2,0,0,0,0,1,317,1,1,2,false
0.9.0,openjpa-lib/src/main/java/org/apache/openjpa/lib/jdbc/DelegatingCallableStatement.java,clearParameters/0,org.apache.openjpa.lib.jdbc.DelegatingCallableStatement.clearParameters/0,3,1,0,0,0,0,0,0,243,1,1,0,false
0.9.0,openjpa-persistence/src/main/java/org/apache/openjpa/persistence/EntityExistsException.java,getType/0,org.apache.openjpa.persistence.EntityExistsException.getType/0,3,1,0,0,0,1,0,0,334,1,1,0,false
0.9.6,openjpa-jdbc/src/main/java/org/apache/openjpa/jdbc/kernel/exps/Trim.java,"selectColumns/5[org.apache.openjpa.jdbc.kernel.exps.Select,org.apache.openjpa.jdbc.kernel.exps.JDBCStore,java.lang.Object[],boolean,org.apache.openjpa.jdbc.kernel.exps.JDBCFetchConfiguration]","org.apache.openjpa.jdbc.kernel.exps.Trim.selectColumns/5[org.apache.openjpa.jdbc.kernel.exps.Select,org.apache.openjpa.jdbc.kernel.exps.JDBCStore,java.lang.Object[],boolean,org.apache.openjpa.jdbc.kernel.exps.JDBCFetchConfiguration]",3,1,0,0,0,0,0,1,317,1,1,0,false
0.9.6,openjpa-jdbc/src/main/java/org/apache/openjpa/jdbc/ant/ReverseMappingToolTask.java,(initializer 1),(initializer 1),17,4,4,1,2,0,0,21,317,1,1,1,false
0.9.0,openjpa-kernel/src/main/java/org/apache/openjpa/kernel/OpenJPAStateManager.java,"settingFloatField/5[org.apache.openjpa.enhance.PersistenceCapable,int,float,float,int]","org.apache.openjpa.enhance.StateManager.settingFloatField/5[org.apache.openjpa.enhance.PersistenceCapable,int,float,float,int]",1,1,0,0,0,0,0,0,334,1,1,0,false
0.9.6,openjpa-kernel/src/main/java/org/apache/openjpa/kernel/PCState.java,afterNontransactionalRefresh/0,org.apache.openjpa.kernel.PCState.afterNontransactionalRefresh/0,3,1,0,0,0,1,1,0,334,1,1,0,false
0.9.6,openjpa-slice/src/main/java/org/apache/openjpa/slice/DistributedBrokerImpl.java,"nontransactionalAll/2[java.util.Collection,org.apache.openjpa.kernel.OpCallbacks]","org.apache.openjpa.kernel.BrokerImpl.nontransactionalAll/2[java.util.Collection,org.apache.openjpa.kernel.OpCallbacks]",18,3,3,0,2,0,0,5,600,0,0,0,false
0.9.6,openjpa-jdbc/src/main/java/org/apache/openjpa/jdbc/kernel/exps/PCPath.java,"length/3[org.apache.openjpa.jdbc.kernel.exps.Select,org.apache.openjpa.jdbc.kernel.exps.ExpContext,org.apache.openjpa.jdbc.kernel.exps.ExpState]","org.apache.openjpa.jdbc.kernel.exps.PCPath.length/3[org.apache.openjpa.jdbc.kernel.exps.Select,org.apache.openjpa.jdbc.kernel.exps.ExpContext,org.apache.openjpa.jdbc.kernel.exps.ExpState]",3,1,0,0,0,1,0,1,317,1,1,1,false
0.9.0,openjpa-kernel/src/main/java/org/apache/openjpa/util/CacheMap.java,putAll/1[java.util.Map],org.apache.openjpa.util.CacheMap.putAll/1[java.util.Map],7,2,2,0,0,0,0,1,334,1,1,1,false
0.9.0,openjpa-jdbc/src/main/java/org/apache/openjpa/jdbc/kernel/AbstractJDBCSavepointManager.java,"newSavepoint/2[java.lang.String,org.apache.openjpa.jdbc.kernel.Broker]","org.apache.openjpa.jdbc.kernel.AbstractJDBCSavepointManager.newSavepoint/2[java.lang.String,org.apache.openjpa.jdbc.kernel.Broker]",5,1,1,0,0,1,0,1,317,1,1,0,false
0.9.6,openjpa-jdbc/src/main/java/org/apache/openjpa/jdbc/ant/ReverseMappingToolTask.java,installStrategy/1[org.apache.openjpa.jdbc.meta.ClassMapping],org.apache.openjpa.jdbc.meta.ReverseMappingTool.ReverseStrategyInstaller.installStrategy/1[org.apache.openjpa.jdbc.meta.ClassMapping],3,1,0,0,0,0,0,0,317,1,1,0,false
0.9.6,openjpa-lib/src/main/java/org/apache/openjpa/lib/util/FormatPreservingProperties.java,putAll/1[java.util.Map],org.apache.openjpa.lib.util.FormatPreservingProperties.putAll/1[java.util.Map],7,2,2,0,0,0,0,1,243,1,1,1,false
0.9.6,openjpa-lib/src/main/java/org/apache/openjpa/lib/rop/AbstractResultList.java,"getRef/2[java.lang.Object,java.util.Map]","org.apache.openjpa.jdbc.sql.AbstractResult.getRef/2[java.lang.Object,java.util.Map]",3,1,0,0,0,1,0,2,243,1,1,0,false
0.9.0,openjpa-persistence/src/main/java/org/apache/openjpa/persistence/EntityExistsException.java,isFatal/0,org.apache.openjpa.persistence.EntityExistsException.isFatal/0,3,1,0,0,0,1,0,0,334,1,1,0,false
0.9.0,openjpa-jdbc/src/main/java/org/apache/openjpa/jdbc/meta/MappingRepository.java,"defaultStrategy/2[org.apache.openjpa.jdbc.meta.Version,boolean]","org.apache.openjpa.jdbc.meta.MappingRepository.defaultStrategy/2[org.apache.openjpa.jdbc.meta.Version,boolean]",13,10,3,0,0,8,0,4,317,2,2,3,false
0.9.0,openjpa-lib/src/main/java/org/apache/openjpa/lib/rop/ListResultList.java,getDelegate/0,org.apache.openjpa.lib.rop.ListResultList.getDelegate/0,3,1,0,0,0,1,0,0,243,1,1,0,false
0.9.6,openjpa-kernel/src/main/java/org/apache/openjpa/meta/JavaTypes.java,"classForName/5[java.lang.String,org.apache.openjpa.meta.ClassMetaData,java.lang.Class,org.apache.openjpa.meta.ValueMetaData,java.lang.ClassLoader]","org.apache.openjpa.meta.JavaTypes.classForName/5[java.lang.String,org.apache.openjpa.meta.ClassMetaData,java.lang.Class,org.apache.openjpa.meta.ValueMetaData,java.lang.ClassLoader]",15,10,7,0,0,3,2,4,334,1,1,4,false
0.9.6,openjpa-persistence/src/main/java/org/apache/openjpa/persistence/EntityManagerImpl.java,getNamedGenerator/1[java.lang.String],org.apache.openjpa.persistence.EntityManagerImpl.getNamedGenerator/1[java.lang.String],10,2,2,0,1,1,0,3,334,4,8,4,false
0.9.6,openjpa-kernel/src/main/java/org/apache/openjpa/conf/OpenJPAConfiguration.java,setId/1[java.lang.String],org.apache.openjpa.conf.OpenJPAConfiguration.setId/1[java.lang.String],1,1,0,0,0,0,0,0,334,1,1,0,false
0.9.6,openjpa-jdbc/src/main/java/org/apache/openjpa/jdbc/kernel/exps/SelectConstructor.java,"wherePrimaryKey/3[java.lang.Object,org.apache.openjpa.jdbc.sql.ClassMapping,org.apache.openjpa.jdbc.sql.JDBCStore]","org.apache.openjpa.jdbc.sql.Select.wherePrimaryKey/3[java.lang.Object,org.apache.openjpa.jdbc.sql.ClassMapping,org.apache.openjpa.jdbc.sql.JDBCStore]",1,1,0,0,0,0,5,0,317,1,1,0,false
0.9.6,openjpa-kernel/src/main/java/org/apache/openjpa/kernel/DelegatingSeq.java,"current/2[org.apache.openjpa.kernel.StoreContext,org.apache.openjpa.kernel.ClassMetaData]","org.apache.openjpa.kernel.DelegatingSeq.current/2[org.apache.openjpa.kernel.StoreContext,org.apache.openjpa.kernel.ClassMetaData]",8,2,0,0,1,1,0,1,334,1,1,1,false
0.9.6,openjpa-jdbc/src/main/java/org/apache/openjpa/jdbc/sql/SQLExceptions.java,getExceptionTypes/0,serp.bytecode.Exceptions.getExceptionTypes/0,6,2,4,0,0,1,0,2,317,3,3,0,false
0.9.0,openjpa-kernel/src/main/java/org/apache/openjpa/kernel/StateManagerImpl.java,"storeDoubleField/2[int,double]","org.apache.openjpa.kernel.StateManagerImpl.storeDoubleField/2[int,double]",12,1,0,0,1,0,4,6,334,3,10,0,false
0.9.0,openjpa-lib/src/main/java/org/apache/openjpa/lib/jdbc/DelegatingDatabaseMetaData.java,allProceduresAreCallable/0,org.apache.openjpa.lib.jdbc.DelegatingDatabaseMetaData.allProceduresAreCallable/0,3,1,0,0,0,1,0,0,243,2,2,0,false
0.9.0,openjpa-persistence/src/main/java/org/apache/openjpa/persistence/OpenJPAQuery.java,getEntityManager/0,org.apache.openjpa.persistence.OpenJPAQuery.getEntityManager/0,1,1,0,0,0,0,0,0,334,2,2,0,false
0.9.0,openjpa-jdbc/src/main/java/org/apache/openjpa/jdbc/kernel/exps/SelectConstructor.java,"select/8[org.apache.openjpa.jdbc.kernel.exps.JDBCStore,org.apache.openjpa.jdbc.kernel.exps.ClassMapping,boolean,org.apache.openjpa.jdbc.kernel.exps.Select,org.apache.openjpa.jdbc.kernel.exps.QueryExpressions,java.lang.Object[],org.apache.openjpa.jdbc.kernel.exps.JDBCFetchState,int]","org.apache.openjpa.jdbc.kernel.exps.SelectConstructor.select/8[org.apache.openjpa.jdbc.kernel.exps.JDBCStore,org.apache.openjpa.jdbc.kernel.exps.ClassMapping,boolean,org.apache.openjpa.jdbc.kernel.exps.Select,org.apache.openjpa.jdbc.kernel.exps.QueryExpressions,java.lang.Object[],org.apache.openjpa.jdbc.kernel.exps.JDBCFetchState,int]",38,18,13,0,0,0,1,0,317,1,1,1,false
0.9.6,openjpa-persistence/src/main/java/org/apache/openjpa/persistence/EntityManagerImpl.java,createNativeQuery/1[java.lang.String],org.apache.openjpa.persistence.EntityManagerImpl.createNativeQuery/1[java.lang.String],4,1,0,0,0,1,1,2,334,4,8,0,false
0.9.6,openjpa-kernel/src/main/java/org/apache/openjpa/kernel/DelegatingQuery.java,"DelegatingQuery/2[org.apache.openjpa.kernel.Query,org.apache.openjpa.kernel.RuntimeExceptionTranslator]","org.apache.openjpa.kernel.DelegatingQuery.DelegatingQuery/2[org.apache.openjpa.kernel.Query,org.apache.openjpa.kernel.RuntimeExceptionTranslator]",6,2,4,0,0,0,1,0,334,2,2,0,false
0.9.0,openjpa-persistence/src/main/java/org/apache/openjpa/persistence/InverseLogical.java,"info/2[Object,Throwable]","info/2[Object,Throwable]",1,1,0,0,0,0,0,0,334,1,1,0,false
0.9.6,openjpa-jdbc/src/main/java/org/apache/openjpa/jdbc/kernel/BatchingOperationOrderUpdateManager.java,"flush/3[org.apache.openjpa.jdbc.kernel.RowManager,org.apache.openjpa.jdbc.kernel.PreparedStatementManager,java.util.Collection]","org.apache.openjpa.jdbc.kernel.OperationOrderUpdateManager.flush/3[org.apache.openjpa.jdbc.kernel.RowManager,org.apache.openjpa.jdbc.kernel.PreparedStatementManager,java.util.Collection]",31,7,8,0,2,1,0,3,618,0,0,5,false
0.9.6,openjpa-kernel/src/main/java/org/apache/openjpa/ant/PCEnhancerTask.java,"addGetMethod/2[int,org.apache.openjpa.meta.FieldMetaData]","org.apache.openjpa.enhance.PCEnhancer.addGetMethod/2[int,org.apache.openjpa.meta.FieldMetaData]",43,8,8,1,0,1,1,5,334,1,1,19,false
0.9.6,openjpa-kernel/src/main/java/org/apache/openjpa/kernel/PCDataImpl.java,setVersion/1[java.lang.Object],org.apache.openjpa.kernel.PCDataImpl.setVersion/1[java.lang.Object],3,1,1,0,0,0,1,0,334,2,2,0,false
0.9.6,openjpa-kernel-5/src/main/java/org/apache/openjpa/enhance/PCClassFileTransformer.java,"PCClassFileTransformer/4[org.apache.openjpa.meta.MetaDataRepository,PCEnhancer.Flags,java.lang.ClassLoader,boolean]","org.apache.openjpa.enhance.PCClassFileTransformer.PCClassFileTransformer/4[org.apache.openjpa.meta.MetaDataRepository,PCEnhancer.Flags,java.lang.ClassLoader,boolean]",8,3,5,0,0,0,0,5,334,2,4,0,false
0.9.0,openjpa-kernel/src/main/java/org/apache/openjpa/enhance/PCDataGenerator.java,usesImplData/1[org.apache.openjpa.enhance.ClassMetaData],org.apache.openjpa.enhance.PCDataGenerator.usesImplData/1[org.apache.openjpa.enhance.ClassMetaData],3,1,0,0,0,1,5,0,334,2,2,0,false
0.9.6,openjpa-slice/src/main/java/org/apache/openjpa/slice/DistributedBrokerImpl.java,assertTransactionOperation/0,org.apache.openjpa.kernel.BrokerImpl.assertTransactionOperation/0,3,3,0,0,0,0,4,0,600,0,0,0,false
0.9.6,openjpa-persistence/src/main/java/org/apache/openjpa/persistence/FetchAttribute.java,"write/2[java.io.DataOutput,int]","serp.bytecode.Attribute.write/2[java.io.DataOutput,int]",2,1,0,0,0,0,0,0,334,1,1,0,false
0.9.6,openjpa-jdbc/src/main/java/org/apache/openjpa/jdbc/sql/RowImpl.java,"flushForeignKey/4[org.apache.openjpa.jdbc.sql.ForeignKey,org.apache.openjpa.jdbc.sql.ColumnIO,org.apache.openjpa.jdbc.sql.OpenJPAStateManager,boolean]","org.apache.openjpa.jdbc.sql.RowImpl.flushForeignKey/4[org.apache.openjpa.jdbc.sql.ForeignKey,org.apache.openjpa.jdbc.sql.ColumnIO,org.apache.openjpa.jdbc.sql.OpenJPAStateManager,boolean]",15,6,5,1,0,0,2,4,1211,0,0,1,false
0.9.6,openjpa-lib/src/main/java/org/apache/openjpa/lib/util/CodeFormat.java,ishl/0,serp.bytecode.Code.ishl/0,3,1,0,0,0,1,0,1,243,1,1,0,false
0.9.0,openjpa-kernel/src/main/java/org/apache/openjpa/meta/Extensions.java,"addExtension/2[java.lang.String,java.lang.Object]","org.apache.openjpa.meta.Extensions.addExtension/2[java.lang.String,java.lang.Object]",3,1,0,0,0,0,0,1,334,1,1,0,false
0.9.0,openjpa-kernel/src/main/java/org/apache/openjpa/kernel/OpenJPAStateManager.java,"providedShortField/3[org.apache.openjpa.enhance.PersistenceCapable,int,short]","org.apache.openjpa.enhance.StateManager.providedShortField/3[org.apache.openjpa.enhance.PersistenceCapable,int,short]",1,1,0,0,0,0,0,0,334,1,1,0,false
0.9.6,openjpa-persistence/src/main/java/org/apache/openjpa/persistence/EntityManagerFactoryValue.java,getKey/1[org.apache.openjpa.lib.conf.ConfigurationProvider],org.apache.openjpa.persistence.EntityManagerFactoryValue.getKey/1[org.apache.openjpa.lib.conf.ConfigurationProvider],3,1,0,1,0,1,0,0,1183,0,0,0,false
0.9.6,openjpa-slice/src/main/java/org/apache/openjpa/slice/DistributedBrokerImpl.java,getPersistedTypes/0,org.apache.openjpa.kernel.BrokerImpl.getPersistedTypes/0,4,3,0,0,0,2,0,0,600,0,0,0,false
0.9.6,openjpa-kernel/src/main/java/org/apache/openjpa/kernel/jpql/JPQLExpressionBuilder.java,getStringValue/1[org.apache.openjpa.kernel.jpql.JPQLExpressionBuilder.JPQLNode],org.apache.openjpa.kernel.jpql.JPQLExpressionBuilder.getStringValue/1[org.apache.openjpa.kernel.jpql.JPQLExpressionBuilder.JPQLNode],3,1,0,0,0,1,1,1,334,1,3,0,false
0.9.0,openjpa-kernel/src/main/java/org/apache/openjpa/meta/DelegatingMetaDataFactory.java,getDefaults/0,org.apache.openjpa.meta.DelegatingMetaDataFactory.getDefaults/0,3,1,0,0,0,1,0,0,334,2,2,0,false
0.9.0,openjpa-jdbc/src/main/java/org/apache/openjpa/jdbc/kernel/NativeJDBCSeq.java,setIncrement/1[int],org.apache.openjpa.jdbc.kernel.NativeJDBCSeq.setIncrement/1[int],3,1,1,0,0,0,0,0,317,2,2,0,false
0.9.6,openjpa-persistence/src/main/java/org/apache/openjpa/persistence/QueryImpl.java,"QueryImpl/3[org.apache.openjpa.kernel.Broker,java.lang.String,org.apache.openjpa.kernel.StoreQuery]","org.apache.openjpa.kernel.QueryImpl.QueryImpl/3[org.apache.openjpa.kernel.Broker,java.lang.String,org.apache.openjpa.kernel.StoreQuery]",8,1,5,0,0,0,1,3,334,5,11,0,false
0.9.0,openjpa-lib/src/main/java/org/apache/openjpa/lib/util/concurrent/ConcurrentReferenceHashMap.java,equals/1[java.lang.Object],org.apache.openjpa.lib.util.concurrent.ConcurrentReferenceHashMap.SoftEntry.equals/1[java.lang.Object],5,2,1,0,0,2,0,3,243,1,1,2,false
0.9.0,openjpa-kernel/src/main/java/org/apache/openjpa/kernel/exps/Concat.java,getMetaData/0,org.apache.openjpa.jdbc.kernel.exps.Concat.getMetaData/0,3,1,0,0,0,1,0,0,334,1,1,0,false
0.9.0,openjpa-kernel/src/main/java/org/apache/openjpa/kernel/DetachManager.java,"setFetchGroupFields/3[org.apache.openjpa.kernel.Broker,org.apache.openjpa.kernel.StateManagerImpl,java.util.BitSet]","org.apache.openjpa.kernel.DetachManager.setFetchGroupFields/3[org.apache.openjpa.kernel.Broker,org.apache.openjpa.kernel.StateManagerImpl,java.util.BitSet]",7,6,3,0,0,0,1,8,334,3,5,1,false
0.9.0,openjpa-jdbc/src/main/java/org/apache/openjpa/jdbc/kernel/DelegatingJDBCFetchConfiguration.java,setFetchDirection/1[int],org.apache.openjpa.jdbc.kernel.JDBCFetchConfiguration.setFetchDirection/1[int],1,1,0,0,0,0,1,0,317,3,4,0,false
0.9.6,openjpa-persistence/src/main/java/org/apache/openjpa/persistence/query/VarArgsExpression.java,setMetaData/1[org.apache.openjpa.jdbc.kernel.exps.ClassMetaData],org.apache.openjpa.jdbc.kernel.exps.Args.setMetaData/1[org.apache.openjpa.jdbc.kernel.exps.ClassMetaData],3,1,1,0,0,0,0,0,340,0,0,0,false
0.9.6,openjpa-kernel/src/main/java/org/apache/openjpa/conf/RemoteCommitProviderValue.java,setProvider/1[org.apache.openjpa.conf.RemoteCommitProvider],org.apache.openjpa.conf.RemoteCommitProviderValue.setProvider/1[org.apache.openjpa.conf.RemoteCommitProvider],3,1,0,0,0,0,0,0,334,1,1,0,false
0.9.0,openjpa-jdbc/src/main/java/org/apache/openjpa/jdbc/kernel/SQLProjectionResultObjectProvider.java,"SQLProjectionResultObjectProvider/4[org.apache.openjpa.jdbc.kernel.JDBCStore,org.apache.openjpa.jdbc.kernel.JDBCFetchConfiguration,org.apache.openjpa.jdbc.kernel.ResultSetResult,java.lang.Class]","org.apache.openjpa.jdbc.kernel.SQLProjectionResultObjectProvider.SQLProjectionResultObjectProvider/4[org.apache.openjpa.jdbc.kernel.JDBCStore,org.apache.openjpa.jdbc.kernel.JDBCFetchConfiguration,org.apache.openjpa.jdbc.kernel.ResultSetResult,java.lang.Class]",13,3,10,1,0,0,0,0,317,1,1,0,false
0.9.0,openjpa-kernel/src/main/java/org/apache/openjpa/util/StoreException.java,"StoreException/2[java.lang.String,java.lang.Throwable]","org.apache.openjpa.util.StoreException.StoreException/2[java.lang.String,java.lang.Throwable]",3,1,0,0,0,0,0,0,334,1,1,0,false
0.9.6,openjpa-kernel/src/main/java/org/apache/openjpa/kernel/MethodStoreQuery.java,bindParameterTypes/0,org.apache.openjpa.kernel.MethodStoreQuery.bindParameterTypes/0,22,6,7,4,1,3,1,4,334,1,1,4,false
0.9.6,openjpa-kernel/src/main/java/org/apache/openjpa/kernel/jpql/JPQLExpressionBuilder.java,"assignProjections/2[org.apache.openjpa.kernel.jpql.JPQLExpressionBuilder.JPQLNode,org.apache.openjpa.kernel.jpql.QueryExpressions]","org.apache.openjpa.kernel.jpql.JPQLExpressionBuilder.assignProjections/2[org.apache.openjpa.kernel.jpql.JPQLExpressionBuilder.JPQLNode,org.apache.openjpa.kernel.jpql.QueryExpressions]",19,6,13,0,0,1,1,7,334,1,3,1,false
0.9.0,openjpa-kernel/src/main/java/org/apache/openjpa/conf/OpenJPAConfiguration.java,getWriteLockLevel/0,org.apache.openjpa.conf.OpenJPAConfiguration.getWriteLockLevel/0,1,1,0,0,0,0,0,0,334,1,1,0,false
0.9.6,openjpa-lib/src/main/java/org/apache/openjpa/lib/util/CodeFormat.java,iaload/0,serp.bytecode.Code.iaload/0,3,1,0,0,0,1,1,1,243,1,1,0,false
0.9.0,openjpa-jdbc/src/main/java/org/apache/openjpa/jdbc/kernel/exps/IndexOf.java,"groupBy/4[org.apache.openjpa.jdbc.kernel.exps.Select,org.apache.openjpa.jdbc.kernel.exps.JDBCStore,java.lang.Object[],org.apache.openjpa.jdbc.kernel.exps.JDBCFetchConfiguration]","org.apache.openjpa.jdbc.kernel.exps.IndexOf.groupBy/4[org.apache.openjpa.jdbc.kernel.exps.Select,org.apache.openjpa.jdbc.kernel.exps.JDBCStore,java.lang.Object[],org.apache.openjpa.jdbc.kernel.exps.JDBCFetchConfiguration]",3,1,0,0,0,0,0,1,1211,0,0,0,false
0.9.0,openjpa-kernel/src/main/java/org/apache/openjpa/kernel/BrokerImpl.java,"refreshInternal/2[java.lang.Object,org.apache.openjpa.kernel.OpCallbacks]","org.apache.openjpa.kernel.BrokerImpl.refreshInternal/2[java.lang.Object,org.apache.openjpa.kernel.OpCallbacks]",21,9,1,0,1,1,2,16,334,5,17,9,false
0.9.0,openjpa-kernel/src/main/java/org/apache/openjpa/kernel/exps/EndsWithExpression.java,"StringLengthDifferenceFilterValue/4[org.apache.openjpa.jdbc.kernel.exps.Select,org.apache.openjpa.jdbc.kernel.JDBCStore,java.lang.Object[],org.apache.openjpa.jdbc.kernel.JDBCFetchConfiguration]","org.apache.openjpa.jdbc.kernel.exps.EndsWithExpression.StringLengthDifferenceFilterValue.StringLengthDifferenceFilterValue/4[org.apache.openjpa.jdbc.kernel.exps.Select,org.apache.openjpa.jdbc.kernel.JDBCStore,java.lang.Object[],org.apache.openjpa.jdbc.kernel.JDBCFetchConfiguration]",6,1,4,0,0,0,1,0,334,1,1,0,false
0.9.0,openjpa-kernel/src/main/java/org/apache/openjpa/kernel/OpenJPAStateManager.java,"settingIntField/5[org.apache.openjpa.enhance.PersistenceCapable,int,int,int,int]","org.apache.openjpa.enhance.StateManager.settingIntField/5[org.apache.openjpa.enhance.PersistenceCapable,int,int,int,int]",1,1,0,0,0,0,0,0,334,1,1,0,false
0.9.0,openjpa-persistence/src/main/java/org/apache/openjpa/persistence/XMLPersistenceMetaDataSerializer.java,addManyToOneAttributes/1[org.apache.openjpa.persistence.FieldMetaData],org.apache.openjpa.persistence.XMLPersistenceMetaDataSerializer.addManyToOneAttributes/1[org.apache.openjpa.persistence.FieldMetaData],4,3,0,0,0,0,1,1,334,2,2,0,false
0.9.6,openjpa-lib/src/main/java/org/apache/openjpa/lib/jdbc/DelegatingConnection.java,"prepareStatement/3[java.lang.String,int,boolean]","org.apache.openjpa.lib.jdbc.DelegatingConnection.prepareStatement/3[java.lang.String,int,boolean]",11,4,5,0,0,1,1,4,243,1,1,0,false
0.9.6,openjpa-persistence-jdbc/src/main/java/org/apache/openjpa/persistence/jdbc/AnnotationPersistenceMappingParser.java,"parseJoinColumns/4[org.apache.openjpa.persistence.jdbc.FieldMapping,org.apache.openjpa.persistence.jdbc.MappingInfo,boolean,org.apache.openjpa.persistence.jdbc.JoinColumn[]]","org.apache.openjpa.persistence.jdbc.AnnotationPersistenceMappingParser.parseJoinColumns/4[org.apache.openjpa.persistence.jdbc.FieldMapping,org.apache.openjpa.persistence.jdbc.MappingInfo,boolean,org.apache.openjpa.persistence.jdbc.JoinColumn[]]",14,7,6,0,0,1,2,3,317,4,6,0,false
0.9.0,openjpa-jdbc/src/main/java/org/apache/openjpa/jdbc/meta/strats/EmbedValueHandler.java,setMetaData/1[org.apache.openjpa.kernel.exps.ClassMetaData],org.apache.openjpa.kernel.exps.Value.setMetaData/1[org.apache.openjpa.kernel.exps.ClassMetaData],1,1,0,0,0,0,0,0,317,1,1,0,false
0.9.6,openjpa-xmlstore/src/main/java/org/apache/openjpa/xmlstore/ObjectData.java,toString/0,org.apache.openjpa.xmlstore.ObjectData.toString/0,13,2,3,6,0,1,0,3,334,2,2,7,false
0.9.6,openjpa-jdbc/src/main/java/org/apache/openjpa/jdbc/meta/strats/AbstractFieldStrategy.java,"joinKey/2[org.apache.openjpa.jdbc.meta.strats.Joins,boolean]","org.apache.openjpa.jdbc.meta.strats.AbstractFieldStrategy.joinKey/2[org.apache.openjpa.jdbc.meta.strats.Joins,boolean]",3,1,0,0,0,1,0,0,317,1,1,0,false
0.9.0,openjpa-kernel/src/main/java/org/apache/openjpa/meta/MetaDataInheritanceComparator.java,"compare/2[java.lang.Object,java.lang.Object]","org.apache.openjpa.meta.MetaDataInheritanceComparator.compare/2[java.lang.Object,java.lang.Object]",16,10,6,0,0,6,0,4,334,1,1,3,false
0.9.0,openjpa-kernel/src/main/java/org/apache/openjpa/datacache/QueryCacheStoreQuery.java,"QueryCacheStoreQuery/2[org.apache.openjpa.kernel.StoreQuery,org.apache.openjpa.datacache.QueryCache]","org.apache.openjpa.datacache.QueryCacheStoreQuery.QueryCacheStoreQuery/2[org.apache.openjpa.kernel.StoreQuery,org.apache.openjpa.datacache.QueryCache]",4,1,2,0,0,0,0,0,334,2,2,0,false
0.9.0,openjpa-kernel/src/main/java/org/apache/openjpa/kernel/exps/BindVariableAndExpression.java,"appendTo/5[org.apache.openjpa.jdbc.kernel.exps.SQLBuffer,org.apache.openjpa.jdbc.kernel.exps.Select,org.apache.openjpa.jdbc.kernel.JDBCStore,java.lang.Object[],org.apache.openjpa.jdbc.kernel.JDBCFetchConfiguration]","org.apache.openjpa.jdbc.kernel.exps.BindVariableAndExpression.appendTo/5[org.apache.openjpa.jdbc.kernel.exps.SQLBuffer,org.apache.openjpa.jdbc.kernel.exps.Select,org.apache.openjpa.jdbc.kernel.JDBCStore,java.lang.Object[],org.apache.openjpa.jdbc.kernel.JDBCFetchConfiguration]",6,3,1,0,0,0,0,1,334,1,1,0,false
0.9.0,openjpa-persistence/src/main/java/org/apache/openjpa/persistence/AnnotationPersistenceMetaDataParser.java,parseLobMapping/1[org.apache.openjpa.persistence.FieldMetaData],org.apache.openjpa.persistence.AnnotationPersistenceMetaDataParser.parseLobMapping/1[org.apache.openjpa.persistence.FieldMetaData],2,1,0,0,0,0,1,0,334,4,5,0,false
0.9.6,openjpa-kernel/src/main/java/org/apache/openjpa/meta/NoneMetaDataFactory.java,setRepository/1[org.apache.openjpa.meta.MetaDataRepository],org.apache.openjpa.meta.NoneMetaDataFactory.setRepository/1[org.apache.openjpa.meta.MetaDataRepository],2,1,0,0,0,0,0,0,334,2,2,0,false
0.9.6,openjpa-kernel/src/main/java/org/apache/openjpa/ee/WASManagedRuntime.java,"afterCompletion/3[int,byte[],boolean]","org.apache.openjpa.ee.WASManagedRuntime.WASSynchronization.afterCompletion/3[int,byte[],boolean]",10,3,0,0,0,0,0,0,215,1,2,0,false
0.9.6,openjpa-jdbc/src/main/java/org/apache/openjpa/jdbc/meta/FieldMapping.java,copyMappingInfo/1[org.apache.openjpa.jdbc.meta.ValueMapping],org.apache.openjpa.jdbc.meta.FieldMapping.copyMappingInfo/1[org.apache.openjpa.jdbc.meta.ValueMapping],3,1,0,0,0,0,0,0,317,1,1,0,false
0.9.6,openjpa-jdbc/src/main/java/org/apache/openjpa/jdbc/meta/strats/StringFieldStrategy.java,"supportsSelect/5[org.apache.openjpa.jdbc.sql.Select,int,org.apache.openjpa.jdbc.meta.strats.OpenJPAStateManager,org.apache.openjpa.jdbc.meta.strats.JDBCStore,org.apache.openjpa.jdbc.meta.strats.JDBCFetchConfiguration]","org.apache.openjpa.jdbc.meta.strats.StringFieldStrategy.supportsSelect/5[org.apache.openjpa.jdbc.sql.Select,int,org.apache.openjpa.jdbc.meta.strats.OpenJPAStateManager,org.apache.openjpa.jdbc.meta.strats.JDBCStore,org.apache.openjpa.jdbc.meta.strats.JDBCFetchConfiguration]",4,3,0,0,0,2,0,1,317,1,1,0,false
0.9.6,openjpa-jdbc/src/main/java/org/apache/openjpa/jdbc/meta/MappingDefaultsImpl.java,setSubclassStrategy/1[java.lang.String],org.apache.openjpa.jdbc.meta.MappingDefaultsImpl.setSubclassStrategy/1[java.lang.String],3,1,1,0,0,0,0,0,317,1,1,0,false
0.9.6,openjpa-kernel/src/main/java/org/apache/openjpa/abstractstore/AbstractStoreBrokerFactory.java,rollbackAndResume/0,org.apache.openjpa.kernel.Broker.rollbackAndResume/0,1,1,0,0,0,0,0,0,334,2,2,0,false
0.9.0,openjpa-jdbc/src/main/java/org/apache/openjpa/jdbc/sql/Joins.java,"outerJoin/3[org.apache.openjpa.jdbc.sql.ForeignKey,boolean,boolean]","org.apache.openjpa.jdbc.sql.Joins.outerJoin/3[org.apache.openjpa.jdbc.sql.ForeignKey,boolean,boolean]",1,1,0,0,0,0,0,0,317,1,1,0,false
0.9.6,openjpa-jdbc/src/main/java/org/apache/openjpa/jdbc/meta/FieldMapping.java,initializeMapping/0,org.apache.openjpa.jdbc.meta.FieldMapping.initializeMapping/0,6,1,0,0,0,0,1,0,317,1,1,0,false
0.9.6,openjpa-kernel/src/main/java/org/apache/openjpa/kernel/exps/GetObjectId.java,"load/3[org.apache.openjpa.jdbc.kernel.exps.Result,org.apache.openjpa.jdbc.kernel.exps.JDBCStore,org.apache.openjpa.jdbc.kernel.exps.JDBCFetchState]","org.apache.openjpa.jdbc.kernel.exps.GetObjectId.load/3[org.apache.openjpa.jdbc.kernel.exps.Result,org.apache.openjpa.jdbc.kernel.exps.JDBCStore,org.apache.openjpa.jdbc.kernel.exps.JDBCFetchState]",3,1,0,0,0,1,0,1,334,1,1,0,false
0.9.6,openjpa-jdbc/src/main/java/org/apache/openjpa/jdbc/kernel/exps/SelectConstructor.java,getWhere/0,org.apache.openjpa.jdbc.sql.Select.getWhere/0,1,1,0,0,0,0,2,0,317,1,1,0,false
0.9.0,openjpa-jdbc/src/main/java/org/apache/openjpa/jdbc/meta/strats/ContainerFieldStrategy.java,"appendIsNull/3[org.apache.openjpa.jdbc.meta.strats.SQLBuffer,org.apache.openjpa.jdbc.meta.strats.Select,org.apache.openjpa.jdbc.meta.strats.Joins]","org.apache.openjpa.jdbc.meta.strats.ContainerFieldStrategy.appendIsNull/3[org.apache.openjpa.jdbc.meta.strats.SQLBuffer,org.apache.openjpa.jdbc.meta.strats.Select,org.apache.openjpa.jdbc.meta.strats.Joins]",3,1,0,0,0,0,0,1,317,1,1,0,false
0.9.6,openjpa-lib/src/main/java/org/apache/openjpa/lib/meta/ClassAnnotationMetaDataFilter.java,ClassAnnotationMetaDataFilter/1[java.lang.Class],org.apache.openjpa.lib.meta.ClassAnnotationMetaDataFilter.ClassAnnotationMetaDataFilter/1[java.lang.Class],3,1,0,0,0,0,0,0,243,2,2,0,false
0.9.0,openjpa-kernel/src/main/java/org/apache/openjpa/event/RemoteCommitEventManager.java,"fireEvent/2[java.lang.Object,java.lang.Object]","org.apache.openjpa.event.RemoteCommitEventManager.fireEvent/2[java.lang.Object,java.lang.Object]",5,1,2,0,0,0,1,1,334,1,1,1,false
0.9.0,openjpa-kernel/src/main/java/org/apache/openjpa/kernel/exps/InMemoryExpressionFactory.java,emptyExpression/0,org.apache.openjpa.kernel.exps.InMemoryExpressionFactory.emptyExpression/0,3,1,0,0,0,1,0,0,334,1,1,0,false
0.9.6,openjpa-lib/src/main/java/org/apache/openjpa/lib/util/concurrent/ConcurrentLinkedQueue.java,getItem/0,org.apache.openjpa.lib.util.concurrent.ConcurrentLinkedQueue.Node.getItem/0,3,1,0,0,0,1,8,0,243,1,1,0,false
0.9.0,openjpa-kernel/src/main/java/org/apache/openjpa/kernel/exps/GetObjectId.java,"initialize/3[org.apache.openjpa.jdbc.kernel.exps.Select,org.apache.openjpa.jdbc.kernel.JDBCStore,boolean]","org.apache.openjpa.jdbc.kernel.exps.GetObjectId.initialize/3[org.apache.openjpa.jdbc.kernel.exps.Select,org.apache.openjpa.jdbc.kernel.JDBCStore,boolean]",5,3,0,0,0,0,0,4,334,1,1,0,false
0.9.0,openjpa-kernel/src/main/java/org/apache/openjpa/util/ApplicationIds.java,fetchCharField/1[int],org.apache.openjpa.util.ApplicationIds.PrimaryKeyFieldManager.fetchCharField/1[int],3,1,0,0,0,1,0,1,334,2,5,0,false
0.9.6,openjpa-persistence/src/main/java/org/apache/openjpa/persistence/PersistenceMetaDataFactory.java,clear/0,org.apache.openjpa.persistence.PersistenceMetaDataFactory.clear/0,6,4,0,0,0,0,0,1,334,3,4,0,false
0.9.0,openjpa-jdbc/src/main/java/org/apache/openjpa/jdbc/kernel/JDBCFetchConfigurationImpl.java,getFetchDirection/0,org.apache.openjpa.jdbc.kernel.JDBCFetchConfigurationImpl.getFetchDirection/0,3,1,0,0,0,1,0,0,317,3,5,0,false
0.9.6,openjpa-kernel/src/main/java/org/apache/openjpa/kernel/UUIDHexSeq.java,"current/2[org.apache.openjpa.kernel.StoreContext,org.apache.openjpa.meta.ClassMetaData]","org.apache.openjpa.kernel.UUIDHexSeq.current/2[org.apache.openjpa.kernel.StoreContext,org.apache.openjpa.meta.ClassMetaData]",3,1,0,0,0,1,0,0,334,1,1,0,false
0.9.6,openjpa-jdbc/src/main/java/org/apache/openjpa/jdbc/kernel/FinderQueryImpl.java,compileForDataStore/1[org.apache.openjpa.kernel.QueryImpl.Compilation],org.apache.openjpa.kernel.QueryImpl.compileForDataStore/1[org.apache.openjpa.kernel.QueryImpl.Compilation],4,2,1,0,0,1,3,1,261,0,0,0,false
0.9.0,openjpa-kernel/src/main/java/org/apache/openjpa/meta/Extensions.java,getKey/1[java.lang.Object],org.apache.openjpa.meta.Extensions.getKey/1[java.lang.Object],3,2,0,0,0,1,2,0,334,1,1,0,false
0.9.6,openjpa-persistence/src/main/java/org/apache/openjpa/persistence/QueryImpl.java,isLRS/0,org.apache.openjpa.kernel.QueryImpl.isLRS/0,4,5,1,1,0,1,4,1,334,5,11,0,false
0.9.6,openjpa-jdbc/src/main/java/org/apache/openjpa/jdbc/sql/LogicalUnion.java,"getOrderingValue/2[org.apache.openjpa.jdbc.sql.Result,int]","org.apache.openjpa.jdbc.sql.LogicalUnion.ResultComparator.getOrderingValue/2[org.apache.openjpa.jdbc.sql.Result,int]",7,3,4,0,0,2,0,1,317,3,4,1,false
0.9.6,openjpa-jdbc/src/main/java/org/apache/openjpa/jdbc/kernel/JDBCStoreManager.java,"find/3[java.lang.Object,org.apache.openjpa.jdbc.kernel.ValueMapping,org.apache.openjpa.jdbc.kernel.JDBCFetchConfiguration]","org.apache.openjpa.jdbc.kernel.JDBCStoreManager.find/3[java.lang.Object,org.apache.openjpa.jdbc.kernel.ValueMapping,org.apache.openjpa.jdbc.kernel.JDBCFetchConfiguration]",9,4,3,0,0,2,0,1,317,3,5,1,false
0.9.6,openjpa-lib/src/main/java/org/apache/openjpa/lib/rop/AbstractResultList.java,endDataRequest/0,org.apache.openjpa.jdbc.sql.AbstractResult.endDataRequest/0,2,1,0,0,0,0,0,0,243,1,1,0,false
0.9.0,openjpa-persistence/src/main/java/org/apache/openjpa/persistence/XMLPersistenceMetaDataParser.java,storeCallbacks/1[org.apache.openjpa.persistence.ClassMetaData],org.apache.openjpa.persistence.XMLPersistenceMetaDataParser.storeCallbacks/1[org.apache.openjpa.persistence.ClassMetaData],21,8,6,0,0,1,1,3,334,6,10,1,false
0.9.6,openjpa-persistence-jdbc/src/main/java/org/apache/openjpa/persistence/jdbc/JDBCPersistenceProductDerivation.java,"isOpenJPAPersistenceProvider/2[org.apache.openjpa.persistence.PersistenceUnitInfo,java.lang.ClassLoader]","org.apache.openjpa.persistence.PersistenceProductDerivation.isOpenJPAPersistenceProvider/2[org.apache.openjpa.persistence.PersistenceUnitInfo,java.lang.ClassLoader]",17,6,2,0,1,4,4,2,317,1,1,5,false
0.9.0,openjpa-kernel/src/main/java/org/apache/openjpa/kernel/exps/GetMapValue.java,getMetaData/0,org.apache.openjpa.jdbc.kernel.exps.GetMapValue.getMetaData/0,3,1,0,0,0,1,0,0,250,1,1,0,false
0.9.6,openjpa-lib/src/main/java/org/apache/openjpa/lib/jdbc/LoggingConnectionDecorator.java,getTrackParameters/0,org.apache.openjpa.lib.jdbc.LoggingConnectionDecorator.getTrackParameters/0,3,1,0,0,0,1,0,0,243,1,1,0,false
0.9.0,openjpa-kernel/src/main/java/org/apache/openjpa/kernel/DelegatingResultList.java,isClosed/0,org.apache.openjpa.kernel.DelegatingResultList.isClosed/0,8,2,0,0,1,1,0,1,334,1,1,1,false
0.9.6,openjpa-lib/src/main/java/org/apache/openjpa/lib/jdbc/LoggingConnectionDecorator.java,"getUDTs/4[java.lang.String,java.lang.String,java.lang.String,int[]]","org.apache.openjpa.lib.jdbc.LoggingConnectionDecorator.LoggingConnection.LoggingDatabaseMetaData.getUDTs/4[java.lang.String,java.lang.String,java.lang.String,int[]]",4,2,0,0,0,1,0,2,243,1,1,0,false
0.9.0,openjpa-kernel/src/main/java/org/apache/openjpa/conf/OpenJPAConfiguration.java,getConnectionFactory/0,org.apache.openjpa.conf.OpenJPAConfiguration.getConnectionFactory/0,1,1,0,0,0,0,0,0,334,1,1,0,false
0.9.6,openjpa-kernel/src/main/java/org/apache/openjpa/kernel/exps/CompareExpression.java,"selectColumns/4[org.apache.openjpa.jdbc.kernel.exps.Select,org.apache.openjpa.jdbc.kernel.exps.ExpContext,org.apache.openjpa.jdbc.kernel.exps.ExpState,boolean]","org.apache.openjpa.jdbc.kernel.exps.CompareExpression.selectColumns/4[org.apache.openjpa.jdbc.kernel.exps.Select,org.apache.openjpa.jdbc.kernel.exps.ExpContext,org.apache.openjpa.jdbc.kernel.exps.ExpState,boolean]",5,1,1,0,0,0,0,0,1228,0,0,0,false
0.9.0,openjpa-persistence/src/main/java/org/apache/openjpa/persistence/OpenJPAEntityManagerFactory.java,getRetainState/0,org.apache.openjpa.persistence.OpenJPAEntityManager.getRetainState/0,1,1,0,0,0,0,0,0,334,1,1,0,false
0.9.0,openjpa-kernel/src/main/java/org/apache/openjpa/util/NoTransactionException.java,"NoTransactionException/2[java.lang.String,java.lang.Object]","org.apache.openjpa.util.NoTransactionException.NoTransactionException/2[java.lang.String,java.lang.Object]",4,1,0,0,0,0,0,0,334,1,1,0,false
0.9.0,openjpa-persistence/src/main/java/org/apache/openjpa/persistence/XMLPersistenceMetaDataSerializer.java,serializeCascades/1[org.apache.openjpa.persistence.ValueMetaData],org.apache.openjpa.persistence.XMLPersistenceMetaDataSerializer.serializeCascades/1[org.apache.openjpa.persistence.ValueMetaData],31,13,5,0,0,0,1,0,334,2,2,0,false
0.9.0,openjpa-kernel/src/main/java/org/apache/openjpa/kernel/Filters.java,isNonstandardType/1[java.lang.Class],org.apache.openjpa.kernel.Filters.isNonstandardType/1[java.lang.Class],14,8,0,0,0,2,1,0,334,2,2,0,false
0.9.6,openjpa-jdbc/src/main/java/org/apache/openjpa/jdbc/meta/FieldMapping.java,getOrderColumn/0,org.apache.openjpa.jdbc.meta.FieldMapping.getOrderColumn/0,3,1,0,0,0,1,1,0,317,1,1,0,false
0.9.6,openjpa-kernel/src/main/java/org/apache/openjpa/ee/WASManagedRuntime.java,rollback/0,org.apache.openjpa.ee.WASManagedRuntime.WASTransaction.rollback/0,5,2,0,0,0,0,0,1,215,1,2,0,false
0.9.6,openjpa-jdbc/src/main/java/org/apache/openjpa/jdbc/kernel/FinderQueryImpl.java,getBroker/0,org.apache.openjpa.kernel.QueryImpl.getBroker/0,3,1,0,0,0,1,0,0,261,0,0,0,false
0.9.0,openjpa-kernel/src/main/java/org/apache/openjpa/kernel/OrderingMergedResultObjectProvider.java,setBaseMapping/1[org.apache.openjpa.jdbc.sql.ClassMapping],org.apache.openjpa.jdbc.sql.MergedResult.setBaseMapping/1[org.apache.openjpa.jdbc.sql.ClassMapping],3,1,0,0,0,0,0,1,334,1,1,0,false
0.9.6,openjpa-jdbc/src/main/java/org/apache/openjpa/jdbc/kernel/exps/Args.java,getType/0,org.apache.openjpa.jdbc.kernel.exps.Args.getType/0,3,1,0,0,0,1,0,0,317,1,1,0,false
0.9.6,openjpa-jdbc/src/main/java/org/apache/openjpa/jdbc/meta/strats/HandlerFieldStrategy.java,toEmbeddedObjectValue/1[java.lang.Object],org.apache.openjpa.jdbc.meta.strats.HandlerFieldStrategy.toEmbeddedObjectValue/1[java.lang.Object],4,2,0,0,0,2,0,2,317,1,1,1,false
0.9.6,openjpa-persistence-jdbc/src/main/java/org/apache/openjpa/persistence/jdbc/JDBCPersistenceProductDerivation.java,warn/1[java.lang.String],org.apache.openjpa.persistence.PersistenceProductDerivation.warn/1[java.lang.String],3,1,0,0,0,0,1,0,317,1,1,0,false
0.9.0,openjpa-persistence/src/main/java/org/apache/openjpa/persistence/FetchGroup.java,"setDepthFor/2[org.apache.openjpa.meta.FieldMetaData,int]","org.apache.openjpa.meta.FetchGroup.setDepthFor/2[org.apache.openjpa.meta.FieldMetaData,int]",5,3,1,0,0,0,0,1,334,1,1,0,false
0.9.6,openjpa-kernel/src/main/java/org/apache/openjpa/kernel/DelegatingQuery.java,getResultMappingScope/0,org.apache.openjpa.kernel.DelegatingQuery.getResultMappingScope/0,8,2,0,0,1,1,0,1,334,2,2,1,false
0.9.6,openjpa-jdbc/src/main/java/org/apache/openjpa/jdbc/meta/strats/PrimitiveFieldStrategy.java,"update/2[org.apache.openjpa.kernel.OpenJPAStateManager,org.apache.openjpa.jdbc.meta.strats.Row]","org.apache.openjpa.jdbc.meta.strats.PrimitiveFieldStrategy.update/2[org.apache.openjpa.kernel.OpenJPAStateManager,org.apache.openjpa.jdbc.meta.strats.Row]",31,9,1,0,0,0,2,9,317,1,1,0,false
0.9.6,openjpa-jdbc/src/main/java/org/apache/openjpa/jdbc/schema/XMLSchemaSerializer.java,serializeIndex/1[org.apache.openjpa.jdbc.schema.Index],org.apache.openjpa.jdbc.schema.XMLSchemaSerializer.serializeIndex/1[org.apache.openjpa.jdbc.schema.Index],9,5,2,0,0,0,1,2,317,1,1,0,false
0.9.0,openjpa-kernel/src/main/java/org/apache/openjpa/kernel/DetachedStateManager.java,isVersionCheckRequired/0,org.apache.openjpa.kernel.DetachedStateManager.isVersionCheckRequired/0,3,1,0,0,0,1,0,0,334,4,6,0,false
0.9.6,openjpa-kernel/src/main/java/org/apache/openjpa/util/AbstractLRSProxyMap.java,"changed/3[java.lang.Object,java.lang.Object,java.lang.Object]","org.apache.openjpa.util.AbstractLRSProxyMap.changed/3[java.lang.Object,java.lang.Object,java.lang.Object]",3,1,0,0,0,0,0,1,334,2,2,0,false
0.9.6,openjpa-kernel/src/main/java/org/apache/openjpa/kernel/jpql/JPQLExpressionBuilder.java,trimQuotes/1[java.lang.String],org.apache.openjpa.kernel.jpql.JPQLExpressionBuilder.trimQuotes/1[java.lang.String],7,6,4,5,0,2,1,0,334,1,3,2,false
0.9.6,openjpa-kernel/src/main/java/org/apache/openjpa/kernel/jpql/JPQLExpressionBuilder.java,firstChild/1[org.apache.openjpa.kernel.jpql.JPQLExpressionBuilder.JPQLNode],org.apache.openjpa.kernel.jpql.JPQLExpressionBuilder.firstChild/1[org.apache.openjpa.kernel.jpql.JPQLExpressionBuilder.JPQLNode],4,3,0,0,0,1,13,1,334,1,3,0,false
0.9.6,openjpa-kernel/src/main/java/org/apache/openjpa/kernel/ExtentImpl.java,hasSubclasses/0,org.apache.openjpa.persistence.Extent.hasSubclasses/0,3,1,0,0,0,1,0,0,334,2,2,0,false
0.9.0,openjpa-persistence/src/main/java/org/apache/openjpa/persistence/query/UnaryOperatorExpression.java,"newSQLBuffer/4[org.apache.openjpa.jdbc.kernel.exps.Select,org.apache.openjpa.jdbc.kernel.exps.JDBCStore,java.lang.Object[],org.apache.openjpa.jdbc.kernel.exps.JDBCFetchConfiguration]","org.apache.openjpa.jdbc.kernel.exps.UnaryOp.newSQLBuffer/4[org.apache.openjpa.jdbc.kernel.exps.Select,org.apache.openjpa.jdbc.kernel.exps.JDBCStore,java.lang.Object[],org.apache.openjpa.jdbc.kernel.exps.JDBCFetchConfiguration]",7,1,1,0,0,1,3,3,362,0,0,0,false
0.9.0,openjpa-jdbc/src/main/java/org/apache/openjpa/jdbc/sql/DBDictionaryFactory.java,getGeneratedKeySequenceName/1[org.apache.openjpa.jdbc.sql.Column],org.apache.openjpa.jdbc.sql.DBDictionary.getGeneratedKeySequenceName/1[org.apache.openjpa.jdbc.sql.Column],12,2,6,2,0,1,4,0,317,2,2,2,false
0.9.6,openjpa-lib/src/main/java/org/apache/openjpa/lib/rop/AbstractResultList.java,getBinaryStream/1[java.lang.Object],org.apache.openjpa.jdbc.sql.AbstractResult.getBinaryStream/1[java.lang.Object],3,1,0,0,0,1,0,2,243,1,1,0,false
0.9.0,openjpa-persistence/src/main/java/org/apache/openjpa/persistence/OpenJPAEntityManagerFactory.java,getManagedRuntime/0,org.apache.openjpa.persistence.OpenJPAEntityManager.getManagedRuntime/0,1,1,0,0,0,0,0,0,334,1,1,0,false
0.9.0,openjpa-jdbc/src/main/java/org/apache/openjpa/jdbc/kernel/exps/Args.java,"orderBy/5[org.apache.openjpa.jdbc.kernel.exps.Select,org.apache.openjpa.jdbc.kernel.JDBCStore,java.lang.Object[],boolean,org.apache.openjpa.jdbc.kernel.JDBCFetchConfiguration]","org.apache.openjpa.jdbc.kernel.exps.Args.orderBy/5[org.apache.openjpa.jdbc.kernel.exps.Select,org.apache.openjpa.jdbc.kernel.JDBCStore,java.lang.Object[],boolean,org.apache.openjpa.jdbc.kernel.JDBCFetchConfiguration]",2,1,0,0,0,0,0,0,317,1,1,0,false
0.9.0,openjpa-jdbc/src/main/java/org/apache/openjpa/jdbc/conf/JDBCConfigurationImpl.java,"newMappingRepositoryInstance/2[org.apache.openjpa.jdbc.conf.MetaDataFactory,org.apache.openjpa.jdbc.conf.MappingDefaults]","org.apache.openjpa.jdbc.conf.JDBCConfigurationImpl.newMappingRepositoryInstance/2[org.apache.openjpa.jdbc.conf.MetaDataFactory,org.apache.openjpa.jdbc.conf.MappingDefaults]",3,1,0,0,0,1,0,1,317,1,1,1,false
0.9.6,openjpa-jdbc/src/main/java/org/apache/openjpa/jdbc/sql/RowImpl.java,getParameterCount/0,org.apache.openjpa.jdbc.sql.RowImpl.getParameterCount/0,3,1,0,0,0,1,0,0,1211,0,0,0,false
0.9.0,openjpa-kernel/src/main/java/org/apache/openjpa/kernel/BrokerImpl.java,isClosed/0,org.apache.openjpa.kernel.BrokerImpl.isClosed/0,3,2,0,0,0,1,1,0,334,5,17,0,false
0.9.6,openjpa-kernel/src/main/java/org/apache/openjpa/meta/ClassMetaData.java,newFetchGroup/1[java.lang.String],org.apache.openjpa.meta.ClassMetaData.newFetchGroup/1[java.lang.String],4,1,1,0,0,1,1,0,334,3,7,0,false
0.9.6,openjpa-kernel/src/main/java/org/apache/openjpa/ee/WASManagedRuntime.java,endConfiguration/0,org.apache.openjpa.ee.WASManagedRuntime.endConfiguration/0,18,2,6,0,2,0,0,1,215,1,2,1,false
0.9.0,openjpa-lib/src/main/java/org/apache/openjpa/lib/rop/SoftRandomAccessResultList.java,size/0,org.apache.openjpa.lib.rop.RandomAccessResultList.size/0,18,5,1,0,1,4,0,4,243,1,1,2,false
0.9.6,openjpa-jdbc/src/main/java/org/apache/openjpa/jdbc/meta/strats/EmbedFieldStrategy.java,getPrimaryKey/0,org.apache.openjpa.jdbc.meta.strats.EmbedFieldStrategy.EmbeddedRow.getPrimaryKey/0,3,1,0,0,0,1,0,0,317,2,2,0,false
0.9.6,openjpa-jdbc/src/main/java/org/apache/openjpa/jdbc/meta/strats/EmbedValueHandler.java,"toObjectValue/5[org.apache.openjpa.jdbc.meta.ValueMapping,java.lang.Object,org.apache.openjpa.kernel.OpenJPAStateManager,org.apache.openjpa.jdbc.meta.JDBCStore,org.apache.openjpa.jdbc.meta.JDBCFetchConfiguration]","org.apache.openjpa.jdbc.meta.ValueHandler.toObjectValue/5[org.apache.openjpa.jdbc.meta.ValueMapping,java.lang.Object,org.apache.openjpa.kernel.OpenJPAStateManager,org.apache.openjpa.jdbc.meta.JDBCStore,org.apache.openjpa.jdbc.meta.JDBCFetchConfiguration]",1,1,0,0,0,0,2,0,317,1,1,0,false
0.9.6,openjpa-slice/src/main/java/org/apache/openjpa/slice/DistributedBrokerImpl.java,releaseSavepoint/0,org.apache.openjpa.kernel.BrokerImpl.releaseSavepoint/0,10,3,0,1,1,0,0,3,600,0,0,0,false
0.9.6,openjpa-kernel/src/main/java/org/apache/openjpa/kernel/jpql/JPQLExpressionBuilder.java,"evalFromItem/3[org.apache.openjpa.kernel.jpql.Expression,org.apache.openjpa.kernel.jpql.JPQLExpressionBuilder.JPQLNode,boolean]","org.apache.openjpa.kernel.jpql.JPQLExpressionBuilder.evalFromItem/3[org.apache.openjpa.kernel.jpql.Expression,org.apache.openjpa.kernel.jpql.JPQLExpressionBuilder.JPQLNode,boolean]",25,5,7,0,0,2,1,14,334,1,3,6,false
0.9.6,openjpa-persistence/src/main/java/org/apache/openjpa/persistence/InverseLogical.java,"warn/2[java.lang.Object,java.lang.Throwable]","org.apache.openjpa.lib.log.Log.warn/2[java.lang.Object,java.lang.Throwable]",1,1,0,0,0,0,3,0,334,1,1,0,false
0.9.0,openjpa-kernel/src/main/java/org/apache/openjpa/kernel/MethodStoreQuery.java,populateFromCompilation/1[java.lang.Object],org.apache.openjpa.kernel.StoreQuery.populateFromCompilation/1[java.lang.Object],1,1,0,0,0,0,2,0,334,1,1,0,false
0.9.0,openjpa-kernel/src/main/java/org/apache/openjpa/enhance/PersistenceCapable.java,pcCopyKeyFieldsToObjectId/1[java.lang.Object],org.apache.openjpa.enhance.PersistenceCapable.pcCopyKeyFieldsToObjectId/1[java.lang.Object],1,1,0,0,0,0,0,0,334,2,2,0,false
0.9.6,openjpa-lib/src/main/java/org/apache/openjpa/lib/jdbc/DelegatingConnection.java,"prepareStatement/2[java.lang.String,int]","org.apache.openjpa.lib.jdbc.DelegatingConnection.prepareStatement/2[java.lang.String,int]",4,1,0,0,0,1,1,2,243,1,1,0,false
0.9.6,openjpa-jdbc/src/main/java/org/apache/openjpa/jdbc/kernel/exps/AbstractVal.java,"select/4[org.apache.openjpa.jdbc.kernel.exps.Select,org.apache.openjpa.jdbc.kernel.exps.ExpContext,org.apache.openjpa.jdbc.kernel.exps.ExpState,boolean]","org.apache.openjpa.jdbc.kernel.exps.Val.select/4[org.apache.openjpa.jdbc.kernel.exps.Select,org.apache.openjpa.jdbc.kernel.exps.ExpContext,org.apache.openjpa.jdbc.kernel.exps.ExpState,boolean]",1,1,0,0,0,0,1,0,317,1,1,0,false
0.9.6,openjpa-jdbc/src/main/java/org/apache/openjpa/jdbc/meta/strats/EmbedFieldStrategy.java,"settingCharField/5[org.apache.openjpa.jdbc.meta.strats.PersistenceCapable,int,char,char,int]","org.apache.openjpa.jdbc.meta.strats.EmbedFieldStrategy.NullEmbeddedStateManager.settingCharField/5[org.apache.openjpa.jdbc.meta.strats.PersistenceCapable,int,char,char,int]",3,1,0,0,0,0,0,0,317,2,2,0,false
0.9.0,openjpa-jdbc/src/main/java/org/apache/openjpa/jdbc/conf/JDBCConfigurationImpl.java,setConnectionDecorators/1[java.lang.String],org.apache.openjpa.jdbc.conf.JDBCConfigurationImpl.setConnectionDecorators/1[java.lang.String],4,1,0,0,0,0,0,1,317,1,1,0,false
0.9.0,openjpa-kernel/src/main/java/org/apache/openjpa/util/CollectionChangeTrackerImpl.java,add/1[java.lang.Object],org.apache.openjpa.util.CollectionChangeTrackerImpl.add/1[java.lang.Object],17,10,3,1,0,0,0,0,334,2,2,3,false
0.9.0,openjpa-jdbc/src/main/java/org/apache/openjpa/jdbc/kernel/exps/SelectConstructor.java,"evaluate/7[org.apache.openjpa.jdbc.kernel.exps.JDBCStore,org.apache.openjpa.jdbc.kernel.exps.Select,java.lang.String,org.apache.openjpa.jdbc.kernel.exps.QueryExpressions,java.lang.Object[],int,org.apache.openjpa.jdbc.kernel.exps.JDBCFetchState]","org.apache.openjpa.jdbc.kernel.exps.SelectConstructor.evaluate/7[org.apache.openjpa.jdbc.kernel.exps.JDBCStore,org.apache.openjpa.jdbc.kernel.exps.Select,java.lang.String,org.apache.openjpa.jdbc.kernel.exps.QueryExpressions,java.lang.Object[],int,org.apache.openjpa.jdbc.kernel.exps.JDBCFetchState]",52,24,18,0,0,3,1,2,317,1,1,6,false
0.9.0,openjpa-kernel/src/main/java/org/apache/openjpa/ant/PCEnhancerTask.java,"addGetMethod/2[int,org.apache.openjpa.enhance.FieldMetaData]","org.apache.openjpa.enhance.PCEnhancer.addGetMethod/2[int,org.apache.openjpa.enhance.FieldMetaData]",43,8,8,1,0,1,1,20,334,1,1,19,false
0.9.0,openjpa-slice/src/main/java/org/apache/openjpa/slice/jdbc/DistributedJDBCStoreManager.java,"assignObjectId/2[org.apache.openjpa.jdbc.kernel.OpenJPAStateManager,boolean]","org.apache.openjpa.jdbc.kernel.JDBCStoreManager.assignObjectId/2[org.apache.openjpa.jdbc.kernel.OpenJPAStateManager,boolean]",9,5,3,0,0,3,0,2,281,1,1,2,false
0.9.0,openjpa-jdbc/src/main/java/org/apache/openjpa/jdbc/sql/SelectImpl.java,"where/8[java.lang.Object,org.apache.openjpa.jdbc.sql.ClassMapping,org.apache.openjpa.jdbc.sql.Column[],org.apache.openjpa.jdbc.sql.Column[],java.lang.Object[],org.apache.openjpa.jdbc.sql.Column[],org.apache.openjpa.jdbc.sql.PathJoins,org.apache.openjpa.jdbc.sql.JDBCStore]","org.apache.openjpa.jdbc.sql.SelectImpl.where/8[java.lang.Object,org.apache.openjpa.jdbc.sql.ClassMapping,org.apache.openjpa.jdbc.sql.Column[],org.apache.openjpa.jdbc.sql.Column[],java.lang.Object[],org.apache.openjpa.jdbc.sql.Column[],org.apache.openjpa.jdbc.sql.PathJoins,org.apache.openjpa.jdbc.sql.JDBCStore]",36,13,11,0,0,1,3,5,317,4,6,2,false
0.9.6,openjpa-lib/src/main/java/org/apache/openjpa/lib/log/LogOutputStream.java,log/1[java.lang.String],org.apache.openjpa.lib.log.LogOutputStream.log/1[java.lang.String],19,6,0,0,0,0,1,6,243,1,1,0,false
0.9.0,openjpa-slice/src/main/java/org/apache/openjpa/slice/jdbc/DistributedJDBCStoreManager.java,setRetain/1[boolean],org.apache.openjpa.jdbc.kernel.JDBCStoreManager.RefCountConnection.setRetain/1[boolean],4,4,1,0,0,0,2,1,281,1,1,0,false
0.9.0,openjpa-kernel/src/main/java/org/apache/openjpa/kernel/DelegatingBrokerFactory.java,rollbackToSavepoint/0,org.apache.openjpa.kernel.DelegatingBroker.rollbackToSavepoint/0,8,2,0,0,1,0,1,1,334,1,1,1,false
0.9.0,openjpa-kernel/src/main/java/org/apache/openjpa/kernel/InverseManager.java,getAction/0,org.apache.openjpa.kernel.InverseManager.getAction/0,3,1,0,0,0,1,0,0,334,1,1,0,false
0.9.0,openjpa-kernel/src/main/java/org/apache/openjpa/enhance/PCRegistry.java,register/1[java.lang.Class],org.apache.openjpa.enhance.PCRegistry.RegisterClassListener.register/1[java.lang.Class],1,1,0,0,0,0,2,0,334,2,2,0,false
0.9.6,openjpa-slice/src/main/java/org/apache/openjpa/slice/DistributedBrokerImpl.java,unlock/0,org.apache.openjpa.kernel.BrokerImpl.unlock/0,3,2,0,0,0,0,18,0,600,0,0,0,false
0.9.6,openjpa-kernel/src/main/java/org/apache/openjpa/abstractstore/AbstractStoreBrokerFactory.java,"newBroker/5[java.lang.String,java.lang.String,boolean,int,boolean]","org.apache.openjpa.kernel.BrokerFactory.newBroker/5[java.lang.String,java.lang.String,boolean,int,boolean]",1,1,0,0,0,0,0,0,334,2,2,0,false
0.9.6,openjpa-persistence/src/main/java/org/apache/openjpa/persistence/EntityManagerImpl.java,rollback/0,org.apache.openjpa.persistence.EntityManagerImpl.rollback/0,3,1,0,0,0,0,0,1,334,4,8,0,false
0.9.6,openjpa-jdbc/src/main/java/org/apache/openjpa/jdbc/meta/strats/CharArrayStreamValueHandler.java,getInstance/0,org.apache.openjpa.jdbc.meta.strats.CharArrayStreamValueHandler.getInstance/0,3,1,0,0,0,1,0,0,317,1,1,0,false
0.9.6,openjpa-jdbc/src/main/java/org/apache/openjpa/jdbc/sql/SelectImpl.java,"appendOrdering/2[java.lang.Object,boolean]","org.apache.openjpa.jdbc.sql.SelectImpl.appendOrdering/2[java.lang.Object,boolean]",8,4,1,0,0,0,3,0,317,4,6,0,false
0.9.6,openjpa-jdbc/src/main/java/org/apache/openjpa/jdbc/kernel/exps/Trim.java,isVariable/0,org.apache.openjpa.jdbc.kernel.exps.Trim.isVariable/0,3,1,0,0,0,1,0,0,317,1,1,0,false
0.9.6,openjpa-kernel/src/main/java/org/apache/openjpa/conf/OpenJPAConfigurationImpl.java,setAggregateListeners/1[java.lang.String],org.apache.openjpa.conf.OpenJPAConfigurationImpl.setAggregateListeners/1[java.lang.String],4,1,0,0,0,0,0,2,334,3,5,0,false
0.9.6,openjpa-kernel/src/main/java/org/apache/openjpa/meta/MetaDataRepository.java,toModeString/1[int],org.apache.openjpa.meta.MetaDataRepository.toModeString/1[int],8,9,1,0,0,1,2,0,334,3,5,0,false
0.9.0,openjpa-jdbc/src/main/java/org/apache/openjpa/jdbc/kernel/exps/JDBCExpressionFactory.java,"bindValueVariable/2[org.apache.openjpa.kernel.exps.Value,org.apache.openjpa.kernel.exps.Value]","org.apache.openjpa.jdbc.kernel.exps.JDBCExpressionFactory.bindValueVariable/2[org.apache.openjpa.kernel.exps.Value,org.apache.openjpa.kernel.exps.Value]",3,1,0,0,0,1,0,1,317,1,1,0,false
0.9.0,openjpa-kernel/src/main/java/org/apache/openjpa/kernel/exps/Param.java,clearParameters/0,org.apache.openjpa.jdbc.kernel.exps.Param.clearParameters/0,4,1,2,0,0,0,0,0,334,1,1,0,false
0.9.6,openjpa-lib/src/main/java/org/apache/openjpa/lib/util/CodeFormat.java,getLineNumberTable/1[boolean],serp.bytecode.Code.getLineNumberTable/1[boolean],5,3,1,0,0,2,4,0,243,1,1,0,false
0.9.0,openjpa-jdbc/src/main/java/org/apache/openjpa/jdbc/kernel/exps/Args.java,"initialize/3[org.apache.openjpa.jdbc.kernel.exps.Select,org.apache.openjpa.jdbc.kernel.JDBCStore,boolean]","org.apache.openjpa.jdbc.kernel.exps.Args.initialize/3[org.apache.openjpa.jdbc.kernel.exps.Select,org.apache.openjpa.jdbc.kernel.JDBCStore,boolean]",7,3,3,0,0,0,0,0,317,1,1,0,false
0.9.6,openjpa-persistence/src/main/java/org/apache/openjpa/persistence/AnnotationPersistenceXMLMetaDataParser.java,getException/1[java.lang.String],org.apache.openjpa.lib.meta.XMLMetaDataParser.getException/1[java.lang.String],3,1,0,1,0,1,2,3,825,0,0,0,false
0.9.6,openjpa-jdbc/src/main/java/org/apache/openjpa/jdbc/kernel/FinderQueryImpl.java,isPacking/1[org.apache.openjpa.kernel.StoreQuery],org.apache.openjpa.kernel.QueryImpl.MergedExecutor.isPacking/1[org.apache.openjpa.kernel.StoreQuery],3,1,0,0,0,1,0,1,261,0,0,0,false
0.9.0,openjpa-xmlstore/src/main/java/org/apache/openjpa/xmlstore/XMLStoreManager.java,open/0,org.apache.openjpa.xmlstore.XMLStoreManager.open/0,4,1,2,0,0,0,0,1,334,1,1,0,false
0.9.0,openjpa-lib/src/main/java/org/apache/openjpa/lib/jdbc/DelegatingPreparedStatement.java,"DelegatingPreparedStatement/2[java.sql.PreparedStatement,java.sql.Connection]","org.apache.openjpa.lib.jdbc.DelegatingPreparedStatement.DelegatingPreparedStatement/2[java.sql.PreparedStatement,java.sql.Connection]",6,2,4,0,0,0,6,0,243,1,1,0,false
0.9.0,openjpa-kernel/src/main/java/org/apache/openjpa/enhance/ApplicationIdTool.java,"appendHashCodeCode/2[org.apache.openjpa.enhance.FieldMetaData,org.apache.openjpa.enhance.CodeFormat]","org.apache.openjpa.enhance.ApplicationIdTool.appendHashCodeCode/2[org.apache.openjpa.enhance.FieldMetaData,org.apache.openjpa.enhance.CodeFormat]",32,10,2,1,0,0,1,0,334,2,2,39,false
0.9.6,openjpa-jdbc/src/main/java/org/apache/openjpa/jdbc/sql/RowImpl.java,getWhereIndex/1[org.apache.openjpa.jdbc.sql.Column],org.apache.openjpa.jdbc.sql.RowImpl.getWhereIndex/1[org.apache.openjpa.jdbc.sql.Column],3,1,0,1,0,1,3,1,1211,0,0,2,false
0.9.6,openjpa-jdbc/src/main/java/org/apache/openjpa/jdbc/meta/QueryResultMapping.java,getCandidateType/0,org.apache.openjpa.jdbc.meta.QueryResultMapping.PCResult.getCandidateType/0,3,1,0,0,0,1,0,0,317,2,2,0,false
0.9.6,openjpa-kernel/src/main/java/org/apache/openjpa/meta/ClassMetaData.java,compareTo/1[java.lang.Object],org.apache.openjpa.meta.ClassMetaData.compareTo/1[java.lang.Object],4,2,0,0,0,2,0,1,334,3,7,0,false
0.9.0,openjpa-jdbc/src/main/java/org/apache/openjpa/jdbc/kernel/exps/JDBCExpressionFactory.java,"evaluate/4[org.apache.openjpa.jdbc.kernel.JDBCStoreQuery,org.apache.openjpa.jdbc.kernel.JDBCFetchConfiguration,org.apache.openjpa.jdbc.kernel.exps.QueryExpressions,java.lang.Object[]]","org.apache.openjpa.jdbc.kernel.exps.JDBCExpressionFactory.evaluate/4[org.apache.openjpa.jdbc.kernel.JDBCStoreQuery,org.apache.openjpa.jdbc.kernel.JDBCFetchConfiguration,org.apache.openjpa.jdbc.kernel.exps.QueryExpressions,java.lang.Object[]]",4,1,1,0,0,1,0,2,317,1,1,0,false
0.9.6,openjpa-jdbc/src/main/java/org/apache/openjpa/jdbc/kernel/exps/FilterValueImpl.java,isConstant/0,org.apache.openjpa.jdbc.kernel.exps.FilterValueImpl.isConstant/0,3,1,0,0,0,1,2,0,317,1,1,0,false
0.9.6,openjpa-kernel/src/main/java/org/apache/openjpa/meta/SequenceMetaData.java,getAllocate/0,org.apache.openjpa.meta.SequenceMetaData.getAllocate/0,3,1,0,0,0,1,0,0,334,1,1,0,false
0.9.0,openjpa-jdbc/src/main/java/org/apache/openjpa/jdbc/kernel/exps/JDBCExpressionFactory.java,"lessThan/2[org.apache.openjpa.jdbc.kernel.exps.Value,org.apache.openjpa.jdbc.kernel.exps.Value]","org.apache.openjpa.jdbc.kernel.exps.JDBCExpressionFactory.lessThan/2[org.apache.openjpa.jdbc.kernel.exps.Value,org.apache.openjpa.jdbc.kernel.exps.Value]",3,1,0,0,0,1,0,1,317,1,1,0,false
0.9.6,openjpa-lib/src/main/java/org/apache/openjpa/lib/util/FormatPreservingProperties.java,getInsertTimestamp/0,org.apache.openjpa.lib.util.FormatPreservingProperties.getInsertTimestamp/0,3,1,0,0,0,1,0,0,243,1,1,0,false
0.9.0,openjpa-jdbc/src/main/java/org/apache/openjpa/jdbc/kernel/NativeJDBCSeq.java,"run/3[org.apache.openjpa.jdbc.kernel.JDBCConfiguration,java.lang.String[],java.lang.String]","org.apache.openjpa.jdbc.kernel.NativeJDBCSeq.run/3[org.apache.openjpa.jdbc.kernel.JDBCConfiguration,java.lang.String[],java.lang.String]",24,6,4,0,2,3,1,4,317,2,2,3,false
0.9.0,openjpa-lib/src/main/java/org/apache/openjpa/lib/util/concurrent/ConcurrentReferenceHashSet.java,retainAll/1[java.util.Collection],org.apache.openjpa.lib.util.concurrent.ConcurrentReferenceHashSet.retainAll/1[java.util.Collection],3,1,0,0,0,1,0,0,243,1,1,0,false
0.9.6,openjpa-persistence/src/main/java/org/apache/openjpa/persistence/FetchGroup.java,copy/1[org.apache.openjpa.meta.FetchGroup],org.apache.openjpa.meta.FetchGroup.copy/1[org.apache.openjpa.meta.FetchGroup],11,6,4,0,0,0,1,2,334,1,1,5,false
0.9.6,openjpa-persistence/src/main/java/org/apache/openjpa/persistence/query/ConstantExpression.java,"appendIsEmpty/4[org.apache.openjpa.jdbc.kernel.exps.Select,org.apache.openjpa.jdbc.kernel.exps.ExpContext,org.apache.openjpa.jdbc.kernel.exps.ExpState,org.apache.openjpa.jdbc.kernel.exps.SQLBuffer]","org.apache.openjpa.jdbc.kernel.exps.Const.appendIsEmpty/4[org.apache.openjpa.jdbc.kernel.exps.Select,org.apache.openjpa.jdbc.kernel.exps.ExpContext,org.apache.openjpa.jdbc.kernel.exps.ExpState,org.apache.openjpa.jdbc.kernel.exps.SQLBuffer]",6,5,1,0,0,0,0,1,362,0,0,0,false
0.9.6,openjpa-jdbc/src/main/java/org/apache/openjpa/jdbc/kernel/exps/PCPath.java,"calculateValue/5[org.apache.openjpa.jdbc.kernel.exps.Select,org.apache.openjpa.jdbc.kernel.exps.JDBCStore,java.lang.Object[],org.apache.openjpa.jdbc.kernel.exps.Val,org.apache.openjpa.jdbc.kernel.exps.JDBCFetchState]","org.apache.openjpa.jdbc.kernel.exps.PCPath.calculateValue/5[org.apache.openjpa.jdbc.kernel.exps.Select,org.apache.openjpa.jdbc.kernel.exps.JDBCStore,java.lang.Object[],org.apache.openjpa.jdbc.kernel.exps.Val,org.apache.openjpa.jdbc.kernel.exps.JDBCFetchState]",2,1,0,0,0,0,1,0,317,1,1,0,false
0.9.6,openjpa-persistence/src/main/java/org/apache/openjpa/persistence/EntityManagerImpl.java,getAutoClear/0,org.apache.openjpa.persistence.EntityManagerImpl.getAutoClear/0,3,1,0,0,0,1,0,1,334,4,8,0,false
0.9.6,openjpa-lib/src/main/java/org/apache/openjpa/lib/conf/PluginListValue.java,setProperties/1[java.lang.String[]],org.apache.openjpa.lib.conf.PluginListValue.setProperties/1[java.lang.String[]],6,2,2,0,0,0,0,2,243,1,1,0,false
0.9.6,openjpa-jdbc/src/main/java/org/apache/openjpa/jdbc/meta/strats/HandlerFieldStrategy.java,getColumnIO/0,org.apache.openjpa.jdbc.meta.strats.HandlerFieldStrategy.getColumnIO/0,3,1,0,0,0,1,0,0,317,1,1,0,false
0.9.6,openjpa-kernel/src/main/java/org/apache/openjpa/conf/BrokerFactoryValue.java,BrokerFactoryValue/0,org.apache.openjpa.conf.BrokerFactoryValue.BrokerFactoryValue/0,4,1,0,0,0,0,2,0,334,2,2,0,false
0.9.0,openjpa-kernel/src/main/java/org/apache/openjpa/util/Proxies.java,remove/1[java.lang.Object],.remove/1[java.lang.Object],7,3,1,0,0,2,0,6,334,2,4,2,false
0.9.0,openjpa-lib/src/main/java/org/apache/openjpa/lib/jdbc/DelegatingDatabaseMetaData.java,supportsExtendedSQLGrammar/0,org.apache.openjpa.lib.jdbc.DelegatingDatabaseMetaData.supportsExtendedSQLGrammar/0,3,1,0,0,0,1,0,0,243,2,2,0,false
0.9.0,openjpa-kernel/src/main/java/org/apache/openjpa/enhance/PCDataGenerator.java,"addLoadWithFieldsMethod/2[org.apache.openjpa.enhance.BCClass,org.apache.openjpa.enhance.ClassMetaData]","org.apache.openjpa.enhance.PCDataGenerator.addLoadWithFieldsMethod/2[org.apache.openjpa.enhance.BCClass,org.apache.openjpa.enhance.ClassMetaData]",42,6,10,0,0,0,1,11,334,2,2,18,false
0.9.6,openjpa-lib/src/main/java/org/apache/openjpa/lib/jdbc/DelegatingConnection.java,toString/0,org.apache.openjpa.lib.jdbc.DelegatingConnection.toString/0,5,1,1,0,0,1,0,2,243,1,1,0,false
0.9.6,openjpa-jdbc/src/main/java/org/apache/openjpa/jdbc/meta/strats/EmbedFieldStrategy.java,getUnloaded/1[org.apache.openjpa.jdbc.meta.strats.FetchConfiguration],org.apache.openjpa.jdbc.meta.strats.EmbedFieldStrategy.NullEmbeddedStateManager.getUnloaded/1[org.apache.openjpa.jdbc.meta.strats.FetchConfiguration],3,1,0,0,0,0,0,0,317,2,2,0,false
0.9.0,openjpa-kernel/src/main/java/org/apache/openjpa/kernel/StateManagerImpl.java,"settingFloatField/5[org.apache.openjpa.kernel.PersistenceCapable,int,float,float,int]","org.apache.openjpa.kernel.StateManagerImpl.settingFloatField/5[org.apache.openjpa.kernel.PersistenceCapable,int,float,float,int]",16,5,1,0,1,1,4,6,334,3,10,0,false
0.9.0,openjpa-lib/src/main/java/org/apache/openjpa/lib/conf/MapConfigurationProvider.java,addProperties/1[java.util.Map],org.apache.openjpa.lib.conf.MapConfigurationProvider.addProperties/1[java.util.Map],5,4,1,0,0,1,2,0,243,1,1,0,false
0.9.0,openjpa-lib/src/main/java/org/apache/openjpa/lib/jdbc/DelegatingPreparedStatement.java,getFetchSize/0,org.apache.openjpa.lib.jdbc.DelegatingPreparedStatement.getFetchSize/0,3,1,0,0,0,1,0,0,243,1,1,0,false
0.9.0,openjpa-kernel/src/main/java/org/apache/openjpa/kernel/exps/GetMapValue.java,"newSQLBuffer/4[org.apache.openjpa.jdbc.kernel.exps.Select,org.apache.openjpa.jdbc.kernel.exps.JDBCStore,java.lang.Object[],org.apache.openjpa.jdbc.kernel.exps.JDBCFetchConfiguration]","org.apache.openjpa.jdbc.kernel.exps.GetMapValue.newSQLBuffer/4[org.apache.openjpa.jdbc.kernel.exps.Select,org.apache.openjpa.jdbc.kernel.exps.JDBCStore,java.lang.Object[],org.apache.openjpa.jdbc.kernel.exps.JDBCFetchConfiguration]",7,1,1,0,0,1,3,3,250,1,1,0,false
0.9.0,openjpa-jdbc/src/main/java/org/apache/openjpa/jdbc/meta/strats/EmbedValueHandler.java,getString/0,org.apache.openjpa.lib.conf.Value.getString/0,3,1,0,0,0,1,6,2,317,1,1,0,false
0.9.6,openjpa-jdbc/src/main/java/org/apache/openjpa/jdbc/meta/ClassMapping.java,getJoinablePCSuperclassMapping/0,org.apache.openjpa.jdbc.meta.ClassMapping.getJoinablePCSuperclassMapping/0,6,5,1,0,0,3,11,2,317,2,3,1,false
0.9.0,openjpa-persistence/src/main/java/org/apache/openjpa/persistence/OpenJPAQuery.java,"setParameter/2[int,java.lang.Object]","org.apache.openjpa.persistence.OpenJPAQuery.setParameter/2[int,java.lang.Object]",1,1,0,0,0,0,0,0,334,2,2,0,false
0.9.0,openjpa-persistence/src/main/java/org/apache/openjpa/persistence/OpenJPAQuery.java,getPositionalParameters/0,org.apache.openjpa.persistence.OpenJPAQuery.getPositionalParameters/0,1,1,0,0,0,0,0,0,334,2,2,0,false
0.9.6,openjpa-lib/src/main/java/org/apache/openjpa/lib/util/CodeFormat.java,ret/0,serp.bytecode.Code.ret/0,3,1,0,0,0,1,0,1,243,1,1,0,false
0.9.6,openjpa-jdbc/src/main/java/org/apache/openjpa/jdbc/meta/strats/EmbedFieldStrategy.java,"providedFloatField/3[org.apache.openjpa.jdbc.meta.strats.PersistenceCapable,int,float]","org.apache.openjpa.jdbc.meta.strats.EmbedFieldStrategy.NullEmbeddedStateManager.providedFloatField/3[org.apache.openjpa.jdbc.meta.strats.PersistenceCapable,int,float]",3,1,0,0,0,0,0,0,317,2,2,0,false
0.9.0,openjpa-lib/src/main/java/org/apache/openjpa/lib/jdbc/DelegatingDataSource.java,equals/1[java.lang.Object],org.apache.openjpa.lib.jdbc.DelegatingDataSource.equals/1[java.lang.Object],5,3,1,0,0,2,0,1,243,1,1,1,false
0.9.6,openjpa-persistence/src/main/java/org/apache/openjpa/persistence/PersistenceMetaDataFactory.java,"hasNamedNativeQuery/2[java.lang.String,org.apache.openjpa.persistence.NamedNativeQuery[]]","org.apache.openjpa.persistence.PersistenceMetaDataFactory.hasNamedNativeQuery/2[java.lang.String,org.apache.openjpa.persistence.NamedNativeQuery[]]",6,3,0,0,0,2,1,0,334,3,4,0,false
0.9.6,openjpa-persistence/src/main/java/org/apache/openjpa/persistence/EntityManagerImpl.java,"findCached/2[java.lang.Class<T>,java.lang.Object]","org.apache.openjpa.persistence.EntityManagerImpl.findCached/2[java.lang.Class<T>,java.lang.Object]",3,1,0,0,0,1,0,2,334,4,8,0,false
0.9.6,openjpa-lib/src/main/java/org/apache/openjpa/lib/util/concurrent/FIFOCondVar.java,takeOver/1[org.apache.openjpa.lib.util.concurrent.WaitQueue.WaitNode],.takeOver/1[org.apache.openjpa.lib.util.concurrent.WaitQueue.WaitNode],2,1,0,0,0,0,0,0,243,1,1,0,false
0.9.6,openjpa-kernel/src/main/java/org/apache/openjpa/meta/ClassMetaData.java,getDescribedType/0,org.apache.openjpa.meta.ClassMetaData.getDescribedType/0,3,1,0,0,0,1,72,0,334,3,7,0,false
0.9.6,openjpa-jdbc/src/main/java/org/apache/openjpa/jdbc/meta/strats/ValueMapDiscriminatorStrategy.java,"getClass/2[java.lang.Object,org.apache.openjpa.jdbc.meta.strats.JDBCStore]","org.apache.openjpa.jdbc.meta.strats.ValueMapDiscriminatorStrategy.getClass/2[java.lang.Object,org.apache.openjpa.jdbc.meta.strats.JDBCStore]",14,5,7,3,0,1,0,1,317,1,1,1,false
0.9.0,openjpa-persistence/src/main/java/org/apache/openjpa/persistence/OpenJPAEntityManagerFactory.java,getConnectionPassword/0,org.apache.openjpa.persistence.OpenJPAEntityManager.getConnectionPassword/0,1,1,0,0,0,0,0,0,334,1,1,0,false
0.9.6,openjpa-jdbc/src/main/java/org/apache/openjpa/jdbc/meta/MappingRepository.java,"newValueOrder/2[org.apache.openjpa.meta.FieldMetaData,boolean]","org.apache.openjpa.jdbc.meta.MappingRepository.newValueOrder/2[org.apache.openjpa.meta.FieldMetaData,boolean]",3,1,0,0,0,1,0,0,317,2,2,0,false
0.9.0,openjpa-kernel/src/main/java/org/apache/openjpa/enhance/DynamicStorageGenerator.java,"addBeanField/3[org.apache.openjpa.enhance.BCClass,java.lang.String,java.lang.Class]","org.apache.openjpa.enhance.DynamicStorageGenerator.addBeanField/3[org.apache.openjpa.enhance.BCClass,java.lang.String,java.lang.Class]",25,3,7,2,0,1,0,1,334,1,1,13,false
0.9.6,openjpa-kernel/src/main/java/org/apache/openjpa/kernel/MethodStoreQuery.java,execute/1[java.lang.Object[]],org.apache.openjpa.kernel.Query.execute/1[java.lang.Object[]],1,1,0,0,0,0,0,0,334,1,1,0,false
0.9.0,openjpa-persistence/src/main/java/org/apache/openjpa/persistence/XMLPersistenceMetaDataSerializer.java,serializeQueryMappings/1[org.apache.openjpa.persistence.ClassMetaData],org.apache.openjpa.persistence.XMLPersistenceMetaDataSerializer.serializeQueryMappings/1[org.apache.openjpa.persistence.ClassMetaData],2,1,0,0,0,0,1,0,334,2,2,0,false
0.9.0,openjpa-kernel/src/main/java/org/apache/openjpa/util/ProxyManagerImpl.java,"setProxyTemplate/2[java.lang.Class,org.apache.openjpa.util.ProxyMap]","org.apache.openjpa.util.ProxyManagerImpl.setProxyTemplate/2[java.lang.Class,org.apache.openjpa.util.ProxyMap]",3,1,0,0,0,0,0,0,334,2,11,0,false
0.9.0,openjpa-kernel/src/main/java/org/apache/openjpa/util/StoreException.java,StoreException/1[org.apache.openjpa.util.Message],org.apache.openjpa.util.StoreException.StoreException/1[org.apache.openjpa.util.Message],3,1,0,0,0,0,0,0,334,1,1,0,false
0.9.0,openjpa-kernel/src/main/java/org/apache/openjpa/kernel/ECopyState.java,release/1[org.apache.openjpa.kernel.StateManagerImpl],org.apache.openjpa.kernel.ECopyState.release/1[org.apache.openjpa.kernel.StateManagerImpl],3,1,0,0,0,1,0,0,334,1,1,0,false
0.9.6,openjpa-jdbc/src/main/java/org/apache/openjpa/jdbc/meta/DiscriminatorMappingInfo.java,getColumns/0,org.apache.openjpa.jdbc.meta.MappingInfo.getColumns/0,3,2,0,0,0,1,5,0,317,1,1,0,false
0.9.0,openjpa-persistence/src/main/java/org/apache/openjpa/persistence/AnnotationPersistenceMetaDataParser.java,parseLobMapping/1[org.apache.openjpa.meta.FieldMetaData],org.apache.openjpa.persistence.AnnotationPersistenceMetaDataParser.parseLobMapping/1[org.apache.openjpa.meta.FieldMetaData],2,1,0,0,0,0,1,0,1228,4,7,0,false
0.9.0,openjpa-kernel/src/main/java/org/apache/openjpa/kernel/exps/InMemoryExpressionFactory.java,"indexOf/2[org.apache.openjpa.kernel.exps.Value,org.apache.openjpa.kernel.exps.Value]","org.apache.openjpa.kernel.exps.InMemoryExpressionFactory.indexOf/2[org.apache.openjpa.kernel.exps.Value,org.apache.openjpa.kernel.exps.Value]",3,1,0,0,0,1,0,0,334,1,1,0,false
0.9.0,openjpa-kernel/src/main/java/org/apache/openjpa/event/EndTransactionListener.java,afterStateTransitions/1[org.apache.openjpa.event.TransactionEvent],org.apache.openjpa.event.EndTransactionListener.afterStateTransitions/1[org.apache.openjpa.event.TransactionEvent],1,1,0,0,0,0,0,0,334,1,1,0,false
0.9.6,openjpa-jdbc/src/main/java/org/apache/openjpa/jdbc/meta/strats/HandlerFieldStrategy.java,"where/4[org.apache.openjpa.kernel.OpenJPAStateManager,org.apache.openjpa.jdbc.meta.strats.JDBCStore,org.apache.openjpa.jdbc.meta.strats.RowManager,java.lang.Object]","org.apache.openjpa.jdbc.meta.strats.HandlerFieldStrategy.where/4[org.apache.openjpa.kernel.OpenJPAStateManager,org.apache.openjpa.jdbc.meta.strats.JDBCStore,org.apache.openjpa.jdbc.meta.strats.RowManager,java.lang.Object]",4,2,1,0,0,0,0,1,317,1,1,0,false
0.9.6,openjpa-jdbc/src/main/java/org/apache/openjpa/jdbc/kernel/exps/IndexOf.java,"length/3[org.apache.openjpa.jdbc.kernel.exps.Select,org.apache.openjpa.jdbc.kernel.exps.ExpContext,org.apache.openjpa.jdbc.kernel.exps.ExpState]","org.apache.openjpa.jdbc.kernel.exps.IndexOf.length/3[org.apache.openjpa.jdbc.kernel.exps.Select,org.apache.openjpa.jdbc.kernel.exps.ExpContext,org.apache.openjpa.jdbc.kernel.exps.ExpState]",3,1,0,0,0,1,0,0,1211,0,0,0,false
0.9.0,openjpa-jdbc/src/main/java/org/apache/openjpa/jdbc/kernel/JDBCStoreManager.java,"executeQuery/2[java.lang.String,boolean]","org.apache.openjpa.jdbc.kernel.JDBCStoreManager.CancelStatement.executeQuery/2[java.lang.String,boolean]",9,1,0,0,1,1,0,2,317,3,5,0,false
0.9.6,openjpa-lib/src/main/java/org/apache/openjpa/lib/meta/XMLMetaDataParser.java,addComments/1[java.lang.Object],org.apache.openjpa.lib.meta.XMLMetaDataParser.addComments/1[java.lang.Object],4,3,1,0,0,0,0,1,243,2,2,0,false
0.9.6,openjpa-jdbc/src/main/java/org/apache/openjpa/jdbc/meta/strats/MaxEmbeddedLobFieldStrategy.java,"appendIsNull/3[org.apache.openjpa.jdbc.meta.strats.SQLBuffer,org.apache.openjpa.jdbc.sql.Select,org.apache.openjpa.jdbc.meta.strats.Joins]","org.apache.openjpa.jdbc.meta.strats.MaxEmbeddedLobFieldStrategy.appendIsNull/3[org.apache.openjpa.jdbc.meta.strats.SQLBuffer,org.apache.openjpa.jdbc.sql.Select,org.apache.openjpa.jdbc.meta.strats.Joins]",4,1,1,0,0,0,0,2,317,1,1,2,false
0.9.6,openjpa-kernel/src/main/java/org/apache/openjpa/kernel/exps/GetObjectId.java,"select/5[org.apache.openjpa.jdbc.kernel.exps.Select,org.apache.openjpa.jdbc.kernel.exps.JDBCStore,java.lang.Object[],boolean,org.apache.openjpa.jdbc.kernel.exps.JDBCFetchState]","org.apache.openjpa.jdbc.kernel.exps.GetObjectId.select/5[org.apache.openjpa.jdbc.kernel.exps.Select,org.apache.openjpa.jdbc.kernel.exps.JDBCStore,java.lang.Object[],boolean,org.apache.openjpa.jdbc.kernel.exps.JDBCFetchState]",3,1,0,0,0,0,0,1,334,1,1,0,false
0.9.0,openjpa-jdbc/src/main/java/org/apache/openjpa/jdbc/sql/LogicalUnion.java,"execute/3[org.apache.openjpa.jdbc.kernel.JDBCStore,org.apache.openjpa.jdbc.sql.JDBCFetchConfiguration,int]","org.apache.openjpa.jdbc.sql.LogicalUnion.UnionSelect.execute/3[org.apache.openjpa.jdbc.kernel.JDBCStore,org.apache.openjpa.jdbc.sql.JDBCFetchConfiguration,int]",3,1,0,0,0,1,1,1,317,3,4,0,false
0.9.0,openjpa-kernel/src/main/java/org/apache/openjpa/datacache/AbstractQueryCache.java,get/1[org.apache.openjpa.datacache.QueryKey],org.apache.openjpa.datacache.AbstractQueryCache.get/1[org.apache.openjpa.datacache.QueryKey],13,6,2,0,0,1,0,3,334,1,1,1,false
0.9.6,openjpa-kernel/src/main/java/org/apache/openjpa/enhance/ApplicationIdTool.java,"getConversionCode/2[org.apache.openjpa.meta.FieldMetaData,java.lang.String]","org.apache.openjpa.enhance.ApplicationIdTool.getConversionCode/2[org.apache.openjpa.meta.FieldMetaData,java.lang.String]",57,22,4,0,0,1,1,2,334,2,2,58,false
0.9.6,openjpa-lib/src/main/java/org/apache/openjpa/lib/util/concurrent/FIFOCondVar.java,hasWaiters/0,org.apache.openjpa.lib.util.concurrent.FIFOCondVar.hasWaiters/0,6,2,0,0,0,1,0,1,243,1,1,0,false
0.9.0,openjpa-kernel/src/main/java/org/apache/openjpa/enhance/DynamicStorageGenerator.java,getShort/1[int],org.apache.openjpa.enhance.DynamicStorage.getShort/1[int],1,1,0,0,0,0,0,0,334,1,1,0,false
0.9.0,openjpa-kernel/src/main/java/org/apache/openjpa/event/TransactionEventManager.java,hasEndListeners/0,org.apache.openjpa.event.TransactionEventManager.hasEndListeners/0,3,2,0,0,0,1,3,0,334,1,1,0,false
0.9.0,openjpa-kernel/src/main/java/org/apache/openjpa/meta/Extensions.java,getStringExtension/1[java.lang.String],org.apache.openjpa.meta.Extensions.getStringExtension/1[java.lang.String],3,1,0,0,0,1,0,1,334,1,1,0,false
0.9.6,openjpa-kernel/src/main/java/org/apache/openjpa/kernel/ObjectIdStateManager.java,fetchBooleanField/1[int],org.apache.openjpa.kernel.ObjectIdStateManager.fetchBooleanField/1[int],3,1,0,0,0,1,0,1,334,3,3,0,false
0.9.6,openjpa-kernel/src/main/java/org/apache/openjpa/kernel/LocalManagedRuntime.java,notifyAfterCompletion/1[int],org.apache.openjpa.kernel.LocalManagedRuntime.notifyAfterCompletion/1[int],10,2,3,0,1,0,2,0,334,1,2,0,false
0.9.6,openjpa-kernel/src/main/java/org/apache/openjpa/util/MapChangeTrackerImpl.java,"MapChangeTrackerImpl/2[java.util.Map,org.apache.openjpa.util.OpenJPAConfiguration]","org.apache.openjpa.util.MapChangeTrackerImpl.MapChangeTrackerImpl/2[java.util.Map,org.apache.openjpa.util.OpenJPAConfiguration]",4,1,1,0,0,0,1,0,334,2,2,0,false
0.9.6,openjpa-kernel/src/main/java/org/apache/openjpa/abstractstore/AbstractStoreBrokerFactory.java,close/0,org.apache.openjpa.kernel.Broker.close/0,1,1,0,0,0,0,0,0,334,2,2,0,false
0.9.6,openjpa-jdbc/src/main/java/org/apache/openjpa/jdbc/meta/strats/PrimitiveWrapperArrays.java,Arrays/0,org.apache.openjpa.lib.util.concurrent.Arrays.Arrays/0,2,1,0,0,0,0,0,0,317,1,1,0,false
0.9.0,openjpa-kernel/src/main/java/org/apache/openjpa/abstractstore/AbstractStoreManager.java,rollbackOptimistic/0,org.apache.openjpa.kernel.StoreManager.rollbackOptimistic/0,1,1,0,0,0,0,1,0,334,2,2,0,false
0.9.6,openjpa-lib/src/main/java/org/apache/openjpa/lib/rop/AbstractResultList.java,"getByte/2[org.apache.openjpa.jdbc.sql.Column,org.apache.openjpa.jdbc.sql.Joins]","org.apache.openjpa.jdbc.sql.AbstractResult.getByte/2[org.apache.openjpa.jdbc.sql.Column,org.apache.openjpa.jdbc.sql.Joins]",3,1,0,0,0,1,0,2,243,1,1,0,false
0.9.6,openjpa-kernel/src/main/java/org/apache/openjpa/meta/InterfaceImplGenerator.java,createImpl/1[org.apache.openjpa.meta.ClassMetaData],org.apache.openjpa.meta.InterfaceImplGenerator.createImpl/1[org.apache.openjpa.meta.ClassMetaData],31,7,11,0,2,2,0,3,149,3,4,4,false
0.9.0,openjpa-jdbc/src/main/java/org/apache/openjpa/jdbc/sql/SelectImpl.java,"execute/3[org.apache.openjpa.jdbc.kernel.JDBCStore,org.apache.openjpa.jdbc.sql.JDBCFetchConfiguration,int]","org.apache.openjpa.jdbc.sql.SelectImpl.execute/3[org.apache.openjpa.jdbc.kernel.JDBCStore,org.apache.openjpa.jdbc.sql.JDBCFetchConfiguration,int]",4,2,1,0,0,1,1,3,317,4,6,0,false
0.9.0,openjpa-kernel/src/main/java/org/apache/openjpa/kernel/BrokerImpl.java,removeDereferencedDependent/1[org.apache.openjpa.kernel.StateManagerImpl],org.apache.openjpa.kernel.BrokerImpl.removeDereferencedDependent/1[org.apache.openjpa.kernel.StateManagerImpl],11,5,2,0,1,0,1,6,334,5,17,0,false
0.9.0,openjpa-lib/src/main/java/org/apache/openjpa/lib/jdbc/DelegatingCallableStatement.java,"setInt/2[int,int]","org.apache.openjpa.lib.jdbc.DelegatingCallableStatement.setInt/2[int,int]",3,1,0,0,0,0,0,0,243,1,1,0,false
0.9.6,openjpa-kernel/src/main/java/org/apache/openjpa/kernel/OpenJPAStateManager.java,"storeShort/2[int,short]","org.apache.openjpa.kernel.OpenJPAStateManager.storeShort/2[int,short]",1,1,0,0,0,0,2,0,334,1,1,0,false
0.9.6,openjpa-slice/src/main/java/org/apache/openjpa/slice/DistributedBrokerImpl.java,getInverseManager/0,org.apache.openjpa.kernel.BrokerImpl.getInverseManager/0,3,1,0,0,0,1,0,0,600,0,0,0,false
0.9.0,openjpa-kernel/src/main/java/org/apache/openjpa/kernel/ECopyState.java,isPersistent/0,org.apache.openjpa.kernel.ECopyState.isPersistent/0,3,1,0,0,0,1,0,0,334,1,1,0,false
0.9.0,openjpa-jdbc/src/main/java/org/apache/openjpa/jdbc/sql/LogicalUnion.java,getCount/1[org.apache.openjpa.jdbc.kernel.JDBCStore],org.apache.openjpa.jdbc.sql.LogicalUnion.UnionSelect.getCount/1[org.apache.openjpa.jdbc.kernel.JDBCStore],3,1,0,0,0,1,1,1,317,3,4,0,false
0.9.0,openjpa-kernel/src/main/java/org/apache/openjpa/kernel/StoreContext.java,getVersion/1[java.lang.Object],org.apache.openjpa.kernel.StoreContext.getVersion/1[java.lang.Object],1,1,0,0,0,0,0,0,334,1,1,0,false
0.9.0,openjpa-jdbc/src/main/java/org/apache/openjpa/jdbc/kernel/exps/OrExpression.java,"OrExpression/2[org.apache.openjpa.kernel.exps.Exp,org.apache.openjpa.kernel.exps.Exp]","org.apache.openjpa.kernel.exps.OrExpression.OrExpression/2[org.apache.openjpa.kernel.exps.Exp,org.apache.openjpa.kernel.exps.Exp]",4,1,2,0,0,0,0,0,317,1,1,0,false
0.9.0,openjpa-kernel/src/main/java/org/apache/openjpa/kernel/exps/SubQ.java,"appendIsEmpty/5[org.apache.openjpa.jdbc.kernel.exps.SQLBuffer,org.apache.openjpa.jdbc.sql.Select,org.apache.openjpa.jdbc.kernel.exps.JDBCStore,java.lang.Object[],org.apache.openjpa.jdbc.kernel.exps.JDBCFetchConfiguration]","org.apache.openjpa.jdbc.kernel.exps.SubQ.appendIsEmpty/5[org.apache.openjpa.jdbc.kernel.exps.SQLBuffer,org.apache.openjpa.jdbc.sql.Select,org.apache.openjpa.jdbc.kernel.exps.JDBCStore,java.lang.Object[],org.apache.openjpa.jdbc.kernel.exps.JDBCFetchConfiguration]",4,1,0,0,0,0,0,1,334,1,1,0,false
0.9.6,openjpa-kernel/src/main/java/org/apache/openjpa/event/JMSRemoteCommitProvider.java,getMessageListener/0,org.apache.openjpa.event.JMSRemoteCommitProvider.getMessageListener/0,28,1,0,0,0,1,1,0,334,3,3,1,false
0.9.6,openjpa-kernel/src/main/java/org/apache/openjpa/event/TCPRemoteCommitProvider.java,passivateObject/1[java.lang.Object],org.apache.openjpa.event.TCPRemoteCommitProvider.HostAddress.SocketPoolableObjectFactory.passivateObject/1[java.lang.Object],2,1,0,0,0,0,0,0,334,2,2,0,false
0.9.0,openjpa-persistence/src/main/java/org/apache/openjpa/persistence/QueryResultCacheImpl.java,pin/1[org.apache.openjpa.persistence.Query],org.apache.openjpa.persistence.QueryResultCache.pin/1[org.apache.openjpa.persistence.Query],3,2,0,0,0,0,0,1,315,1,1,0,false
0.9.0,openjpa-jdbc/src/main/java/org/apache/openjpa/jdbc/sql/DBDictionaryFactory.java,"setObject/5[java.sql.PreparedStatement,int,java.lang.Object,int,org.apache.openjpa.jdbc.sql.Column]","org.apache.openjpa.jdbc.sql.DBDictionary.setObject/5[java.sql.PreparedStatement,int,java.lang.Object,int,org.apache.openjpa.jdbc.sql.Column]",4,3,0,0,0,0,2,0,317,2,2,0,false
0.9.0,openjpa-jdbc/src/main/java/org/apache/openjpa/jdbc/kernel/exps/UnaryOp.java,"calculateValue/5[org.apache.openjpa.jdbc.kernel.exps.Select,org.apache.openjpa.jdbc.kernel.exps.JDBCStore,java.lang.Object[],org.apache.openjpa.jdbc.kernel.exps.Val,org.apache.openjpa.jdbc.kernel.exps.JDBCFetchConfiguration]","org.apache.openjpa.jdbc.kernel.exps.UnaryOp.calculateValue/5[org.apache.openjpa.jdbc.kernel.exps.Select,org.apache.openjpa.jdbc.kernel.exps.JDBCStore,java.lang.Object[],org.apache.openjpa.jdbc.kernel.exps.Val,org.apache.openjpa.jdbc.kernel.exps.JDBCFetchConfiguration]",3,1,0,0,0,0,1,1,317,1,1,0,false
0.9.6,openjpa-lib/src/main/java/org/apache/openjpa/lib/util/Options.java,"setProperty/2[java.lang.String,java.lang.String]","org.apache.openjpa.lib.util.Options.EmptyOptions.setProperty/2[java.lang.String,java.lang.String]",3,1,0,0,0,0,0,0,243,1,1,0,false
0.9.6,openjpa-lib/src/main/java/org/apache/openjpa/lib/rop/AbstractResultList.java,"getShortInternal/2[java.lang.Object,org.apache.openjpa.jdbc.sql.Joins]","org.apache.openjpa.jdbc.sql.AbstractResult.getShortInternal/2[java.lang.Object,org.apache.openjpa.jdbc.sql.Joins]",4,2,1,0,0,1,2,2,243,1,1,1,false
0.9.6,openjpa-jdbc/src/main/java/org/apache/openjpa/jdbc/kernel/exps/Args.java,"appendIsNotEmpty/5[org.apache.openjpa.jdbc.kernel.exps.SQLBuffer,org.apache.openjpa.jdbc.kernel.exps.Select,org.apache.openjpa.jdbc.kernel.exps.JDBCStore,java.lang.Object[],org.apache.openjpa.jdbc.kernel.exps.JDBCFetchState]","org.apache.openjpa.jdbc.kernel.exps.Args.appendIsNotEmpty/5[org.apache.openjpa.jdbc.kernel.exps.SQLBuffer,org.apache.openjpa.jdbc.kernel.exps.Select,org.apache.openjpa.jdbc.kernel.exps.JDBCStore,java.lang.Object[],org.apache.openjpa.jdbc.kernel.exps.JDBCFetchState]",2,1,0,0,0,0,0,0,317,1,1,0,false
0.9.6,openjpa-jdbc/src/main/java/org/apache/openjpa/jdbc/sql/SelectImpl.java,"select/8[org.apache.openjpa.jdbc.sql.Select,org.apache.openjpa.jdbc.sql.ClassMapping,int,org.apache.openjpa.jdbc.sql.JDBCStore,org.apache.openjpa.jdbc.sql.JDBCFetchConfiguration,int,org.apache.openjpa.jdbc.sql.Joins,boolean]","org.apache.openjpa.jdbc.sql.SelectImpl.select/8[org.apache.openjpa.jdbc.sql.Select,org.apache.openjpa.jdbc.sql.ClassMapping,int,org.apache.openjpa.jdbc.sql.JDBCStore,org.apache.openjpa.jdbc.sql.JDBCFetchConfiguration,int,org.apache.openjpa.jdbc.sql.Joins,boolean]",14,13,6,0,0,0,3,5,317,4,6,1,false
0.9.6,openjpa-lib/src/main/java/org/apache/openjpa/lib/util/concurrent/TimeUnit.java,toDays/1[long],.toDays/1[long],3,1,0,2,0,1,0,0,243,1,1,0,false
0.9.0,openjpa-kernel/src/main/java/org/apache/openjpa/datacache/DataCacheScheduler.java,setInterval/1[int],org.apache.openjpa.datacache.DataCacheScheduler.setInterval/1[int],3,1,1,0,0,0,0,0,334,1,1,0,false
0.9.6,openjpa-kernel/src/main/java/org/apache/openjpa/abstractstore/AbstractStoreBrokerFactory.java,isDetached/1[java.lang.Object],org.apache.openjpa.kernel.Broker.isDetached/1[java.lang.Object],1,1,0,0,0,0,0,0,334,2,2,0,false
0.9.0,openjpa-kernel/src/main/java/org/apache/openjpa/kernel/StateManagerImpl.java,setCheckVersion/1[boolean],org.apache.openjpa.kernel.StateManagerImpl.setCheckVersion/1[boolean],4,2,2,0,0,0,2,0,334,3,10,0,false
0.9.6,openjpa-jdbc/src/main/java/org/apache/openjpa/jdbc/meta/ValueMappingImpl.java,getValueInfo/0,org.apache.openjpa.jdbc.meta.ValueMappingImpl.getValueInfo/0,3,1,0,0,0,1,0,0,317,1,1,0,false
0.9.0,openjpa-lib/src/main/java/org/apache/openjpa/lib/util/concurrent/ConcurrentHashMap.java,"createEntry/4[int,java.lang.Object,java.lang.Object,org.apache.openjpa.lib.util.concurrent.ConcurrentHashMap.Entry]","org.apache.openjpa.lib.util.concurrent.ConcurrentHashMap.createEntry/4[int,java.lang.Object,java.lang.Object,org.apache.openjpa.lib.util.concurrent.ConcurrentHashMap.Entry]",3,1,0,0,0,1,2,1,243,1,1,0,false
0.9.6,openjpa-persistence-jdbc/src/main/java/org/apache/openjpa/persistence/jdbc/AnnotationPersistenceMappingParser.java,"parseDataStoreIdColumn/2[org.apache.openjpa.persistence.jdbc.ClassMapping,org.apache.openjpa.persistence.jdbc.DataStoreIdColumn]","org.apache.openjpa.persistence.jdbc.AnnotationPersistenceMappingParser.parseDataStoreIdColumn/2[org.apache.openjpa.persistence.jdbc.ClassMapping,org.apache.openjpa.persistence.jdbc.DataStoreIdColumn]",9,4,1,0,0,0,1,0,317,4,6,0,false
0.9.6,openjpa-jdbc/src/main/java/org/apache/openjpa/jdbc/kernel/exps/AbstractVal.java,"load/3[org.apache.openjpa.jdbc.sql.Result,org.apache.openjpa.jdbc.kernel.exps.JDBCStore,org.apache.openjpa.jdbc.kernel.exps.JDBCFetchConfiguration]","org.apache.openjpa.jdbc.kernel.exps.Val.load/3[org.apache.openjpa.jdbc.sql.Result,org.apache.openjpa.jdbc.kernel.exps.JDBCStore,org.apache.openjpa.jdbc.kernel.exps.JDBCFetchConfiguration]",1,1,0,0,0,0,0,0,317,1,1,0,false
0.9.6,openjpa-kernel/src/main/java/org/apache/openjpa/kernel/ObjectIdStateManager.java,"settingLongField/5[org.apache.openjpa.kernel.PersistenceCapable,int,long,long,int]","org.apache.openjpa.kernel.ObjectIdStateManager.settingLongField/5[org.apache.openjpa.kernel.PersistenceCapable,int,long,long,int]",3,1,0,0,0,0,0,0,334,3,3,0,false
0.9.6,openjpa-jdbc/src/main/java/org/apache/openjpa/jdbc/meta/strats/EmbedFieldStrategy.java,"storeString/2[int,java.lang.String]","org.apache.openjpa.jdbc.meta.strats.EmbedFieldStrategy.NullEmbeddedStateManager.storeString/2[int,java.lang.String]",3,1,0,0,0,0,0,0,317,2,2,0,false
0.9.0,openjpa-kernel/src/main/java/org/apache/openjpa/enhance/DynamicStorageGenerator.java,getFieldAccess/0,org.apache.openjpa.enhance.DynamicStorageGenerator.getFieldAccess/0,3,1,0,0,0,1,2,0,334,1,1,0,false
0.9.6,openjpa-lib/src/main/java/org/apache/openjpa/lib/rop/AbstractResultList.java,getInt/1[java.lang.Object],org.apache.openjpa.jdbc.sql.AbstractResult.getInt/1[java.lang.Object],3,1,0,0,0,1,0,2,243,1,1,0,false
0.9.0,openjpa-kernel/src/main/java/org/apache/openjpa/datacache/DataCacheStoreManager.java,"initialize/4[org.apache.openjpa.datacache.OpenJPAStateManager,org.apache.openjpa.datacache.PCState,org.apache.openjpa.kernel.FetchState,java.lang.Object]","org.apache.openjpa.datacache.DataCacheStoreManager.initialize/4[org.apache.openjpa.datacache.OpenJPAStateManager,org.apache.openjpa.datacache.PCState,org.apache.openjpa.kernel.FetchState,java.lang.Object]",25,11,5,0,1,6,0,6,334,2,2,3,false
0.9.6,openjpa-lib/src/main/java/org/apache/openjpa/lib/log/MultiLogFactory.java,getDelegates/0,org.apache.openjpa.lib.log.MultiLogFactory.MultiLog.getDelegates/0,3,1,0,0,0,1,0,0,243,1,1,0,false
0.9.0,openjpa-lib/src/main/java/org/apache/openjpa/lib/jdbc/DelegatingCallableStatement.java,getClob/1[java.lang.String],org.apache.openjpa.lib.jdbc.DelegatingCallableStatement.getClob/1[java.lang.String],3,1,0,0,0,0,0,0,243,1,1,0,false
0.9.0,openjpa-kernel/src/main/java/org/apache/openjpa/kernel/BrokerImpl.java,"copy/2[org.apache.openjpa.kernel.OpenJPAStateManager,org.apache.openjpa.kernel.PCState]","org.apache.openjpa.kernel.BrokerImpl.copy/2[org.apache.openjpa.kernel.OpenJPAStateManager,org.apache.openjpa.kernel.PCState]",22,4,7,0,1,1,3,15,334,5,17,3,false
0.9.6,openjpa-lib/src/main/java/org/apache/openjpa/lib/conf/Configurations.java,getClassName/1[java.lang.String],org.apache.openjpa.lib.conf.Configurations.getClassName/1[java.lang.String],3,1,0,0,0,1,6,1,243,3,6,0,false
0.9.6,openjpa-persistence/src/main/java/org/apache/openjpa/persistence/PersistenceMetaDataDefaults.java,getDefaultIdentityType/0,org.apache.openjpa.meta.MetaDataDefaults.getDefaultIdentityType/0,1,1,0,0,0,0,0,0,334,3,3,0,false
0.9.6,openjpa-lib/src/main/java/org/apache/openjpa/lib/meta/CFMetaDataParser.java,currentPackage/0,org.apache.openjpa.lib.meta.CFMetaDataParser.currentPackage/0,3,1,0,0,0,1,0,0,243,1,1,0,false
0.9.0,openjpa-lib/src/main/java/org/apache/openjpa/lib/meta/ZipFileMetaDataIterator.java,getContent/0,org.apache.openjpa.lib.meta.ZipFileMetaDataIterator.getContent/0,18,4,7,0,0,2,0,0,243,2,2,1,false
0.9.0,openjpa-kernel/src/main/java/org/apache/openjpa/kernel/exps/InMemoryExpressionFactory.java,"add/2[org.apache.openjpa.kernel.exps.Value,org.apache.openjpa.kernel.exps.Value]","org.apache.openjpa.kernel.exps.InMemoryExpressionFactory.add/2[org.apache.openjpa.kernel.exps.Value,org.apache.openjpa.kernel.exps.Value]",3,1,0,0,0,1,0,0,334,1,1,0,false
0.9.0,openjpa-lib/src/main/java/org/apache/openjpa/lib/jdbc/DelegatingDatabaseMetaData.java,supportsDataManipulationTransactionsOnly/0,org.apache.openjpa.lib.jdbc.DelegatingDatabaseMetaData.supportsDataManipulationTransactionsOnly/0,3,1,0,0,0,1,0,0,243,2,2,0,false
0.9.0,openjpa-jdbc/src/main/java/org/apache/openjpa/jdbc/kernel/JDBCFetchConfigurationImpl.java,getTraversedFromType/0,org.apache.openjpa.kernel.FetchConfigurationImpl.getTraversedFromType/0,3,1,0,0,0,1,0,0,317,3,5,0,false
0.9.6,openjpa-jdbc/src/main/java/org/apache/openjpa/jdbc/schema/SchemaGroup.java,removeSchema/1[org.apache.openjpa.jdbc.schema.Schema],org.apache.openjpa.jdbc.schema.SchemaGroup.removeSchema/1[org.apache.openjpa.jdbc.schema.Schema],14,4,4,0,0,3,1,0,317,1,1,1,false
0.9.0,openjpa-lib/src/main/java/org/apache/openjpa/lib/jdbc/DelegatingDatabaseMetaData.java,supportsColumnAliasing/0,org.apache.openjpa.lib.jdbc.DelegatingDatabaseMetaData.supportsColumnAliasing/0,3,1,0,0,0,1,0,0,243,2,2,0,false
0.9.6,openjpa-jdbc/src/main/java/org/apache/openjpa/jdbc/ant/ReverseMappingToolTask.java,getUseDataStoreIdentity/0,org.apache.openjpa.jdbc.meta.ReverseMappingTool.getUseDataStoreIdentity/0,3,1,0,0,0,1,1,0,317,1,1,0,false
0.9.6,openjpa-jdbc/src/main/java/org/apache/openjpa/jdbc/sql/SelectImpl.java,"selectIdentifier/6[org.apache.openjpa.jdbc.sql.ClassMapping,int,org.apache.openjpa.jdbc.sql.JDBCStore,org.apache.openjpa.jdbc.sql.JDBCFetchConfiguration,int,org.apache.openjpa.jdbc.sql.Joins]","org.apache.openjpa.jdbc.sql.SelectImpl.selectIdentifier/6[org.apache.openjpa.jdbc.sql.ClassMapping,int,org.apache.openjpa.jdbc.sql.JDBCStore,org.apache.openjpa.jdbc.sql.JDBCFetchConfiguration,int,org.apache.openjpa.jdbc.sql.Joins]",3,1,0,0,0,0,1,1,317,4,6,0,false
0.9.6,openjpa-persistence/src/main/java/org/apache/openjpa/persistence/PersistenceUnitInfoImpl.java,getPersistenceUnitRootUrl/0,org.apache.openjpa.persistence.PersistenceUnitInfoImpl.getPersistenceUnitRootUrl/0,3,1,0,0,0,1,0,0,334,2,3,0,false
0.9.6,openjpa-slice/src/main/java/org/apache/openjpa/slice/DistributedBrokerImpl.java,newInstance/1[org.apache.openjpa.kernel.Broker],org.apache.openjpa.kernel.BrokerImpl.StateManagerId.newInstance/1[org.apache.openjpa.kernel.Broker],3,1,0,0,0,1,6,1,600,0,0,0,false
0.9.6,openjpa-persistence-jdbc/src/main/java/org/apache/openjpa/persistence/jdbc/ForeignKeyAction.java,setIndex/1[int],org.apache.openjpa.jdbc.schema.ForeignKey.setIndex/1[int],3,1,1,0,0,0,0,0,317,1,1,0,false
0.9.6,openjpa-jdbc/src/main/java/org/apache/openjpa/jdbc/kernel/exps/PCPath.java,"get/2[org.apache.openjpa.jdbc.kernel.exps.FieldMetaData,boolean]","org.apache.openjpa.jdbc.kernel.exps.PCPath.get/2[org.apache.openjpa.jdbc.kernel.exps.FieldMetaData,boolean]",9,4,6,0,0,0,0,1,317,1,1,0,false
0.9.6,openjpa-persistence/src/main/java/org/apache/openjpa/persistence/AnnotationPersistenceXMLMetaDataParser.java,setDocumentLocator/1[org.xml.sax.Locator],org.apache.openjpa.lib.meta.XMLMetaDataParser.setDocumentLocator/1[org.xml.sax.Locator],3,1,0,0,0,0,0,0,825,0,0,0,false
0.9.0,openjpa-kernel/src/main/java/org/apache/openjpa/kernel/exps/EndsWithExpression.java,hasVariable/1[org.apache.openjpa.jdbc.kernel.exps.Variable],org.apache.openjpa.jdbc.kernel.exps.EndsWithExpression.hasVariable/1[org.apache.openjpa.jdbc.kernel.exps.Variable],3,1,0,0,0,1,0,0,334,1,1,0,false
0.9.0,openjpa-kernel/src/main/java/org/apache/openjpa/kernel/DelegatingStoreManager.java,rollbackOptimistic/0,org.apache.openjpa.kernel.DelegatingStoreManager.rollbackOptimistic/0,3,1,0,0,0,0,1,1,334,1,1,0,false
0.9.0,openjpa-jdbc/src/main/java/org/apache/openjpa/jdbc/kernel/exps/JDBCAggregateListener.java,"initialize/3[org.apache.openjpa.jdbc.kernel.exps.Select,org.apache.openjpa.jdbc.kernel.exps.JDBCStore,boolean]","org.apache.openjpa.jdbc.kernel.exps.Aggregate.initialize/3[org.apache.openjpa.jdbc.kernel.exps.Select,org.apache.openjpa.jdbc.kernel.exps.JDBCStore,boolean]",7,3,1,0,0,0,0,1,317,1,1,0,false
0.9.0,openjpa-jdbc/src/main/java/org/apache/openjpa/jdbc/kernel/exps/JDBCExpressionFactory.java,"endsWith/2[org.apache.openjpa.kernel.exps.Value,org.apache.openjpa.kernel.exps.Value]","org.apache.openjpa.jdbc.kernel.exps.JDBCExpressionFactory.endsWith/2[org.apache.openjpa.kernel.exps.Value,org.apache.openjpa.kernel.exps.Value]",3,1,0,0,0,1,0,0,317,1,1,0,false
0.9.0,openjpa-kernel/src/main/java/org/apache/openjpa/ant/PCEnhancerTask.java,getDirectory/0,org.apache.openjpa.enhance.PCEnhancer.getDirectory/0,3,1,0,0,0,1,0,0,334,1,1,0,false
0.9.0,openjpa-lib/src/main/java/org/apache/openjpa/lib/jdbc/DelegatingCallableStatement.java,getArray/1[int],org.apache.openjpa.lib.jdbc.DelegatingCallableStatement.getArray/1[int],3,1,0,0,0,1,0,0,243,1,1,0,false
0.9.6,openjpa-kernel/src/main/java/org/apache/openjpa/kernel/StoreContext.java,"findAll/5[java.util.Collection,org.apache.openjpa.kernel.FetchState,java.util.BitSet,java.lang.Object,int]","org.apache.openjpa.kernel.StoreContext.findAll/5[java.util.Collection,org.apache.openjpa.kernel.FetchState,java.util.BitSet,java.lang.Object,int]",1,1,0,0,0,0,0,0,334,1,1,0,false
0.9.0,openjpa-jdbc/src/main/java/org/apache/openjpa/jdbc/meta/strats/RelationToManyInverseKeyFieldStrategy.java,"insert/3[org.apache.openjpa.jdbc.meta.strats.OpenJPAStateManager,org.apache.openjpa.jdbc.kernel.JDBCStore,org.apache.openjpa.jdbc.meta.strats.RowManager]","org.apache.openjpa.jdbc.meta.strats.RelationToManyInverseKeyFieldStrategy.insert/3[org.apache.openjpa.jdbc.meta.strats.OpenJPAStateManager,org.apache.openjpa.jdbc.kernel.JDBCStore,org.apache.openjpa.jdbc.meta.strats.RowManager]",3,4,0,0,0,0,1,1,317,2,2,0,false
0.9.0,openjpa-lib/src/main/java/org/apache/openjpa/lib/jdbc/DelegatingResultSet.java,previous/0,org.apache.openjpa.lib.jdbc.DelegatingResultSet.previous/0,3,1,0,0,0,1,0,0,243,1,1,0,false
0.9.6,openjpa-jdbc/src/main/java/org/apache/openjpa/jdbc/meta/strats/RelationMapInverseKeyFieldStrategy.java,"joinKeyRelation/2[org.apache.openjpa.jdbc.sql.Joins,org.apache.openjpa.jdbc.meta.strats.ClassMapping]","org.apache.openjpa.jdbc.meta.strats.RelationMapInverseKeyFieldStrategy.joinKeyRelation/2[org.apache.openjpa.jdbc.sql.Joins,org.apache.openjpa.jdbc.meta.strats.ClassMapping]",3,1,0,0,0,1,0,0,317,2,2,0,false
0.9.6,openjpa-persistence/src/main/java/org/apache/openjpa/persistence/PersistenceExceptions.java,translateGeneralException/1[org.apache.openjpa.persistence.OpenJPAException],org.apache.openjpa.persistence.PersistenceExceptions.translateGeneralException/1[org.apache.openjpa.persistence.OpenJPAException],5,1,1,0,0,1,1,2,334,2,4,0,false
0.9.6,openjpa-jdbc/src/main/java/org/apache/openjpa/jdbc/kernel/exps/CurrentDate.java,getValue/1[java.lang.Object[]],org.apache.openjpa.jdbc.kernel.exps.CurrentDate.getValue/1[java.lang.Object[]],3,1,0,0,0,1,0,0,1211,0,0,0,false
0.9.6,openjpa-jdbc/src/main/java/org/apache/openjpa/jdbc/meta/strats/RelationMapInverseKeyFieldStrategy.java,"joinValueRelation/2[org.apache.openjpa.jdbc.sql.Joins,org.apache.openjpa.jdbc.meta.strats.ClassMapping]","org.apache.openjpa.jdbc.meta.strats.RelationMapInverseKeyFieldStrategy.joinValueRelation/2[org.apache.openjpa.jdbc.sql.Joins,org.apache.openjpa.jdbc.meta.strats.ClassMapping]",3,1,0,0,0,1,0,0,317,2,2,0,false
0.9.0,openjpa-jdbc/src/main/java/org/apache/openjpa/jdbc/kernel/exps/IsEmptyExpression.java,"initialize/4[org.apache.openjpa.jdbc.kernel.exps.Select,org.apache.openjpa.jdbc.kernel.JDBCStore,java.lang.Object[],java.util.Map]","org.apache.openjpa.jdbc.kernel.exps.IsEmptyExpression.initialize/4[org.apache.openjpa.jdbc.kernel.exps.Select,org.apache.openjpa.jdbc.kernel.JDBCStore,java.lang.Object[],java.util.Map]",3,1,0,0,0,0,0,0,317,1,1,0,false
0.9.0,openjpa-jdbc/src/main/java/org/apache/openjpa/jdbc/meta/DiscriminatorMappingInfo.java,initialize/0,org.apache.openjpa.jdbc.meta.Discriminator.initialize/0,3,1,0,0,0,0,0,1,317,1,1,1,false
0.9.0,openjpa-lib/src/main/java/org/apache/openjpa/lib/jdbc/DelegatingResultSet.java,wasNull/0,org.apache.openjpa.lib.jdbc.DelegatingResultSet.wasNull/0,3,1,0,0,0,1,0,0,243,1,1,0,false
0.9.6,openjpa-jdbc/src/main/java/org/apache/openjpa/jdbc/sql/PostgresDictionary.java,"getLong/2[java.sql.ResultSet,int]","org.apache.openjpa.jdbc.sql.PostgresDictionary.getLong/2[java.sql.ResultSet,int]",8,2,0,0,1,2,0,0,317,1,1,0,false
0.9.6,openjpa-persistence/src/main/java/org/apache/openjpa/persistence/StoreCache.java,"unpinAll/2[java.lang.Class,java.util.Collection]","org.apache.openjpa.persistence.StoreCache.unpinAll/2[java.lang.Class,java.util.Collection]",3,2,0,0,0,0,1,2,334,1,1,0,false
0.9.6,openjpa-jdbc/src/main/java/org/apache/openjpa/jdbc/meta/strats/RelationMapTableFieldStrategy.java,getUniques/0,org.apache.openjpa.jdbc.schema.Table.getUniques/0,4,3,1,0,0,1,5,0,317,2,2,0,false
0.9.6,openjpa-jdbc/src/main/java/org/apache/openjpa/jdbc/kernel/exps/SelectConstructor.java,"append/2[org.apache.openjpa.jdbc.sql.SQLBuffer,org.apache.openjpa.jdbc.sql.Joins]","org.apache.openjpa.jdbc.sql.Select.append/2[org.apache.openjpa.jdbc.sql.SQLBuffer,org.apache.openjpa.jdbc.sql.Joins]",1,1,0,0,0,0,3,0,317,1,1,0,false
0.9.0,openjpa-slice/src/main/java/org/apache/openjpa/slice/jdbc/DistributedJDBCStoreManager.java,setContext/1[org.apache.openjpa.jdbc.kernel.StoreContext],org.apache.openjpa.jdbc.kernel.JDBCStoreManager.setContext/1[org.apache.openjpa.jdbc.kernel.StoreContext],11,5,8,0,0,0,0,7,281,1,1,0,false
0.9.0,openjpa-lib/src/main/java/org/apache/openjpa/lib/util/concurrent/ConcurrentReferenceHashMap.java,clone/0,org.apache.openjpa.lib.util.concurrent.ConcurrentReferenceHashMap.clone/0,25,5,12,0,1,1,0,4,243,1,1,6,false
0.9.0,openjpa-lib/src/main/java/org/apache/openjpa/lib/jdbc/DelegatingCallableStatement.java,"setNull/2[int,int]","org.apache.openjpa.lib.jdbc.DelegatingCallableStatement.setNull/2[int,int]",3,1,0,0,0,0,0,0,243,1,1,0,false
0.9.0,openjpa-kernel/src/main/java/org/apache/openjpa/conf/OpenJPAConfiguration.java,setMetaDataFactory/1[java.lang.String],org.apache.openjpa.conf.OpenJPAConfiguration.setMetaDataFactory/1[java.lang.String],1,1,0,0,0,0,0,0,334,1,1,0,false
0.9.0,openjpa-jdbc/src/main/java/org/apache/openjpa/jdbc/schema/XMLSchemaParser.java,startPrimaryKey/1[org.xml.sax.Attributes],org.apache.openjpa.jdbc.schema.XMLSchemaParser.startPrimaryKey/1[org.xml.sax.Attributes],7,2,3,0,0,0,1,2,317,2,2,2,false
0.9.6,openjpa-kernel/src/main/java/org/apache/openjpa/kernel/jpql/JPQLExpressionBuilder.java,getPath/1[org.apache.openjpa.kernel.jpql.JPQLExpressionBuilder.JPQLNode],org.apache.openjpa.kernel.jpql.JPQLExpressionBuilder.getPath/1[org.apache.openjpa.kernel.jpql.JPQLExpressionBuilder.JPQLNode],3,1,0,0,0,1,7,1,334,1,3,0,false
0.9.6,openjpa-jdbc/src/main/java/org/apache/openjpa/jdbc/meta/DiscriminatorMappingInfo.java,"mergeJoinColumn/12[org.apache.openjpa.jdbc.meta.MetaDataContext,java.lang.String,org.apache.openjpa.jdbc.meta.Column,java.lang.Object[][],int,org.apache.openjpa.jdbc.meta.Table,org.apache.openjpa.jdbc.meta.ClassMapping,org.apache.openjpa.jdbc.meta.ClassMapping,org.apache.openjpa.jdbc.meta.MappingInfo.ForeignKeyDefaults,boolean,boolean,boolean]","org.apache.openjpa.jdbc.meta.MappingInfo.mergeJoinColumn/12[org.apache.openjpa.jdbc.meta.MetaDataContext,java.lang.String,org.apache.openjpa.jdbc.meta.Column,java.lang.Object[][],int,org.apache.openjpa.jdbc.meta.Table,org.apache.openjpa.jdbc.meta.ClassMapping,org.apache.openjpa.jdbc.meta.ClassMapping,org.apache.openjpa.jdbc.meta.MappingInfo.ForeignKeyDefaults,boolean,boolean,boolean]",132,70,62,16,1,0,1,5,317,1,1,14,false
0.9.0,openjpa-persistence/src/main/java/org/apache/openjpa/persistence/AnnotationPersistenceMetaDataParser.java,"parseOneToOne/2[org.apache.openjpa.persistence.FieldMetaData,org.apache.openjpa.persistence.OneToOne]","org.apache.openjpa.persistence.AnnotationPersistenceMetaDataParser.parseOneToOne/2[org.apache.openjpa.persistence.FieldMetaData,org.apache.openjpa.persistence.OneToOne]",8,7,0,0,0,0,1,3,334,4,5,0,false
0.9.0,openjpa-lib/src/main/java/org/apache/openjpa/lib/conf/FileValue.java,getInternalString/0,org.apache.openjpa.lib.conf.FileValue.getInternalString/0,3,2,0,0,0,1,0,0,243,1,1,0,false
0.9.0,openjpa-lib/src/main/java/org/apache/openjpa/lib/jdbc/DelegatingResultSet.java,"updateByte/2[int,byte]","org.apache.openjpa.lib.jdbc.DelegatingResultSet.updateByte/2[int,byte]",3,1,0,0,0,0,0,0,243,1,1,0,false
0.9.0,openjpa-jdbc/src/main/java/org/apache/openjpa/jdbc/kernel/ClassTableJDBCSeq.java,getIgnoreUnmapped/0,org.apache.openjpa.jdbc.kernel.ClassTableJDBCSeq.getIgnoreUnmapped/0,3,1,0,0,0,1,0,0,317,1,1,0,false
0.9.0,openjpa-kernel/src/main/java/org/apache/openjpa/kernel/OrderingMergedResultObjectProvider.java,"getArray/2[org.apache.openjpa.jdbc.sql.Column,org.apache.openjpa.jdbc.sql.Joins]","org.apache.openjpa.jdbc.sql.MergedResult.getArray/2[org.apache.openjpa.jdbc.sql.Column,org.apache.openjpa.jdbc.sql.Joins]",3,1,0,0,0,1,0,1,334,1,1,0,false
0.9.6,openjpa-kernel/src/main/java/org/apache/openjpa/util/LongId.java,idEquals/1[org.apache.openjpa.util.OpenJPAId],org.apache.openjpa.util.LongId.idEquals/1[org.apache.openjpa.util.OpenJPAId],3,2,0,0,0,1,0,0,334,1,1,0,false
0.9.0,openjpa-kernel/src/main/java/org/apache/openjpa/util/InternalException.java,"InternalException/2[java.lang.String,java.lang.Throwable]","org.apache.openjpa.util.InternalException.InternalException/2[java.lang.String,java.lang.Throwable]",4,1,0,0,0,0,1,1,334,1,1,0,false
0.9.0,openjpa-lib/src/main/java/org/apache/openjpa/lib/util/concurrent/ConcurrentReferenceHashMap.java,hasNext/0,org.apache.openjpa.lib.util.concurrent.ConcurrentReferenceHashMap.HashIterator.hasNext/0,20,7,4,2,0,4,1,0,243,1,1,0,false
0.9.6,openjpa-persistence/src/main/java/org/apache/openjpa/persistence/QueryImpl.java,setIgnoreChanges/1[boolean],org.apache.openjpa.kernel.QueryImpl.setIgnoreChanges/1[boolean],10,1,1,0,1,0,0,3,334,5,11,0,false
0.9.6,openjpa-kernel/src/main/java/org/apache/openjpa/kernel/exps/SubQ.java,"appendIsNotNull/5[org.apache.openjpa.jdbc.kernel.exps.SQLBuffer,org.apache.openjpa.jdbc.kernel.exps.Select,org.apache.openjpa.jdbc.kernel.exps.JDBCStore,java.lang.Object[],org.apache.openjpa.jdbc.kernel.exps.JDBCFetchConfiguration]","org.apache.openjpa.jdbc.kernel.exps.SubQ.appendIsNotNull/5[org.apache.openjpa.jdbc.kernel.exps.SQLBuffer,org.apache.openjpa.jdbc.kernel.exps.Select,org.apache.openjpa.jdbc.kernel.exps.JDBCStore,java.lang.Object[],org.apache.openjpa.jdbc.kernel.exps.JDBCFetchConfiguration]",4,1,0,0,0,0,0,1,334,1,1,0,false
0.9.0,openjpa-jdbc/src/main/java/org/apache/openjpa/jdbc/kernel/JDBCStoreManager.java,"joinSubclass/4[org.apache.openjpa.jdbc.kernel.Select,org.apache.openjpa.jdbc.kernel.ClassMapping,org.apache.openjpa.jdbc.kernel.ClassMapping,org.apache.openjpa.jdbc.kernel.Joins]","org.apache.openjpa.jdbc.kernel.JDBCStoreManager.joinSubclass/4[org.apache.openjpa.jdbc.kernel.Select,org.apache.openjpa.jdbc.kernel.ClassMapping,org.apache.openjpa.jdbc.kernel.ClassMapping,org.apache.openjpa.jdbc.kernel.Joins]",7,5,3,0,0,2,3,1,317,3,5,0,false
0.9.0,openjpa-kernel/src/main/java/org/apache/openjpa/kernel/StateManagerImpl.java,"sharesCustomFetchGroups/2[org.apache.openjpa.kernel.FieldMetaData,org.apache.openjpa.kernel.FieldMetaData]","org.apache.openjpa.kernel.StateManagerImpl.sharesCustomFetchGroups/2[org.apache.openjpa.kernel.FieldMetaData,org.apache.openjpa.kernel.FieldMetaData]",5,3,2,0,0,2,0,0,334,3,10,0,false
0.9.6,openjpa-kernel/src/main/java/org/apache/openjpa/meta/MetaDataRepository.java,"getQueryMetaDataInternal/3[java.lang.Class,java.lang.String,java.lang.ClassLoader]","org.apache.openjpa.meta.MetaDataRepository.getQueryMetaDataInternal/3[java.lang.Class,java.lang.String,java.lang.ClassLoader]",14,9,4,0,0,5,1,4,334,3,5,0,false
0.9.6,openjpa-jdbc/src/main/java/org/apache/openjpa/jdbc/meta/strats/NoneFieldStrategy.java,getInstance/0,org.apache.openjpa.jdbc.meta.strats.NoneFieldStrategy.getInstance/0,3,1,0,0,0,1,0,0,317,1,1,0,false
0.9.0,openjpa-kernel/src/main/java/org/apache/openjpa/kernel/exps/AbstractExpressionVisitor.java,enter/1[org.apache.openjpa.kernel.exps.Expression],org.apache.openjpa.kernel.exps.AbstractExpressionVisitor.enter/1[org.apache.openjpa.kernel.exps.Expression],2,1,0,0,0,0,0,0,1150,0,0,0,false
0.9.6,openjpa-kernel/src/main/java/org/apache/openjpa/meta/SequenceMetaData.java,Sequence/0,org.apache.openjpa.jdbc.schema.Sequence.Sequence/0,2,1,0,0,0,0,0,0,334,1,1,0,false
0.9.6,openjpa-kernel/src/main/java/org/apache/openjpa/kernel/AttachManager.java,"throwExceptions/3[java.util.List,java.util.List,boolean]","org.apache.openjpa.kernel.AttachManager.throwExceptions/3[java.util.List,java.util.List,boolean]",8,6,1,0,0,1,2,0,334,1,1,1,false
0.9.6,openjpa-kernel/src/main/java/org/apache/openjpa/ant/PCEnhancerTask.java,"loadManagedInstance/2[serp.bytecode.Code,boolean]","org.apache.openjpa.enhance.PCEnhancer.loadManagedInstance/2[serp.bytecode.Code,boolean]",4,3,0,0,0,2,27,2,334,1,1,2,false
0.9.6,openjpa-jdbc/src/main/java/org/apache/openjpa/jdbc/sql/LogicalUnion.java,"groupBy/2[org.apache.openjpa.jdbc.sql.Column,boolean]","org.apache.openjpa.jdbc.sql.LogicalUnion.UnionSelect.groupBy/2[org.apache.openjpa.jdbc.sql.Column,boolean]",3,1,0,0,0,1,0,1,317,3,4,0,false
0.9.6,openjpa-jdbc/src/main/java/org/apache/openjpa/jdbc/meta/strats/ValueMapDiscriminatorStrategy.java,getJavaType/0,org.apache.openjpa.jdbc.meta.strats.ValueMapDiscriminatorStrategy.getJavaType/0,12,7,4,0,0,4,0,1,317,1,1,4,false
0.9.6,openjpa-jdbc/src/main/java/org/apache/openjpa/jdbc/sql/RowImpl.java,"whereDouble/2[org.apache.openjpa.jdbc.sql.Column,double]","org.apache.openjpa.jdbc.sql.RowImpl.whereDouble/2[org.apache.openjpa.jdbc.sql.Column,double]",3,1,0,0,0,0,0,1,1211,0,0,0,false
0.9.6,openjpa-jdbc/src/main/java/org/apache/openjpa/jdbc/kernel/exps/Math.java,"initialize/3[org.apache.openjpa.jdbc.kernel.exps.Select,org.apache.openjpa.jdbc.kernel.exps.JDBCStore,boolean]","org.apache.openjpa.jdbc.kernel.exps.Math.initialize/3[org.apache.openjpa.jdbc.kernel.exps.Select,org.apache.openjpa.jdbc.kernel.exps.JDBCStore,boolean]",5,1,1,0,0,0,0,0,317,1,1,0,false
0.9.0,openjpa-kernel/src/main/java/org/apache/openjpa/util/DateId.java,"DateId/2[java.lang.Class,java.sql.Date]","org.apache.openjpa.util.DateId.DateId/2[java.lang.Class,java.sql.Date]",3,1,0,0,0,0,0,0,334,1,1,0,false
0.9.6,openjpa-persistence/src/main/java/org/apache/openjpa/persistence/QueryImpl.java,setMaxResults/1[int],org.apache.openjpa.persistence.QueryImpl.setMaxResults/1[int],6,2,1,1,0,1,0,2,334,5,11,0,false
0.9.6,openjpa-persistence-jdbc/src/main/java/org/apache/openjpa/persistence/jdbc/KeyForeignKey.java,getActionName/1[int],org.apache.openjpa.jdbc.schema.ForeignKey.getActionName/1[int],16,6,0,0,0,5,0,0,701,0,0,0,false
0.9.6,openjpa-lib/src/main/java/org/apache/openjpa/lib/log/MultiLogFactory.java,error/1[java.lang.Object],org.apache.openjpa.lib.log.MultiLogFactory.MultiLog.error/1[java.lang.Object],3,2,1,0,0,0,0,1,243,1,1,0,false
0.9.6,openjpa-kernel/src/main/java/org/apache/openjpa/conf/OpenJPAConfigurationImpl.java,setWriteLockLevel/1[java.lang.String],org.apache.openjpa.conf.OpenJPAConfigurationImpl.setWriteLockLevel/1[java.lang.String],4,1,0,0,0,0,0,1,334,3,5,0,false
0.9.0,openjpa-kernel/src/main/java/org/apache/openjpa/kernel/StateManagerImpl.java,"providedByteField/3[org.apache.openjpa.kernel.PersistenceCapable,int,byte]","org.apache.openjpa.kernel.StateManagerImpl.providedByteField/3[org.apache.openjpa.kernel.PersistenceCapable,int,byte]",3,1,0,0,0,0,0,0,334,3,10,0,false
0.9.0,openjpa-jdbc/src/main/java/org/apache/openjpa/jdbc/meta/strats/RelationFieldStrategy.java,"selectEagerParallel/5[org.apache.openjpa.jdbc.meta.strats.Select,org.apache.openjpa.jdbc.meta.strats.ClassMapping,org.apache.openjpa.jdbc.meta.strats.JDBCStore,org.apache.openjpa.jdbc.meta.strats.JDBCFetchState,int]","org.apache.openjpa.jdbc.meta.strats.RelationFieldStrategy.selectEagerParallel/5[org.apache.openjpa.jdbc.meta.strats.Select,org.apache.openjpa.jdbc.meta.strats.ClassMapping,org.apache.openjpa.jdbc.meta.strats.JDBCStore,org.apache.openjpa.jdbc.meta.strats.JDBCFetchState,int]",6,1,1,0,0,0,0,1,317,3,4,1,false
0.9.6,openjpa-jdbc/src/main/java/org/apache/openjpa/jdbc/meta/QueryResultMapping.java,map/1[org.apache.openjpa.jdbc.schema.Column],org.apache.openjpa.jdbc.meta.QueryResultMapping.SingleColumnMap.map/1[org.apache.openjpa.jdbc.schema.Column],3,1,0,0,0,1,0,0,317,2,2,0,false
0.9.0,openjpa-lib/src/main/java/org/apache/openjpa/lib/util/MultiClassLoader.java,"addClassLoaders/2[int,org.apache.openjpa.lib.util.MultiClassLoader]","org.apache.openjpa.lib.util.MultiClassLoader.addClassLoaders/2[int,org.apache.openjpa.lib.util.MultiClassLoader]",11,4,3,0,0,2,0,1,243,2,2,1,false
0.9.0,openjpa-lib/src/main/java/org/apache/openjpa/lib/conf/PluginValue.java,getInternalString/0,org.apache.openjpa.lib.conf.PluginValue.getInternalString/0,3,1,0,0,0,0,0,0,243,1,1,0,false
0.9.0,openjpa-kernel/src/main/java/org/apache/openjpa/enhance/DynamicStorageGenerator.java,"setLong/2[int,long]","org.apache.openjpa.enhance.DynamicStorage.setLong/2[int,long]",1,1,0,0,0,0,0,0,334,1,1,0,false
0.9.6,openjpa-jdbc/src/main/java/org/apache/openjpa/jdbc/schema/SchemaTool.java,dropForeignKey/1[org.apache.openjpa.jdbc.schema.ForeignKey],org.apache.openjpa.jdbc.schema.SchemaTool.dropForeignKey/1[org.apache.openjpa.jdbc.schema.ForeignKey],3,1,0,0,0,1,2,2,317,3,3,0,false
0.9.0,openjpa-jdbc/src/main/java/org/apache/openjpa/jdbc/kernel/MappedQueryResultObjectProvider.java,"putEager/2[org.apache.openjpa.jdbc.kernel.FieldMapping,java.lang.Object]","org.apache.openjpa.jdbc.kernel.MappedQueryResultObjectProvider.MappingResult.putEager/2[org.apache.openjpa.jdbc.kernel.FieldMapping,java.lang.Object]",3,1,0,0,0,0,0,0,317,1,1,0,false
0.9.0,openjpa-kernel/src/main/java/org/apache/openjpa/kernel/DelegatingResultList.java,contains/1[java.lang.Object],org.apache.openjpa.kernel.DelegatingResultList.contains/1[java.lang.Object],8,2,0,0,1,1,0,1,334,1,1,1,false
0.9.6,openjpa-lib/src/main/java/org/apache/openjpa/lib/util/CodeFormat.java,lmul/0,serp.bytecode.Code.lmul/0,3,1,0,0,0,1,0,1,243,1,1,0,false
0.9.0,openjpa-kernel/src/main/java/org/apache/openjpa/conf/OpenJPAConfiguration.java,setTransactionModeManaged/1[boolean],org.apache.openjpa.conf.OpenJPAConfiguration.setTransactionModeManaged/1[boolean],1,1,0,0,0,0,0,0,334,1,1,0,false
0.9.6,openjpa-jdbc/src/main/java/org/apache/openjpa/jdbc/sql/DBDictionaryFactory.java,"getTables/5[java.sql.DatabaseMetaData,java.lang.String,java.lang.String,java.lang.String,java.sql.Connection]","org.apache.openjpa.jdbc.sql.DBDictionary.getTables/5[java.sql.DatabaseMetaData,java.lang.String,java.lang.String,java.lang.String,java.sql.Connection]",21,7,8,0,2,1,1,5,317,2,2,0,false
0.9.0,openjpa-kernel/src/main/java/org/apache/openjpa/datacache/DataCachePCDataImpl.java,"toNestedData/3[org.apache.openjpa.datacache.ValueMetaData,java.lang.Object,org.apache.openjpa.datacache.StoreContext]","org.apache.openjpa.datacache.DataCachePCDataImpl.toNestedData/3[org.apache.openjpa.datacache.ValueMetaData,java.lang.Object,org.apache.openjpa.datacache.StoreContext]",11,5,0,0,0,3,0,0,334,1,1,0,false
0.9.0,openjpa-jdbc/src/main/java/org/apache/openjpa/jdbc/sql/SelectImpl.java,"select/3[org.apache.openjpa.jdbc.sql.Column,org.apache.openjpa.jdbc.sql.PathJoins,boolean]","org.apache.openjpa.jdbc.sql.SelectImpl.select/3[org.apache.openjpa.jdbc.sql.Column,org.apache.openjpa.jdbc.sql.PathJoins,boolean]",10,6,3,0,0,2,7,6,317,4,6,0,false
0.9.6,openjpa-kernel/src/main/java/org/apache/openjpa/kernel/ObjectIdStateManager.java,fetchByte/1[int],org.apache.openjpa.kernel.ObjectIdStateManager.fetchByte/1[int],3,1,0,0,0,1,1,1,334,3,3,0,false
0.9.0,openjpa-jdbc/src/main/java/org/apache/openjpa/jdbc/kernel/exps/JDBCAggregateListener.java,"groupBy/4[org.apache.openjpa.jdbc.kernel.exps.Select,org.apache.openjpa.jdbc.kernel.JDBCStore,java.lang.Object[],org.apache.openjpa.jdbc.kernel.JDBCFetchState]","org.apache.openjpa.jdbc.kernel.exps.Aggregate.groupBy/4[org.apache.openjpa.jdbc.kernel.exps.Select,org.apache.openjpa.jdbc.kernel.JDBCStore,java.lang.Object[],org.apache.openjpa.jdbc.kernel.JDBCFetchState]",3,1,0,0,0,0,0,1,317,1,1,0,false
0.9.0,openjpa-jdbc/src/main/java/org/apache/openjpa/jdbc/kernel/exps/UnaryOp.java,"select/5[org.apache.openjpa.jdbc.kernel.exps.Select,org.apache.openjpa.jdbc.kernel.exps.JDBCStore,java.lang.Object[],boolean,org.apache.openjpa.jdbc.kernel.exps.JDBCFetchConfiguration]","org.apache.openjpa.jdbc.kernel.exps.UnaryOp.select/5[org.apache.openjpa.jdbc.kernel.exps.Select,org.apache.openjpa.jdbc.kernel.exps.JDBCStore,java.lang.Object[],boolean,org.apache.openjpa.jdbc.kernel.exps.JDBCFetchConfiguration]",4,2,0,0,0,0,0,3,317,1,1,0,false
0.9.0,openjpa-jdbc/src/main/java/org/apache/openjpa/jdbc/kernel/exps/JDBCExpressionFactory.java,newPath/1[org.apache.openjpa.jdbc.kernel.exps.Value],org.apache.openjpa.jdbc.kernel.exps.JDBCExpressionFactory.newPath/1[org.apache.openjpa.jdbc.kernel.exps.Value],5,3,0,0,0,3,0,3,317,1,1,0,false
0.9.6,openjpa-persistence/src/main/java/org/apache/openjpa/persistence/RollbackException.java,RollbackException/1[java.lang.Exception],org.apache.openjpa.persistence.RollbackException.RollbackException/1[java.lang.Exception],4,1,1,0,0,0,0,0,334,1,1,0,false
0.9.6,openjpa-jdbc/src/main/java/org/apache/openjpa/jdbc/meta/strats/RelationMapTableFieldStrategy.java,removeIndex/1[org.apache.openjpa.jdbc.schema.Index],org.apache.openjpa.jdbc.schema.Table.removeIndex/1[org.apache.openjpa.jdbc.schema.Index],11,6,3,0,0,3,2,1,317,2,2,5,false
0.9.0,openjpa-lib/src/main/java/org/apache/openjpa/lib/log/MultiLogFactory.java,getLog/1[String],getLog/1[String],1,1,0,0,0,0,0,0,243,1,1,0,false
0.9.6,openjpa-persistence/src/main/java/org/apache/openjpa/persistence/TransactionRequiredException.java,getNestedThrowables/0,org.apache.openjpa.persistence.TransactionRequiredException.getNestedThrowables/0,3,2,0,0,0,1,0,0,334,1,1,0,false
0.9.6,openjpa-lib/src/main/java/org/apache/openjpa/lib/jdbc/LoggingConnectionDecorator.java,"getCrossReference/6[java.lang.String,java.lang.String,java.lang.String,java.lang.String,java.lang.String,java.lang.String]","org.apache.openjpa.lib.jdbc.LoggingConnectionDecorator.LoggingConnection.LoggingDatabaseMetaData.getCrossReference/6[java.lang.String,java.lang.String,java.lang.String,java.lang.String,java.lang.String,java.lang.String]",4,2,0,1,0,1,0,2,243,1,1,0,false
0.9.6,openjpa-persistence/src/main/java/org/apache/openjpa/persistence/EntityManagerImpl.java,containsAll/1[java.util.Collection],org.apache.openjpa.persistence.EntityManagerImpl.containsAll/1[java.util.Collection],4,3,0,0,0,2,0,1,334,4,8,0,false
0.9.6,openjpa-kernel/src/main/java/org/apache/openjpa/kernel/ObjectIdStateManager.java,"storeStringField/2[int,java.lang.String]","org.apache.openjpa.kernel.ObjectIdStateManager.storeStringField/2[int,java.lang.String]",3,1,0,0,0,0,0,1,334,3,3,0,false
0.9.6,openjpa-jdbc/src/main/java/org/apache/openjpa/jdbc/kernel/FinderQueryImpl.java,"add/2[int,java.lang.Object]","org.apache.openjpa.kernel.QueryImpl.RemoveOnCloseResultList.add/2[int,java.lang.Object]",3,1,0,0,0,0,0,0,261,0,0,0,false
0.9.6,openjpa-jdbc/src/main/java/org/apache/openjpa/jdbc/sql/Raw.java,toString/0,org.apache.openjpa.jdbc.sql.Raw.toString/0,3,1,0,0,0,1,0,0,317,1,1,0,false
0.9.6,openjpa-persistence/src/main/java/org/apache/openjpa/persistence/EntityManagerImpl.java,getLifecycleListenerCallbackMode/0,org.apache.openjpa.persistence.EntityManagerImpl.getLifecycleListenerCallbackMode/0,3,1,0,0,0,1,0,0,334,4,8,0,false
0.9.6,openjpa-lib/src/main/java/org/apache/openjpa/lib/util/CodeFormat.java,getstatic/0,serp.bytecode.Code.getstatic/0,3,1,0,0,0,1,10,1,243,1,1,0,false
0.9.6,openjpa-kernel/src/main/java/org/apache/openjpa/meta/FieldMetaData.java,getCascadeRefresh/0,org.apache.openjpa.meta.FieldMetaData.getCascadeRefresh/0,3,1,0,0,0,1,1,0,334,2,2,0,false
0.9.6,openjpa-jdbc/src/main/java/org/apache/openjpa/jdbc/kernel/exps/SelectConstructor.java,"orderBy/3[org.apache.openjpa.jdbc.sql.SQLBuffer,boolean,boolean]","org.apache.openjpa.jdbc.sql.Select.orderBy/3[org.apache.openjpa.jdbc.sql.SQLBuffer,boolean,boolean]",1,1,0,0,0,0,0,0,317,1,1,0,false
0.9.6,openjpa-jdbc/src/main/java/org/apache/openjpa/jdbc/meta/strats/StoreCollectionFieldStrategy.java,isEagerSelectToMany/0,org.apache.openjpa.jdbc.meta.strats.StoreCollectionFieldStrategy.isEagerSelectToMany/0,3,1,0,0,0,1,0,0,317,2,2,0,false
0.9.0,openjpa-jdbc/src/main/java/org/apache/openjpa/jdbc/sql/DBDictionaryFactory.java,"setString/4[java.sql.PreparedStatement,int,java.lang.String,org.apache.openjpa.jdbc.sql.Column]","org.apache.openjpa.jdbc.sql.DBDictionary.setString/4[java.sql.PreparedStatement,int,java.lang.String,org.apache.openjpa.jdbc.sql.Column]",3,1,0,0,0,0,7,0,317,2,2,0,false
0.9.0,openjpa-jdbc/src/main/java/org/apache/openjpa/jdbc/sql/DBDictionaryFactory.java,"appendUpdates/6[org.apache.openjpa.jdbc.sql.Select,org.apache.openjpa.jdbc.kernel.JDBCStore,org.apache.openjpa.jdbc.sql.SQLBuffer,java.lang.Object[],java.util.Map,boolean]","org.apache.openjpa.jdbc.sql.DBDictionary.appendUpdates/6[org.apache.openjpa.jdbc.sql.Select,org.apache.openjpa.jdbc.kernel.JDBCStore,org.apache.openjpa.jdbc.sql.SQLBuffer,java.lang.Object[],java.util.Map,boolean]",17,7,7,0,0,1,1,1,317,2,2,6,false
0.9.6,openjpa-jdbc/src/main/java/org/apache/openjpa/jdbc/sql/SelectImpl.java,clear/0,org.apache.openjpa.jdbc.sql.SelectImpl.Selects.clear/0,6,1,4,0,0,0,1,0,317,4,6,0,false
0.9.0,openjpa-lib/src/main/java/org/apache/openjpa/lib/conf/ObjectValue.java,get/0,org.apache.openjpa.lib.conf.ObjectValue.get/0,3,1,0,0,0,1,4,0,243,2,3,0,false
0.9.0,openjpa-lib/src/main/java/org/apache/openjpa/lib/jdbc/DelegatingCallableStatement.java,"setLong/2[java.lang.String,long]","org.apache.openjpa.lib.jdbc.DelegatingCallableStatement.setLong/2[java.lang.String,long]",3,1,0,0,0,0,0,0,243,1,1,0,false
0.9.6,openjpa-lib/src/main/java/org/apache/openjpa/lib/jdbc/LoggingConnectionDecorator.java,getPrettyPrint/0,org.apache.openjpa.lib.jdbc.LoggingConnectionDecorator.getPrettyPrint/0,3,1,0,0,0,1,0,0,243,1,1,0,false
0.9.0,openjpa-kernel/src/main/java/org/apache/openjpa/kernel/BrokerImpl.java,free/0,org.apache.openjpa.kernel.BrokerImpl.free/0,62,14,23,1,4,0,3,6,334,5,17,10,false
0.9.0,openjpa-lib/src/main/java/org/apache/openjpa/lib/jdbc/DelegatingDataSource.java,"getConnection/2[java.lang.String,java.lang.String]","org.apache.openjpa.lib.jdbc.DelegatingDataSource.getConnection/2[java.lang.String,java.lang.String]",4,3,0,0,0,2,0,0,243,1,1,0,false
0.9.6,openjpa-jdbc/src/main/java/org/apache/openjpa/jdbc/meta/ClassMapping.java,"supportsEagerSelect/5[org.apache.openjpa.jdbc.meta.Select,org.apache.openjpa.jdbc.meta.OpenJPAStateManager,org.apache.openjpa.jdbc.meta.JDBCStore,org.apache.openjpa.jdbc.meta.ClassMapping,org.apache.openjpa.jdbc.meta.JDBCFetchConfiguration]","org.apache.openjpa.jdbc.meta.ClassMapping.supportsEagerSelect/5[org.apache.openjpa.jdbc.meta.Select,org.apache.openjpa.jdbc.meta.OpenJPAStateManager,org.apache.openjpa.jdbc.meta.JDBCStore,org.apache.openjpa.jdbc.meta.ClassMapping,org.apache.openjpa.jdbc.meta.JDBCFetchConfiguration]",3,1,0,0,0,1,0,1,317,2,3,1,false
0.9.6,openjpa-kernel/src/main/java/org/apache/openjpa/meta/NonPersistentMetaData.java,setListingIndex/1[int],org.apache.openjpa.meta.NonPersistentMetaData.setListingIndex/1[int],3,1,1,0,0,0,0,0,304,1,1,0,false
0.9.0,openjpa-kernel/src/main/java/org/apache/openjpa/kernel/StoreContext.java,getPendingTransactionalObjects/0,org.apache.openjpa.kernel.StoreContext.getPendingTransactionalObjects/0,1,1,0,0,0,0,0,0,334,1,1,0,false
0.9.0,openjpa-kernel/src/main/java/org/apache/openjpa/util/ProxyManagerImpl.java,copyCalendar/1[java.util.Calendar],org.apache.openjpa.util.ProxyManagerImpl.copyCalendar/1[java.util.Calendar],3,1,0,0,0,1,0,1,334,2,11,0,false
0.9.6,openjpa-persistence/src/main/java/org/apache/openjpa/persistence/NoResultException.java,toString/0,org.apache.openjpa.persistence.NoResultException.toString/0,3,1,0,0,0,1,0,0,334,1,1,0,false
0.9.6,openjpa-kernel/src/main/java/org/apache/openjpa/kernel/SingleFieldManager.java,"embed/2[org.apache.openjpa.kernel.ValueMetaData,java.lang.Object[]]","org.apache.openjpa.kernel.SingleFieldManager.embed/2[org.apache.openjpa.kernel.ValueMetaData,java.lang.Object[]]",3,2,2,0,0,0,2,1,334,2,2,0,false
0.9.6,openjpa-lib/src/main/java/org/apache/openjpa/lib/util/Files.java,"getFile/2[java.lang.String,java.lang.ClassLoader]","org.apache.openjpa.lib.util.Files.getFile/2[java.lang.String,java.lang.ClassLoader]",15,7,5,0,0,4,7,0,243,1,1,2,false
0.9.6,openjpa-lib/src/main/java/org/apache/openjpa/lib/rop/RangeResultObjectProvider.java,getBigDecimal/1[java.lang.Object],org.apache.openjpa.jdbc.sql.Result.getBigDecimal/1[java.lang.Object],1,1,0,0,0,0,1,0,243,1,1,0,false
0.9.6,openjpa-slice/src/main/java/org/apache/openjpa/slice/DistributedBrokerImpl.java,free/0,org.apache.openjpa.kernel.BrokerImpl.free/0,62,14,23,1,4,0,3,3,600,0,0,10,false
0.9.6,openjpa-lib/src/main/java/org/apache/openjpa/lib/rop/AbstractListIterator.java,add/1[java.lang.Object],org.apache.openjpa.lib.rop.AbstractListIterator.add/1[java.lang.Object],3,1,0,0,0,0,0,2,243,1,1,1,false
0.9.0,openjpa-jdbc/src/main/java/org/apache/openjpa/jdbc/kernel/exps/JDBCAggregateListener.java,clearParameters/0,org.apache.openjpa.jdbc.kernel.exps.Aggregate.clearParameters/0,3,2,0,0,0,0,2,0,317,1,1,0,false
0.9.0,openjpa-jdbc/src/main/java/org/apache/openjpa/jdbc/kernel/exps/JDBCExpressionFactory.java,"select/8[org.apache.openjpa.jdbc.kernel.exps.JDBCStoreQuery,org.apache.openjpa.jdbc.kernel.exps.ClassMapping,boolean,org.apache.openjpa.jdbc.kernel.exps.Select,org.apache.openjpa.jdbc.kernel.exps.QueryExpressions,java.lang.Object[],org.apache.openjpa.jdbc.kernel.exps.JDBCFetchConfiguration,int]","org.apache.openjpa.jdbc.kernel.exps.JDBCExpressionFactory.select/8[org.apache.openjpa.jdbc.kernel.exps.JDBCStoreQuery,org.apache.openjpa.jdbc.kernel.exps.ClassMapping,boolean,org.apache.openjpa.jdbc.kernel.exps.Select,org.apache.openjpa.jdbc.kernel.exps.QueryExpressions,java.lang.Object[],org.apache.openjpa.jdbc.kernel.exps.JDBCFetchConfiguration,int]",3,1,0,0,0,0,0,1,317,1,1,0,false
0.9.6,openjpa-jdbc/src/main/java/org/apache/openjpa/jdbc/meta/strats/EmbedFieldStrategy.java,"whereForeignKey/2[org.apache.openjpa.jdbc.meta.strats.ForeignKey,org.apache.openjpa.jdbc.meta.strats.OpenJPAStateManager]","org.apache.openjpa.jdbc.meta.strats.EmbedFieldStrategy.EmbeddedRow.whereForeignKey/2[org.apache.openjpa.jdbc.meta.strats.ForeignKey,org.apache.openjpa.jdbc.meta.strats.OpenJPAStateManager]",3,1,0,0,0,0,0,1,317,2,2,0,false
0.9.0,openjpa-kernel/src/main/java/org/apache/openjpa/kernel/BrokerImpl.java,"flushAdditions/2[java.util.Collection,int]","org.apache.openjpa.kernel.BrokerImpl.flushAdditions/2[java.util.Collection,int]",7,2,1,0,0,0,1,2,334,5,17,0,false
0.9.0,openjpa-kernel/src/main/java/org/apache/openjpa/meta/ValueMetaData.java,getCascadeDelete/0,org.apache.openjpa.meta.ValueMetaData.getCascadeDelete/0,1,1,0,0,0,0,1,0,334,2,2,0,false
0.9.0,openjpa-lib/src/main/java/org/apache/openjpa/lib/rop/LazyForwardResultList.java,next/0,org.apache.openjpa.lib.rop.LazyForwardResultList.Itr.next/0,4,2,0,0,0,1,1,1,243,1,1,0,false
0.9.0,openjpa-lib/src/main/java/org/apache/openjpa/lib/jdbc/DelegatingDatabaseMetaData.java,getMaxConnections/0,org.apache.openjpa.lib.jdbc.DelegatingDatabaseMetaData.getMaxConnections/0,3,1,0,0,0,1,0,0,243,2,2,0,false
0.9.6,openjpa-lib/src/main/java/org/apache/openjpa/lib/log/CommonsLogFactory.java,isFatalEnabled/0,org.apache.openjpa.lib.log.CommonsLogFactory.LogAdapter.isFatalEnabled/0,3,1,0,0,0,1,0,0,243,1,1,0,false
0.9.6,openjpa-persistence/src/main/java/org/apache/openjpa/persistence/QueryImpl.java,"setRange/2[long,long]","org.apache.openjpa.kernel.QueryImpl.setRange/2[long,long]",13,5,2,1,1,0,0,4,334,5,11,0,false
0.9.0,openjpa-lib/src/main/java/org/apache/openjpa/lib/jdbc/DataSourceLogs.java,setSQLLog/1[org.apache.openjpa.lib.jdbc.Log],org.apache.openjpa.lib.jdbc.DataSourceLogs.setSQLLog/1[org.apache.openjpa.lib.jdbc.Log],3,1,1,0,0,0,0,0,243,1,1,0,false
0.9.0,openjpa-persistence/src/main/java/org/apache/openjpa/persistence/AnnotationPersistenceMetaDataParser.java,"parseDetachedState/2[org.apache.openjpa.persistence.ClassMetaData,org.apache.openjpa.persistence.DetachedState]","org.apache.openjpa.persistence.AnnotationPersistenceMetaDataParser.parseDetachedState/2[org.apache.openjpa.persistence.ClassMetaData,org.apache.openjpa.persistence.DetachedState]",11,6,2,0,0,0,1,0,334,4,5,1,false
0.9.0,openjpa-persistence/src/main/java/org/apache/openjpa/persistence/OpenJPAQuery.java,getFirstResult/0,org.apache.openjpa.persistence.OpenJPAQuery.getFirstResult/0,1,1,0,0,0,0,0,0,334,2,2,0,false
0.9.0,openjpa-kernel/src/main/java/org/apache/openjpa/kernel/BrokerImpl.java,addCleanInternal/1[org.apache.openjpa.kernel.StateManagerImpl],org.apache.openjpa.kernel.BrokerImpl.TransactionalCache.addCleanInternal/1[org.apache.openjpa.kernel.StateManagerImpl],4,2,1,0,0,1,2,1,334,5,17,0,false
0.9.6,openjpa-jdbc/src/main/java/org/apache/openjpa/jdbc/meta/ClassMapping.java,"isCustomDelete/2[org.apache.openjpa.jdbc.meta.OpenJPAStateManager,org.apache.openjpa.jdbc.meta.JDBCStore]","org.apache.openjpa.jdbc.meta.ClassMapping.isCustomDelete/2[org.apache.openjpa.jdbc.meta.OpenJPAStateManager,org.apache.openjpa.jdbc.meta.JDBCStore]",3,1,0,0,0,1,0,1,317,2,3,1,false
0.9.0,openjpa-kernel/src/main/java/org/apache/openjpa/kernel/VersionLockManager.java,"lock/4[org.apache.openjpa.kernel.OpenJPAStateManager,int,int,java.lang.Object]","org.apache.openjpa.kernel.VersionLockManager.lock/4[org.apache.openjpa.kernel.OpenJPAStateManager,int,int,java.lang.Object]",14,7,2,0,1,2,0,3,334,3,3,4,false
0.9.6,openjpa-jdbc/src/main/java/org/apache/openjpa/jdbc/kernel/FinderQueryImpl.java,"isLRS/2[long,long]","org.apache.openjpa.kernel.QueryImpl.isLRS/2[long,long]",4,5,1,1,0,1,3,0,261,0,0,0,false
0.9.6,openjpa-jdbc/src/main/java/org/apache/openjpa/jdbc/meta/strats/EmbedFieldStrategy.java,"customInsert/2[org.apache.openjpa.kernel.OpenJPAStateManager,org.apache.openjpa.jdbc.meta.strats.JDBCStore]","org.apache.openjpa.jdbc.meta.strats.EmbedFieldStrategy.customInsert/2[org.apache.openjpa.kernel.OpenJPAStateManager,org.apache.openjpa.jdbc.meta.strats.JDBCStore]",6,4,4,0,0,0,0,2,317,2,2,2,false
0.9.0,openjpa-kernel/src/main/java/org/apache/openjpa/util/ProxyManagerImpl.java,"setProxyTemplate/2[java.lang.Class,org.apache.openjpa.util.ProxyCollection]","org.apache.openjpa.util.ProxyManagerImpl.setProxyTemplate/2[java.lang.Class,org.apache.openjpa.util.ProxyCollection]",3,1,0,0,0,0,0,0,334,2,11,0,false
0.9.0,openjpa-jdbc/src/main/java/org/apache/openjpa/jdbc/sql/DBDictionaryFactory.java,"setChar/4[java.sql.PreparedStatement,int,char,org.apache.openjpa.jdbc.sql.Column]","org.apache.openjpa.jdbc.sql.DBDictionary.setChar/4[java.sql.PreparedStatement,int,char,org.apache.openjpa.jdbc.sql.Column]",4,5,0,0,0,0,3,2,317,2,2,0,false
0.9.0,openjpa-kernel/src/main/java/org/apache/openjpa/kernel/exps/LessThanExpression.java,"compare/2[java.lang.Object,java.lang.Object]","org.apache.openjpa.kernel.exps.LessThanExpression.compare/2[java.lang.Object,java.lang.Object]",4,3,0,0,0,2,0,0,334,1,1,0,false
0.9.6,openjpa-jdbc/src/main/java/org/apache/openjpa/jdbc/sql/HSQLDictionary.java,"indexOf/4[org.apache.openjpa.jdbc.sql.SQLBuffer,org.apache.openjpa.jdbc.sql.FilterValue,org.apache.openjpa.jdbc.sql.FilterValue,org.apache.openjpa.jdbc.sql.FilterValue]","org.apache.openjpa.jdbc.sql.HSQLDictionary.indexOf/4[org.apache.openjpa.jdbc.sql.SQLBuffer,org.apache.openjpa.jdbc.sql.FilterValue,org.apache.openjpa.jdbc.sql.FilterValue,org.apache.openjpa.jdbc.sql.FilterValue]",12,2,0,0,0,0,0,0,317,2,3,0,false
0.9.0,openjpa-kernel/src/main/java/org/apache/openjpa/kernel/OpenJPAStateManager.java,"settingObjectField/5[org.apache.openjpa.enhance.PersistenceCapable,int,java.lang.Object,java.lang.Object,int]","org.apache.openjpa.enhance.StateManager.settingObjectField/5[org.apache.openjpa.enhance.PersistenceCapable,int,java.lang.Object,java.lang.Object,int]",1,1,0,0,0,0,0,0,334,1,1,0,false
0.9.6,openjpa-jdbc/src/main/java/org/apache/openjpa/jdbc/kernel/exps/SelectConstructor.java,"getColumnAlias/2[org.apache.openjpa.jdbc.sql.Column,org.apache.openjpa.jdbc.sql.Joins]","org.apache.openjpa.jdbc.sql.Select.getColumnAlias/2[org.apache.openjpa.jdbc.sql.Column,org.apache.openjpa.jdbc.sql.Joins]",1,1,0,0,0,0,17,0,317,1,1,0,false
0.9.6,openjpa-kernel/src/main/java/org/apache/openjpa/event/TransactionEventManager.java,getDeletedTypes/0,org.apache.openjpa.event.TransactionEvent.getDeletedTypes/0,3,1,0,0,0,1,0,0,334,1,1,0,false
0.9.0,openjpa-kernel/src/main/java/org/apache/openjpa/enhance/CodeGenerator.java,"appendFieldCode/3[org.apache.openjpa.enhance.FieldMetaData,org.apache.openjpa.enhance.CodeFormat,org.apache.openjpa.enhance.CodeFormat]","org.apache.openjpa.enhance.CodeGenerator.appendFieldCode/3[org.apache.openjpa.enhance.FieldMetaData,org.apache.openjpa.enhance.CodeFormat,org.apache.openjpa.enhance.CodeFormat]",62,17,18,7,0,0,1,3,334,1,1,12,false
0.9.0,openjpa-kernel/src/main/java/org/apache/openjpa/util/OpenJPAException.java,printStackTrace/1[java.io.PrintStream],org.apache.openjpa.util.OpenJPAException.printStackTrace/1[java.io.PrintStream],4,1,0,0,0,0,1,0,334,1,1,0,false
0.9.6,openjpa-kernel/src/main/java/org/apache/openjpa/conf/OpenJPAConfigurationImpl.java,getFlushBeforeQueries/0,org.apache.openjpa.conf.OpenJPAConfigurationImpl.getFlushBeforeQueries/0,3,1,0,0,0,1,0,0,334,3,5,0,false
0.9.6,openjpa-kernel/src/main/java/org/apache/openjpa/kernel/exps/This.java,"eval/4[java.lang.Object,java.lang.Object,org.apache.openjpa.kernel.exps.StoreContext,java.lang.Object[]]","org.apache.openjpa.kernel.exps.This.eval/4[java.lang.Object,java.lang.Object,org.apache.openjpa.kernel.exps.StoreContext,java.lang.Object[]]",3,1,0,0,0,1,0,0,334,1,1,0,false
0.9.6,openjpa-jdbc/src/main/java/org/apache/openjpa/jdbc/kernel/exps/IsNotEmptyExpression.java,hasVariable/1[org.apache.openjpa.jdbc.kernel.exps.Variable],org.apache.openjpa.jdbc.kernel.exps.IsNotEmptyExpression.hasVariable/1[org.apache.openjpa.jdbc.kernel.exps.Variable],3,1,0,0,0,1,0,0,317,1,1,0,false
0.9.6,openjpa-persistence/src/main/java/org/apache/openjpa/persistence/QueryImpl.java,"execute/2[StoreQuery.Executor,java.util.Map]","org.apache.openjpa.kernel.QueryImpl.execute/2[StoreQuery.Executor,java.util.Map]",16,5,2,0,2,2,4,3,334,5,11,3,false
0.9.6,openjpa-persistence-jdbc/src/main/java/org/apache/openjpa/persistence/jdbc/KeyForeignKey.java,setPrimaryKeySchemaName/1[java.lang.String],org.apache.openjpa.jdbc.schema.ForeignKey.setPrimaryKeySchemaName/1[java.lang.String],4,2,1,0,0,0,0,1,701,0,0,0,false
0.9.6,openjpa-persistence-jdbc/src/main/java/org/apache/openjpa/persistence/jdbc/XMLPersistenceMappingParser.java,endFieldMapping/1[org.apache.openjpa.persistence.jdbc.FieldMetaData],org.apache.openjpa.persistence.jdbc.XMLPersistenceMappingParser.endFieldMapping/1[org.apache.openjpa.persistence.jdbc.FieldMetaData],47,21,2,0,0,0,0,2,317,5,5,4,false
0.9.6,openjpa-kernel/src/main/java/org/apache/openjpa/kernel/OpenJPAStateManager.java,getUnloaded/1[org.apache.openjpa.kernel.FetchState],org.apache.openjpa.kernel.OpenJPAStateManager.getUnloaded/1[org.apache.openjpa.kernel.FetchState],1,1,0,0,0,0,0,0,334,1,1,0,false
0.9.6,openjpa-persistence/src/main/java/org/apache/openjpa/persistence/FetchAttribute.java,isValid/0,serp.bytecode.Attribute.isValid/0,3,2,0,0,0,1,0,0,334,1,1,0,false
0.9.6,openjpa-slice/src/main/java/org/apache/openjpa/slice/DistributedBrokerImpl.java,ownUpdatesAreVisible/1[int],org.apache.openjpa.kernel.BrokerImpl.JCAHelper.ownUpdatesAreVisible/1[int],3,1,0,0,0,1,0,0,600,0,0,0,false
0.9.0,openjpa-kernel/src/main/java/org/apache/openjpa/util/CollectionChangeTrackerImpl.java,remove/1[java.lang.Object],org.apache.openjpa.util.CollectionChangeTrackerImpl.remove/1[java.lang.Object],10,9,1,1,0,0,0,0,334,2,2,2,false
0.9.0,openjpa-jdbc/src/main/java/org/apache/openjpa/jdbc/meta/strats/RelationFieldStrategy.java,"loadEagerJoin/4[org.apache.openjpa.jdbc.meta.strats.OpenJPAStateManager,org.apache.openjpa.jdbc.kernel.JDBCStore,org.apache.openjpa.jdbc.meta.strats.JDBCFetchConfiguration,org.apache.openjpa.jdbc.meta.strats.Result]","org.apache.openjpa.jdbc.meta.strats.RelationFieldStrategy.loadEagerJoin/4[org.apache.openjpa.jdbc.meta.strats.OpenJPAStateManager,org.apache.openjpa.jdbc.kernel.JDBCStore,org.apache.openjpa.jdbc.meta.strats.JDBCFetchConfiguration,org.apache.openjpa.jdbc.meta.strats.Result]",4,1,1,0,0,0,0,1,317,3,4,0,false
0.9.6,openjpa-kernel/src/main/java/org/apache/openjpa/kernel/exps/Subtract.java,"Subtract/2[org.apache.openjpa.kernel.exps.Val,org.apache.openjpa.kernel.exps.Val]","org.apache.openjpa.kernel.exps.Subtract.Subtract/2[org.apache.openjpa.kernel.exps.Val,org.apache.openjpa.kernel.exps.Val]",3,1,0,0,0,0,0,0,334,1,1,0,false
0.9.0,openjpa-lib/src/main/java/org/apache/openjpa/lib/jdbc/DelegatingStatement.java,toString/0,org.apache.openjpa.lib.jdbc.DelegatingStatement.toString/0,5,1,1,0,0,1,0,2,243,1,1,0,false
0.9.0,openjpa-lib/src/main/java/org/apache/openjpa/lib/jdbc/DelegatingResultSet.java,"updateShort/2[int,short]","org.apache.openjpa.lib.jdbc.DelegatingResultSet.updateShort/2[int,short]",3,1,0,0,0,0,0,0,243,1,1,0,false
0.9.0,openjpa-kernel/src/main/java/org/apache/openjpa/kernel/exps/Constant.java,"appendIsNotEmpty/5[org.apache.openjpa.jdbc.kernel.exps.SQLBuffer,org.apache.openjpa.jdbc.sql.Select,org.apache.openjpa.jdbc.kernel.exps.JDBCStore,java.lang.Object[],org.apache.openjpa.jdbc.kernel.exps.JDBCFetchConfiguration]","org.apache.openjpa.jdbc.kernel.exps.Const.appendIsNotEmpty/5[org.apache.openjpa.jdbc.kernel.exps.SQLBuffer,org.apache.openjpa.jdbc.sql.Select,org.apache.openjpa.jdbc.kernel.exps.JDBCStore,java.lang.Object[],org.apache.openjpa.jdbc.kernel.exps.JDBCFetchConfiguration]",6,5,1,0,0,0,0,1,334,1,1,0,false
0.9.0,openjpa-kernel/src/main/java/org/apache/openjpa/kernel/DelegatingBrokerFactory.java,isNew/1[java.lang.Object],org.apache.openjpa.kernel.DelegatingBroker.isNew/1[java.lang.Object],8,2,0,0,1,1,1,1,334,1,1,1,false
0.9.6,openjpa-lib/src/main/java/org/apache/openjpa/lib/util/CodeFormat.java,updateInstructionPointers/0,serp.bytecode.Code.updateInstructionPointers/0,3,3,2,0,0,0,2,0,243,1,1,0,false
0.9.6,openjpa-jdbc/src/main/java/org/apache/openjpa/jdbc/meta/QueryResultMapping.java,MultiColumnMap/1[org.apache.openjpa.jdbc.meta.Column[]],org.apache.openjpa.jdbc.meta.QueryResultMapping.MultiColumnMap.MultiColumnMap/1[org.apache.openjpa.jdbc.meta.Column[]],4,1,2,0,0,0,1,0,317,2,2,0,false
0.9.0,openjpa-kernel/src/main/java/org/apache/openjpa/util/OpenJPAException.java,"OpenJPAException/2[java.lang.String,java.lang.Throwable]","org.apache.openjpa.util.OpenJPAException.OpenJPAException/2[java.lang.String,java.lang.Throwable]",4,1,0,0,0,0,0,1,334,1,1,0,false
0.9.0,openjpa-jdbc/src/main/java/org/apache/openjpa/jdbc/kernel/exps/InExpression.java,"InExpression/2[org.apache.openjpa.jdbc.kernel.exps.Val,org.apache.openjpa.jdbc.kernel.exps.Const]","org.apache.openjpa.jdbc.kernel.exps.InExpression.InExpression/2[org.apache.openjpa.jdbc.kernel.exps.Val,org.apache.openjpa.jdbc.kernel.exps.Const]",4,1,2,0,0,0,2,0,317,3,4,0,false
0.9.6,openjpa-kernel/src/main/java/org/apache/openjpa/meta/ProxySetupStateManager.java,"providedIntField/3[org.apache.openjpa.meta.PersistenceCapable,int,int]","org.apache.openjpa.meta.ProxySetupStateManager.providedIntField/3[org.apache.openjpa.meta.PersistenceCapable,int,int]",3,1,0,0,0,0,0,0,334,2,2,0,false
0.9.6,openjpa-kernel/src/main/java/org/apache/openjpa/meta/MetaDataRepository.java,getImplGenerator/0,org.apache.openjpa.meta.MetaDataRepository.getImplGenerator/0,4,2,1,0,0,1,1,0,334,3,5,0,false
0.9.6,openjpa-kernel/src/main/java/org/apache/openjpa/conf/OpenJPAConfigurationImpl.java,getSequenceInstance/0,org.apache.openjpa.conf.OpenJPAConfigurationImpl.getSequenceInstance/0,4,2,0,0,0,1,0,0,334,3,5,0,false
0.9.6,openjpa-kernel/src/main/java/org/apache/openjpa/util/ShortId.java,"ShortId/2[java.lang.Class,java.lang.Short]","org.apache.openjpa.util.ShortId.ShortId/2[java.lang.Class,java.lang.Short]",3,2,0,0,0,0,0,0,334,1,1,0,false
0.9.0,openjpa-lib/src/main/java/org/apache/openjpa/lib/util/concurrent/ConcurrentReferenceHashMap.java,"HardEntry/4[int,java.lang.Object,java.lang.Object,org.apache.openjpa.lib.util.concurrent.ConcurrentReferenceHashMap.Entry]","org.apache.openjpa.lib.util.concurrent.ConcurrentReferenceHashMap.HardEntry.HardEntry/4[int,java.lang.Object,java.lang.Object,org.apache.openjpa.lib.util.concurrent.ConcurrentReferenceHashMap.Entry]",6,1,4,0,0,0,2,0,243,1,1,0,false
0.9.0,openjpa-jdbc/src/main/java/org/apache/openjpa/jdbc/kernel/exps/ConstPath.java,getKey/0,org.apache.openjpa.jdbc.kernel.exps.ConstPath.getKey/0,2,1,0,0,0,0,0,0,317,1,1,0,false
0.9.0,openjpa-jdbc/src/main/java/org/apache/openjpa/jdbc/kernel/exps/JDBCAggregateListener.java,"select/5[org.apache.openjpa.jdbc.sql.Select,org.apache.openjpa.jdbc.kernel.exps.JDBCStore,java.lang.Object[],boolean,org.apache.openjpa.jdbc.kernel.exps.JDBCFetchConfiguration]","org.apache.openjpa.jdbc.kernel.exps.Aggregate.select/5[org.apache.openjpa.jdbc.sql.Select,org.apache.openjpa.jdbc.kernel.exps.JDBCStore,java.lang.Object[],boolean,org.apache.openjpa.jdbc.kernel.exps.JDBCFetchConfiguration]",4,1,0,0,0,0,0,3,317,1,1,0,false
0.9.6,openjpa-kernel/src/main/java/org/apache/openjpa/kernel/exps/StringLength.java,setImplicitType/1[java.lang.Class],org.apache.openjpa.jdbc.kernel.exps.StringLength.setImplicitType/1[java.lang.Class],3,1,1,0,0,0,0,0,334,1,1,0,false
0.9.0,openjpa-kernel/src/main/java/org/apache/openjpa/kernel/exps/AbstractExpressionBuilder.java,getDeclaredVariableType/1[java.lang.String],org.apache.openjpa.kernel.exps.AbstractExpressionBuilder.getDeclaredVariableType/1[java.lang.String],1,1,0,0,0,0,1,0,334,1,1,0,false
0.9.0,openjpa-lib/src/main/java/org/apache/openjpa/lib/jdbc/DelegatingPreparedStatement.java,"setObject/3[int,java.lang.Object,int]","org.apache.openjpa.lib.jdbc.DelegatingPreparedStatement.setObject/3[int,java.lang.Object,int]",3,1,0,0,0,0,0,0,243,1,1,0,false
0.9.6,openjpa-lib/src/main/java/org/apache/openjpa/lib/rop/RangeResultObjectProvider.java,"getTimestamp/2[java.lang.Object,java.util.Calendar]","org.apache.openjpa.jdbc.sql.Result.getTimestamp/2[java.lang.Object,java.util.Calendar]",1,1,0,0,0,0,1,0,243,1,1,0,false
0.9.6,openjpa-kernel/src/main/java/org/apache/openjpa/kernel/AttachManager.java,assertManaged/1[java.lang.Object],org.apache.openjpa.kernel.AttachManager.assertManaged/1[java.lang.Object],5,2,1,0,0,1,0,1,334,1,1,0,false
0.9.0,openjpa-jdbc/src/main/java/org/apache/openjpa/jdbc/kernel/exps/SelectConstructor.java,"orderByPrimaryKey/3[org.apache.openjpa.jdbc.sql.ClassMapping,boolean,boolean]","org.apache.openjpa.jdbc.sql.Select.orderByPrimaryKey/3[org.apache.openjpa.jdbc.sql.ClassMapping,boolean,boolean]",1,1,0,0,0,0,0,0,317,1,1,0,false
0.9.0,openjpa-lib/src/main/java/org/apache/openjpa/lib/jdbc/DelegatingStatement.java,getFetchSize/0,org.apache.openjpa.lib.jdbc.DelegatingStatement.getFetchSize/0,3,1,0,0,0,1,0,0,243,1,1,0,false
0.9.0,openjpa-kernel/src/main/java/org/apache/openjpa/datacache/DataCachePCDataGenerator.java,enhanceToData/1[org.apache.openjpa.datacache.BCClass],org.apache.openjpa.datacache.DataCachePCDataGenerator.enhanceToData/1[org.apache.openjpa.datacache.BCClass],16,1,3,0,0,0,1,0,334,1,1,15,false
0.9.6,openjpa-jdbc/src/main/java/org/apache/openjpa/jdbc/kernel/exps/InSubQExpression.java,"initialize/3[org.apache.openjpa.jdbc.kernel.exps.Select,org.apache.openjpa.jdbc.kernel.exps.ExpContext,java.util.Map]","org.apache.openjpa.jdbc.kernel.exps.InSubQExpression.initialize/3[org.apache.openjpa.jdbc.kernel.exps.Select,org.apache.openjpa.jdbc.kernel.exps.ExpContext,java.util.Map]",5,1,2,0,0,1,0,1,1211,0,0,0,false
0.9.0,openjpa-lib/src/main/java/org/apache/openjpa/lib/conf/ObjectValue.java,setInternalString/1[java.lang.String],org.apache.openjpa.lib.conf.ObjectValue.setInternalString/1[java.lang.String],4,2,0,0,0,0,0,2,243,2,3,1,false
0.9.0,openjpa-kernel/src/main/java/org/apache/openjpa/kernel/exps/InMemoryExpressionFactory.java,"lessThanEqual/2[org.apache.openjpa.kernel.exps.Value,org.apache.openjpa.kernel.exps.Value]","org.apache.openjpa.kernel.exps.InMemoryExpressionFactory.lessThanEqual/2[org.apache.openjpa.kernel.exps.Value,org.apache.openjpa.kernel.exps.Value]",3,1,0,0,0,1,0,0,334,1,1,0,false
0.9.6,openjpa-lib/src/main/java/org/apache/openjpa/lib/rop/RangeResultObjectProvider.java,getResultObject/0,org.apache.openjpa.lib.rop.RangeResultObjectProvider.getResultObject/0,4,3,0,0,0,1,0,1,243,1,1,0,false
0.9.6,openjpa-persistence/src/main/java/org/apache/openjpa/persistence/EntityManagerImpl.java,"dirty/2[java.lang.Object,java.lang.String]","org.apache.openjpa.persistence.EntityManagerImpl.dirty/2[java.lang.Object,java.lang.String]",9,3,1,0,1,0,0,3,334,4,8,1,false
0.9.0,openjpa-persistence/src/main/java/org/apache/openjpa/persistence/AnnotationPersistenceMetaDataParser.java,getRepository/0,org.apache.openjpa.persistence.AnnotationPersistenceMetaDataParser.getRepository/0,10,4,4,0,0,1,13,3,334,4,5,1,false
0.9.0,openjpa-jdbc/src/main/java/org/apache/openjpa/jdbc/kernel/exps/IsEmptyExpression.java,IsEmptyExpression/1[org.apache.openjpa.jdbc.kernel.exps.Val],org.apache.openjpa.jdbc.kernel.exps.IsEmptyExpression.IsEmptyExpression/1[org.apache.openjpa.jdbc.kernel.exps.Val],3,1,1,0,0,0,0,0,317,1,1,0,false
0.9.6,openjpa-jdbc/src/main/java/org/apache/openjpa/jdbc/meta/strats/RelationMapTableFieldStrategy.java,"selectKey/6[org.apache.openjpa.jdbc.sql.Select,org.apache.openjpa.jdbc.meta.ClassMapping,org.apache.openjpa.jdbc.meta.strats.OpenJPAStateManager,org.apache.openjpa.jdbc.meta.strats.JDBCStore,org.apache.openjpa.jdbc.meta.strats.JDBCFetchConfiguration,org.apache.openjpa.jdbc.meta.strats.Joins]","org.apache.openjpa.jdbc.meta.strats.RelationMapTableFieldStrategy.selectKey/6[org.apache.openjpa.jdbc.sql.Select,org.apache.openjpa.jdbc.meta.ClassMapping,org.apache.openjpa.jdbc.meta.strats.OpenJPAStateManager,org.apache.openjpa.jdbc.meta.strats.JDBCStore,org.apache.openjpa.jdbc.meta.strats.JDBCFetchConfiguration,org.apache.openjpa.jdbc.meta.strats.Joins]",3,1,0,0,0,0,0,0,317,2,2,0,false
0.9.6,openjpa-lib/src/main/java/org/apache/openjpa/lib/meta/XMLMetaDataParser.java,startEntity/1[java.lang.String],org.apache.openjpa.lib.meta.XMLMetaDataParser.startEntity/1[java.lang.String],3,2,0,0,0,0,0,1,243,2,2,0,false
0.9.0,openjpa-persistence/src/main/java/org/apache/openjpa/persistence/OptimisticLockException.java,printStackTrace/1[java.io.PrintWriter],org.apache.openjpa.persistence.OptimisticLockException.printStackTrace/1[java.io.PrintWriter],4,1,0,0,0,0,0,0,334,1,1,0,false
0.9.0,openjpa-kernel/src/main/java/org/apache/openjpa/conf/OpenJPAConfiguration.java,isConnectionFactoryModeManaged/0,org.apache.openjpa.conf.OpenJPAConfiguration.isConnectionFactoryModeManaged/0,1,1,0,0,0,0,0,0,334,1,1,0,false
0.9.6,openjpa-persistence/src/main/java/org/apache/openjpa/persistence/AnnotationPersistenceXMLMetaDataParser.java,(initializer 1),(initializer 1),8,2,2,0,1,0,0,5,825,0,0,0,false
0.9.0,openjpa-lib/src/main/java/org/apache/openjpa/lib/jdbc/DelegatingCallableStatement.java,getTime/1[int],org.apache.openjpa.lib.jdbc.DelegatingCallableStatement.getTime/1[int],3,1,0,0,0,1,0,0,243,1,1,0,false
0.9.0,openjpa-lib/src/main/java/org/apache/openjpa/lib/conf/StringListValue.java,set/1[java.lang.String[]],org.apache.openjpa.lib.conf.StringListValue.set/1[java.lang.String[]],4,2,1,0,0,0,2,1,243,1,2,0,false
0.9.6,openjpa-jdbc/src/main/java/org/apache/openjpa/jdbc/kernel/exps/ContainsExpression.java,"initialize/3[org.apache.openjpa.jdbc.kernel.exps.Select,org.apache.openjpa.jdbc.kernel.exps.ExpContext,java.util.Map]","org.apache.openjpa.jdbc.kernel.exps.ContainsExpression.initialize/3[org.apache.openjpa.jdbc.kernel.exps.Select,org.apache.openjpa.jdbc.kernel.exps.ExpContext,java.util.Map]",13,4,6,1,0,1,0,3,1211,0,0,2,false
0.9.0,openjpa-jdbc/src/main/java/org/apache/openjpa/jdbc/kernel/exps/InSubQExpression.java,getJoins/0,org.apache.openjpa.jdbc.kernel.exps.InSubQExpression.getJoins/0,3,1,0,0,0,1,0,0,317,1,1,0,false
0.9.0,openjpa-lib/src/main/java/org/apache/openjpa/lib/log/CommonsLogFactory.java,isDebugEnabled/0,org.apache.openjpa.lib.log.CommonsLogFactory.LogAdapter.isDebugEnabled/0,3,1,0,0,0,1,0,0,243,1,1,0,false
0.9.0,openjpa-kernel/src/main/java/org/apache/openjpa/meta/Extensions.java,"toDataStoreValue/2[java.lang.Object,org.apache.openjpa.jdbc.kernel.JDBCStore]","org.apache.openjpa.jdbc.kernel.exps.Extension.toDataStoreValue/2[java.lang.Object,org.apache.openjpa.jdbc.kernel.JDBCStore]",3,1,0,0,0,1,0,0,334,1,1,0,false
0.9.6,openjpa-kernel/src/main/java/org/apache/openjpa/util/AbstractLRSProxyMap.java,getNextSequence/0,org.apache.openjpa.util.AbstractLRSProxyMap.getNextSequence/0,3,1,0,0,0,1,0,0,334,2,2,0,false
0.9.0,openjpa-kernel/src/main/java/org/apache/openjpa/kernel/exps/GetObjectId.java,"appendTo/6[org.apache.openjpa.jdbc.kernel.exps.SQLBuffer,int,org.apache.openjpa.jdbc.kernel.exps.Select,org.apache.openjpa.jdbc.kernel.exps.JDBCStore,java.lang.Object[],org.apache.openjpa.jdbc.kernel.exps.JDBCFetchConfiguration]","org.apache.openjpa.jdbc.kernel.exps.GetObjectId.appendTo/6[org.apache.openjpa.jdbc.kernel.exps.SQLBuffer,int,org.apache.openjpa.jdbc.kernel.exps.Select,org.apache.openjpa.jdbc.kernel.exps.JDBCStore,java.lang.Object[],org.apache.openjpa.jdbc.kernel.exps.JDBCFetchConfiguration]",3,1,0,0,0,0,0,1,1228,0,0,0,false
0.9.0,openjpa-kernel/src/main/java/org/apache/openjpa/conf/OpenJPAConfiguration.java,setMaxFetchDepth/1[java.lang.Integer],org.apache.openjpa.conf.OpenJPAConfiguration.setMaxFetchDepth/1[java.lang.Integer],1,1,0,0,0,0,0,0,334,1,1,0,false
0.9.6,openjpa-kernel/src/main/java/org/apache/openjpa/meta/ClassMetaData.java,usesDetachedState/0,org.apache.openjpa.meta.ClassMetaData.usesDetachedState/0,3,1,0,0,0,1,5,2,334,3,7,0,false
0.9.6,openjpa-xmlstore/src/main/java/org/apache/openjpa/xmlstore/XMLStoreManager.java,incrementVersion/1[org.apache.openjpa.kernel.OpenJPAStateManager],org.apache.openjpa.xmlstore.XMLStoreManager.incrementVersion/1[org.apache.openjpa.kernel.OpenJPAStateManager],5,2,2,1,0,0,1,2,334,1,1,0,false
0.9.6,openjpa-jdbc/src/main/java/org/apache/openjpa/jdbc/sql/LogicalUnion.java,"groupBy/2[org.apache.openjpa.jdbc.sql.SQLBuffer,org.apache.openjpa.jdbc.sql.Joins]","org.apache.openjpa.jdbc.sql.LogicalUnion.UnionSelect.groupBy/2[org.apache.openjpa.jdbc.sql.SQLBuffer,org.apache.openjpa.jdbc.sql.Joins]",3,1,0,0,0,0,0,1,317,3,4,0,false
0.9.0,openjpa-lib/src/main/java/org/apache/openjpa/lib/jdbc/DelegatingResultSet.java,"getDate/2[java.lang.String,java.util.Calendar]","org.apache.openjpa.lib.jdbc.DelegatingResultSet.getDate/2[java.lang.String,java.util.Calendar]",3,1,0,0,0,1,0,0,243,1,1,0,false
0.9.6,openjpa-lib/src/main/java/org/apache/openjpa/lib/util/CodeFormat.java,before/1[serp.bytecode.Instruction],serp.bytecode.Code.before/1[serp.bytecode.Instruction],4,2,1,0,0,0,2,2,243,1,1,0,false
0.9.6,openjpa-persistence/src/main/java/org/apache/openjpa/persistence/EntityNotFoundException.java,writeObject/1[java.io.ObjectOutputStream],org.apache.openjpa.persistence.EntityNotFoundException.writeObject/1[java.io.ObjectOutputStream],5,1,0,0,0,0,0,2,334,1,1,0,false
0.9.6,openjpa-jdbc/src/main/java/org/apache/openjpa/jdbc/schema/SchemaTool.java,setSequences/1[boolean],org.apache.openjpa.jdbc.schema.SchemaTool.setSequences/1[boolean],3,1,1,0,0,0,2,0,317,3,3,0,false
0.9.6,openjpa-kernel/src/main/java/org/apache/openjpa/event/MethodLifecycleCallbacks.java,toString/0,org.apache.openjpa.event.MethodLifecycleCallbacks.toString/0,3,1,0,1,0,1,0,0,334,3,4,1,false
0.9.6,openjpa-jdbc/src/main/java/org/apache/openjpa/jdbc/kernel/exps/StringFunction.java,"select/5[org.apache.openjpa.jdbc.kernel.exps.Select,org.apache.openjpa.jdbc.kernel.exps.JDBCStore,java.lang.Object[],boolean,org.apache.openjpa.jdbc.kernel.exps.JDBCFetchState]","org.apache.openjpa.jdbc.kernel.exps.StringFunction.select/5[org.apache.openjpa.jdbc.kernel.exps.Select,org.apache.openjpa.jdbc.kernel.exps.JDBCStore,java.lang.Object[],boolean,org.apache.openjpa.jdbc.kernel.exps.JDBCFetchState]",3,1,0,0,0,0,0,1,317,1,1,0,false
0.9.0,openjpa-jdbc/src/main/java/org/apache/openjpa/jdbc/kernel/JDBCFetchConfigurationImpl.java,traverse/1[org.apache.openjpa.kernel.FieldMetaData],org.apache.openjpa.kernel.FetchConfigurationImpl.traverse/1[org.apache.openjpa.kernel.FieldMetaData],11,2,7,0,0,2,0,4,317,3,5,0,false
0.9.0,openjpa-kernel/src/main/java/org/apache/openjpa/kernel/BrokerImpl.java,getAutoClear/0,org.apache.openjpa.kernel.BrokerImpl.getAutoClear/0,3,1,0,0,0,1,2,0,334,5,17,0,false
0.9.6,openjpa-jdbc/src/main/java/org/apache/openjpa/jdbc/meta/strats/EmbedFieldStrategy.java,isFlushed/0,org.apache.openjpa.jdbc.meta.strats.EmbedFieldStrategy.NullEmbeddedStateManager.isFlushed/0,3,1,0,0,0,1,1,1,317,2,2,0,false
0.9.0,openjpa-jdbc/src/main/java/org/apache/openjpa/jdbc/conf/MappingFactoryValue.java,"setMetaDataFactoryDefault/2[java.lang.String,java.lang.String]","org.apache.openjpa.jdbc.conf.MappingFactoryValue.setMetaDataFactoryDefault/2[java.lang.String,java.lang.String]",3,1,1,0,0,0,0,0,317,1,1,0,false
0.9.0,openjpa-jdbc/src/main/java/org/apache/openjpa/jdbc/kernel/exps/SelectConstructor.java,addJoinClassConditions/0,org.apache.openjpa.jdbc.sql.Select.addJoinClassConditions/0,1,1,0,0,0,0,3,0,317,1,1,0,false
0.9.6,openjpa-xmlstore/src/main/java/org/apache/openjpa/xmlstore/XMLFileHandler.java,"writeDataValue/3[java.io.Writer,int,java.lang.Object]","org.apache.openjpa.xmlstore.XMLFileHandler.writeDataValue/3[java.io.Writer,int,java.lang.Object]",38,11,3,1,0,1,1,1,334,1,1,0,false
0.9.0,openjpa-lib/src/main/java/org/apache/openjpa/lib/conf/MapConfigurationProvider.java,setReadOnly/1[boolean],org.apache.openjpa.lib.conf.Configuration.setReadOnly/1[boolean],1,1,0,0,0,0,0,0,243,1,1,0,false
0.9.0,openjpa-jdbc/src/main/java/org/apache/openjpa/jdbc/kernel/exps/CompareEqualExpression.java,"selectColumns/5[org.apache.openjpa.jdbc.kernel.exps.Select,org.apache.openjpa.jdbc.kernel.exps.JDBCStore,java.lang.Object[],boolean,org.apache.openjpa.jdbc.kernel.exps.JDBCFetchConfiguration]","org.apache.openjpa.jdbc.kernel.exps.CompareEqualExpression.selectColumns/5[org.apache.openjpa.jdbc.kernel.exps.Select,org.apache.openjpa.jdbc.kernel.exps.JDBCStore,java.lang.Object[],boolean,org.apache.openjpa.jdbc.kernel.exps.JDBCFetchConfiguration]",4,1,0,0,0,0,0,1,1211,2,2,0,false
0.9.6,openjpa-examples/src/main/java/relations/Deity.java,setGender/1[relations.Deity.Gender],relations.Deity.setGender/1[relations.Deity.Gender],3,1,1,0,0,0,0,0,149,2,2,0,false
0.9.6,openjpa-jdbc/src/main/java/org/apache/openjpa/jdbc/meta/strats/RelationMapTableFieldStrategy.java,map/1[boolean],org.apache.openjpa.jdbc.meta.strats.MapTableFieldStrategy.map/1[boolean],5,3,0,0,0,0,0,0,317,2,2,2,false
0.9.6,openjpa-kernel/src/main/java/org/apache/openjpa/meta/FieldMetaData.java,setValueMappedBy/1[java.lang.String],org.apache.openjpa.meta.FieldMetaData.setValueMappedBy/1[java.lang.String],3,1,0,0,0,0,0,0,334,2,2,0,false
0.9.0,openjpa-kernel/src/main/java/org/apache/openjpa/kernel/exps/AbstractExpressionBuilder.java,"getMetaData/2[java.lang.Class,boolean]","org.apache.openjpa.kernel.exps.AbstractExpressionBuilder.getMetaData/2[java.lang.Class,boolean]",3,1,0,0,0,1,1,2,334,1,1,0,false
0.9.6,openjpa-lib/src/main/java/org/apache/openjpa/lib/util/UUIDGenerator.java,(initializer 1),(initializer 1),13,2,3,0,1,0,0,16,243,1,1,0,false
0.9.0,openjpa-kernel/src/main/java/org/apache/openjpa/abstractstore/AbstractStoreManager.java,getClientConnection/0,org.apache.openjpa.kernel.StoreManager.getClientConnection/0,1,1,0,0,0,0,1,0,334,2,2,0,false
0.9.6,openjpa-kernel/src/main/java/org/apache/openjpa/event/LifecycleEventManager.java,"hasDeleteListeners/2[java.lang.Object,org.apache.openjpa.event.ClassMetaData]","org.apache.openjpa.event.LifecycleEventManager.hasDeleteListeners/2[java.lang.Object,org.apache.openjpa.event.ClassMetaData]",3,1,0,0,0,1,0,2,334,1,1,0,false
0.9.0,openjpa-kernel/src/main/java/org/apache/openjpa/kernel/exps/ExpressionParser.java,getLanguage/0,org.apache.openjpa.kernel.exps.ExpressionParser.getLanguage/0,1,1,0,0,0,0,0,0,334,1,1,0,false
0.9.0,openjpa-lib/src/main/java/org/apache/openjpa/lib/jdbc/DelegatingCallableStatement.java,addBatch/1[java.lang.String],org.apache.openjpa.lib.jdbc.DelegatingCallableStatement.addBatch/1[java.lang.String],3,1,0,0,0,0,0,0,243,1,1,0,false
0.9.6,openjpa-jdbc/src/main/java/org/apache/openjpa/jdbc/meta/strats/RelationFieldStrategy.java,"loadEmbedded/4[org.apache.openjpa.kernel.OpenJPAStateManager,org.apache.openjpa.jdbc.meta.strats.JDBCStore,org.apache.openjpa.jdbc.meta.strats.JDBCFetchConfiguration,java.lang.Object]","org.apache.openjpa.jdbc.meta.strats.RelationFieldStrategy.loadEmbedded/4[org.apache.openjpa.kernel.OpenJPAStateManager,org.apache.openjpa.jdbc.meta.strats.JDBCStore,org.apache.openjpa.jdbc.meta.strats.JDBCFetchConfiguration,java.lang.Object]",20,10,9,0,0,0,0,5,317,3,4,2,false
0.9.0,openjpa-kernel/src/main/java/org/apache/openjpa/kernel/DetachedStateManager.java,"replaceObjectField/2[org.apache.openjpa.kernel.PersistenceCapable,int]","org.apache.openjpa.kernel.DetachedStateManager.replaceObjectField/2[org.apache.openjpa.kernel.PersistenceCapable,int]",5,1,2,0,0,1,0,0,334,4,6,0,false
0.9.0,openjpa-kernel/src/main/java/org/apache/openjpa/kernel/BrokerImpl.java,afterCompletion/1[int],org.apache.openjpa.kernel.BrokerImpl.afterCompletion/1[int],26,14,2,0,1,0,0,15,334,5,17,2,false
0.9.0,openjpa-jdbc/src/main/java/org/apache/openjpa/jdbc/sql/LogicalUnion.java,"execute/2[org.apache.openjpa.jdbc.kernel.JDBCStore,org.apache.openjpa.jdbc.sql.JDBCFetchConfiguration]","org.apache.openjpa.jdbc.sql.LogicalUnion.UnionSelect.execute/2[org.apache.openjpa.jdbc.kernel.JDBCStore,org.apache.openjpa.jdbc.sql.JDBCFetchConfiguration]",3,1,0,0,0,1,0,1,317,3,4,0,false
0.9.0,openjpa-persistence/src/main/java/org/apache/openjpa/persistence/OpenJPAEntityManagerFactory.java,removeAll/1[java.util.Collection],org.apache.openjpa.persistence.OpenJPAEntityManager.removeAll/1[java.util.Collection],1,1,0,0,0,0,0,0,334,1,1,0,false
0.9.6,openjpa-jdbc/src/main/java/org/apache/openjpa/jdbc/meta/DiscriminatorMappingInfo.java,"createUnique/5[org.apache.openjpa.jdbc.meta.MetaDataContext,java.lang.String,org.apache.openjpa.jdbc.meta.Unique,org.apache.openjpa.jdbc.meta.Column[],boolean]","org.apache.openjpa.jdbc.meta.MappingInfo.createUnique/5[org.apache.openjpa.jdbc.meta.MetaDataContext,java.lang.String,org.apache.openjpa.jdbc.meta.Unique,org.apache.openjpa.jdbc.meta.Column[],boolean]",58,28,18,5,0,8,0,4,317,1,1,8,false
0.9.6,openjpa-kernel/src/main/java/org/apache/openjpa/meta/Extensions.java,"initialize/3[org.apache.openjpa.jdbc.kernel.exps.Select,org.apache.openjpa.jdbc.kernel.exps.ExpContext,int]","org.apache.openjpa.jdbc.kernel.exps.Extension.initialize/3[org.apache.openjpa.jdbc.kernel.exps.Select,org.apache.openjpa.jdbc.kernel.exps.ExpContext,int]",9,5,6,0,0,1,1,1,1228,0,0,0,false
0.9.6,openjpa-lib/src/main/java/org/apache/openjpa/lib/rop/AbstractResultList.java,closeEagerMap/1[java.util.Map],org.apache.openjpa.jdbc.sql.AbstractResult.closeEagerMap/1[java.util.Map],13,6,2,0,1,0,1,0,243,1,1,3,false
0.9.6,openjpa-jdbc/src/main/java/org/apache/openjpa/jdbc/ant/MappingToolTask.java,"addSequenceComponents/2[org.apache.openjpa.jdbc.meta.ClassMapping,org.apache.openjpa.jdbc.schema.SchemaGroup]","org.apache.openjpa.jdbc.meta.MappingTool.addSequenceComponents/2[org.apache.openjpa.jdbc.meta.ClassMapping,org.apache.openjpa.jdbc.schema.SchemaGroup]",18,11,9,0,0,0,2,3,317,1,1,1,false
0.9.6,openjpa-kernel/src/main/java/org/apache/openjpa/util/Id.java,"Id/2[java.lang.String,java.lang.ClassLoader]","org.apache.openjpa.util.Id.Id/2[java.lang.String,java.lang.ClassLoader]",14,4,5,1,1,0,0,0,334,1,1,0,false
0.9.0,openjpa-kernel/src/main/java/org/apache/openjpa/datacache/QueryCacheStoreQuery.java,getAlias/1[org.apache.openjpa.kernel.StoreQuery],org.apache.openjpa.datacache.QueryCacheStoreQuery.QueryCacheExecutor.getAlias/1[org.apache.openjpa.kernel.StoreQuery],3,1,0,0,0,1,0,2,334,2,2,0,false
0.9.6,openjpa-lib/src/main/java/org/apache/openjpa/lib/util/CodeFormat.java,xshr/0,serp.bytecode.Code.xshr/0,4,1,1,0,0,1,0,2,243,1,1,1,false
0.9.6,openjpa-kernel/src/main/java/org/apache/openjpa/kernel/PNewFlushedDeletedState.java,isDirty/0,org.apache.openjpa.kernel.PNewFlushedDeletedState.isDirty/0,3,1,0,0,0,1,0,0,334,1,1,0,false
0.9.6,openjpa-jdbc/src/main/java/org/apache/openjpa/jdbc/sql/SelectImpl.java,"putEager/2[org.apache.openjpa.jdbc.meta.FieldMapping,java.lang.Object]","org.apache.openjpa.jdbc.sql.SelectImpl.SelectResult.putEager/2[org.apache.openjpa.jdbc.meta.FieldMapping,java.lang.Object]",8,2,2,0,0,0,0,2,317,4,6,2,false
0.9.0,openjpa-kernel/src/main/java/org/apache/openjpa/kernel/DetachManager.java,"add/2[java.util.List,java.lang.RuntimeException]","org.apache.openjpa.kernel.DetachManager.add/2[java.util.List,java.lang.RuntimeException]",5,2,1,0,0,1,2,0,334,3,5,0,false
0.9.6,openjpa-kernel/src/main/java/org/apache/openjpa/kernel/ObjectIdStateManager.java,"providedBooleanField/3[org.apache.openjpa.kernel.PersistenceCapable,int,boolean]","org.apache.openjpa.kernel.ObjectIdStateManager.providedBooleanField/3[org.apache.openjpa.kernel.PersistenceCapable,int,boolean]",3,1,0,0,0,0,0,0,334,3,3,0,false
0.9.0,openjpa-jdbc/src/main/java/org/apache/openjpa/jdbc/meta/DiscriminatorMappingInfo.java,assertStrategy/0,org.apache.openjpa.jdbc.meta.Discriminator.assertStrategy/0,4,2,0,0,0,1,17,0,317,1,1,0,false
0.9.6,openjpa-jdbc/src/main/java/org/apache/openjpa/jdbc/sql/SelectImpl.java,removeParentJoins/1[org.apache.openjpa.jdbc.sql.PathJoins],org.apache.openjpa.jdbc.sql.SelectImpl.removeParentJoins/1[org.apache.openjpa.jdbc.sql.PathJoins],5,5,0,0,0,1,2,5,317,4,6,3,false
0.9.0,openjpa-jdbc/src/main/java/org/apache/openjpa/jdbc/kernel/exps/JDBCExpressionFactory.java,"lessThanEqual/2[org.apache.openjpa.jdbc.kernel.exps.Value,org.apache.openjpa.jdbc.kernel.exps.Value]","org.apache.openjpa.jdbc.kernel.exps.JDBCExpressionFactory.lessThanEqual/2[org.apache.openjpa.jdbc.kernel.exps.Value,org.apache.openjpa.jdbc.kernel.exps.Value]",3,1,0,0,0,1,0,1,317,1,1,0,false
0.9.6,openjpa-jdbc/src/main/java/org/apache/openjpa/jdbc/meta/strats/EmbedFieldStrategy.java,"select/5[org.apache.openjpa.jdbc.meta.strats.Select,org.apache.openjpa.kernel.OpenJPAStateManager,org.apache.openjpa.jdbc.meta.strats.JDBCStore,org.apache.openjpa.jdbc.meta.strats.JDBCFetchConfiguration,int]","org.apache.openjpa.jdbc.meta.strats.EmbedFieldStrategy.select/5[org.apache.openjpa.jdbc.meta.strats.Select,org.apache.openjpa.kernel.OpenJPAStateManager,org.apache.openjpa.jdbc.meta.strats.JDBCStore,org.apache.openjpa.jdbc.meta.strats.JDBCFetchConfiguration,int]",7,1,2,0,0,1,0,0,317,2,2,0,false
0.9.6,openjpa-jdbc/src/main/java/org/apache/openjpa/jdbc/meta/JDBCColumnOrder.java,setTableName/1[java.lang.String],org.apache.openjpa.jdbc.schema.Column.setTableName/1[java.lang.String],5,2,2,0,0,0,1,1,317,1,1,0,false
0.9.6,openjpa-jdbc/src/main/java/org/apache/openjpa/jdbc/kernel/exps/Trim.java,"orderBy/5[org.apache.openjpa.jdbc.kernel.exps.Select,org.apache.openjpa.jdbc.kernel.exps.JDBCStore,java.lang.Object[],boolean,org.apache.openjpa.jdbc.kernel.exps.JDBCFetchConfiguration]","org.apache.openjpa.jdbc.kernel.exps.Trim.orderBy/5[org.apache.openjpa.jdbc.kernel.exps.Select,org.apache.openjpa.jdbc.kernel.exps.JDBCStore,java.lang.Object[],boolean,org.apache.openjpa.jdbc.kernel.exps.JDBCFetchConfiguration]",3,1,0,0,0,0,0,1,317,1,1,0,false
0.9.0,openjpa-kernel/src/main/java/org/apache/openjpa/datacache/QueryCacheStoreQuery.java,isPacking/1[org.apache.openjpa.kernel.StoreQuery],org.apache.openjpa.datacache.QueryCacheStoreQuery.QueryCacheExecutor.isPacking/1[org.apache.openjpa.kernel.StoreQuery],3,1,0,0,0,1,0,2,334,2,2,0,false
0.9.6,openjpa-kernel/src/main/java/org/apache/openjpa/kernel/ObjectIdStateManager.java,replaceStateManager/1[org.apache.openjpa.kernel.StateManager],org.apache.openjpa.kernel.ObjectIdStateManager.replaceStateManager/1[org.apache.openjpa.kernel.StateManager],3,1,0,0,0,0,0,0,334,3,3,0,false
0.9.6,openjpa-jdbc/src/main/java/org/apache/openjpa/jdbc/meta/strats/EmbedFieldStrategy.java,"setPrimaryKey/2[org.apache.openjpa.jdbc.meta.strats.ColumnIO,org.apache.openjpa.kernel.OpenJPAStateManager]","org.apache.openjpa.jdbc.meta.strats.EmbedFieldStrategy.EmbeddedRow.setPrimaryKey/2[org.apache.openjpa.jdbc.meta.strats.ColumnIO,org.apache.openjpa.kernel.OpenJPAStateManager]",3,1,0,0,0,0,0,1,317,2,2,0,false
0.9.6,openjpa-persistence/src/main/java/org/apache/openjpa/persistence/OpenJPAPersistence.java,"toOpenJPAObjectId/2[org.apache.openjpa.meta.ClassMetaData,java.lang.Object]","org.apache.openjpa.persistence.OpenJPAPersistence.toOpenJPAObjectId/2[org.apache.openjpa.meta.ClassMetaData,java.lang.Object]",12,10,1,0,0,9,2,3,334,2,2,2,false
0.9.0,openjpa-kernel/src/main/java/org/apache/openjpa/kernel/exps/NotEqualExpression.java,"compare/2[java.lang.Object,java.lang.Object]","org.apache.openjpa.kernel.exps.NotEqualExpression.compare/2[java.lang.Object,java.lang.Object]",3,4,0,0,0,1,0,0,334,1,1,0,false
0.9.0,openjpa-jdbc/src/main/java/org/apache/openjpa/jdbc/kernel/JDBCStoreManager.java,"selectSubclassMappings/4[org.apache.openjpa.jdbc.kernel.Select,org.apache.openjpa.jdbc.kernel.ClassMapping,org.apache.openjpa.jdbc.kernel.OpenJPAStateManager,org.apache.openjpa.jdbc.kernel.JDBCFetchState]","org.apache.openjpa.jdbc.kernel.JDBCStoreManager.selectSubclassMappings/4[org.apache.openjpa.jdbc.kernel.Select,org.apache.openjpa.jdbc.kernel.ClassMapping,org.apache.openjpa.jdbc.kernel.OpenJPAStateManager,org.apache.openjpa.jdbc.kernel.JDBCFetchState]",22,14,8,0,0,1,1,4,317,3,5,1,false
0.9.6,openjpa-persistence-jdbc/src/main/java/org/apache/openjpa/persistence/jdbc/ForeignKeyAction.java,setKeySequence/1[int],org.apache.openjpa.jdbc.schema.ForeignKey.setKeySequence/1[int],3,1,1,0,0,0,1,0,317,1,1,0,false
0.9.0,openjpa-kernel/src/main/java/org/apache/openjpa/kernel/exps/Param.java,hasVariables/0,org.apache.openjpa.kernel.exps.Param.hasVariables/0,3,1,0,0,0,1,0,0,334,1,1,0,false
0.9.0,openjpa-persistence/src/main/java/org/apache/openjpa/persistence/OpenJPAEntityManagerFactory.java,setRetainState/1[boolean],org.apache.openjpa.persistence.OpenJPAEntityManager.setRetainState/1[boolean],1,1,0,0,0,0,0,0,334,1,1,0,false
0.9.0,openjpa-kernel/src/main/java/org/apache/openjpa/datacache/QueryKey.java,QueryKey/0,org.apache.openjpa.datacache.QueryKey.QueryKey/0,2,1,0,0,0,0,1,0,334,1,1,1,false
0.9.6,openjpa-kernel/src/main/java/org/apache/openjpa/meta/MetaDataRepository.java,"addQueryMetaData/2[java.lang.Class,java.lang.String]","org.apache.openjpa.meta.MetaDataRepository.addQueryMetaData/2[java.lang.Class,java.lang.String]",5,1,1,0,0,1,4,2,334,3,5,0,false
0.9.0,openjpa-kernel/src/main/java/org/apache/openjpa/kernel/InverseManager.java,startConfiguration/0,org.apache.openjpa.kernel.InverseManager.startConfiguration/0,2,1,0,0,0,0,0,0,334,1,1,0,false
0.9.0,openjpa-persistence/src/main/java/org/apache/openjpa/persistence/OpenJPAEntityManagerFactory.java,getEntityManagerFactory/0,org.apache.openjpa.persistence.OpenJPAEntityManager.getEntityManagerFactory/0,1,1,0,0,0,0,0,0,334,1,1,0,false
0.9.0,openjpa-kernel/src/main/java/org/apache/openjpa/kernel/OrderingMergedResultObjectProvider.java,"getOrderingValue/2[org.apache.openjpa.jdbc.sql.Result,int]","org.apache.openjpa.jdbc.sql.MergedResult.ResultComparator.getOrderingValue/2[org.apache.openjpa.jdbc.sql.Result,int]",1,1,0,0,0,0,1,0,334,1,1,0,false
0.9.0,openjpa-slice/src/main/java/org/apache/openjpa/slice/jdbc/DistributedJDBCStoreManager.java,close/0,org.apache.openjpa.jdbc.kernel.JDBCStoreManager.ClientConnection.close/0,4,1,1,0,0,0,1,0,281,1,1,0,false
0.9.6,openjpa-kernel/src/main/java/org/apache/openjpa/datacache/QueryCacheStoreQuery.java,next/0,org.apache.openjpa.datacache.QueryCacheStoreQuery.CachingResultObjectProvider.next/0,10,5,3,1,0,1,0,1,334,2,2,0,false
0.9.6,openjpa-jdbc/src/main/java/org/apache/openjpa/jdbc/sql/RowImpl.java,clearForeignKey/1[org.apache.openjpa.jdbc.sql.ForeignKey],org.apache.openjpa.jdbc.sql.RowImpl.clearForeignKey/1[org.apache.openjpa.jdbc.sql.ForeignKey],5,2,4,0,0,0,0,1,1211,0,0,0,false
0.9.0,openjpa-lib/src/main/java/org/apache/openjpa/lib/jdbc/SQLFormatter.java,getMultiLine/0,org.apache.openjpa.lib.jdbc.SQLFormatter.getMultiLine/0,3,1,0,0,0,1,0,0,243,1,1,0,false
0.9.0,openjpa-kernel/src/main/java/org/apache/openjpa/abstractstore/AbstractStoreManager.java,"newDataStoreId/2[java.lang.Object,org.apache.openjpa.abstractstore.ClassMetaData]","org.apache.openjpa.abstractstore.AbstractStoreManager.newDataStoreId/2[java.lang.Object,org.apache.openjpa.abstractstore.ClassMetaData]",4,2,1,0,0,1,1,0,334,2,2,2,false
0.9.0,openjpa-persistence/src/main/java/org/apache/openjpa/persistence/XMLPersistenceMetaDataSerializer.java,addSystemMappingElements/1[java.util.Collection],org.apache.openjpa.persistence.XMLPersistenceMetaDataSerializer.addSystemMappingElements/1[java.util.Collection],2,1,0,0,0,0,1,0,334,2,2,0,false
0.9.6,openjpa-kernel/src/main/java/org/apache/openjpa/util/MultiLoaderClassResolver.java,MultiLoaderClassResolver/1[java.lang.ClassLoader[]],org.apache.openjpa.util.MultiLoaderClassResolver.MultiLoaderClassResolver/1[java.lang.ClassLoader[]],3,2,1,0,0,0,0,0,334,1,1,0,false
0.9.6,openjpa-persistence/src/main/java/org/apache/openjpa/persistence/PersistenceMetaDataFactory.java,newClassArgParser/0,org.apache.openjpa.persistence.PersistenceMetaDataFactory.newClassArgParser/0,5,1,1,0,0,1,0,2,334,3,4,0,false
0.9.6,openjpa-xmlstore/src/main/java/org/apache/openjpa/xmlstore/ObjectData.java,"toStorable/3[org.apache.openjpa.xmlstore.FieldMetaData,java.lang.Object,org.apache.openjpa.kernel.StoreContext]","org.apache.openjpa.xmlstore.ObjectData.toStorable/3[org.apache.openjpa.xmlstore.FieldMetaData,java.lang.Object,org.apache.openjpa.kernel.StoreContext]",25,8,10,0,0,5,1,1,334,2,2,0,false
0.9.6,openjpa-lib/src/main/java/org/apache/openjpa/lib/util/Bytes.java,toLong/1[byte[]],org.apache.openjpa.lib.util.Bytes.toLong/1[byte[]],3,1,0,8,0,1,0,0,188,1,1,0,false
0.9.0,openjpa-kernel/src/main/java/org/apache/openjpa/meta/ValueStrategies.java,(initializer 1),(initializer 1),9,1,0,0,0,0,0,21,334,1,1,0,false
0.9.0,openjpa-kernel/src/main/java/org/apache/openjpa/conf/OpenJPAConfiguration.java,getFetchBatchSize/0,org.apache.openjpa.conf.OpenJPAConfiguration.getFetchBatchSize/0,1,1,0,0,0,0,1,0,334,1,1,0,false
0.9.6,openjpa-persistence/src/main/java/org/apache/openjpa/persistence/InverseLogical.java,isInfoEnabled/0,org.apache.openjpa.lib.log.Log.isInfoEnabled/0,1,1,0,0,0,0,9,0,334,1,1,0,false
0.9.0,openjpa-kernel/src/main/java/org/apache/openjpa/enhance/ApplicationIdTool.java,getTokenizer/1[boolean],org.apache.openjpa.enhance.ApplicationIdTool.getTokenizer/1[boolean],5,5,0,0,0,3,2,0,334,2,2,0,false
0.9.6,openjpa-persistence-jdbc/src/main/java/org/apache/openjpa/persistence/jdbc/AnnotationPersistenceMappingParser.java,"populate/2[org.apache.openjpa.persistence.jdbc.FieldMapping,org.apache.openjpa.persistence.jdbc.MappingOverride]","org.apache.openjpa.persistence.jdbc.AnnotationPersistenceMappingParser.populate/2[org.apache.openjpa.persistence.jdbc.FieldMapping,org.apache.openjpa.persistence.jdbc.MappingOverride]",6,2,0,0,0,0,2,4,317,4,6,1,false
0.9.6,openjpa-lib/src/main/java/org/apache/openjpa/lib/util/concurrent/Utils.java,nanoTime/0,org.apache.openjpa.lib.util.concurrent.Utils.MillisProvider.nanoTime/0,3,1,0,1,0,1,0,0,243,1,1,0,false
0.9.0,openjpa-persistence/src/main/java/org/apache/openjpa/persistence/OpenJPAEntityManagerFactory.java,containsAll/1[java.util.Collection],org.apache.openjpa.persistence.OpenJPAEntityManager.containsAll/1[java.util.Collection],1,1,0,0,0,0,0,0,334,1,1,0,false
0.9.0,openjpa-persistence/src/main/java/org/apache/openjpa/persistence/OpenJPAEntityManagerFactory.java,getNontransactionalWrite/0,org.apache.openjpa.persistence.OpenJPAEntityManager.getNontransactionalWrite/0,1,1,0,0,0,0,0,0,334,1,1,0,false
0.9.6,openjpa-kernel/src/main/java/org/apache/openjpa/abstractstore/AbstractStoreBrokerFactory.java,removeLifecycleListener/1[java.lang.Object],org.apache.openjpa.kernel.Broker.removeLifecycleListener/1[java.lang.Object],1,1,0,0,0,0,0,0,334,2,2,0,false
0.9.0,openjpa-jdbc/src/main/java/org/apache/openjpa/jdbc/sql/SelectImpl.java,"selectIdentifier/5[org.apache.openjpa.jdbc.sql.ClassMapping,int,org.apache.openjpa.jdbc.sql.JDBCStore,org.apache.openjpa.jdbc.sql.JDBCFetchState,int]","org.apache.openjpa.jdbc.sql.SelectImpl.selectIdentifier/5[org.apache.openjpa.jdbc.sql.ClassMapping,int,org.apache.openjpa.jdbc.sql.JDBCStore,org.apache.openjpa.jdbc.sql.JDBCFetchState,int]",3,1,0,0,0,0,0,1,317,4,6,0,false
0.9.0,openjpa-lib/src/main/java/org/apache/openjpa/lib/meta/XMLMetaDataSerializer.java,"serialize/2[java.io.Writer,int]","org.apache.openjpa.lib.meta.XMLMetaDataSerializer.serialize/2[java.io.Writer,int]",9,4,0,0,1,0,1,2,243,1,1,0,false
0.9.0,openjpa-jdbc/src/main/java/org/apache/openjpa/jdbc/meta/strats/SuperclassDiscriminatorStrategy.java,"getClassConditions/4[org.apache.openjpa.jdbc.sql.Select,org.apache.openjpa.jdbc.sql.Joins,org.apache.openjpa.jdbc.meta.strats.ClassMapping,boolean]","org.apache.openjpa.jdbc.meta.strats.SuperclassDiscriminatorStrategy.getClassConditions/4[org.apache.openjpa.jdbc.sql.Select,org.apache.openjpa.jdbc.sql.Joins,org.apache.openjpa.jdbc.meta.strats.ClassMapping,boolean]",3,1,0,0,0,1,0,1,317,2,2,3,false
0.9.6,openjpa-lib/src/main/java/org/apache/openjpa/lib/util/CodeFormat.java,putstatic/0,serp.bytecode.Code.putstatic/0,3,1,0,0,0,1,3,1,243,1,1,0,false
0.9.0,openjpa-kernel/src/main/java/org/apache/openjpa/kernel/BrokerImpl.java,"find/3[java.lang.Object,boolean,org.apache.openjpa.kernel.FindCallbacks]","org.apache.openjpa.kernel.BrokerImpl.find/3[java.lang.Object,boolean,org.apache.openjpa.kernel.FindCallbacks]",5,2,2,0,0,1,4,3,334,5,17,0,false
0.9.6,openjpa-lib/src/main/java/org/apache/openjpa/lib/rop/AbstractResultList.java,"getDateInternal/3[java.lang.Object,java.util.Calendar,org.apache.openjpa.jdbc.sql.Joins]","org.apache.openjpa.jdbc.sql.AbstractResult.getDateInternal/3[java.lang.Object,java.util.Calendar,org.apache.openjpa.jdbc.sql.Joins]",3,1,0,0,0,1,2,2,243,1,1,0,false
0.9.0,openjpa-jdbc/src/main/java/org/apache/openjpa/jdbc/kernel/exps/JDBCExpressionFactory.java,"newExtension/3[org.apache.openjpa.kernel.exps.FilterListener,org.apache.openjpa.kernel.exps.Value,org.apache.openjpa.kernel.exps.Value]","org.apache.openjpa.kernel.exps.ExpressionFactory.newExtension/3[org.apache.openjpa.kernel.exps.FilterListener,org.apache.openjpa.kernel.exps.Value,org.apache.openjpa.kernel.exps.Value]",1,1,0,0,0,0,0,0,317,1,1,0,false
0.9.6,openjpa-kernel/src/main/java/org/apache/openjpa/util/AbstractLRSProxyMap.java,remove/0,org.apache.openjpa.jdbc.meta.strats.LRSProxyMap.ResultIterator.remove/0,3,1,0,0,0,0,0,0,334,2,2,0,false
0.9.0,openjpa-lib/src/main/java/org/apache/openjpa/lib/jdbc/DelegatingPreparedStatement.java,toString/0,org.apache.openjpa.lib.jdbc.DelegatingPreparedStatement.toString/0,5,1,1,0,0,1,0,2,243,1,1,0,false
0.9.6,openjpa-jdbc/src/main/java/org/apache/openjpa/jdbc/meta/strats/EmbedFieldStrategy.java,"customUpdate/2[org.apache.openjpa.kernel.OpenJPAStateManager,org.apache.openjpa.jdbc.meta.strats.JDBCStore]","org.apache.openjpa.jdbc.meta.strats.EmbedFieldStrategy.customUpdate/2[org.apache.openjpa.kernel.OpenJPAStateManager,org.apache.openjpa.jdbc.meta.strats.JDBCStore]",6,6,4,0,0,0,0,4,317,2,2,2,false
0.9.6,openjpa-kernel/src/main/java/org/apache/openjpa/meta/AbstractCFMetaDataFactory.java,addQueryMetaData/1[org.apache.openjpa.meta.QueryMetaData],org.apache.openjpa.meta.AbstractCFMetaDataFactory.Serializer.addQueryMetaData/1[org.apache.openjpa.meta.QueryMetaData],1,1,0,0,0,0,2,0,334,3,5,0,false
0.9.6,openjpa-kernel/src/main/java/org/apache/openjpa/kernel/exps/This.java,setImplicitType/1[java.lang.Class],org.apache.openjpa.kernel.exps.This.setImplicitType/1[java.lang.Class],2,1,0,0,0,0,0,0,334,1,1,0,false
0.9.6,openjpa-lib/src/main/java/org/apache/openjpa/lib/util/concurrent/FIFOCondVar.java,getWaitQueueLength/0,org.apache.openjpa.lib.util.concurrent.FIFOCondVar.getWaitQueueLength/0,6,2,0,0,0,1,0,1,243,1,1,0,false
0.9.0,openjpa-kernel/src/main/java/org/apache/openjpa/kernel/DelegatingFetchConfiguration.java,hasFetchGroup/1[java.lang.String],org.apache.openjpa.kernel.DelegatingFetchConfiguration.hasFetchGroup/1[java.lang.String],8,2,0,0,1,1,0,2,334,2,2,1,false
0.9.6,openjpa-kernel/src/main/java/org/apache/openjpa/meta/MetaDataFactory.java,getDefaults/0,org.apache.openjpa.meta.MetaDataFactory.getDefaults/0,1,1,0,0,0,0,0,0,334,2,2,0,false
0.9.6,openjpa-jdbc/src/main/java/org/apache/openjpa/jdbc/sql/RowImpl.java,getInsertSQL/1[org.apache.openjpa.jdbc.sql.DBDictionary],org.apache.openjpa.jdbc.sql.RowImpl.getInsertSQL/1[org.apache.openjpa.jdbc.sql.DBDictionary],20,5,6,0,0,1,1,1,1211,0,0,1,false
0.9.6,openjpa-jdbc/src/main/java/org/apache/openjpa/jdbc/meta/strats/EmbedFieldStrategy.java,"customDelete/2[org.apache.openjpa.jdbc.meta.strats.OpenJPAStateManager,org.apache.openjpa.jdbc.meta.strats.JDBCStore]","org.apache.openjpa.jdbc.meta.strats.EmbedFieldStrategy.customDelete/2[org.apache.openjpa.jdbc.meta.strats.OpenJPAStateManager,org.apache.openjpa.jdbc.meta.strats.JDBCStore]",6,4,4,0,0,0,0,1,317,2,2,2,false
0.9.6,openjpa-jdbc/src/main/java/org/apache/openjpa/jdbc/kernel/exps/StringFunction.java,setImplicitType/1[java.lang.Class],org.apache.openjpa.jdbc.kernel.exps.StringFunction.setImplicitType/1[java.lang.Class],2,1,0,0,0,0,0,0,317,1,1,0,false
0.9.6,openjpa-lib/src/main/java/org/apache/openjpa/lib/jdbc/DelegatingCallableStatement.java,getFieldsHolder/0,serp.bytecode.State.getFieldsHolder/0,3,1,0,0,0,0,0,0,243,1,1,0,false
0.9.6,openjpa-jdbc/src/main/java/org/apache/openjpa/jdbc/meta/ValueMappingImpl.java,getColumnIO/0,org.apache.openjpa.jdbc.meta.ValueMappingImpl.getColumnIO/0,4,5,0,0,0,2,1,1,317,1,1,1,false
0.9.0,openjpa-kernel/src/main/java/org/apache/openjpa/util/LockException.java,toString/0,org.apache.openjpa.util.LockException.toString/0,5,2,1,1,0,2,0,0,334,1,1,0,false
0.9.6,openjpa-kernel/src/main/java/org/apache/openjpa/util/ShortId.java,getId/0,org.apache.openjpa.util.ShortId.getId/0,3,1,0,0,0,1,0,0,334,1,1,0,false
0.9.6,openjpa-jdbc/src/main/java/org/apache/openjpa/jdbc/meta/strats/SuperclassDiscriminatorStrategy.java,"getClassConditions/5[org.apache.openjpa.jdbc.meta.strats.JDBCStore,org.apache.openjpa.jdbc.meta.strats.Select,org.apache.openjpa.jdbc.meta.strats.Joins,org.apache.openjpa.jdbc.meta.ClassMapping,boolean]","org.apache.openjpa.jdbc.meta.strats.SuperclassDiscriminatorStrategy.getClassConditions/5[org.apache.openjpa.jdbc.meta.strats.JDBCStore,org.apache.openjpa.jdbc.meta.strats.Select,org.apache.openjpa.jdbc.meta.strats.Joins,org.apache.openjpa.jdbc.meta.ClassMapping,boolean]",3,1,0,0,0,1,0,0,317,2,2,3,false
0.9.6,openjpa-jdbc/src/main/java/org/apache/openjpa/jdbc/meta/FieldMappingInfo.java,hasSchemaComponents/0,org.apache.openjpa.jdbc.meta.FieldMappingInfo.hasSchemaComponents/0,3,3,0,0,0,1,0,0,317,2,2,0,false
0.9.0,openjpa-kernel/src/main/java/org/apache/openjpa/kernel/StateManagerImpl.java,fetchLongField/1[int],org.apache.openjpa.kernel.StateManagerImpl.fetchLongField/1[int],11,2,0,0,1,1,6,4,334,3,10,0,false
0.9.0,openjpa-kernel/src/main/java/org/apache/openjpa/conf/OpenJPAConfiguration.java,setWriteLockLevel/1[java.lang.String],org.apache.openjpa.conf.OpenJPAConfiguration.setWriteLockLevel/1[java.lang.String],1,1,0,0,0,0,0,0,334,1,1,0,false
0.9.0,openjpa-kernel/src/main/java/org/apache/openjpa/kernel/PNewFlushedDeletedFlushedState.java,initialize/1[org.apache.openjpa.kernel.StateManagerImpl],org.apache.openjpa.kernel.PNewFlushedDeletedFlushedState.initialize/1[org.apache.openjpa.kernel.StateManagerImpl],2,1,0,0,0,0,0,0,334,1,1,0,false
0.9.0,openjpa-kernel/src/main/java/org/apache/openjpa/kernel/DelegatingFetchConfiguration.java,clearFields/0,org.apache.openjpa.kernel.DelegatingFetchConfiguration.clearFields/0,9,2,0,0,1,1,1,2,334,2,2,1,false
0.9.6,openjpa-lib/src/main/java/org/apache/openjpa/lib/jdbc/LoggingConnectionDecorator.java,"setObject/2[int,java.lang.Object]","org.apache.openjpa.lib.jdbc.LoggingConnectionDecorator.LoggingConnection.LoggingPreparedStatement.setObject/2[int,java.lang.Object]",4,1,0,0,0,0,0,1,243,1,1,0,false
0.9.6,openjpa-lib/src/main/java/org/apache/openjpa/lib/util/concurrent/ConcurrentLinkedQueue.java,offer/1[java.lang.Object],org.apache.openjpa.lib.util.concurrent.ConcurrentLinkedQueue.offer/1[java.lang.Object],19,6,3,0,0,1,2,4,243,1,1,2,false
0.9.0,openjpa-jdbc/src/main/java/org/apache/openjpa/jdbc/kernel/exps/SelectConstructor.java,"buildWhere/5[org.apache.openjpa.jdbc.kernel.exps.Select,org.apache.openjpa.jdbc.kernel.exps.JDBCStore,org.apache.openjpa.jdbc.kernel.exps.Expression,java.lang.Object[],org.apache.openjpa.jdbc.kernel.exps.JDBCFetchState]","org.apache.openjpa.jdbc.kernel.exps.SelectConstructor.buildWhere/5[org.apache.openjpa.jdbc.kernel.exps.Select,org.apache.openjpa.jdbc.kernel.exps.JDBCStore,org.apache.openjpa.jdbc.kernel.exps.Expression,java.lang.Object[],org.apache.openjpa.jdbc.kernel.exps.JDBCFetchState]",8,3,2,0,0,2,1,0,317,1,1,1,false
0.9.0,openjpa-jdbc/src/main/java/org/apache/openjpa/jdbc/meta/strats/RelationFieldStrategy.java,"selectEagerParallel/5[org.apache.openjpa.jdbc.meta.strats.SelectExecutor,org.apache.openjpa.jdbc.meta.strats.OpenJPAStateManager,org.apache.openjpa.jdbc.meta.strats.JDBCStore,org.apache.openjpa.jdbc.meta.strats.JDBCFetchState,int]","org.apache.openjpa.jdbc.meta.strats.RelationFieldStrategy.selectEagerParallel/5[org.apache.openjpa.jdbc.meta.strats.SelectExecutor,org.apache.openjpa.jdbc.meta.strats.OpenJPAStateManager,org.apache.openjpa.jdbc.meta.strats.JDBCStore,org.apache.openjpa.jdbc.meta.strats.JDBCFetchState,int]",14,3,2,0,0,0,2,1,317,3,4,2,false
0.9.6,openjpa-lib/src/main/java/org/apache/openjpa/lib/rop/RangeResultObjectProvider.java,getNumber/1[java.lang.Object],org.apache.openjpa.jdbc.sql.Result.getNumber/1[java.lang.Object],1,1,0,0,0,0,1,0,243,1,1,0,false
0.9.6,openjpa-jdbc/src/main/java/org/apache/openjpa/jdbc/meta/strats/RelationMapInverseKeyFieldStrategy.java,getJoinForeignKey/1[org.apache.openjpa.jdbc.meta.strats.ClassMapping],org.apache.openjpa.jdbc.meta.strats.RelationMapInverseKeyFieldStrategy.getJoinForeignKey/1[org.apache.openjpa.jdbc.meta.strats.ClassMapping],3,1,0,0,0,1,0,0,317,2,2,0,false
0.9.6,openjpa-jdbc/src/main/java/org/apache/openjpa/jdbc/meta/FieldMappingInfo.java,getTableName/0,org.apache.openjpa.jdbc.meta.FieldMappingInfo.getTableName/0,3,1,0,0,0,1,1,0,317,2,2,0,false
0.9.6,openjpa-persistence/src/main/java/org/apache/openjpa/persistence/AnnotationPersistenceMetaDataParser.java,"parseFetchAttribute/3[org.apache.openjpa.persistence.ClassMetaData,org.apache.openjpa.meta.FetchGroup,org.apache.openjpa.persistence.FetchAttribute]","org.apache.openjpa.persistence.AnnotationPersistenceMetaDataParser.parseFetchAttribute/3[org.apache.openjpa.persistence.ClassMetaData,org.apache.openjpa.meta.FetchGroup,org.apache.openjpa.persistence.FetchAttribute]",6,4,1,0,0,0,1,1,334,4,5,1,false
0.9.6,openjpa-persistence/src/main/java/org/apache/openjpa/persistence/query/ConcatExpression.java,"orderBy/4[org.apache.openjpa.jdbc.kernel.exps.Select,org.apache.openjpa.jdbc.kernel.exps.ExpContext,org.apache.openjpa.jdbc.kernel.exps.ExpState,boolean]","org.apache.openjpa.jdbc.kernel.exps.Concat.orderBy/4[org.apache.openjpa.jdbc.kernel.exps.Select,org.apache.openjpa.jdbc.kernel.exps.ExpContext,org.apache.openjpa.jdbc.kernel.exps.ExpState,boolean]",3,1,0,0,0,0,0,1,356,0,0,0,false
0.9.0,openjpa-kernel/src/main/java/org/apache/openjpa/util/InternalException.java,InternalException/1[java.lang.Throwable],org.apache.openjpa.util.InternalException.InternalException/1[java.lang.Throwable],4,1,0,0,0,0,0,1,334,1,1,0,false
0.9.6,openjpa-jdbc/src/main/java/org/apache/openjpa/jdbc/meta/ValueMappingImpl.java,getSelectSubclasses/0,org.apache.openjpa.jdbc.meta.ValueMappingImpl.getSelectSubclasses/0,15,10,2,0,0,4,0,1,317,1,1,2,false
0.9.0,openjpa-persistence/src/main/java/org/apache/openjpa/persistence/DataCache.java,initialize/1[org.apache.openjpa.datacache.DataCacheManager],org.apache.openjpa.datacache.DataCache.initialize/1[org.apache.openjpa.datacache.DataCacheManager],1,1,0,0,0,0,2,0,334,1,1,0,false
0.9.0,openjpa-kernel/src/main/java/org/apache/openjpa/meta/LifecycleMetaData.java,getIgnoreSystemListeners/0,org.apache.openjpa.meta.LifecycleMetaData.getIgnoreSystemListeners/0,3,1,0,0,0,1,0,0,334,1,1,0,false
0.9.0,openjpa-kernel/src/main/java/org/apache/openjpa/kernel/StateManagerImpl.java,isFlushed/0,org.apache.openjpa.kernel.StateManagerImpl.isFlushed/0,3,2,0,0,0,1,3,0,334,3,10,0,false
0.9.0,openjpa-persistence/src/main/java/org/apache/openjpa/persistence/XMLPersistenceMetaDataParser.java,endEntityListener/0,org.apache.openjpa.persistence.XMLPersistenceMetaDataParser.endEntityListener/0,7,3,2,0,0,0,2,1,334,6,10,0,false
0.9.6,openjpa-jdbc/src/main/java/org/apache/openjpa/jdbc/meta/QueryResultMapping.java,"set/2[org.apache.openjpa.jdbc.meta.Column,java.lang.Object]","org.apache.openjpa.jdbc.meta.QueryResultMapping.MultiColumnMap.set/2[org.apache.openjpa.jdbc.meta.Column,java.lang.Object]",4,2,2,0,0,0,1,0,317,2,2,0,false
0.9.6,openjpa-kernel/src/main/java/org/apache/openjpa/meta/ClassMetaData.java,getPrimaryKeyFields/0,org.apache.openjpa.meta.ClassMetaData.getPrimaryKeyFields/0,21,7,9,0,0,1,17,4,334,3,7,0,false
0.9.0,openjpa-kernel/src/main/java/org/apache/openjpa/conf/OpenJPAConfiguration.java,getMetaDataRepository/0,org.apache.openjpa.conf.OpenJPAConfiguration.getMetaDataRepository/0,1,1,0,0,0,0,2,0,334,1,1,0,false
0.9.0,openjpa-kernel/src/main/java/org/apache/openjpa/kernel/DelegatingBrokerFactory.java,getInnermostDelegate/0,org.apache.openjpa.kernel.DelegatingBroker.getInnermostDelegate/0,3,2,0,0,0,1,3,1,334,1,1,0,false
0.9.0,openjpa-kernel/src/main/java/org/apache/openjpa/kernel/DelegatingBrokerFactory.java,getLockLevel/1[java.lang.Object],org.apache.openjpa.kernel.DelegatingBroker.getLockLevel/1[java.lang.Object],8,2,0,0,1,1,1,1,334,1,1,1,false
0.9.6,openjpa-lib/src/main/java/org/apache/openjpa/lib/rop/AbstractSequentialResultList.java,containsAll/1[java.util.Collection],org.apache.openjpa.lib.rop.AbstractSequentialResultList.containsAll/1[java.util.Collection],5,3,1,0,0,2,0,2,243,1,1,0,false
0.9.6,openjpa-slice/src/main/java/org/apache/openjpa/slice/DistributedBrokerImpl.java,getManagedStates/0,org.apache.openjpa.kernel.BrokerImpl.getManagedStates/0,3,1,0,0,0,1,4,1,600,0,0,0,false
0.9.0,openjpa-persistence/src/main/java/org/apache/openjpa/persistence/XMLPersistenceMetaDataSerializer.java,getSerializeAnnotations/0,org.apache.openjpa.persistence.XMLPersistenceMetaDataSerializer.getSerializeAnnotations/0,3,1,0,0,0,1,0,0,334,2,2,0,false
0.9.6,openjpa-jdbc/src/main/java/org/apache/openjpa/jdbc/meta/FieldMapping.java,"loadKeyProjection/4[org.apache.openjpa.jdbc.meta.JDBCStore,org.apache.openjpa.jdbc.meta.JDBCFetchConfiguration,org.apache.openjpa.jdbc.sql.Result,org.apache.openjpa.jdbc.meta.Joins]","org.apache.openjpa.jdbc.meta.FieldMapping.loadKeyProjection/4[org.apache.openjpa.jdbc.meta.JDBCStore,org.apache.openjpa.jdbc.meta.JDBCFetchConfiguration,org.apache.openjpa.jdbc.sql.Result,org.apache.openjpa.jdbc.meta.Joins]",3,1,0,0,0,1,0,1,317,1,1,1,false
0.9.0,openjpa-lib/src/main/java/org/apache/openjpa/lib/jdbc/DelegatingResultSet.java,"updateObject/2[int,java.lang.Object]","org.apache.openjpa.lib.jdbc.DelegatingResultSet.updateObject/2[int,java.lang.Object]",3,1,0,0,0,0,0,0,243,1,1,0,false
0.9.6,openjpa-lib/src/main/java/org/apache/openjpa/lib/log/NoneLogFactory.java,getLog/1[java.lang.String],org.apache.openjpa.lib.log.NoneLogFactory.getLog/1[java.lang.String],3,1,0,0,0,1,0,1,243,1,1,0,false
0.9.6,openjpa-persistence/src/main/java/org/apache/openjpa/persistence/OpenJPAPersistenceUtil.java,"isManagedType/2[org.apache.openjpa.persistence.EntityManagerFactory,java.lang.Class]","org.apache.openjpa.persistence.OpenJPAPersistence.isManagedType/2[org.apache.openjpa.persistence.EntityManagerFactory,java.lang.Class]",8,2,0,0,1,1,0,0,76,3,3,1,false
0.9.0,openjpa-kernel/src/main/java/org/apache/openjpa/util/ApplicationIds.java,fetchShortField/1[int],org.apache.openjpa.util.ApplicationIds.PrimaryKeyFieldManager.fetchShortField/1[int],3,1,0,0,0,1,0,1,334,2,5,0,false
0.9.0,openjpa-kernel/src/main/java/org/apache/openjpa/util/StoreFacadeTypeRegistry.java,equals/1[java.lang.Object],org.apache.openjpa.util.StoreFacadeTypeRegistry.Key.equals/1[java.lang.Object],5,4,1,0,0,2,0,0,298,1,1,0,false
0.9.6,openjpa-jdbc/src/main/java/org/apache/openjpa/jdbc/sql/SelectImpl.java,getSubselects/0,org.apache.openjpa.jdbc.sql.SelectImpl.getSubselects/0,3,2,0,0,0,1,0,0,317,4,6,0,false
0.9.6,openjpa-jdbc/src/main/java/org/apache/openjpa/jdbc/meta/strats/RelationFieldStrategy.java,getFieldIndex/0,org.apache.openjpa.jdbc.meta.strats.RelationFieldStrategy.getFieldIndex/0,3,1,0,0,0,1,0,0,317,3,4,0,false
0.9.6,openjpa-jdbc/src/main/java/org/apache/openjpa/jdbc/sql/DBDictionaryFactory.java,"setArray/4[java.sql.PreparedStatement,int,java.sql.Array,org.apache.openjpa.jdbc.schema.Column]","org.apache.openjpa.jdbc.sql.DBDictionary.setArray/4[java.sql.PreparedStatement,int,java.sql.Array,org.apache.openjpa.jdbc.schema.Column]",3,1,0,0,0,0,2,0,317,2,2,0,false
0.9.6,openjpa-kernel/src/main/java/org/apache/openjpa/kernel/SingleFieldManager.java,isDefaultValue/0,org.apache.openjpa.kernel.SingleFieldManager.isDefaultValue/0,3,4,0,0,0,1,1,0,334,2,2,0,false
0.9.0,openjpa-kernel/src/main/java/org/apache/openjpa/datacache/ConcurrentDataCache.java,getCacheMap/0,org.apache.openjpa.datacache.ConcurrentDataCache.getCacheMap/0,3,1,0,0,0,1,0,0,334,1,1,0,false
0.9.6,openjpa-persistence/src/main/java/org/apache/openjpa/persistence/EntityManagerImpl.java,close/0,org.apache.openjpa.persistence.EntityManagerImpl.close/0,3,1,0,0,0,0,0,1,334,4,8,0,false
0.9.6,openjpa-kernel/src/main/java/org/apache/openjpa/meta/FieldMetaData.java,isPrimaryKey/0,org.apache.openjpa.meta.FieldMetaData.isPrimaryKey/0,3,1,0,0,0,1,21,0,334,2,2,0,false
0.9.6,openjpa-kernel/src/main/java/org/apache/openjpa/datacache/DataCacheStoreManager.java,"initialize/4[org.apache.openjpa.datacache.OpenJPAStateManager,org.apache.openjpa.datacache.PCState,org.apache.openjpa.datacache.FetchState,java.lang.Object]","org.apache.openjpa.datacache.DataCacheStoreManager.initialize/4[org.apache.openjpa.datacache.OpenJPAStateManager,org.apache.openjpa.datacache.PCState,org.apache.openjpa.datacache.FetchState,java.lang.Object]",25,11,5,0,1,6,0,6,334,2,2,3,false
0.9.0,openjpa-slice/src/main/java/org/apache/openjpa/slice/jdbc/DistributedJDBCStoreManager.java,"selectBaseMappings/10[org.apache.openjpa.jdbc.kernel.Select,org.apache.openjpa.jdbc.kernel.ClassMapping,org.apache.openjpa.jdbc.kernel.ClassMapping,org.apache.openjpa.jdbc.kernel.OpenJPAStateManager,java.util.BitSet,org.apache.openjpa.jdbc.kernel.JDBCFetchState,int,org.apache.openjpa.jdbc.kernel.FieldMapping,boolean,boolean]","org.apache.openjpa.jdbc.kernel.JDBCStoreManager.selectBaseMappings/10[org.apache.openjpa.jdbc.kernel.Select,org.apache.openjpa.jdbc.kernel.ClassMapping,org.apache.openjpa.jdbc.kernel.ClassMapping,org.apache.openjpa.jdbc.kernel.OpenJPAStateManager,java.util.BitSet,org.apache.openjpa.jdbc.kernel.JDBCFetchState,int,org.apache.openjpa.jdbc.kernel.FieldMapping,boolean,boolean]",41,25,16,0,0,1,2,4,281,1,1,2,false
0.9.6,openjpa-persistence/src/main/java/org/apache/openjpa/persistence/InvalidStateException.java,"InvalidStateException/4[org.apache.openjpa.lib.util.Localizer.Message,java.lang.Throwable[],java.lang.Object,boolean]","org.apache.openjpa.persistence.InvalidStateException.InvalidStateException/4[org.apache.openjpa.lib.util.Localizer.Message,java.lang.Throwable[],java.lang.Object,boolean]",3,1,0,0,0,0,1,1,334,1,1,0,false
0.9.0,openjpa-lib/src/main/java/org/apache/openjpa/lib/meta/CFMetaDataParser.java,isClassElementName/1[String],isClassElementName/1[String],3,1,0,0,0,1,0,0,243,1,1,0,false
0.9.0,openjpa-kernel/src/main/java/org/apache/openjpa/meta/Extensions.java,getObjectExtension/1[java.lang.String],org.apache.openjpa.meta.Extensions.getObjectExtension/1[java.lang.String],3,1,0,0,0,1,0,1,334,1,1,0,false
0.9.6,openjpa-jdbc/src/main/java/org/apache/openjpa/jdbc/meta/strats/ColumnVersionStrategy.java,"select/2[org.apache.openjpa.jdbc.meta.strats.Select,org.apache.openjpa.jdbc.meta.strats.ClassMapping]","org.apache.openjpa.jdbc.meta.strats.ColumnVersionStrategy.select/2[org.apache.openjpa.jdbc.meta.strats.Select,org.apache.openjpa.jdbc.meta.strats.ClassMapping]",4,1,0,0,0,1,0,0,317,1,1,0,false
0.9.6,openjpa-persistence/src/main/java/org/apache/openjpa/persistence/query/VarArgsExpression.java,"initialize/3[org.apache.openjpa.jdbc.kernel.exps.Select,org.apache.openjpa.jdbc.kernel.exps.ExpContext,int]","org.apache.openjpa.jdbc.kernel.exps.Args.initialize/3[org.apache.openjpa.jdbc.kernel.exps.Select,org.apache.openjpa.jdbc.kernel.exps.ExpContext,int]",10,3,6,0,0,1,0,1,340,0,0,0,false
0.9.0,openjpa-persistence/src/main/java/org/apache/openjpa/persistence/OpenJPAEntityManagerFactory.java,evictAll/1[java.util.Collection],org.apache.openjpa.persistence.OpenJPAEntityManager.evictAll/1[java.util.Collection],1,1,0,0,0,0,0,0,334,1,1,0,false
0.9.6,openjpa-kernel/src/main/java/org/apache/openjpa/kernel/DelegatingQuery.java,assertNotReadOnly/0,org.apache.openjpa.kernel.DelegatingQuery.assertNotReadOnly/0,8,2,0,0,1,0,0,1,334,2,2,1,false
0.9.6,openjpa-kernel/src/main/java/org/apache/openjpa/kernel/PCDataImpl.java,"load/4[org.apache.openjpa.kernel.OpenJPAStateManager,java.util.BitSet,org.apache.openjpa.kernel.FetchConfiguration,java.lang.Object]","org.apache.openjpa.kernel.PCDataImpl.load/4[org.apache.openjpa.kernel.OpenJPAStateManager,java.util.BitSet,org.apache.openjpa.kernel.FetchConfiguration,java.lang.Object]",16,5,3,0,0,0,0,6,334,2,2,1,false
0.9.6,openjpa-jdbc/src/main/java/org/apache/openjpa/jdbc/sql/SelectImpl.java,"having/2[java.lang.String,org.apache.openjpa.jdbc.sql.PathJoins]","org.apache.openjpa.jdbc.sql.SelectImpl.having/2[java.lang.String,org.apache.openjpa.jdbc.sql.PathJoins]",6,4,1,0,0,1,1,0,317,4,6,0,false
0.9.6,openjpa-kernel/src/main/java/org/apache/openjpa/meta/AbstractCFMetaDataFactory.java,"mapPersistentTypeNames/2[java.lang.Object,java.lang.String[]]","org.apache.openjpa.meta.AbstractCFMetaDataFactory.mapPersistentTypeNames/2[java.lang.Object,java.lang.String[]]",2,1,0,0,0,0,3,0,334,3,5,0,false
0.9.6,openjpa-kernel/src/main/java/org/apache/openjpa/conf/OpenJPAConfigurationImpl.java,setConnectionRetainMode/1[int],org.apache.openjpa.conf.OpenJPAConfigurationImpl.setConnectionRetainMode/1[int],4,1,0,0,0,0,0,2,334,3,5,0,false
0.9.0,openjpa-kernel/src/main/java/org/apache/openjpa/kernel/exps/InMemoryExpressionFactory.java,sqrt/1[org.apache.openjpa.kernel.exps.Value],org.apache.openjpa.kernel.exps.InMemoryExpressionFactory.sqrt/1[org.apache.openjpa.kernel.exps.Value],3,1,0,0,0,1,0,0,334,1,1,0,false
0.9.6,openjpa-lib/src/main/java/org/apache/openjpa/lib/rop/AbstractResultList.java,"getFloatInternal/2[java.lang.Object,org.apache.openjpa.jdbc.sql.Joins]","org.apache.openjpa.jdbc.sql.AbstractResult.getFloatInternal/2[java.lang.Object,org.apache.openjpa.jdbc.sql.Joins]",4,2,1,0,0,1,2,2,243,1,1,1,false
0.9.0,openjpa-lib/src/main/java/org/apache/openjpa/lib/jdbc/DelegatingCallableStatement.java,"setByte/2[int,byte]","org.apache.openjpa.lib.jdbc.DelegatingCallableStatement.setByte/2[int,byte]",3,1,0,0,0,0,0,0,243,1,1,0,false
0.9.0,openjpa-kernel/src/main/java/org/apache/openjpa/kernel/PNewState.java,isPersistent/0,org.apache.openjpa.kernel.PNewState.isPersistent/0,3,1,0,0,0,1,0,0,334,1,1,0,false
0.9.6,openjpa-kernel/src/main/java/org/apache/openjpa/conf/OpenJPAConfigurationImpl.java,setFetchBatchSize/1[java.lang.Integer],org.apache.openjpa.conf.OpenJPAConfigurationImpl.setFetchBatchSize/1[java.lang.Integer],3,2,0,0,0,0,0,1,334,3,5,0,false
0.9.0,openjpa-jdbc/src/main/java/org/apache/openjpa/jdbc/meta/DiscriminatorMappingInfo.java,"populate/7[org.apache.openjpa.jdbc.schema.Table,org.apache.openjpa.jdbc.schema.Table,org.apache.openjpa.jdbc.meta.Column,java.lang.Object,boolean,int,int]","org.apache.openjpa.jdbc.meta.MappingInfo.ForeignKeyDefaults.populate/7[org.apache.openjpa.jdbc.schema.Table,org.apache.openjpa.jdbc.schema.Table,org.apache.openjpa.jdbc.meta.Column,java.lang.Object,boolean,int,int]",1,1,0,0,0,0,2,0,317,1,1,0,false
0.9.0,openjpa-persistence/src/main/java/org/apache/openjpa/persistence/OpenJPAEntityManagerFactory.java,releaseSavepoint/0,org.apache.openjpa.persistence.OpenJPAEntityManager.releaseSavepoint/0,1,1,0,0,0,0,0,0,334,1,1,0,false
0.9.0,openjpa-persistence/src/main/java/org/apache/openjpa/persistence/DataCache.java,"commit/4[java.util.Collection,java.util.Collection,java.util.Collection,java.util.Collection]","org.apache.openjpa.datacache.DataCache.commit/4[java.util.Collection,java.util.Collection,java.util.Collection,java.util.Collection]",1,1,0,0,0,0,2,0,334,1,1,0,false
0.9.0,openjpa-lib/src/main/java/org/apache/openjpa/lib/jdbc/DataSourceLogs.java,setJDBCLog/1[org.apache.openjpa.lib.log.Log],org.apache.openjpa.lib.jdbc.DataSourceLogs.setJDBCLog/1[org.apache.openjpa.lib.log.Log],3,1,1,0,0,0,0,0,243,1,1,0,false
0.9.6,openjpa-kernel/src/main/java/org/apache/openjpa/event/JMSRemoteCommitProvider.java,setInto/1[java.util.Map],org.apache.openjpa.event.JMSRemoteCommitProvider.setInto/1[java.util.Map],8,3,2,0,0,0,0,0,334,3,3,0,false
0.9.6,openjpa-kernel/src/main/java/org/apache/openjpa/kernel/DetachedStateManager.java,"attach/7[org.apache.openjpa.kernel.AttachManager,java.lang.Object,org.apache.openjpa.kernel.ClassMetaData,org.apache.openjpa.kernel.PersistenceCapable,org.apache.openjpa.kernel.OpenJPAStateManager,org.apache.openjpa.kernel.ValueMetaData,boolean]","org.apache.openjpa.kernel.DetachedStateManager.attach/7[org.apache.openjpa.kernel.AttachManager,java.lang.Object,org.apache.openjpa.kernel.ClassMetaData,org.apache.openjpa.kernel.PersistenceCapable,org.apache.openjpa.kernel.OpenJPAStateManager,org.apache.openjpa.kernel.ValueMetaData,boolean]",115,65,27,0,0,1,0,55,334,4,6,15,false
0.9.6,openjpa-lib/src/main/java/org/apache/openjpa/lib/rop/RangeResultObjectProvider.java,"load/4[org.apache.openjpa.jdbc.sql.ClassMapping,org.apache.openjpa.jdbc.sql.JDBCStore,org.apache.openjpa.jdbc.sql.JDBCFetchConfiguration,org.apache.openjpa.jdbc.sql.Joins]","org.apache.openjpa.jdbc.sql.Result.load/4[org.apache.openjpa.jdbc.sql.ClassMapping,org.apache.openjpa.jdbc.sql.JDBCStore,org.apache.openjpa.jdbc.sql.JDBCFetchConfiguration,org.apache.openjpa.jdbc.sql.Joins]",1,1,0,0,0,0,5,0,243,1,1,0,false
0.9.6,openjpa-kernel/src/main/java/org/apache/openjpa/meta/JavaTypes.java,maybePC/1[org.apache.openjpa.meta.FieldMetaData],org.apache.openjpa.meta.JavaTypes.maybePC/1[org.apache.openjpa.meta.FieldMetaData],11,4,0,0,0,3,1,1,334,1,1,0,false
0.9.6,openjpa-kernel/src/main/java/org/apache/openjpa/kernel/DetachedValueStateManager.java,"settingByteField/5[org.apache.openjpa.kernel.PersistenceCapable,int,byte,byte,int]","org.apache.openjpa.kernel.DetachedValueStateManager.settingByteField/5[org.apache.openjpa.kernel.PersistenceCapable,int,byte,byte,int]",3,1,0,0,0,0,0,0,334,2,2,0,false
0.9.6,openjpa-jdbc/src/main/java/org/apache/openjpa/jdbc/meta/ClassMapping.java,getMappingRepository/0,org.apache.openjpa.jdbc.meta.ClassMapping.getMappingRepository/0,3,1,0,0,0,1,2,0,317,2,3,0,false
0.9.0,openjpa-kernel/src/main/java/org/apache/openjpa/datacache/DataCacheScheduler.java,DataCacheScheduler/1[org.apache.openjpa.datacache.OpenJPAConfiguration],org.apache.openjpa.datacache.DataCacheScheduler.DataCacheScheduler/1[org.apache.openjpa.datacache.OpenJPAConfiguration],3,1,1,0,0,0,0,0,334,1,1,0,false
0.9.0,openjpa-jdbc-5/src/main/java/org/apache/openjpa/jdbc/meta/strats/EnumValueHandler.java,setStoreOrdinal/1[boolean],org.apache.openjpa.jdbc.meta.strats.EnumValueHandler.setStoreOrdinal/1[boolean],3,1,1,0,0,0,0,0,317,1,1,0,false
0.9.0,openjpa-kernel/src/main/java/org/apache/openjpa/util/ImplHelper.java,"generateValue/4[org.apache.openjpa.kernel.StoreContext,org.apache.openjpa.meta.ClassMetaData,org.apache.openjpa.meta.FieldMetaData,int]","org.apache.openjpa.util.ImplHelper.generateValue/4[org.apache.openjpa.kernel.StoreContext,org.apache.openjpa.meta.ClassMetaData,org.apache.openjpa.meta.FieldMetaData,int]",14,6,2,0,0,4,2,5,334,4,5,2,false
0.9.6,openjpa-jdbc/src/main/java/org/apache/openjpa/jdbc/sql/SelectImpl.java,"orderBy/5[org.apache.openjpa.jdbc.sql.SQLBuffer,boolean,org.apache.openjpa.jdbc.sql.Joins,boolean,boolean]","org.apache.openjpa.jdbc.sql.SelectImpl.orderBy/5[org.apache.openjpa.jdbc.sql.SQLBuffer,boolean,org.apache.openjpa.jdbc.sql.Joins,boolean,boolean]",3,1,0,0,0,1,0,1,317,4,6,0,false
0.9.6,openjpa-lib/src/main/java/org/apache/openjpa/lib/conf/DoubleValue.java,DoubleValue/1[java.lang.String],org.apache.openjpa.lib.conf.DoubleValue.DoubleValue/1[java.lang.String],3,1,0,0,0,0,1,0,243,1,1,0,false
0.9.0,openjpa-kernel/src/main/java/org/apache/openjpa/kernel/exps/EndsWithExpression.java,"initialize/4[org.apache.openjpa.jdbc.kernel.exps.Select,org.apache.openjpa.jdbc.kernel.exps.JDBCStore,java.lang.Object[],java.util.Map]","org.apache.openjpa.jdbc.kernel.exps.EndsWithExpression.initialize/4[org.apache.openjpa.jdbc.kernel.exps.Select,org.apache.openjpa.jdbc.kernel.exps.JDBCStore,java.lang.Object[],java.util.Map]",12,2,6,1,0,0,0,2,1228,0,0,0,false
0.9.6,openjpa-kernel/src/main/java/org/apache/openjpa/kernel/OpenJPAStateManager.java,getImplData/0,org.apache.openjpa.kernel.OpenJPAStateManager.getImplData/0,1,1,0,0,0,0,2,0,334,1,1,0,false
0.9.6,openjpa-jdbc/src/main/java/org/apache/openjpa/jdbc/meta/ClassMapping.java,setJoinForeignKey/1[org.apache.openjpa.jdbc.meta.ForeignKey],org.apache.openjpa.jdbc.meta.ClassMapping.setJoinForeignKey/1[org.apache.openjpa.jdbc.meta.ForeignKey],3,1,1,0,0,0,0,0,317,2,3,0,false
0.9.6,openjpa-jdbc/src/main/java/org/apache/openjpa/jdbc/meta/strats/EmbedFieldStrategy.java,getManagedInstance/0,org.apache.openjpa.jdbc.meta.strats.EmbedFieldStrategy.NullEmbeddedStateManager.getManagedInstance/0,3,1,0,0,0,1,0,0,317,2,2,0,false
0.9.0,openjpa-kernel/src/main/java/org/apache/openjpa/kernel/BrokerImpl.java,commitAndResume/0,org.apache.openjpa.kernel.BrokerImpl.commitAndResume/0,3,1,0,0,0,0,0,1,334,5,17,0,false
0.9.0,openjpa-kernel/src/main/java/org/apache/openjpa/kernel/ExpressionStoreQuery.java,getOperation/1[org.apache.openjpa.kernel.StoreQuery],org.apache.openjpa.kernel.ExpressionStoreQuery.AbstractExpressionExecutor.getOperation/1[org.apache.openjpa.kernel.StoreQuery],3,1,0,0,0,1,0,1,334,2,3,1,false
0.9.0,openjpa-kernel/src/main/java/org/apache/openjpa/enhance/DynamicStorageGenerator.java,"addSetMethod/4[int,org.apache.openjpa.enhance.BCClass,int[],int]","org.apache.openjpa.enhance.DynamicStorageGenerator.addSetMethod/4[int,org.apache.openjpa.enhance.BCClass,int[],int]",50,7,13,3,0,1,1,4,334,1,1,20,false
0.9.0,openjpa-xmlstore/src/main/java/org/apache/openjpa/xmlstore/XMLStoreManager.java,"flush/5[java.util.Collection,java.util.Collection,java.util.Collection,java.util.Collection,java.util.Collection]","org.apache.openjpa.xmlstore.XMLStoreManager.flush/5[java.util.Collection,java.util.Collection,java.util.Collection,java.util.Collection,java.util.Collection]",33,8,15,3,0,1,0,12,334,1,1,7,false
0.9.6,openjpa-kernel/src/main/java/org/apache/openjpa/conf/OpenJPAConfigurationImpl.java,getSavepointManagerInstance/0,org.apache.openjpa.conf.OpenJPAConfigurationImpl.getSavepointManagerInstance/0,4,2,0,0,0,1,0,0,334,3,5,0,false
0.9.0,openjpa-lib/src/main/java/org/apache/openjpa/lib/util/CodeFormat.java,append/1[boolean],org.apache.openjpa.lib.util.CodeFormat.append/1[boolean],4,1,0,0,0,1,0,0,243,1,1,0,false
0.9.0,openjpa-lib/src/main/java/org/apache/openjpa/lib/jdbc/DelegatingPreparedStatement.java,"wrapResult/2[java.sql.ResultSet,boolean]","org.apache.openjpa.lib.jdbc.DelegatingPreparedStatement.wrapResult/2[java.sql.ResultSet,boolean]",4,3,0,0,0,2,3,1,243,1,1,0,false
0.9.0,openjpa-kernel/src/main/java/org/apache/openjpa/kernel/LockManager.java,endTransaction/0,org.apache.openjpa.kernel.LockManager.endTransaction/0,1,1,0,0,0,0,0,0,334,1,1,0,false
0.9.0,openjpa-kernel/src/main/java/org/apache/openjpa/util/DateId.java,"DateId/3[java.lang.Class,java.util.Date,boolean]","org.apache.openjpa.util.DateId.DateId/3[java.lang.Class,java.util.Date,boolean]",4,2,1,0,0,0,0,0,334,1,1,0,false
0.9.6,openjpa-lib/src/main/java/org/apache/openjpa/lib/jdbc/LoggingConnectionDecorator.java,"LoggingResultSet/2[java.sql.ResultSet,java.sql.Statement]","org.apache.openjpa.lib.jdbc.LoggingConnectionDecorator.LoggingConnection.LoggingResultSet.LoggingResultSet/2[java.sql.ResultSet,java.sql.Statement]",3,1,0,0,0,0,2,0,243,1,1,0,false
0.9.0,openjpa-persistence/src/main/java/org/apache/openjpa/persistence/OpenJPAQuery.java,getNamedParameters/0,org.apache.openjpa.persistence.OpenJPAQuery.getNamedParameters/0,1,1,0,0,0,0,0,0,334,2,2,0,false
0.9.6,openjpa-jdbc/src/main/java/org/apache/openjpa/jdbc/sql/AbstractSQLServerDictionary.java,"setNull/4[java.sql.PreparedStatement,int,int,org.apache.openjpa.jdbc.sql.Column]","org.apache.openjpa.jdbc.sql.AbstractSQLServerDictionary.setNull/4[java.sql.PreparedStatement,int,int,org.apache.openjpa.jdbc.sql.Column]",5,3,0,0,0,0,0,0,1211,0,0,0,false
0.9.0,openjpa-jdbc/src/main/java/org/apache/openjpa/jdbc/kernel/exps/JDBCExpressionFactory.java,"newSubquery/3[org.apache.openjpa.kernel.exps.ClassMetaData,boolean,java.lang.String]","org.apache.openjpa.kernel.exps.ExpressionFactory.newSubquery/3[org.apache.openjpa.kernel.exps.ClassMetaData,boolean,java.lang.String]",1,1,0,0,0,0,0,0,317,1,1,0,false
0.9.0,openjpa-kernel/src/main/java/org/apache/openjpa/util/ApplicationIds.java,"storeIntField/2[int,int]","org.apache.openjpa.util.ApplicationIds.PrimaryKeyFieldManager.storeIntField/2[int,int]",3,1,0,0,0,0,0,1,334,2,5,0,false
0.9.0,openjpa-lib/src/main/java/org/apache/openjpa/lib/meta/XMLMetaDataSerializer.java,startElement/1[java.lang.String],org.apache.openjpa.lib.meta.XMLMetaDataSerializer.startElement/1[java.lang.String],4,1,0,0,0,0,9,2,243,1,1,0,false
0.9.0,openjpa-persistence-jdbc/src/main/java/org/apache/openjpa/persistence/jdbc/JDBCFetchPlanImpl.java,"toFieldName/2[java.lang.Class,java.lang.String]","org.apache.openjpa.persistence.FetchPlan.toFieldName/2[java.lang.Class,java.lang.String]",3,1,0,1,0,1,4,0,315,2,4,0,false
0.9.0,openjpa-lib/src/main/java/org/apache/openjpa/lib/jdbc/DelegatingCallableStatement.java,getUpdateCount/0,org.apache.openjpa.lib.jdbc.DelegatingCallableStatement.getUpdateCount/0,3,1,0,0,0,1,0,0,243,1,1,0,false
0.9.6,openjpa-jdbc/src/main/java/org/apache/openjpa/jdbc/meta/strats/RelationMapTableFieldStrategy.java,setSchemaName/1[java.lang.String],org.apache.openjpa.jdbc.schema.Table.setSchemaName/1[java.lang.String],5,2,2,0,0,0,1,1,317,2,2,0,false
0.9.6,openjpa-kernel/src/main/java/org/apache/openjpa/meta/QueryMetaData.java,getName/0,org.apache.openjpa.meta.QueryMetaData.getName/0,3,1,0,0,0,1,0,0,334,2,2,0,false
0.9.6,openjpa-lib/src/main/java/org/apache/openjpa/lib/log/MultiLogFactory.java,trace/1[java.lang.Object],org.apache.openjpa.lib.log.MultiLogFactory.MultiLog.trace/1[java.lang.Object],3,2,1,0,0,0,0,1,243,1,1,0,false
0.9.0,openjpa-kernel/src/main/java/org/apache/openjpa/datacache/DelegatingDataCache.java,pin/1[java.lang.Object],org.apache.openjpa.datacache.DelegatingDataCache.pin/1[java.lang.Object],9,3,0,0,1,2,0,2,334,1,1,1,false
0.9.0,openjpa-jdbc/src/main/java/org/apache/openjpa/jdbc/sql/DBDictionaryFactory.java,"getGeneratedKey/2[org.apache.openjpa.jdbc.sql.Column,java.sql.Connection]","org.apache.openjpa.jdbc.sql.DBDictionary.getGeneratedKey/2[org.apache.openjpa.jdbc.sql.Column,java.sql.Connection]",28,8,6,0,3,1,1,3,317,2,2,2,false
0.9.6,openjpa-jdbc/src/main/java/org/apache/openjpa/jdbc/schema/Schemas.java,remove/0,org.apache.openjpa.jdbc.schema.Schema.remove/0,7,3,5,0,0,0,0,4,317,1,1,0,false
0.9.6,openjpa-persistence/src/main/java/org/apache/openjpa/persistence/EntityManagerImpl.java,dirtyClass/1[java.lang.Class],org.apache.openjpa.persistence.EntityManagerImpl.dirtyClass/1[java.lang.Class],3,1,0,0,0,0,0,1,334,4,8,0,false
0.9.6,openjpa-lib/src/main/java/org/apache/openjpa/lib/util/CodeFormat.java,dload/0,serp.bytecode.Code.dload/0,3,1,0,0,0,1,0,1,243,1,1,0,false
0.9.6,openjpa-jdbc/src/main/java/org/apache/openjpa/jdbc/schema/DriverDataSource.java,getConnectionDriverName/0,org.apache.openjpa.jdbc.schema.DriverDataSource.getConnectionDriverName/0,1,1,0,0,0,0,0,0,317,1,1,0,false
0.9.6,openjpa-persistence-jdbc/src/main/java/org/apache/openjpa/persistence/jdbc/ForeignKeyAction.java,getAction/1[java.lang.String],org.apache.openjpa.jdbc.schema.ForeignKey.getAction/1[java.lang.String],13,9,4,0,0,5,1,0,317,1,1,1,false
0.9.6,openjpa-kernel/src/main/java/org/apache/openjpa/event/RemoteCommitEventManager.java,getUpdatedTypeNames/0,org.apache.openjpa.event.RemoteCommitEvent.getUpdatedTypeNames/0,4,3,0,0,0,1,0,1,334,1,1,0,false
0.9.6,openjpa-kernel/src/main/java/org/apache/openjpa/kernel/PNonTransNewState.java,isPendingTransactional/0,org.apache.openjpa.kernel.PNonTransNewState.isPendingTransactional/0,3,1,0,0,0,1,0,0,334,1,1,0,false
0.9.6,openjpa-jdbc/src/main/java/org/apache/openjpa/jdbc/schema/SchemaGroup.java,addSchema/1[java.lang.String],org.apache.openjpa.jdbc.schema.SchemaGroup.addSchema/1[java.lang.String],9,3,4,0,0,1,3,1,317,1,1,1,false
0.9.0,openjpa-lib/src/main/java/org/apache/openjpa/lib/jdbc/DelegatingDatabaseMetaData.java,storesUpperCaseIdentifiers/0,org.apache.openjpa.lib.jdbc.DelegatingDatabaseMetaData.storesUpperCaseIdentifiers/0,3,1,0,0,0,1,0,0,243,2,2,0,false
0.9.0,openjpa-lib/src/main/java/org/apache/openjpa/lib/jdbc/DelegatingCallableStatement.java,"setUnicodeStream/3[int,java.io.InputStream,int]","org.apache.openjpa.lib.jdbc.DelegatingCallableStatement.setUnicodeStream/3[int,java.io.InputStream,int]",3,1,0,0,0,0,0,0,243,1,1,0,false
0.9.6,openjpa-kernel/src/main/java/org/apache/openjpa/util/StringId.java,getIdObject/0,org.apache.openjpa.util.StringId.getIdObject/0,3,1,0,0,0,1,0,0,334,1,1,0,false
0.9.0,openjpa-jdbc/src/main/java/org/apache/openjpa/jdbc/kernel/JDBCFetchConfigurationImpl.java,getJoinSyntax/0,org.apache.openjpa.jdbc.kernel.JDBCFetchConfigurationImpl.getJoinSyntax/0,3,1,0,0,0,1,0,0,317,3,5,0,false
0.9.6,openjpa-lib/src/main/java/org/apache/openjpa/lib/rop/RangeResultObjectProvider.java,open/0,org.apache.openjpa.lib.rop.RangeResultObjectProvider.open/0,3,1,0,0,0,0,0,1,243,1,1,0,false
0.9.6,openjpa-jdbc/src/main/java/org/apache/openjpa/jdbc/meta/MappingDefaultsImpl.java,"getJoinIndex/3[org.apache.openjpa.jdbc.meta.FieldMapping,org.apache.openjpa.jdbc.meta.Table,org.apache.openjpa.jdbc.meta.Column[]]","org.apache.openjpa.jdbc.meta.MappingDefaultsImpl.getJoinIndex/3[org.apache.openjpa.jdbc.meta.FieldMapping,org.apache.openjpa.jdbc.meta.Table,org.apache.openjpa.jdbc.meta.Column[]]",7,5,1,0,0,3,0,2,317,1,1,1,false
0.9.0,openjpa-jdbc/src/main/java/org/apache/openjpa/jdbc/sql/OracleDictionary.java,getOpenJPA3GeneratedKeySequenceName/1[org.apache.openjpa.jdbc.sql.Column],org.apache.openjpa.jdbc.sql.OracleDictionary.getOpenJPA3GeneratedKeySequenceName/1[org.apache.openjpa.jdbc.sql.Column],4,1,1,1,0,1,2,1,317,2,3,3,false
0.9.6,openjpa-lib/src/main/java/org/apache/openjpa/lib/jdbc/DelegatingCallableStatement.java,getAttributesHolder/0,serp.bytecode.State.getAttributesHolder/0,3,1,0,0,0,0,0,0,243,1,1,0,false
0.9.6,openjpa-kernel/src/main/java/org/apache/openjpa/kernel/jpql/JPQLExpressionBuilder.java,eval/1[org.apache.openjpa.kernel.jpql.JPQLExpressionBuilder.JPQLNode],org.apache.openjpa.kernel.jpql.JPQLExpressionBuilder.eval/1[org.apache.openjpa.kernel.jpql.JPQLExpressionBuilder.JPQLNode],212,81,61,2,0,56,5,29,334,1,3,14,false
0.9.6,openjpa-lib/src/main/java/org/apache/openjpa/lib/jdbc/JDBCEventConnectionDecorator.java,rollback/0,org.apache.openjpa.lib.jdbc.JDBCEventConnectionDecorator.EventConnection.rollback/0,9,1,1,0,1,0,0,2,243,1,1,0,false
0.9.6,openjpa-lib/src/main/java/org/apache/openjpa/lib/meta/ClassArgParser.java,readThroughWhitespace/1[java.io.Reader],org.apache.openjpa.lib.meta.ClassArgParser.readThroughWhitespace/1[java.io.Reader],7,4,1,0,0,1,2,0,243,1,1,0,false
0.9.0,openjpa-jdbc/src/main/java/org/apache/openjpa/jdbc/sql/PrimaryRow.java,setPrimaryKey/1[org.apache.openjpa.jdbc.sql.OpenJPAStateManager],org.apache.openjpa.jdbc.sql.PrimaryRow.setPrimaryKey/1[org.apache.openjpa.jdbc.sql.OpenJPAStateManager],3,1,0,0,0,0,0,1,317,2,2,0,false
0.9.6,openjpa-jdbc/src/main/java/org/apache/openjpa/jdbc/meta/strats/RelationMapInverseKeyFieldStrategy.java,newLRSProxy/1[org.apache.openjpa.jdbc.meta.strats.OpenJPAConfiguration],org.apache.openjpa.jdbc.meta.strats.RelationMapInverseKeyFieldStrategy.newLRSProxy/1[org.apache.openjpa.jdbc.meta.strats.OpenJPAConfiguration],3,1,0,0,0,1,0,0,317,2,2,0,false
0.9.0,openjpa-kernel/src/main/java/org/apache/openjpa/kernel/BrokerImpl.java,getRestoreState/0,org.apache.openjpa.kernel.BrokerImpl.getRestoreState/0,3,1,0,0,0,1,7,0,334,5,17,0,false
0.9.6,openjpa-kernel/src/main/java/org/apache/openjpa/event/TCPRemoteCommitProvider.java,listen/0,org.apache.openjpa.event.TCPRemoteCommitProvider.TCPPortListener.listen/0,5,1,1,0,0,0,1,0,334,2,2,0,false
0.9.0,openjpa-lib/src/main/java/org/apache/openjpa/lib/util/concurrent/ConcurrentReferenceHashMap.java,contains/1[java.lang.Object],.contains/1[java.lang.Object],10,6,7,1,0,3,0,5,243,1,1,4,false
0.9.6,openjpa-jdbc/src/main/java/org/apache/openjpa/jdbc/sql/DBDictionaryFactory.java,"getClob/2[java.sql.ResultSet,int]","org.apache.openjpa.jdbc.sql.DBDictionary.getClob/2[java.sql.ResultSet,int]",3,1,0,0,0,1,2,0,317,2,2,0,false
0.9.6,openjpa-jdbc/src/main/java/org/apache/openjpa/jdbc/kernel/exps/SelectConstructor.java,getStartIndex/0,org.apache.openjpa.jdbc.sql.Select.getStartIndex/0,1,1,0,0,0,0,6,0,317,1,1,0,false
0.9.0,openjpa-jdbc/src/main/java/org/apache/openjpa/jdbc/kernel/NativeJDBCSeq.java,endConfiguration/0,org.apache.openjpa.jdbc.kernel.NativeJDBCSeq.endConfiguration/0,12,5,6,0,0,0,0,3,317,2,2,1,false
0.9.0,openjpa-lib/src/main/java/org/apache/openjpa/lib/util/TypedProperties.java,"removeProperty/2[java.lang.String,java.lang.String]","org.apache.openjpa.lib.util.TypedProperties.removeProperty/2[java.lang.String,java.lang.String]",4,2,0,0,0,2,1,1,243,1,1,0,false
0.9.6,openjpa-jdbc/src/main/java/org/apache/openjpa/jdbc/meta/strats/RelationFieldStrategy.java,"updateInverse/4[org.apache.openjpa.jdbc.meta.strats.OpenJPAStateManager,org.apache.openjpa.jdbc.meta.strats.OpenJPAStateManager,org.apache.openjpa.jdbc.meta.strats.JDBCStore,org.apache.openjpa.jdbc.meta.strats.RowManager]","org.apache.openjpa.jdbc.meta.strats.RelationFieldStrategy.updateInverse/4[org.apache.openjpa.jdbc.meta.strats.OpenJPAStateManager,org.apache.openjpa.jdbc.meta.strats.OpenJPAStateManager,org.apache.openjpa.jdbc.meta.strats.JDBCStore,org.apache.openjpa.jdbc.meta.strats.RowManager]",32,18,12,0,0,4,3,1,317,3,4,1,false
0.9.0,openjpa-jdbc/src/main/java/org/apache/openjpa/jdbc/kernel/exps/Null.java,getValue/0,org.apache.openjpa.jdbc.kernel.exps.Null.getValue/0,3,1,0,0,0,1,0,0,317,1,1,0,false
0.9.6,openjpa-kernel/src/main/java/org/apache/openjpa/event/ClearListener.java,beforeClear/1[org.apache.openjpa.event.LifecycleEvent],org.apache.openjpa.event.ClearListener.beforeClear/1[org.apache.openjpa.event.LifecycleEvent],1,1,0,0,0,0,0,0,334,1,1,0,false
0.9.6,openjpa-jdbc/src/main/java/org/apache/openjpa/jdbc/kernel/exps/Args.java,getTypes/0,org.apache.openjpa.jdbc.kernel.exps.Args.getTypes/0,5,2,3,0,0,1,2,0,317,1,1,0,false
0.9.0,openjpa-xmlstore/src/main/java/org/apache/openjpa/xmlstore/XMLStoreManager.java,"exists/2[org.apache.openjpa.xmlstore.OpenJPAStateManager,java.lang.Object]","org.apache.openjpa.xmlstore.XMLStoreManager.exists/2[org.apache.openjpa.xmlstore.OpenJPAStateManager,java.lang.Object]",3,2,0,0,0,1,0,0,334,1,1,0,false
0.9.6,openjpa-kernel/src/main/java/org/apache/openjpa/meta/ClassMetaData.java,hashCode/0,org.apache.openjpa.meta.ClassMetaData.hashCode/0,3,1,0,0,0,1,1,0,334,3,7,1,false
0.9.6,openjpa-jdbc/src/main/java/org/apache/openjpa/jdbc/meta/DiscriminatorMappingInfo.java,clear/1[boolean],org.apache.openjpa.jdbc.meta.MappingInfo.clear/1[boolean],14,2,10,0,0,0,2,0,317,1,1,0,false
0.9.6,openjpa-kernel/src/main/java/org/apache/openjpa/kernel/DelegatingQuery.java,execute/1[java.lang.Object[]],org.apache.openjpa.kernel.DelegatingQuery.execute/1[java.lang.Object[]],8,2,0,0,1,1,1,1,334,2,2,1,false
0.9.0,openjpa-kernel/src/main/java/org/apache/openjpa/kernel/BrokerImpl.java,containsAll/1[java.util.Collection],org.apache.openjpa.kernel.BrokerImpl.TransactionalCache.containsAll/1[java.util.Collection],4,3,1,0,0,2,0,1,334,5,17,0,false
0.9.6,openjpa-jdbc/src/main/java/org/apache/openjpa/jdbc/meta/MappingDefaultsImpl.java,setFieldStrategies/1[java.lang.String],org.apache.openjpa.jdbc.meta.MappingDefaultsImpl.setFieldStrategies/1[java.lang.String],4,2,1,0,0,0,0,0,317,1,1,0,false
0.9.6,openjpa-kernel/src/main/java/org/apache/openjpa/kernel/SingleFieldManager.java,checkProxy/0,org.apache.openjpa.kernel.SingleFieldManager.checkProxy/0,6,4,1,0,0,3,1,0,334,2,2,1,false
0.9.0,openjpa-kernel/src/main/java/org/apache/openjpa/util/OpenJPAException.java,OpenJPAException/0,org.apache.openjpa.util.OpenJPAException.OpenJPAException/0,2,1,0,0,0,0,0,0,334,1,1,0,false
0.9.6,openjpa-kernel/src/main/java/org/apache/openjpa/conf/OpenJPAConfigurationImpl.java,setWriteLockLevel/1[int],org.apache.openjpa.conf.OpenJPAConfigurationImpl.setWriteLockLevel/1[int],4,1,0,0,0,0,0,2,334,3,5,0,false
0.9.0,openjpa-lib/src/main/java/org/apache/openjpa/lib/util/StringDistance.java,"getClosestLevenshteinDistance/3[java.lang.String,java.lang.String[],float]","org.apache.openjpa.lib.util.StringDistance.getClosestLevenshteinDistance/3[java.lang.String,java.lang.String[],float]",4,2,0,0,0,2,0,1,243,1,1,0,false
0.9.0,openjpa-kernel/src/main/java/org/apache/openjpa/kernel/DelegatingBrokerFactory.java,getNontransactionalRead/0,org.apache.openjpa.kernel.DelegatingBroker.getNontransactionalRead/0,8,2,0,0,1,1,1,1,334,1,1,1,false
0.9.0,openjpa-kernel/src/main/java/org/apache/openjpa/kernel/BrokerImpl.java,hasNext/0,.hasNext/0,3,1,0,0,0,1,1,0,334,5,17,0,false
0.9.6,openjpa-kernel/src/main/java/org/apache/openjpa/kernel/PNonTransDirtyState.java,isPersistent/0,org.apache.openjpa.kernel.PNonTransDirtyState.isPersistent/0,3,1,0,0,0,1,0,0,334,1,1,0,false
0.9.0,openjpa-lib/src/main/java/org/apache/openjpa/lib/jdbc/DelegatingDataSource.java,getLoginTimeout/0,org.apache.openjpa.lib.jdbc.DelegatingDataSource.getLoginTimeout/0,3,1,0,0,0,1,0,0,243,1,1,0,false
0.9.6,openjpa-jdbc/src/main/java/org/apache/openjpa/jdbc/kernel/exps/Trim.java,"newSQLBuffer/4[org.apache.openjpa.jdbc.kernel.exps.Select,org.apache.openjpa.jdbc.kernel.exps.JDBCStore,java.lang.Object[],org.apache.openjpa.jdbc.kernel.exps.JDBCFetchConfiguration]","org.apache.openjpa.jdbc.kernel.exps.Trim.newSQLBuffer/4[org.apache.openjpa.jdbc.kernel.exps.Select,org.apache.openjpa.jdbc.kernel.exps.JDBCStore,java.lang.Object[],org.apache.openjpa.jdbc.kernel.exps.JDBCFetchConfiguration]",7,1,1,0,0,1,3,3,317,1,1,0,false
0.9.0,openjpa-kernel/src/main/java/org/apache/openjpa/datacache/DataCacheManager.java,getDataCacheScheduler/0,org.apache.openjpa.datacache.DataCacheManager.getDataCacheScheduler/0,1,1,0,0,0,0,1,0,334,1,1,0,false
0.9.6,openjpa-lib/src/main/java/org/apache/openjpa/lib/rop/AbstractResultList.java,"getCharInternal/2[java.lang.Object,org.apache.openjpa.jdbc.sql.Joins]","org.apache.openjpa.jdbc.sql.AbstractResult.getCharInternal/2[java.lang.Object,org.apache.openjpa.jdbc.sql.Joins]",7,4,2,0,0,3,2,2,243,1,1,0,false
0.9.6,openjpa-slice/src/main/java/org/apache/openjpa/slice/DistributedBrokerImpl.java,othersUpdatesAreVisible/1[int],org.apache.openjpa.kernel.BrokerImpl.JCAHelper.othersUpdatesAreVisible/1[int],3,1,0,0,0,1,0,0,600,0,0,0,false
0.9.0,openjpa-jdbc/src/main/java/org/apache/openjpa/jdbc/kernel/exps/JDBCAggregateListener.java,"newSQLBuffer/4[org.apache.openjpa.jdbc.kernel.exps.Select,org.apache.openjpa.jdbc.kernel.JDBCStore,java.lang.Object[],org.apache.openjpa.jdbc.kernel.JDBCFetchConfiguration]","org.apache.openjpa.jdbc.kernel.exps.Aggregate.newSQLBuffer/4[org.apache.openjpa.jdbc.kernel.exps.Select,org.apache.openjpa.jdbc.kernel.JDBCStore,java.lang.Object[],org.apache.openjpa.jdbc.kernel.JDBCFetchConfiguration]",7,1,1,0,0,1,3,4,317,1,1,0,false
0.9.0,openjpa-jdbc/src/main/java/org/apache/openjpa/jdbc/sql/DBDictionaryFactory.java,"setRef/4[java.sql.PreparedStatement,int,java.sql.Ref,org.apache.openjpa.jdbc.sql.Column]","org.apache.openjpa.jdbc.sql.DBDictionary.setRef/4[java.sql.PreparedStatement,int,java.sql.Ref,org.apache.openjpa.jdbc.sql.Column]",3,1,0,0,0,0,3,0,317,2,2,0,false
0.9.6,openjpa-persistence/src/main/java/org/apache/openjpa/persistence/QueryImpl.java,isInMemory/1[int],org.apache.openjpa.kernel.QueryImpl.isInMemory/1[int],19,19,4,0,0,1,2,10,334,5,11,3,false
0.9.0,openjpa-jdbc/src/main/java/org/apache/openjpa/jdbc/kernel/PreparedSQLStoreQuery.java,requiresParameterDeclarations/0,org.apache.openjpa.jdbc.kernel.SQLStoreQuery.requiresParameterDeclarations/0,3,1,0,0,0,1,0,0,295,2,2,0,false
0.9.0,openjpa-lib/src/main/java/org/apache/openjpa/lib/util/concurrent/ConcurrentReferenceHashMap.java,"WeakEntry/6[int,java.lang.Object,java.lang.Object,boolean,org.apache.openjpa.lib.util.concurrent.ConcurrentReferenceHashMap.Entry,java.lang.ref.ReferenceQueue]","org.apache.openjpa.lib.util.concurrent.ConcurrentReferenceHashMap.WeakEntry.WeakEntry/6[int,java.lang.Object,java.lang.Object,boolean,org.apache.openjpa.lib.util.concurrent.ConcurrentReferenceHashMap.Entry,java.lang.ref.ReferenceQueue]",7,3,4,0,0,0,2,0,243,1,1,0,false
0.9.6,openjpa-jdbc/src/main/java/org/apache/openjpa/jdbc/meta/strats/EmbedFieldStrategy.java,getSecondaryDeletes/0,org.apache.openjpa.jdbc.meta.strats.EmbedFieldStrategy.EmbeddedRowManager.getSecondaryDeletes/0,3,1,0,0,0,0,0,0,317,2,2,0,false
0.9.6,openjpa-jdbc/src/main/java/org/apache/openjpa/jdbc/ant/ReverseMappingToolTask.java,getClassMapping/1[org.apache.openjpa.jdbc.meta.Table],org.apache.openjpa.jdbc.meta.ReverseMappingTool.getClassMapping/1[org.apache.openjpa.jdbc.meta.Table],3,1,0,0,0,1,0,0,317,1,1,0,false
0.9.0,openjpa-kernel/src/main/java/org/apache/openjpa/enhance/PCDataGenerator.java,"setTarget/2[org.apache.openjpa.enhance.Instruction,java.util.Collection]","org.apache.openjpa.enhance.PCDataGenerator.setTarget/2[org.apache.openjpa.enhance.Instruction,java.util.Collection]",4,2,1,0,0,0,8,0,334,2,2,0,false
0.9.6,openjpa-lib/src/main/java/org/apache/openjpa/lib/meta/URLMetaDataIterator.java,next/0,org.apache.openjpa.lib.meta.URLMetaDataIterator.next/0,5,2,1,0,0,1,0,1,243,1,1,0,false
0.9.6,openjpa-persistence/src/main/java/org/apache/openjpa/persistence/QueryImpl.java,getResultClass/1[org.apache.openjpa.kernel.StoreQuery],org.apache.openjpa.kernel.QueryImpl.MergedExecutor.getResultClass/1[org.apache.openjpa.kernel.StoreQuery],3,1,0,0,0,1,0,1,334,5,11,0,false
0.9.6,openjpa-kernel/src/main/java/org/apache/openjpa/meta/ClassMetaData.java,getDeclaredFetchGroups/0,org.apache.openjpa.meta.ClassMetaData.getDeclaredFetchGroups/0,4,3,1,0,0,1,2,0,334,3,7,0,false
0.9.6,openjpa-persistence/src/main/java/org/apache/openjpa/persistence/QueryImpl.java,getDelegate/0,org.apache.openjpa.kernel.QueryImpl.RemoveOnCloseResultList.getDelegate/0,3,1,0,0,0,1,0,0,334,5,11,0,false
0.9.0,openjpa-kernel/src/main/java/org/apache/openjpa/kernel/MethodStoreQuery.java,"executeUpdate/2[org.apache.openjpa.kernel.StoreQuery,java.lang.Object[]]","org.apache.openjpa.kernel.StoreQuery.Executor.executeUpdate/2[org.apache.openjpa.kernel.StoreQuery,java.lang.Object[]]",1,1,0,0,0,0,3,0,334,1,1,0,false
0.9.6,openjpa-persistence/src/main/java/org/apache/openjpa/persistence/query/VarArgsExpression.java,"select/4[org.apache.openjpa.jdbc.kernel.exps.Select,org.apache.openjpa.jdbc.kernel.exps.ExpContext,org.apache.openjpa.jdbc.kernel.exps.ExpState,boolean]","org.apache.openjpa.jdbc.kernel.exps.Args.select/4[org.apache.openjpa.jdbc.kernel.exps.Select,org.apache.openjpa.jdbc.kernel.exps.ExpContext,org.apache.openjpa.jdbc.kernel.exps.ExpState,boolean]",2,1,0,0,0,0,0,0,340,0,0,0,false
0.9.0,openjpa-jdbc/src/main/java/org/apache/openjpa/jdbc/conf/JDBCConfigurationImpl.java,getJDBCListenerInstances/0,org.apache.openjpa.jdbc.conf.JDBCConfigurationImpl.getJDBCListenerInstances/0,4,2,0,0,0,1,0,0,317,1,1,0,false
0.9.6,openjpa-jdbc/src/main/java/org/apache/openjpa/jdbc/kernel/exps/CompareEqualExpression.java,"initialize/3[org.apache.openjpa.jdbc.kernel.exps.Select,org.apache.openjpa.jdbc.kernel.exps.ExpContext,java.util.Map]","org.apache.openjpa.jdbc.kernel.exps.CompareEqualExpression.initialize/3[org.apache.openjpa.jdbc.kernel.exps.Select,org.apache.openjpa.jdbc.kernel.exps.ExpContext,java.util.Map]",18,9,11,0,0,1,0,3,317,1,1,0,false
0.9.0,openjpa-kernel/src/main/java/org/apache/openjpa/kernel/ExpressionStoreQuery.java,"executeUpdate/7[org.apache.openjpa.kernel.StoreQuery.Executor,org.apache.openjpa.kernel.ClassMetaData,org.apache.openjpa.kernel.ClassMetaData[],boolean,org.apache.openjpa.kernel.ExpressionFactory[],org.apache.openjpa.kernel.QueryExpressions[],java.lang.Object[]]","org.apache.openjpa.kernel.ExpressionStoreQuery.executeUpdate/7[org.apache.openjpa.kernel.StoreQuery.Executor,org.apache.openjpa.kernel.ClassMetaData,org.apache.openjpa.kernel.ClassMetaData[],boolean,org.apache.openjpa.kernel.ExpressionFactory[],org.apache.openjpa.kernel.QueryExpressions[],java.lang.Object[]]",3,1,0,0,0,1,1,0,334,2,3,0,false
0.9.6,openjpa-lib/src/main/java/org/apache/openjpa/lib/jdbc/DelegatingConnection.java,getTypeMap/0,org.apache.openjpa.lib.jdbc.DelegatingConnection.getTypeMap/0,3,1,0,0,0,1,0,0,243,1,1,0,false
0.9.0,openjpa-lib/src/main/java/org/apache/openjpa/lib/conf/MapConfigurationProvider.java,load/1[java.io.File],org.apache.openjpa.lib.conf.MapConfigurationProvider.load/1[java.io.File],3,1,0,0,0,1,0,0,243,1,1,0,false
0.9.0,openjpa-kernel/src/main/java/org/apache/openjpa/abstractstore/AbstractStoreManager.java,"assignDataStoreId/2[org.apache.openjpa.abstractstore.OpenJPAStateManager,java.lang.Object]","org.apache.openjpa.abstractstore.AbstractStoreManager.assignDataStoreId/2[org.apache.openjpa.abstractstore.OpenJPAStateManager,java.lang.Object]",7,4,2,0,0,2,1,5,334,2,2,2,false
0.9.6,openjpa-lib/src/main/java/org/apache/openjpa/lib/util/concurrent/ConcurrentHashSet.java,isEmpty/0,org.apache.openjpa.lib.util.concurrent.ConcurrentHashSet.isEmpty/0,3,1,0,0,0,1,0,0,243,1,1,0,false
0.9.6,openjpa-kernel/src/main/java/org/apache/openjpa/kernel/AbstractBrokerFactory.java,getPooledFactory/1[java.util.Map],org.apache.openjpa.kernel.AbstractBrokerFactory.getPooledFactory/1[java.util.Map],3,1,0,0,0,1,0,0,334,4,8,0,false
0.9.0,openjpa-persistence/src/main/java/org/apache/openjpa/persistence/XMLPersistenceMetaDataSerializer.java,getSourceType/0,org.apache.openjpa.persistence.XMLPersistenceMetaDataSerializer.ClassSeqs.getSourceType/0,3,1,0,0,0,1,0,0,334,2,2,0,false
0.9.6,openjpa-lib/src/main/java/org/apache/openjpa/lib/rop/RangeResultObjectProvider.java,pushBack/0,org.apache.openjpa.jdbc.sql.Result.pushBack/0,1,1,0,0,0,0,1,0,243,1,1,0,false
0.9.0,openjpa-lib/src/main/java/org/apache/openjpa/lib/util/concurrent/CopyOnWriteArrayList.java,"subList/2[int,int]","org.apache.openjpa.lib.util.concurrent.CopyOnWriteArrayList.COWSubList.subList/2[int,int]",6,4,0,2,0,1,0,1,243,1,1,0,false
0.9.0,openjpa-kernel/src/main/java/org/apache/openjpa/kernel/DelegatingFetchConfiguration.java,resetFetchGroups/0,org.apache.openjpa.kernel.DelegatingFetchConfiguration.resetFetchGroups/0,9,2,0,0,1,1,1,2,334,2,2,1,false
0.9.6,openjpa-kernel/src/main/java/org/apache/openjpa/kernel/DelegatingBrokerFactory.java,"find/5[java.lang.Object,org.apache.openjpa.kernel.FetchConfiguration,java.util.BitSet,java.lang.Object,int]","org.apache.openjpa.kernel.DelegatingBroker.find/5[java.lang.Object,org.apache.openjpa.kernel.FetchConfiguration,java.util.BitSet,java.lang.Object,int]",8,2,0,0,1,1,0,1,334,1,1,1,false
0.9.6,openjpa-kernel/src/main/java/org/apache/openjpa/meta/ClassMetaData.java,setDataCacheTimeout/1[int],org.apache.openjpa.meta.ClassMetaData.setDataCacheTimeout/1[int],3,1,1,0,0,0,1,0,334,3,7,0,false
0.9.6,openjpa-jdbc/src/main/java/org/apache/openjpa/jdbc/sql/SelectImpl.java,toSelectCount/0,org.apache.openjpa.jdbc.sql.SelectImpl.toSelectCount/0,3,1,0,0,0,1,3,1,317,4,6,0,false
0.9.0,openjpa-kernel/src/main/java/org/apache/openjpa/ant/PCEnhancerTask.java,makeObjectIdMethodPublic/1[java.lang.reflect.Method],org.apache.openjpa.enhance.PCEnhancer.makeObjectIdMethodPublic/1[java.lang.reflect.Method],5,2,1,0,0,1,1,1,334,1,1,2,false
0.9.0,openjpa-jdbc/src/main/java/org/apache/openjpa/jdbc/meta/DiscriminatorMappingInfo.java,"createForeignKey/9[org.apache.openjpa.jdbc.meta.MetaDataContext,java.lang.String,java.util.List,org.apache.openjpa.jdbc.meta.MappingInfo.ForeignKeyDefaults,org.apache.openjpa.jdbc.schema.Table,org.apache.openjpa.jdbc.meta.ClassMapping,org.apache.openjpa.jdbc.meta.ClassMapping,boolean,boolean]","org.apache.openjpa.jdbc.meta.MappingInfo.createForeignKey/9[org.apache.openjpa.jdbc.meta.MetaDataContext,java.lang.String,java.util.List,org.apache.openjpa.jdbc.meta.MappingInfo.ForeignKeyDefaults,org.apache.openjpa.jdbc.schema.Table,org.apache.openjpa.jdbc.meta.ClassMapping,org.apache.openjpa.jdbc.meta.ClassMapping,boolean,boolean]",111,51,55,5,0,2,0,6,317,1,1,11,false
0.9.0,openjpa-jdbc/src/main/java/org/apache/openjpa/jdbc/kernel/JDBCStoreManager.java,getRetain/0,org.apache.openjpa.jdbc.kernel.JDBCStoreManager.RefCountConnection.getRetain/0,3,1,0,0,0,1,0,0,317,3,5,0,false
0.9.6,openjpa-kernel/src/main/java/org/apache/openjpa/ee/WASManagedRuntime.java,suspend/0,org.apache.openjpa.ee.WASManagedRuntime.WASTransaction.suspend/0,3,1,0,0,0,0,0,1,215,1,2,0,false
0.9.6,openjpa-jdbc/src/main/java/org/apache/openjpa/jdbc/kernel/JDBCStoreQuery.java,"executeUnion/5[org.apache.openjpa.jdbc.kernel.Union,org.apache.openjpa.jdbc.kernel.ClassMapping[],org.apache.openjpa.kernel.exps.QueryExpressions[],java.util.BitSet[],org.apache.openjpa.jdbc.kernel.JDBCFetchConfiguration]","org.apache.openjpa.jdbc.kernel.JDBCStoreQuery.executeUnion/5[org.apache.openjpa.jdbc.kernel.Union,org.apache.openjpa.jdbc.kernel.ClassMapping[],org.apache.openjpa.kernel.exps.QueryExpressions[],java.util.BitSet[],org.apache.openjpa.jdbc.kernel.JDBCFetchConfiguration]",5,5,1,0,0,3,1,0,317,4,5,0,false
0.9.6,openjpa-jdbc/src/main/java/org/apache/openjpa/jdbc/meta/strats/HandlerFieldStrategy.java,"appendIsNotNull/3[org.apache.openjpa.jdbc.meta.strats.SQLBuffer,org.apache.openjpa.jdbc.meta.strats.Select,org.apache.openjpa.jdbc.sql.Joins]","org.apache.openjpa.jdbc.meta.strats.HandlerFieldStrategy.appendIsNotNull/3[org.apache.openjpa.jdbc.meta.strats.SQLBuffer,org.apache.openjpa.jdbc.meta.strats.Select,org.apache.openjpa.jdbc.sql.Joins]",9,5,2,0,0,0,0,1,317,1,1,2,false
0.9.6,openjpa-lib/src/main/java/org/apache/openjpa/lib/util/concurrent/ConcurrentHashMap.java,writeObject/1[java.io.ObjectOutputStream],org.apache.openjpa.lib.util.ConcurrentHashMap.writeObject/1[java.io.ObjectOutputStream],10,2,2,0,0,0,0,1,243,1,1,0,false
0.9.6,openjpa-jdbc/src/main/java/org/apache/openjpa/jdbc/meta/strats/RelationMapInverseKeyFieldStrategy.java,"selectValue/6[org.apache.openjpa.jdbc.meta.strats.Select,org.apache.openjpa.jdbc.meta.strats.ClassMapping,org.apache.openjpa.kernel.OpenJPAStateManager,org.apache.openjpa.jdbc.meta.strats.JDBCStore,org.apache.openjpa.jdbc.meta.strats.JDBCFetchConfiguration,org.apache.openjpa.jdbc.meta.strats.Joins]","org.apache.openjpa.jdbc.meta.strats.RelationMapInverseKeyFieldStrategy.selectValue/6[org.apache.openjpa.jdbc.meta.strats.Select,org.apache.openjpa.jdbc.meta.strats.ClassMapping,org.apache.openjpa.kernel.OpenJPAStateManager,org.apache.openjpa.jdbc.meta.strats.JDBCStore,org.apache.openjpa.jdbc.meta.strats.JDBCFetchConfiguration,org.apache.openjpa.jdbc.meta.strats.Joins]",3,1,0,0,0,0,0,0,317,2,2,0,false
0.9.6,openjpa-kernel/src/main/java/org/apache/openjpa/util/AbstractLRSProxyMap.java,clear/0,org.apache.openjpa.util.AbstractLRSProxyMap.clear/0,16,2,2,0,1,0,0,5,334,2,2,4,false
0.9.6,openjpa-kernel/src/main/java/org/apache/openjpa/kernel/Bootstrap.java,"invokeFactory/3[org.apache.openjpa.kernel.ConfigurationProvider,java.lang.ClassLoader,java.lang.String]","org.apache.openjpa.kernel.Bootstrap.invokeFactory/3[org.apache.openjpa.kernel.ConfigurationProvider,java.lang.ClassLoader,java.lang.String]",14,3,5,0,1,1,2,1,334,1,1,1,false
0.9.6,openjpa-jdbc/src/main/java/org/apache/openjpa/jdbc/meta/ClassMapping.java,copy/1[org.apache.openjpa.jdbc.meta.ClassMetaData],org.apache.openjpa.jdbc.meta.ClassMapping.copy/1[org.apache.openjpa.jdbc.meta.ClassMetaData],4,2,1,0,0,0,0,1,317,2,3,0,false
0.9.0,openjpa-kernel/src/main/java/org/apache/openjpa/kernel/exps/GetObjectId.java,"calculateValue/5[org.apache.openjpa.jdbc.kernel.exps.Select,org.apache.openjpa.jdbc.kernel.JDBCStore,java.lang.Object[],org.apache.openjpa.jdbc.kernel.exps.Val,org.apache.openjpa.jdbc.kernel.JDBCFetchConfiguration]","org.apache.openjpa.jdbc.kernel.exps.GetObjectId.calculateValue/5[org.apache.openjpa.jdbc.kernel.exps.Select,org.apache.openjpa.jdbc.kernel.JDBCStore,java.lang.Object[],org.apache.openjpa.jdbc.kernel.exps.Val,org.apache.openjpa.jdbc.kernel.JDBCFetchConfiguration]",3,1,0,0,0,0,0,1,334,1,1,0,false
0.9.6,openjpa-jdbc/src/main/java/org/apache/openjpa/jdbc/sql/DBDictionaryFactory.java,getActionName/1[int],org.apache.openjpa.jdbc.sql.DBDictionary.getActionName/1[int],12,4,0,0,0,4,2,0,317,2,2,0,false
0.9.6,openjpa-kernel/src/main/java/org/apache/openjpa/kernel/jpql/JPQLExpressionBuilder.java,evalSelectClause/1[org.apache.openjpa.kernel.jpql.QueryExpressions],org.apache.openjpa.kernel.jpql.JPQLExpressionBuilder.evalSelectClause/1[org.apache.openjpa.kernel.jpql.QueryExpressions],27,11,12,0,0,5,1,11,334,1,3,3,false
0.9.0,openjpa-persistence/src/main/java/org/apache/openjpa/persistence/OpenJPAEntityManagerFactory.java,getSyncWithManagedTransactions/0,org.apache.openjpa.persistence.OpenJPAEntityManager.getSyncWithManagedTransactions/0,1,1,0,0,0,0,0,0,334,1,1,0,false
0.9.0,openjpa-persistence/src/main/java/org/apache/openjpa/persistence/OpenJPAEntityManagerFactory.java,removeLifecycleListener/1[java.lang.Object],org.apache.openjpa.persistence.OpenJPAEntityManager.removeLifecycleListener/1[java.lang.Object],1,1,0,0,0,0,0,0,334,1,1,0,false
0.9.6,openjpa-jdbc/src/main/java/org/apache/openjpa/jdbc/meta/strats/EmbedFieldStrategy.java,"delete/3[org.apache.openjpa.jdbc.meta.strats.OpenJPAStateManager,org.apache.openjpa.jdbc.meta.strats.JDBCStore,org.apache.openjpa.jdbc.sql.RowManager]","org.apache.openjpa.jdbc.meta.strats.EmbedFieldStrategy.delete/3[org.apache.openjpa.jdbc.meta.strats.OpenJPAStateManager,org.apache.openjpa.jdbc.meta.strats.JDBCStore,org.apache.openjpa.jdbc.sql.RowManager]",6,2,3,0,0,0,0,1,317,2,2,2,false
0.9.6,openjpa-slice/src/main/java/org/apache/openjpa/slice/DistributedBrokerImpl.java,getMultithreaded/0,org.apache.openjpa.kernel.BrokerImpl.getMultithreaded/0,3,1,0,0,0,1,0,0,600,0,0,0,false
0.9.6,openjpa-jdbc/src/main/java/org/apache/openjpa/jdbc/kernel/exps/SelectConstructor.java,"having/2[org.apache.openjpa.jdbc.sql.SQLBuffer,org.apache.openjpa.jdbc.sql.Joins]","org.apache.openjpa.jdbc.sql.Select.having/2[org.apache.openjpa.jdbc.sql.SQLBuffer,org.apache.openjpa.jdbc.sql.Joins]",1,1,0,0,0,0,0,0,317,1,1,0,false
0.9.6,openjpa-jdbc/src/main/java/org/apache/openjpa/jdbc/meta/JDBCColumnOrder.java,setTargetField/1[java.lang.String],org.apache.openjpa.jdbc.schema.Column.setTargetField/1[java.lang.String],4,3,2,0,0,0,1,0,317,1,1,0,false
0.9.6,openjpa-jdbc/src/main/java/org/apache/openjpa/jdbc/sql/SelectImpl.java,isLRS/0,org.apache.openjpa.jdbc.sql.SelectImpl.isLRS/0,3,2,0,0,0,1,5,0,317,4,6,0,false
0.9.6,openjpa-persistence-jdbc/src/main/java/org/apache/openjpa/persistence/jdbc/KeyForeignKey.java,getKeySequence/0,org.apache.openjpa.jdbc.schema.ForeignKey.getKeySequence/0,3,1,0,0,0,1,0,0,701,0,0,0,false
0.9.0,openjpa-jdbc/src/main/java/org/apache/openjpa/jdbc/meta/strats/EmbedValueHandler.java,setInternalString/1[java.lang.String],org.apache.openjpa.lib.conf.Value.setInternalString/1[java.lang.String],1,1,0,0,0,0,1,0,317,1,1,0,false
0.9.6,openjpa-lib/src/main/java/org/apache/openjpa/lib/util/Localizer.java,getMessage/0,org.apache.openjpa.lib.util.Localizer.Message.getMessage/0,3,1,0,0,0,1,32,0,243,1,1,0,false
0.9.6,openjpa-lib/src/main/java/org/apache/openjpa/lib/util/concurrent/AbstractSet.java,AbstractSet/0,org.apache.openjpa.lib.util.concurrent.AbstractSet.AbstractSet/0,3,1,0,0,0,0,0,0,243,1,1,0,false
0.9.6,openjpa-kernel/src/main/java/org/apache/openjpa/event/LifecycleEventManager.java,"makeCallbacks/6[java.lang.Object,java.lang.Object,org.apache.openjpa.event.ClassMetaData,int,boolean,java.util.Collection]","org.apache.openjpa.event.LifecycleEventManager.makeCallbacks/6[java.lang.Object,java.lang.Object,org.apache.openjpa.event.ClassMetaData,int,boolean,java.util.Collection]",12,5,3,0,1,0,1,1,334,1,1,2,false
0.9.6,openjpa-jdbc/src/main/java/org/apache/openjpa/jdbc/meta/strats/HandlerFieldStrategy.java,"where/4[org.apache.openjpa.jdbc.meta.strats.OpenJPAStateManager,org.apache.openjpa.jdbc.meta.strats.JDBCStore,org.apache.openjpa.jdbc.meta.strats.RowManager,java.lang.Object]","org.apache.openjpa.jdbc.meta.strats.HandlerFieldStrategy.where/4[org.apache.openjpa.jdbc.meta.strats.OpenJPAStateManager,org.apache.openjpa.jdbc.meta.strats.JDBCStore,org.apache.openjpa.jdbc.meta.strats.RowManager,java.lang.Object]",4,2,1,0,0,0,0,1,317,1,1,0,false
0.9.0,openjpa-kernel/src/main/java/org/apache/openjpa/util/UnsupportedException.java,UnsupportedException/1[org.apache.openjpa.util.Message],org.apache.openjpa.util.UnsupportedException.UnsupportedException/1[org.apache.openjpa.util.Message],4,1,0,0,0,0,0,1,334,1,1,0,false
0.9.6,openjpa-jdbc/src/main/java/org/apache/openjpa/jdbc/meta/strats/AbstractFieldStrategy.java,"join/2[org.apache.openjpa.jdbc.meta.strats.Joins,boolean]","org.apache.openjpa.jdbc.meta.strats.AbstractFieldStrategy.join/2[org.apache.openjpa.jdbc.meta.strats.Joins,boolean]",3,1,0,0,0,1,0,0,317,1,1,0,false
0.9.6,openjpa-jdbc/src/main/java/org/apache/openjpa/jdbc/sql/DBDictionaryFactory.java,"getValidTableName/2[java.lang.String,org.apache.openjpa.jdbc.schema.Schema]","org.apache.openjpa.jdbc.sql.DBDictionary.getValidTableName/2[java.lang.String,org.apache.openjpa.jdbc.schema.Schema]",4,2,1,0,0,1,0,2,317,2,2,1,false
0.9.0,openjpa-kernel/src/main/java/org/apache/openjpa/kernel/AbstractStoreQuery.java,getAlias/1[org.apache.openjpa.kernel.StoreQuery],org.apache.openjpa.kernel.AbstractStoreQuery.AbstractExecutor.getAlias/1[org.apache.openjpa.kernel.StoreQuery],3,1,0,0,0,1,0,0,334,3,4,0,false
0.9.0,openjpa-kernel/src/main/java/org/apache/openjpa/kernel/BrokerImpl.java,getPendingTransactionalStates/0,org.apache.openjpa.kernel.BrokerImpl.getPendingTransactionalStates/0,4,2,0,0,0,2,1,0,334,5,17,0,false
0.9.6,openjpa-lib/src/main/java/org/apache/openjpa/lib/jdbc/LoggingConnectionDecorator.java,"setDate/2[int,java.sql.Date]","org.apache.openjpa.lib.jdbc.LoggingConnectionDecorator.LoggingConnection.LoggingPreparedStatement.setDate/2[int,java.sql.Date]",4,1,0,0,0,0,0,1,243,1,1,0,false
0.9.0,openjpa-kernel/src/main/java/org/apache/openjpa/kernel/BrokerImpl.java,detachAllInternal/1[org.apache.openjpa.kernel.OpCallbacks],org.apache.openjpa.kernel.BrokerImpl.detachAllInternal/1[org.apache.openjpa.kernel.OpCallbacks],18,6,4,0,0,1,4,9,334,5,17,2,false
0.9.6,openjpa-slice/src/main/java/org/apache/openjpa/slice/DistributedBrokerImpl.java,getMetaData/0,org.apache.openjpa.kernel.BrokerImpl.getMetaData/0,3,1,0,0,0,1,0,0,600,0,0,0,false
0.9.6,openjpa-jdbc/src/main/java/org/apache/openjpa/jdbc/meta/ClassMapping.java,getSubclassFetchMode/0,org.apache.openjpa.jdbc.meta.ClassMapping.getSubclassFetchMode/0,7,3,2,0,0,1,2,2,317,2,3,1,false
0.9.0,openjpa-kernel/src/main/java/org/apache/openjpa/kernel/BrokerImpl.java,getOptimistic/0,org.apache.openjpa.kernel.BrokerImpl.getOptimistic/0,3,1,0,0,0,1,5,0,334,5,17,0,false
0.9.6,openjpa-kernel/src/main/java/org/apache/openjpa/kernel/exps/SubQ.java,getType/0,org.apache.openjpa.jdbc.kernel.exps.SubQ.getType/0,7,4,0,0,0,3,3,0,334,1,1,0,false
0.9.6,openjpa-jdbc/src/main/java/org/apache/openjpa/jdbc/meta/strats/PrimitiveWrapperArrays.java,"fill/4[int[],int,int,int]","org.apache.openjpa.lib.util.concurrent.Arrays.fill/4[int[],int,int,int]",3,1,0,0,0,0,0,0,317,1,1,1,false
0.9.6,openjpa-lib/src/main/java/org/apache/openjpa/lib/meta/ClassAnnotationMetaDataFilter.java,"skipAnnotationPropertyValue/2[org.apache.openjpa.lib.meta.ConstantPoolTable,int]","org.apache.openjpa.lib.meta.ClassAnnotationMetaDataFilter.skipAnnotationPropertyValue/2[org.apache.openjpa.lib.meta.ConstantPoolTable,int]",35,16,13,5,0,1,2,1,243,2,2,0,false
0.9.6,openjpa-jdbc/src/main/java/org/apache/openjpa/jdbc/meta/strats/EmbedFieldStrategy.java,"storeField/2[int,java.lang.Object]","org.apache.openjpa.jdbc.meta.strats.EmbedFieldStrategy.NullEmbeddedStateManager.storeField/2[int,java.lang.Object]",3,1,0,0,0,0,0,0,317,2,2,0,false
0.9.6,openjpa-jdbc/src/main/java/org/apache/openjpa/jdbc/meta/strats/IdentityJoinable.java,"setAutoAssignedValue/4[org.apache.openjpa.jdbc.meta.strats.OpenJPAStateManager,org.apache.openjpa.jdbc.meta.strats.JDBCStore,org.apache.openjpa.jdbc.meta.strats.Column,java.lang.Object]","org.apache.openjpa.jdbc.meta.strats.IdentityJoinable.setAutoAssignedValue/4[org.apache.openjpa.jdbc.meta.strats.OpenJPAStateManager,org.apache.openjpa.jdbc.meta.strats.JDBCStore,org.apache.openjpa.jdbc.meta.strats.Column,java.lang.Object]",4,1,1,0,0,0,0,0,317,1,1,0,false
0.9.6,openjpa-persistence/src/main/java/org/apache/openjpa/persistence/QueryImpl.java,getAggregateListeners/0,org.apache.openjpa.kernel.QueryImpl.getAggregateListeners/0,3,2,0,0,0,1,0,0,334,5,11,0,false
0.9.6,openjpa-jdbc/src/main/java/org/apache/openjpa/jdbc/meta/strats/RelationMapInverseKeyFieldStrategy.java,"joinKey/2[org.apache.openjpa.jdbc.sql.Joins,boolean]","org.apache.openjpa.jdbc.meta.strats.RelationMapInverseKeyFieldStrategy.joinKey/2[org.apache.openjpa.jdbc.sql.Joins,boolean]",3,1,0,0,0,1,0,0,317,2,2,0,false
0.9.6,openjpa-jdbc/src/main/java/org/apache/openjpa/jdbc/sql/LogicalUnion.java,"selectPrimaryKey/2[org.apache.openjpa.jdbc.sql.ClassMapping,org.apache.openjpa.jdbc.sql.Joins]","org.apache.openjpa.jdbc.sql.LogicalUnion.UnionSelect.selectPrimaryKey/2[org.apache.openjpa.jdbc.sql.ClassMapping,org.apache.openjpa.jdbc.sql.Joins]",3,1,0,0,0,1,0,1,317,3,4,0,false
0.9.6,openjpa-jdbc/src/main/java/org/apache/openjpa/jdbc/sql/DBDictionaryFactory.java,"setBigDecimal/4[java.sql.PreparedStatement,int,java.math.BigDecimal,org.apache.openjpa.jdbc.schema.Column]","org.apache.openjpa.jdbc.sql.DBDictionary.setBigDecimal/4[java.sql.PreparedStatement,int,java.math.BigDecimal,org.apache.openjpa.jdbc.schema.Column]",4,5,0,0,0,0,4,2,317,2,2,0,false
0.9.6,openjpa-jdbc/src/main/java/org/apache/openjpa/jdbc/meta/QueryResultMapping.java,"addMapping/2[java.lang.String,java.lang.Object]","org.apache.openjpa.jdbc.meta.QueryResultMapping.PCResult.addMapping/2[java.lang.String,java.lang.Object]",8,4,4,0,0,0,0,0,317,2,2,0,false
0.9.6,openjpa-jdbc/src/main/java/org/apache/openjpa/jdbc/meta/strats/MaxEmbeddedByteArrayFieldStrategy.java,"appendSize/3[org.apache.openjpa.jdbc.meta.SQLBuffer,org.apache.openjpa.jdbc.sql.Select,org.apache.openjpa.jdbc.meta.Joins]","org.apache.openjpa.jdbc.meta.FieldStrategy.appendSize/3[org.apache.openjpa.jdbc.meta.SQLBuffer,org.apache.openjpa.jdbc.sql.Select,org.apache.openjpa.jdbc.meta.Joins]",1,1,0,0,0,0,0,0,317,1,1,0,false
0.9.6,openjpa-kernel/src/main/java/org/apache/openjpa/meta/ClassMetaData.java,setIdentityStrategy/1[int],org.apache.openjpa.meta.ClassMetaData.setIdentityStrategy/1[int],4,2,1,0,0,0,2,1,334,3,7,0,false
0.9.6,openjpa-persistence/src/main/java/org/apache/openjpa/persistence/PersistenceUnitInfoImpl.java,"setProperty/2[java.lang.String,java.lang.String]","org.apache.openjpa.persistence.PersistenceUnitInfoImpl.setProperty/2[java.lang.String,java.lang.String]",3,1,0,0,0,0,2,0,334,2,3,0,false
0.9.6,openjpa-kernel/src/main/java/org/apache/openjpa/kernel/DelegatingQuery.java,lock/0,org.apache.openjpa.kernel.DelegatingQuery.lock/0,8,2,0,0,1,0,7,1,334,2,2,1,false
0.9.0,openjpa-kernel/src/main/java/org/apache/openjpa/enhance/DynamicStorageGenerator.java,"decorate/3[java.lang.Object,org.apache.openjpa.enhance.BCClass,int[]]","org.apache.openjpa.enhance.DynamicStorageGenerator.decorate/3[java.lang.Object,org.apache.openjpa.enhance.BCClass,int[]]",2,1,0,0,0,0,1,0,334,1,1,0,false
0.9.6,openjpa-kernel/src/main/java/org/apache/openjpa/meta/MetaDataFactory.java,setRepository/1[org.apache.openjpa.meta.MetaDataRepository],org.apache.openjpa.meta.MetaDataFactory.setRepository/1[org.apache.openjpa.meta.MetaDataRepository],1,1,0,0,0,0,0,0,334,2,2,0,false
0.9.6,openjpa-jdbc/src/main/java/org/apache/openjpa/jdbc/meta/ValueMappingImpl.java,getMappingRepository/0,org.apache.openjpa.jdbc.meta.ValueMappingImpl.getMappingRepository/0,3,1,0,0,0,1,0,0,317,1,1,0,false
0.9.6,openjpa-jdbc/src/main/java/org/apache/openjpa/jdbc/meta/strats/RelationToManyTableFieldStrategy.java,"delete/3[org.apache.openjpa.kernel.OpenJPAStateManager,org.apache.openjpa.jdbc.meta.strats.JDBCStore,org.apache.openjpa.jdbc.meta.strats.RowManager]","org.apache.openjpa.jdbc.meta.strats.RelationToManyTableFieldStrategy.delete/3[org.apache.openjpa.kernel.OpenJPAStateManager,org.apache.openjpa.jdbc.meta.strats.JDBCStore,org.apache.openjpa.jdbc.meta.strats.RowManager]",5,1,1,0,0,0,1,0,317,2,2,1,false
0.9.6,openjpa-kernel/src/main/java/org/apache/openjpa/meta/ProxySetupStateManager.java,isDeleted/0,org.apache.openjpa.meta.ProxySetupStateManager.isDeleted/0,3,1,0,0,0,0,0,0,334,2,2,0,false
0.9.6,openjpa-lib/src/main/java/org/apache/openjpa/lib/util/concurrent/ConcurrentLinkedQueue.java,isEmpty/0,org.apache.openjpa.lib.util.concurrent.ConcurrentLinkedQueue.isEmpty/0,3,2,0,0,0,1,0,1,243,1,1,0,false
0.9.0,openjpa-kernel/src/main/java/org/apache/openjpa/util/AbstractLRSProxyCollection.java,asList/0,org.apache.openjpa.util.AbstractLRSProxyCollection.asList/0,11,2,2,0,1,1,3,4,334,2,2,0,false
0.9.6,openjpa-jdbc/src/main/java/org/apache/openjpa/jdbc/meta/ReverseCustomizer.java,customize/1[org.apache.openjpa.jdbc.meta.ClassMapping],org.apache.openjpa.jdbc.meta.ReverseCustomizer.customize/1[org.apache.openjpa.jdbc.meta.ClassMapping],1,1,0,0,0,0,0,0,317,1,1,0,false
0.9.0,openjpa-kernel/src/main/java/org/apache/openjpa/kernel/exps/Constant.java,"load/3[org.apache.openjpa.jdbc.kernel.exps.Result,org.apache.openjpa.jdbc.kernel.exps.JDBCStore,org.apache.openjpa.jdbc.kernel.exps.JDBCFetchConfiguration]","org.apache.openjpa.jdbc.kernel.exps.Const.load/3[org.apache.openjpa.jdbc.kernel.exps.Result,org.apache.openjpa.jdbc.kernel.exps.JDBCStore,org.apache.openjpa.jdbc.kernel.exps.JDBCFetchConfiguration]",5,2,2,0,0,1,0,0,334,1,1,0,false
0.9.6,openjpa-jdbc/src/main/java/org/apache/openjpa/jdbc/sql/RowImpl.java,"setBigInteger/2[org.apache.openjpa.jdbc.sql.Column,java.math.BigInteger]","org.apache.openjpa.jdbc.sql.RowImpl.setBigInteger/2[org.apache.openjpa.jdbc.sql.Column,java.math.BigInteger]",3,1,0,0,0,0,0,1,1211,0,0,0,false
0.9.6,openjpa-jdbc/src/main/java/org/apache/openjpa/jdbc/kernel/FinderQueryImpl.java,isProviderOpen/0,org.apache.openjpa.kernel.QueryImpl.RemoveOnCloseResultList.isProviderOpen/0,3,1,0,0,0,1,1,0,261,0,0,0,false
0.9.0,openjpa-jdbc/src/main/java/org/apache/openjpa/jdbc/sql/RowManagerImpl.java,getAllRowUpdates/0,org.apache.openjpa.jdbc.sql.RowManagerImpl.getAllRowUpdates/0,3,2,0,0,0,1,0,0,317,1,1,0,false
0.9.6,openjpa-lib/src/main/java/org/apache/openjpa/lib/log/CommonsLogFactory.java,trace/1[java.lang.Object],org.apache.openjpa.lib.log.CommonsLogFactory.LogAdapter.trace/1[java.lang.Object],3,1,0,0,0,0,0,0,243,1,1,0,false
0.9.0,openjpa-lib/src/main/java/org/apache/openjpa/lib/xml/ValidatingErrorHandler.java,error/1[org.xml.sax.SAXParseException],org.apache.openjpa.lib.xml.ValidatingErrorHandler.error/1[org.xml.sax.SAXParseException],3,1,0,0,0,0,0,0,243,1,1,0,false
0.9.6,openjpa-lib/src/main/java/org/apache/openjpa/lib/meta/MetaDataFilter.java,getContent/0,org.apache.openjpa.lib.meta.MetaDataFilter.Resource.getContent/0,1,1,0,0,0,0,1,0,243,1,1,0,false
0.9.6,openjpa-lib/src/main/java/org/apache/openjpa/lib/util/CodeFormat.java,"write/2[java.io.DataOutput,int]","serp.bytecode.Code.write/2[java.io.DataOutput,int]",10,2,2,0,0,0,0,2,243,1,1,0,false
0.9.6,openjpa-jdbc/src/main/java/org/apache/openjpa/jdbc/kernel/exps/Variable.java,"Variable/2[java.lang.String,java.lang.Class]","org.apache.openjpa.jdbc.kernel.exps.Variable.Variable/2[java.lang.String,java.lang.Class]",4,1,2,0,0,0,0,0,317,1,1,0,false
0.9.6,openjpa-persistence/src/main/java/org/apache/openjpa/persistence/EntityManagerImpl.java,nontransactional/1[java.lang.Object],org.apache.openjpa.persistence.EntityManagerImpl.nontransactional/1[java.lang.Object],3,1,0,0,0,0,0,1,334,4,8,0,false
0.9.6,openjpa-lib/src/main/java/org/apache/openjpa/lib/meta/XMLMetaDataParser.java,reset/0,org.apache.openjpa.lib.meta.XMLMetaDataParser.reset/0,9,2,5,0,0,0,1,0,243,2,2,0,false
0.9.6,openjpa-kernel/src/main/java/org/apache/openjpa/kernel/UUIDStringSeq.java,getInstance/0,org.apache.openjpa.kernel.UUIDStringSeq.getInstance/0,3,1,0,0,0,1,0,0,334,1,1,0,false
0.9.6,openjpa-kernel/src/main/java/org/apache/openjpa/kernel/jpql/JPQLExpressionBuilder.java,evalHavingClause/1[org.apache.openjpa.kernel.jpql.QueryExpressions],org.apache.openjpa.kernel.jpql.JPQLExpressionBuilder.evalHavingClause/1[org.apache.openjpa.kernel.jpql.QueryExpressions],5,2,2,0,0,1,1,4,334,1,3,1,false
0.9.6,openjpa-jdbc/src/main/java/org/apache/openjpa/jdbc/kernel/SQLStoreQuery.java,"getDataStoreActions/3[org.apache.openjpa.jdbc.kernel.StoreQuery,java.lang.Object[],org.apache.openjpa.jdbc.kernel.Range]","org.apache.openjpa.jdbc.kernel.SQLStoreQuery.SQLExecutor.getDataStoreActions/3[org.apache.openjpa.jdbc.kernel.StoreQuery,java.lang.Object[],org.apache.openjpa.jdbc.kernel.Range]",3,1,0,0,0,1,0,0,317,2,2,1,false
0.9.6,openjpa-lib/src/main/java/org/apache/openjpa/lib/util/CodeFormat.java,irem/0,serp.bytecode.Code.irem/0,3,1,0,0,0,1,0,1,243,1,1,0,false
0.9.6,openjpa-jdbc/src/main/java/org/apache/openjpa/jdbc/meta/MappingDefaultsImpl.java,"getUnique/4[org.apache.openjpa.jdbc.meta.ValueMapping,java.lang.String,org.apache.openjpa.jdbc.meta.Table,org.apache.openjpa.jdbc.meta.Column[]]","org.apache.openjpa.jdbc.meta.MappingDefaultsImpl.getUnique/4[org.apache.openjpa.jdbc.meta.ValueMapping,java.lang.String,org.apache.openjpa.jdbc.meta.Table,org.apache.openjpa.jdbc.meta.Column[]]",3,1,0,0,0,1,0,0,317,1,1,0,false
0.9.6,openjpa-lib/src/main/java/org/apache/openjpa/lib/util/FormatPreservingProperties.java,writeObject/1[java.io.ObjectOutputStream],org.apache.openjpa.lib.util.FormatPreservingProperties.writeObject/1[java.io.ObjectOutputStream],3,1,0,0,0,0,0,0,243,1,1,0,false
0.9.6,openjpa-lib/src/main/java/org/apache/openjpa/lib/util/CodeFormat.java,xdiv/0,serp.bytecode.Code.xdiv/0,4,1,1,0,0,1,0,2,243,1,1,1,false
0.9.6,openjpa-persistence-jdbc/src/main/java/org/apache/openjpa/persistence/jdbc/KeyForeignKey.java,"columnsMatch/2[org.apache.openjpa.jdbc.schema.Column[],org.apache.openjpa.jdbc.schema.Column[]]","org.apache.openjpa.jdbc.schema.ForeignKey.columnsMatch/2[org.apache.openjpa.jdbc.schema.Column[],org.apache.openjpa.jdbc.schema.Column[]]",3,1,0,0,0,1,2,3,701,0,0,0,false
0.9.6,openjpa-jdbc/src/main/java/org/apache/openjpa/jdbc/meta/strats/EmbedFieldStrategy.java,fetchInitialField/1[int],org.apache.openjpa.jdbc.meta.strats.EmbedFieldStrategy.NullEmbeddedStateManager.fetchInitialField/1[int],3,1,0,0,0,0,0,0,317,2,2,0,false
0.9.0,openjpa-kernel/src/main/java/org/apache/openjpa/meta/DelegatingMetaDataFactory.java,getInnermostDelegate/0,org.apache.openjpa.meta.DelegatingMetaDataFactory.getInnermostDelegate/0,4,2,0,0,0,2,1,1,334,2,2,0,false
0.9.0,openjpa-kernel/src/main/java/org/apache/openjpa/kernel/StateManagerImpl.java,"replaceLongField/2[org.apache.openjpa.kernel.PersistenceCapable,int]","org.apache.openjpa.kernel.StateManagerImpl.replaceLongField/2[org.apache.openjpa.kernel.PersistenceCapable,int]",3,1,0,0,0,1,0,0,334,3,10,0,false
0.9.0,openjpa-kernel/src/main/java/org/apache/openjpa/meta/ProxySetupStateManager.java,"getPCPrimaryKey/2[java.lang.Object,int]","org.apache.openjpa.meta.ProxySetupStateManager.getPCPrimaryKey/2[java.lang.Object,int]",3,1,0,0,0,0,0,0,334,2,2,0,false
0.9.0,openjpa-kernel/src/main/java/org/apache/openjpa/kernel/DelegatingStoreManager.java,hashCode/0,org.apache.openjpa.kernel.DelegatingStoreManager.hashCode/0,3,1,0,0,0,1,0,1,334,1,1,1,false
0.9.6,openjpa-jdbc/src/main/java/org/apache/openjpa/jdbc/meta/MappingDefaultsImpl.java,getDataStoreIdColumnName/0,org.apache.openjpa.jdbc.meta.MappingDefaultsImpl.getDataStoreIdColumnName/0,3,1,0,0,0,1,0,0,317,1,1,0,false
0.9.0,openjpa-lib/src/main/java/org/apache/openjpa/lib/jdbc/ConfiguringConnectionDecorator.java,rollback/0,org.apache.openjpa.lib.jdbc.ConfiguringConnectionDecorator.ConfiguringConnection.rollback/0,4,4,0,0,0,0,0,1,243,1,1,0,false
0.9.6,openjpa-lib/src/main/java/org/apache/openjpa/lib/jdbc/LoggingConnectionDecorator.java,handleSQLWarning/1[java.sql.ResultSet],org.apache.openjpa.lib.jdbc.LoggingConnectionDecorator.LoggingConnection.handleSQLWarning/1[java.sql.ResultSet],9,2,0,0,1,1,9,1,243,1,1,0,false
0.9.0,openjpa-kernel/src/main/java/org/apache/openjpa/datacache/AbstractDataCache.java,startConfiguration/0,org.apache.openjpa.datacache.AbstractDataCache.startConfiguration/0,2,1,0,0,0,0,0,0,334,1,1,0,false
0.9.0,openjpa-kernel/src/main/java/org/apache/openjpa/ant/PCEnhancerTask.java,"addWriteExternal/2[boolean,boolean]","org.apache.openjpa.enhance.PCEnhancer.addWriteExternal/2[boolean,boolean]",42,7,11,2,0,0,1,25,334,1,1,16,false
0.9.6,openjpa-kernel/src/main/java/org/apache/openjpa/kernel/OpenJPAStateManager.java,"storeChar/2[int,char]","org.apache.openjpa.kernel.OpenJPAStateManager.storeChar/2[int,char]",1,1,0,0,0,0,2,0,334,1,1,0,false
0.9.6,openjpa-jdbc/src/main/java/org/apache/openjpa/jdbc/kernel/FinderQueryImpl.java,compileForInMemory/1[org.apache.openjpa.kernel.QueryImpl.Compilation],org.apache.openjpa.kernel.QueryImpl.compileForInMemory/1[org.apache.openjpa.kernel.QueryImpl.Compilation],4,2,1,0,0,1,3,1,261,0,0,0,false
0.9.6,openjpa-persistence/src/main/java/org/apache/openjpa/persistence/AnnotationPersistenceXMLMetaDataParser.java,"parse/2[java.lang.Class,boolean]","org.apache.openjpa.lib.meta.XMLMetaDataParser.parse/2[java.lang.Class,boolean]",4,2,1,0,0,0,2,1,825,0,0,0,false
0.9.6,openjpa-jdbc/src/main/java/org/apache/openjpa/jdbc/meta/MappingDefaultsImpl.java,setBaseClassStrategy/1[java.lang.String],org.apache.openjpa.jdbc.meta.MappingDefaultsImpl.setBaseClassStrategy/1[java.lang.String],3,1,1,0,0,0,0,0,317,1,1,0,false
0.9.0,openjpa-kernel/src/main/java/org/apache/openjpa/kernel/exps/Count.java,getOperator/0,org.apache.openjpa.jdbc.kernel.exps.Count.getOperator/0,3,1,0,0,0,1,0,0,334,1,1,0,false
0.9.0,openjpa-lib/src/main/java/org/apache/openjpa/lib/jdbc/DelegatingDatabaseMetaData.java,supportsGroupByBeyondSelect/0,org.apache.openjpa.lib.jdbc.DelegatingDatabaseMetaData.supportsGroupByBeyondSelect/0,3,1,0,0,0,1,0,0,243,2,2,0,false
0.9.6,openjpa-jdbc/src/main/java/org/apache/openjpa/jdbc/sql/LogicalUnion.java,setLRS/1[boolean],org.apache.openjpa.jdbc.sql.LogicalUnion.UnionSelect.setLRS/1[boolean],3,1,0,0,0,0,1,1,317,3,4,0,false
0.9.6,openjpa-jdbc/src/main/java/org/apache/openjpa/jdbc/meta/MappingDefaultsImpl.java,setJoinForeignKeyDeleteAction/1[java.lang.String],org.apache.openjpa.jdbc.meta.MappingDefaultsImpl.setJoinForeignKeyDeleteAction/1[java.lang.String],3,1,1,0,0,0,0,0,317,1,1,0,false
0.9.0,openjpa-kernel/src/main/java/org/apache/openjpa/kernel/OrderingMergedResultObjectProvider.java,getResultObject/0,org.apache.openjpa.lib.rop.MergedResultObjectProvider.getResultObject/0,3,1,0,0,0,1,0,0,334,1,1,0,false
0.9.0,openjpa-kernel/src/main/java/org/apache/openjpa/kernel/exps/GetMapValue.java,"initialize/3[org.apache.openjpa.jdbc.kernel.exps.Select,org.apache.openjpa.jdbc.kernel.exps.JDBCStore,boolean]","org.apache.openjpa.jdbc.kernel.exps.GetMapValue.initialize/3[org.apache.openjpa.jdbc.kernel.exps.Select,org.apache.openjpa.jdbc.kernel.exps.JDBCStore,boolean]",5,1,1,0,0,0,0,0,250,1,1,0,false
0.9.6,openjpa-kernel/src/main/java/org/apache/openjpa/conf/OpenJPAConfigurationImpl.java,getBrokerImpl/0,org.apache.openjpa.conf.OpenJPAConfigurationImpl.getBrokerImpl/0,3,1,0,0,0,1,0,0,334,3,5,0,false
0.9.0,openjpa-lib/src/main/java/org/apache/openjpa/lib/jdbc/DelegatingDatabaseMetaData.java,getSchemas/0,org.apache.openjpa.lib.jdbc.DelegatingDatabaseMetaData.getSchemas/0,3,1,0,0,0,1,0,0,243,2,2,0,false
0.9.0,openjpa-persistence/src/main/java/org/apache/openjpa/persistence/XMLPersistenceMetaDataParser.java,startEmbeddedId/1[org.xml.sax.Attributes],org.apache.openjpa.persistence.XMLPersistenceMetaDataParser.startEmbeddedId/1[org.xml.sax.Attributes],8,2,1,0,0,1,1,1,334,6,10,5,false
0.9.0,openjpa-kernel/src/main/java/org/apache/openjpa/datacache/DelegatingDataCache.java,"pinAll/2[java.lang.Class,boolean]","org.apache.openjpa.datacache.DelegatingDataCache.pinAll/2[java.lang.Class,boolean]",9,3,0,0,1,1,0,2,334,1,1,1,false
0.9.6,openjpa-jdbc/src/main/java/org/apache/openjpa/jdbc/sql/LogicalUnion.java,where/1[org.apache.openjpa.jdbc.sql.Joins],org.apache.openjpa.jdbc.sql.LogicalUnion.UnionSelect.where/1[org.apache.openjpa.jdbc.sql.Joins],3,1,0,0,0,0,0,1,317,3,4,0,false
0.9.0,openjpa-kernel/src/main/java/org/apache/openjpa/kernel/DelegatingBrokerFactory.java,begin/0,org.apache.openjpa.kernel.DelegatingBroker.begin/0,8,2,0,0,1,0,1,1,334,1,1,1,false
0.9.0,openjpa-lib/src/main/java/org/apache/openjpa/lib/rop/AbstractNonSequentialResultList.java,next/0,org.apache.openjpa.lib.rop.AbstractNonSequentialResultList.Itr.next/0,5,2,0,0,0,1,0,1,243,1,1,0,false
0.9.0,openjpa-kernel/src/main/java/org/apache/openjpa/kernel/ECopyState.java,"beforeFlush/3[org.apache.openjpa.kernel.StateManagerImpl,boolean,org.apache.openjpa.kernel.OpCallbacks]","org.apache.openjpa.kernel.ECopyState.beforeFlush/3[org.apache.openjpa.kernel.StateManagerImpl,boolean,org.apache.openjpa.kernel.OpCallbacks]",3,1,0,0,0,0,0,0,334,1,1,0,false
0.9.0,openjpa-jdbc/src/main/java/org/apache/openjpa/jdbc/kernel/MappedQueryResultObjectProvider.java,absoluteInternal/1[int],org.apache.openjpa.jdbc.kernel.MappedQueryResultObjectProvider.MappingResult.absoluteInternal/1[int],3,1,0,0,0,1,0,0,317,1,1,0,false
0.9.6,openjpa-kernel/src/main/java/org/apache/openjpa/kernel/ObjectIdStateManager.java,accessingField/1[int],org.apache.openjpa.kernel.ObjectIdStateManager.accessingField/1[int],3,1,0,0,0,0,0,0,334,3,3,0,false
0.9.6,openjpa-jdbc/src/main/java/org/apache/openjpa/jdbc/sql/SelectImpl.java,getAlias/1[java.lang.Object],org.apache.openjpa.jdbc.sql.SelectImpl.Selects.getAlias/1[java.lang.Object],3,2,0,0,0,1,0,0,317,4,6,0,false
0.9.6,openjpa-kernel/src/main/java/org/apache/openjpa/kernel/exps/ValuePath.java,ValuePath/1[org.apache.openjpa.kernel.exps.Val],org.apache.openjpa.kernel.exps.ValuePath.ValuePath/1[org.apache.openjpa.kernel.exps.Val],3,1,1,0,0,0,0,0,334,1,1,0,false
0.9.0,openjpa-jdbc/src/main/java/org/apache/openjpa/jdbc/kernel/exps/InstanceofExpression.java,"selectColumns/5[org.apache.openjpa.jdbc.kernel.exps.Select,org.apache.openjpa.jdbc.kernel.JDBCStore,java.lang.Object[],boolean,org.apache.openjpa.jdbc.kernel.JDBCFetchConfiguration]","org.apache.openjpa.jdbc.kernel.exps.InstanceofExpression.selectColumns/5[org.apache.openjpa.jdbc.kernel.exps.Select,org.apache.openjpa.jdbc.kernel.JDBCStore,java.lang.Object[],boolean,org.apache.openjpa.jdbc.kernel.JDBCFetchConfiguration]",3,2,0,0,0,0,0,0,317,2,2,0,false
0.9.6,openjpa-kernel/src/main/java/org/apache/openjpa/kernel/AbstractFieldManager.java,fetchStringField/1[int],org.apache.openjpa.kernel.AbstractFieldManager.fetchStringField/1[int],3,1,0,0,0,0,0,1,334,1,1,0,false
0.9.0,openjpa-lib/src/main/java/org/apache/openjpa/lib/jdbc/DelegatingCallableStatement.java,getBytes/1[java.lang.String],org.apache.openjpa.lib.jdbc.DelegatingCallableStatement.getBytes/1[java.lang.String],3,1,0,0,0,0,0,0,243,1,1,0,false
0.9.0,openjpa-kernel/src/main/java/org/apache/openjpa/kernel/DelegatingBrokerFactory.java,getResultSetInfo/0,org.apache.openjpa.kernel.DelegatingBroker.getResultSetInfo/0,8,2,0,0,1,1,1,1,334,1,1,1,false
0.9.0,openjpa-jdbc/src/main/java/org/apache/openjpa/jdbc/kernel/JDBCStoreManager.java,RefCountConnection/1[java.sql.Connection],org.apache.openjpa.jdbc.kernel.JDBCStoreManager.RefCountConnection.RefCountConnection/1[java.sql.Connection],3,1,0,0,0,0,1,0,317,3,5,0,false
0.9.0,openjpa-lib/src/main/java/org/apache/openjpa/lib/jdbc/DelegatingResultSet.java,relative/1[int],org.apache.openjpa.lib.jdbc.DelegatingResultSet.relative/1[int],3,1,0,0,0,1,0,0,243,1,1,0,false
0.9.0,openjpa-jdbc/src/main/java/org/apache/openjpa/jdbc/kernel/OperationOrderUpdateManager.java,"analyzeDeleteConstraints/3[org.apache.openjpa.jdbc.kernel.RowManagerImpl,org.apache.openjpa.jdbc.kernel.PrimaryRow,java.util.Collection]","org.apache.openjpa.jdbc.kernel.OperationOrderUpdateManager.analyzeDeleteConstraints/3[org.apache.openjpa.jdbc.kernel.RowManagerImpl,org.apache.openjpa.jdbc.kernel.PrimaryRow,java.util.Collection]",20,9,7,0,0,2,1,0,317,1,1,1,false
0.9.6,openjpa-lib/src/main/java/org/apache/openjpa/lib/meta/XMLMetaDataParser.java,getClassLoader/0,org.apache.openjpa.lib.meta.XMLMetaDataParser.getClassLoader/0,3,1,0,0,0,1,0,0,243,2,2,0,false
0.9.0,openjpa-persistence-jdbc/src/main/java/org/apache/openjpa/persistence/jdbc/JDBCFetchPlanImpl.java,"toFieldNames/2[java.lang.Class,java.util.Collection]","org.apache.openjpa.persistence.FetchPlan.toFieldNames/2[java.lang.Class,java.util.Collection]",6,3,2,0,0,2,2,1,315,2,4,0,false
0.9.0,openjpa-kernel/src/main/java/org/apache/openjpa/kernel/ExpressionStoreQuery.java,validate/1[org.apache.openjpa.kernel.StoreQuery],org.apache.openjpa.kernel.ExpressionStoreQuery.AbstractExpressionExecutor.validate/1[org.apache.openjpa.kernel.StoreQuery],4,1,1,0,0,0,0,4,334,2,3,0,false
0.9.0,openjpa-jdbc/src/main/java/org/apache/openjpa/jdbc/meta/strats/RelationFieldStrategy.java,"appendIsNull/3[org.apache.openjpa.jdbc.meta.strats.SQLBuffer,org.apache.openjpa.jdbc.sql.Select,org.apache.openjpa.jdbc.sql.Joins]","org.apache.openjpa.jdbc.meta.strats.RelationFieldStrategy.appendIsNull/3[org.apache.openjpa.jdbc.meta.strats.SQLBuffer,org.apache.openjpa.jdbc.sql.Select,org.apache.openjpa.jdbc.sql.Joins]",9,3,2,0,0,0,0,3,317,3,4,0,false
0.9.6,openjpa-lib/src/main/java/org/apache/openjpa/lib/util/FormatPreservingProperties.java,readPropertyLine/0,org.apache.openjpa.lib.util.FormatPreservingProperties.PropertyLineReader.readPropertyLine/0,6,2,2,0,0,2,1,1,243,1,1,0,false
0.9.6,openjpa-jdbc/src/main/java/org/apache/openjpa/jdbc/sql/HSQLDictionary.java,"appendSelectRange/3[org.apache.openjpa.jdbc.sql.SQLBuffer,long,long]","org.apache.openjpa.jdbc.sql.HSQLDictionary.appendSelectRange/3[org.apache.openjpa.jdbc.sql.SQLBuffer,long,long]",5,2,0,1,0,0,0,0,317,2,3,2,false
0.9.0,openjpa-persistence/src/main/java/org/apache/openjpa/persistence/XMLPersistenceMetaDataParser.java,startEntityListener/1[org.xml.sax.Attributes],org.apache.openjpa.persistence.XMLPersistenceMetaDataParser.startEntityListener/1[org.xml.sax.Attributes],17,9,8,0,0,2,2,6,334,6,10,0,false
0.9.0,openjpa-kernel/src/main/java/org/apache/openjpa/util/Proxies.java,"removed/3[org.apache.openjpa.util.Proxy,java.lang.Object,boolean]","org.apache.openjpa.util.Proxies.removed/3[org.apache.openjpa.util.Proxy,java.lang.Object,boolean]",3,3,0,0,0,0,10,0,334,2,4,1,false
0.9.0,openjpa-lib/src/main/java/org/apache/openjpa/lib/jdbc/DelegatingDatabaseMetaData.java,supportsSchemasInDataManipulation/0,org.apache.openjpa.lib.jdbc.DelegatingDatabaseMetaData.supportsSchemasInDataManipulation/0,3,1,0,0,0,1,0,0,243,2,2,0,false
0.9.6,openjpa-jdbc/src/main/java/org/apache/openjpa/jdbc/sql/LogicalUnion.java,newJoins/0,org.apache.openjpa.jdbc.sql.LogicalUnion.UnionSelect.newJoins/0,3,1,0,0,0,1,0,1,317,3,4,0,false
0.9.0,openjpa-kernel/src/main/java/org/apache/openjpa/meta/Extensions.java,hashCode/0,org.apache.openjpa.meta.Extensions.HashKey.hashCode/0,6,3,3,1,0,1,0,0,334,1,1,0,false
0.9.6,openjpa-kernel/src/main/java/org/apache/openjpa/kernel/ObjectIdStateManager.java,"providedDoubleField/3[org.apache.openjpa.kernel.PersistenceCapable,int,double]","org.apache.openjpa.kernel.ObjectIdStateManager.providedDoubleField/3[org.apache.openjpa.kernel.PersistenceCapable,int,double]",3,1,0,0,0,0,0,0,334,3,3,0,false
0.9.0,openjpa-jdbc/src/main/java/org/apache/openjpa/jdbc/kernel/exps/JDBCExpressionFactory.java,distinct/1[org.apache.openjpa.kernel.exps.Value],org.apache.openjpa.jdbc.kernel.exps.JDBCExpressionFactory.distinct/1[org.apache.openjpa.kernel.exps.Value],3,1,0,0,0,1,0,1,317,1,1,0,false
0.9.6,openjpa-kernel/src/main/java/org/apache/openjpa/kernel/ExtentImpl.java,list/0,org.apache.openjpa.persistence.Extent.list/0,3,1,0,0,0,1,0,0,334,2,2,0,false
0.9.0,openjpa-kernel/src/main/java/org/apache/openjpa/util/Proxies.java,previousIndex/0,.previousIndex/0,3,1,0,0,0,1,0,0,334,2,4,0,false
0.9.0,openjpa-lib/src/main/java/org/apache/openjpa/lib/jdbc/SQLFormatter.java,getLineLength/0,org.apache.openjpa.lib.jdbc.SQLFormatter.getLineLength/0,3,1,0,0,0,1,0,0,243,1,1,0,false
0.9.6,openjpa-jdbc/src/main/java/org/apache/openjpa/jdbc/schema/SchemaGenerator.java,"isAllowedTable/2[java.lang.String,java.lang.String]","org.apache.openjpa.jdbc.schema.SchemaGenerator.isAllowedTable/2[java.lang.String,java.lang.String]",22,14,6,0,0,7,2,0,317,2,2,2,false
0.9.0,openjpa-persistence/src/main/java/org/apache/openjpa/persistence/XMLPersistenceMetaDataSerializer.java,isMappingMode/0,org.apache.openjpa.persistence.XMLPersistenceMetaDataSerializer.isMappingMode/0,3,2,0,0,0,1,5,0,334,2,2,0,false
0.9.6,openjpa-lib/src/main/java/org/apache/openjpa/lib/util/concurrent/ConcurrentHashMap.java,hashCode/0,org.apache.openjpa.lib.util.ConcurrentHashMap.Entry.hashCode/0,3,3,0,0,0,1,0,0,243,1,1,0,false
0.9.0,openjpa-lib/src/main/java/org/apache/openjpa/lib/util/concurrent/Condition.java,"await/2[long,org.apache.openjpa.lib.util.concurrent.TimeUnit]","org.apache.openjpa.lib.util.concurrent.Condition.await/2[long,org.apache.openjpa.lib.util.concurrent.TimeUnit]",1,1,0,0,0,0,0,0,243,1,1,0,false
0.9.0,openjpa-jdbc/src/main/java/org/apache/openjpa/jdbc/meta/strats/RelationToManyInverseKeyFieldStrategy.java,"delete/3[org.apache.openjpa.jdbc.meta.strats.OpenJPAStateManager,org.apache.openjpa.jdbc.kernel.JDBCStore,org.apache.openjpa.jdbc.meta.strats.RowManager]","org.apache.openjpa.jdbc.meta.strats.RelationToManyInverseKeyFieldStrategy.delete/3[org.apache.openjpa.jdbc.meta.strats.OpenJPAStateManager,org.apache.openjpa.jdbc.kernel.JDBCStore,org.apache.openjpa.jdbc.meta.strats.RowManager]",12,4,4,0,0,2,1,3,317,2,2,4,false
0.9.0,openjpa-kernel/src/main/java/org/apache/openjpa/kernel/DetachedStateManager.java,getLoaded/0,org.apache.openjpa.kernel.DetachedStateManager.getLoaded/0,3,1,0,0,0,1,0,0,334,4,6,0,false
0.9.0,openjpa-kernel/src/main/java/org/apache/openjpa/enhance/CodeGenerator.java,"CodeGenerator/2[org.apache.openjpa.conf.OpenJPAConfiguration,org.apache.openjpa.enhance.ClassMetaData]","org.apache.openjpa.enhance.CodeGenerator.CodeGenerator/2[org.apache.openjpa.conf.OpenJPAConfiguration,org.apache.openjpa.enhance.ClassMetaData]",5,1,3,0,0,0,0,0,334,1,1,0,false
0.9.6,openjpa-jdbc/src/main/java/org/apache/openjpa/jdbc/kernel/exps/PCPath.java,setMetaData/1[org.apache.openjpa.jdbc.kernel.exps.ClassMetaData],org.apache.openjpa.jdbc.kernel.exps.PCPath.setMetaData/1[org.apache.openjpa.jdbc.kernel.exps.ClassMetaData],3,1,1,0,0,0,4,0,317,1,1,0,false
0.9.6,openjpa-kernel/src/main/java/org/apache/openjpa/meta/MetaDataRepository.java,removePersistenceAware/1[java.lang.Class],org.apache.openjpa.meta.MetaDataRepository.removePersistenceAware/1[java.lang.Class],3,2,0,0,0,1,0,0,334,3,5,0,false
0.9.6,openjpa-jdbc/src/main/java/org/apache/openjpa/jdbc/meta/FieldMappingInfo.java,"getJoinUnique/3[org.apache.openjpa.jdbc.meta.FieldMapping,boolean,boolean]","org.apache.openjpa.jdbc.meta.FieldMappingInfo.getJoinUnique/3[org.apache.openjpa.jdbc.meta.FieldMapping,boolean,boolean]",7,3,3,0,0,2,0,0,317,2,2,4,false
0.9.6,openjpa-kernel/src/main/java/org/apache/openjpa/kernel/PNewProvisionalState.java,"nonprovisional/3[org.apache.openjpa.kernel.StateManagerImpl,boolean,org.apache.openjpa.kernel.OpCallbacks]","org.apache.openjpa.kernel.PNewProvisionalState.nonprovisional/3[org.apache.openjpa.kernel.StateManagerImpl,boolean,org.apache.openjpa.kernel.OpCallbacks]",4,1,0,0,0,1,0,1,273,1,1,0,false
0.9.0,openjpa-jdbc/src/main/java/org/apache/openjpa/jdbc/meta/strats/RelationToManyTableFieldStrategy.java,"insert/3[org.apache.openjpa.jdbc.meta.strats.OpenJPAStateManager,org.apache.openjpa.jdbc.meta.strats.JDBCStore,org.apache.openjpa.jdbc.meta.strats.RowManager]","org.apache.openjpa.jdbc.meta.strats.RelationToManyTableFieldStrategy.insert/3[org.apache.openjpa.jdbc.meta.strats.OpenJPAStateManager,org.apache.openjpa.jdbc.meta.strats.JDBCStore,org.apache.openjpa.jdbc.meta.strats.RowManager]",3,2,0,0,0,0,1,1,317,2,2,0,false
0.9.6,openjpa-jdbc/src/main/java/org/apache/openjpa/jdbc/kernel/exps/SelectConstructor.java,hasCandidateProjections/1[org.apache.openjpa.jdbc.kernel.exps.Value[]],org.apache.openjpa.jdbc.kernel.exps.SelectConstructor.ProjectionExpressionVisitor.hasCandidateProjections/1[org.apache.openjpa.jdbc.kernel.exps.Value[]],8,3,2,0,0,2,1,1,317,1,1,0,false
0.9.6,openjpa-kernel/src/main/java/org/apache/openjpa/meta/MetaDataTool.java,clear/0,org.apache.openjpa.meta.MetaDataTool.clear/0,5,2,2,0,0,0,1,0,334,1,1,0,false
0.9.6,openjpa-jdbc/src/main/java/org/apache/openjpa/jdbc/meta/strats/EmbedFieldStrategy.java,"setCalendar/2[org.apache.openjpa.jdbc.meta.strats.Column,java.util.Calendar]","org.apache.openjpa.jdbc.meta.strats.EmbedFieldStrategy.EmbeddedRow.setCalendar/2[org.apache.openjpa.jdbc.meta.strats.Column,java.util.Calendar]",3,1,0,0,0,0,0,0,317,2,2,0,false
0.9.0,openjpa-kernel/src/main/java/org/apache/openjpa/conf/OpenJPAConfiguration.java,getMultithreaded/0,org.apache.openjpa.conf.OpenJPAConfiguration.getMultithreaded/0,1,1,0,0,0,0,0,0,334,1,1,0,false
0.9.6,openjpa-lib/src/main/java/org/apache/openjpa/lib/rop/RangeResultObjectProvider.java,next/0,org.apache.openjpa.lib.rop.RangeResultObjectProvider.next/0,15,6,1,4,0,4,0,3,243,1,1,0,false
0.9.0,openjpa-lib/src/main/java/org/apache/openjpa/lib/jdbc/DelegatingDatabaseMetaData.java,getMaxIndexLength/0,org.apache.openjpa.lib.jdbc.DelegatingDatabaseMetaData.getMaxIndexLength/0,3,1,0,0,0,1,0,0,243,2,2,0,false
0.9.0,openjpa-kernel/src/main/java/org/apache/openjpa/kernel/BrokerImpl.java,"getSequence/2[org.apache.openjpa.meta.ClassMetaData,org.apache.openjpa.meta.FieldMetaData]","org.apache.openjpa.kernel.BrokerImpl.getSequence/2[org.apache.openjpa.meta.ClassMetaData,org.apache.openjpa.meta.FieldMetaData]",19,7,3,0,0,5,2,6,334,5,17,1,false
0.9.6,openjpa-persistence/src/main/java/org/apache/openjpa/persistence/RollbackException.java,printStackTrace/1[java.io.PrintWriter],org.apache.openjpa.persistence.RollbackException.printStackTrace/1[java.io.PrintWriter],4,1,0,0,0,0,0,0,334,1,1,0,false
0.9.0,openjpa-jdbc/src/main/java/org/apache/openjpa/jdbc/kernel/exps/InstanceofExpression.java,"initialize/4[org.apache.openjpa.jdbc.kernel.exps.Select,org.apache.openjpa.jdbc.kernel.JDBCStore,java.lang.Object[],java.util.Map]","org.apache.openjpa.jdbc.kernel.exps.InstanceofExpression.initialize/4[org.apache.openjpa.jdbc.kernel.exps.Select,org.apache.openjpa.jdbc.kernel.JDBCStore,java.lang.Object[],java.util.Map]",39,13,18,0,0,0,0,8,317,2,2,13,false
0.9.0,openjpa-lib/src/main/java/org/apache/openjpa/lib/util/ReferenceHashMap.java,"ReferenceHashMap/2[int,int]","org.apache.openjpa.lib.util.ReferenceHashMap.ReferenceHashMap/2[int,int]",3,1,0,0,0,0,0,1,243,1,1,0,false
0.9.6,openjpa-kernel/src/main/java/org/apache/openjpa/kernel/MethodStoreQuery.java,supportsInMemoryExecution/0,org.apache.openjpa.kernel.MethodStoreQuery.supportsInMemoryExecution/0,3,1,0,0,0,1,0,0,334,1,1,0,false
0.9.6,openjpa-lib/src/main/java/org/apache/openjpa/lib/util/ReferenceHashSet.java,isEmpty/0,org.apache.openjpa.lib.util.ReferenceHashSet.isEmpty/0,3,1,0,0,0,1,0,0,243,1,1,0,false
0.9.6,openjpa-jdbc/src/main/java/org/apache/openjpa/jdbc/kernel/SQLProjectionResultObjectProvider.java,"ProjectionResultObjectProvider/4[org.apache.openjpa.jdbc.kernel.SelectExecutor,org.apache.openjpa.jdbc.kernel.QueryExpressions[],org.apache.openjpa.jdbc.kernel.exps.QueryExpressionsState[],org.apache.openjpa.jdbc.kernel.ExpContext]","org.apache.openjpa.jdbc.kernel.ProjectionResultObjectProvider.ProjectionResultObjectProvider/4[org.apache.openjpa.jdbc.kernel.SelectExecutor,org.apache.openjpa.jdbc.kernel.QueryExpressions[],org.apache.openjpa.jdbc.kernel.exps.QueryExpressionsState[],org.apache.openjpa.jdbc.kernel.ExpContext]",6,1,3,0,0,0,1,0,1211,0,0,0,false
0.9.0,openjpa-kernel/src/main/java/org/apache/openjpa/kernel/DetachedStateManager.java,"initialize/2[java.lang.Class,org.apache.openjpa.kernel.PCState]","org.apache.openjpa.kernel.DetachedStateManager.initialize/2[java.lang.Class,org.apache.openjpa.kernel.PCState]",3,1,0,0,0,0,0,0,334,4,6,0,false
0.9.6,openjpa-persistence/src/main/java/org/apache/openjpa/persistence/AnnotationPersistenceXMLMetaDataParser.java,"getException/2[org.apache.openjpa.lib.meta.Message,java.lang.Throwable]","org.apache.openjpa.lib.meta.XMLMetaDataParser.getException/2[org.apache.openjpa.lib.meta.Message,java.lang.Throwable]",4,4,0,1,0,1,0,3,825,0,0,0,false
0.9.0,openjpa-kernel/src/main/java/org/apache/openjpa/util/CacheMap.java,entrySet/0,org.apache.openjpa.util.CacheMap.entrySet/0,3,1,0,0,0,1,0,1,334,1,1,0,false
0.9.6,openjpa-kernel/src/main/java/org/apache/openjpa/conf/OpenJPAConfigurationImpl.java,getTransactionMode/0,org.apache.openjpa.conf.OpenJPAConfigurationImpl.getTransactionMode/0,3,1,0,0,0,1,0,0,334,3,5,0,false
0.9.0,openjpa-kernel/src/main/java/org/apache/openjpa/kernel/BrokerImpl.java,processArgument/1[java.lang.Object],org.apache.openjpa.kernel.BrokerImpl.processArgument/1[java.lang.Object],3,1,0,0,0,1,0,0,334,5,17,0,false
0.9.6,openjpa-jdbc/src/main/java/org/apache/openjpa/jdbc/kernel/exps/Math.java,"load/3[org.apache.openjpa.jdbc.kernel.exps.ExpContext,org.apache.openjpa.jdbc.kernel.exps.ExpState,org.apache.openjpa.jdbc.kernel.exps.Result]","org.apache.openjpa.jdbc.kernel.exps.Math.load/3[org.apache.openjpa.jdbc.kernel.exps.ExpContext,org.apache.openjpa.jdbc.kernel.exps.ExpState,org.apache.openjpa.jdbc.kernel.exps.Result]",3,1,0,0,0,1,0,1,1211,0,0,0,false
0.9.0,openjpa-kernel/src/main/java/org/apache/openjpa/util/Proxies.java,writeReplace/0,.writeReplace/0,10,3,0,0,0,3,0,0,334,2,4,0,false
0.9.6,openjpa-jdbc/src/main/java/org/apache/openjpa/jdbc/sql/DBDictionaryFactory.java,"appendSelectRange/3[org.apache.openjpa.jdbc.sql.SQLBuffer,long,long]","org.apache.openjpa.jdbc.sql.DBDictionary.appendSelectRange/3[org.apache.openjpa.jdbc.sql.SQLBuffer,long,long]",2,1,0,0,0,0,1,0,317,2,2,0,false
0.9.6,openjpa-jdbc/src/main/java/org/apache/openjpa/jdbc/meta/strats/RelationToManyTableFieldStrategy.java,"loadElement/5[org.apache.openjpa.jdbc.meta.strats.OpenJPAStateManager,org.apache.openjpa.jdbc.meta.strats.JDBCStore,org.apache.openjpa.jdbc.meta.strats.JDBCFetchState,org.apache.openjpa.jdbc.meta.strats.Result,org.apache.openjpa.jdbc.meta.strats.Joins]","org.apache.openjpa.jdbc.meta.strats.RelationToManyTableFieldStrategy.loadElement/5[org.apache.openjpa.jdbc.meta.strats.OpenJPAStateManager,org.apache.openjpa.jdbc.meta.strats.JDBCStore,org.apache.openjpa.jdbc.meta.strats.JDBCFetchState,org.apache.openjpa.jdbc.meta.strats.Result,org.apache.openjpa.jdbc.meta.strats.Joins]",5,2,2,0,0,1,0,0,317,2,2,1,false
0.9.6,openjpa-jdbc/src/main/java/org/apache/openjpa/jdbc/kernel/exps/PCPath.java,lastFieldAction/0,org.apache.openjpa.jdbc.kernel.exps.PCPath.lastFieldAction/0,11,9,2,0,0,3,2,0,317,1,1,0,false
0.9.0,openjpa-kernel/src/main/java/org/apache/openjpa/util/ApplicationIds.java,"copy/2[java.lang.Object,org.apache.openjpa.util.ClassMetaData]","org.apache.openjpa.util.ApplicationIds.copy/2[java.lang.Object,org.apache.openjpa.util.ClassMetaData]",44,20,11,0,0,10,0,1,334,2,5,13,false
0.9.0,openjpa-jdbc/src/main/java/org/apache/openjpa/jdbc/conf/JDBCConfigurationImpl.java,setMappingDefaults/1[java.lang.String],org.apache.openjpa.jdbc.conf.JDBCConfigurationImpl.setMappingDefaults/1[java.lang.String],4,1,0,0,0,0,0,1,317,1,1,0,false
0.9.6,openjpa-kernel/src/main/java/org/apache/openjpa/meta/FieldMetaData.java,getFullName/0,org.apache.openjpa.meta.FieldMetaData.getFullName/0,3,1,0,0,0,1,13,2,334,2,2,0,false
0.9.0,openjpa-kernel/src/main/java/org/apache/openjpa/kernel/StateManagerImpl.java,isPendingTransactional/0,org.apache.openjpa.kernel.StateManagerImpl.isPendingTransactional/0,3,1,0,0,0,1,1,1,334,3,10,0,false
0.9.0,openjpa-lib/src/main/java/org/apache/openjpa/lib/jdbc/DelegatingPreparedStatement.java,getUpdateCount/0,org.apache.openjpa.lib.jdbc.DelegatingPreparedStatement.getUpdateCount/0,3,1,0,0,0,1,0,0,243,1,1,0,false
0.9.0,openjpa-kernel/src/main/java/org/apache/openjpa/kernel/DetachedStateManager.java,getFlushed/0,org.apache.openjpa.kernel.DetachedStateManager.getFlushed/0,3,1,0,0,0,0,0,0,334,4,6,0,false
0.9.6,openjpa-jdbc/src/main/java/org/apache/openjpa/jdbc/schema/SchemaTool.java,"run/3[org.apache.openjpa.jdbc.conf.JDBCConfiguration,java.lang.String[],org.apache.openjpa.jdbc.schema.Options]","org.apache.openjpa.jdbc.schema.SchemaTool.run/3[org.apache.openjpa.jdbc.conf.JDBCConfiguration,java.lang.String[],org.apache.openjpa.jdbc.schema.Options]",21,4,15,0,0,2,1,3,1211,2,3,0,false
0.9.6,openjpa-kernel/src/main/java/org/apache/openjpa/kernel/PCDataImpl.java,"storeIntermediate/2[org.apache.openjpa.kernel.OpenJPAStateManager,org.apache.openjpa.meta.FieldMetaData]","org.apache.openjpa.kernel.PCDataImpl.storeIntermediate/2[org.apache.openjpa.kernel.OpenJPAStateManager,org.apache.openjpa.meta.FieldMetaData]",5,2,2,0,0,0,2,2,334,2,2,0,false
0.9.0,openjpa-kernel/src/main/java/org/apache/openjpa/util/NonUniqueResultException.java,getFailedObject/0,org.apache.openjpa.persistence.NonUniqueResultException.getFailedObject/0,3,1,0,0,0,1,0,0,17,1,1,0,false
0.9.6,openjpa-kernel/src/main/java/org/apache/openjpa/meta/NoneMetaDataFactory.java,"store/5[org.apache.openjpa.meta.ClassMetaData[],org.apache.openjpa.meta.QueryMetaData[],org.apache.openjpa.meta.SequenceMetaData[],int,java.util.Map]","org.apache.openjpa.meta.NoneMetaDataFactory.store/5[org.apache.openjpa.meta.ClassMetaData[],org.apache.openjpa.meta.QueryMetaData[],org.apache.openjpa.meta.SequenceMetaData[],int,java.util.Map]",3,1,0,0,0,1,0,0,334,2,2,0,false
0.9.6,openjpa-kernel/src/main/java/org/apache/openjpa/kernel/ClearFieldManager.java,fetchDoubleField/1[int],org.apache.openjpa.kernel.ClearFieldManager.fetchDoubleField/1[int],3,1,0,0,0,1,0,0,334,1,1,0,false
0.9.6,openjpa-jdbc/src/main/java/org/apache/openjpa/jdbc/sql/DBDictionaryFactory.java,handleWarning/1[java.sql.SQLWarning],org.apache.openjpa.jdbc.sql.DBDictionary.handleWarning/1[java.sql.SQLWarning],2,1,0,0,0,0,0,0,317,2,2,0,false
0.9.6,openjpa-jdbc/src/main/java/org/apache/openjpa/jdbc/sql/SelectImpl.java,"outerJoin/3[org.apache.openjpa.jdbc.sql.ForeignKey,boolean,boolean]","org.apache.openjpa.jdbc.sql.SelectImpl.outerJoin/3[org.apache.openjpa.jdbc.sql.ForeignKey,boolean,boolean]",3,1,0,0,0,1,0,2,317,4,6,0,false
0.9.6,openjpa-jdbc/src/main/java/org/apache/openjpa/jdbc/kernel/exps/Substring.java,hasVariables/0,org.apache.openjpa.kernel.exps.Substring.hasVariables/0,3,1,0,0,0,1,0,0,317,1,1,0,false
0.9.0,openjpa-jdbc/src/main/java/org/apache/openjpa/jdbc/kernel/exps/BindVariableExpression.java,"appendTo/5[org.apache.openjpa.jdbc.kernel.exps.SQLBuffer,org.apache.openjpa.jdbc.kernel.exps.Select,org.apache.openjpa.jdbc.kernel.exps.JDBCStore,java.lang.Object[],org.apache.openjpa.jdbc.kernel.exps.JDBCFetchConfiguration]","org.apache.openjpa.jdbc.kernel.exps.BindVariableExpression.appendTo/5[org.apache.openjpa.jdbc.kernel.exps.SQLBuffer,org.apache.openjpa.jdbc.kernel.exps.Select,org.apache.openjpa.jdbc.kernel.exps.JDBCStore,java.lang.Object[],org.apache.openjpa.jdbc.kernel.exps.JDBCFetchConfiguration]",3,1,0,0,0,0,0,0,1211,0,0,0,false
0.9.6,openjpa-lib/src/main/java/org/apache/openjpa/lib/util/CodeFormat.java,ifnull/0,serp.bytecode.Code.ifnull/0,3,1,0,0,0,1,6,1,243,1,1,0,false
0.9.6,openjpa-kernel/src/main/java/org/apache/openjpa/event/TCPRemoteCommitProvider.java,activateObject/1[java.lang.Object],org.apache.openjpa.event.TCPRemoteCommitProvider.HostAddress.SocketPoolableObjectFactory.activateObject/1[java.lang.Object],2,1,0,0,0,0,0,0,334,2,2,0,false
0.9.0,openjpa-kernel/src/main/java/org/apache/openjpa/conf/OpenJPAConfiguration.java,getConnectionRetainModeConstant/0,org.apache.openjpa.conf.OpenJPAConfiguration.getConnectionRetainModeConstant/0,1,1,0,0,0,0,0,0,334,1,1,0,false
0.9.6,openjpa-lib/src/main/java/org/apache/openjpa/lib/meta/CFMetaDataParser.java,currentClassName/0,org.apache.openjpa.lib.meta.CFMetaDataParser.currentClassName/0,3,1,0,0,0,1,1,0,243,1,1,0,false
0.9.6,openjpa-kernel/src/main/java/org/apache/openjpa/datacache/DataCacheStoreManager.java,"loadAll/5[java.util.Collection,org.apache.openjpa.datacache.PCState,int,org.apache.openjpa.datacache.FetchConfiguration,java.lang.Object]","org.apache.openjpa.datacache.DataCacheStoreManager.loadAll/5[java.util.Collection,org.apache.openjpa.datacache.PCState,int,org.apache.openjpa.datacache.FetchConfiguration,java.lang.Object]",61,24,21,0,1,4,0,3,334,2,2,4,false
0.9.0,openjpa-lib/src/main/java/org/apache/openjpa/lib/util/concurrent/ConcurrentReferenceHashSet.java,toArray/1[java.lang.Object[]],org.apache.openjpa.lib.util.concurrent.ConcurrentReferenceHashSet.toArray/1[java.lang.Object[]],3,1,0,0,0,1,0,0,243,1,1,0,false
0.9.6,openjpa-slice/src/main/java/org/apache/openjpa/slice/DistributedBrokerImpl.java,"delete/2[java.lang.Object,org.apache.openjpa.kernel.OpCallbacks]","org.apache.openjpa.kernel.BrokerImpl.delete/2[java.lang.Object,org.apache.openjpa.kernel.OpCallbacks]",17,4,0,0,1,1,0,5,600,0,0,1,false
0.9.6,openjpa-jdbc/src/main/java/org/apache/openjpa/jdbc/kernel/FinderQueryImpl.java,remove/1[int],org.apache.openjpa.kernel.QueryImpl.RemoveOnCloseResultList.remove/1[int],3,1,0,0,0,1,0,0,261,0,0,0,false
0.9.0,openjpa-lib/src/main/java/org/apache/openjpa/lib/meta/SourceTrackers.java,getSourceType/0,org.apache.openjpa.lib.meta.SourceTracker.getSourceType/0,1,1,0,0,0,0,0,0,243,1,1,0,false
0.9.6,openjpa-jdbc/src/main/java/org/apache/openjpa/jdbc/meta/strats/ByteArrayValueHandler.java,"toDataStoreValue/3[org.apache.openjpa.jdbc.meta.ValueMapping,java.lang.Object,org.apache.openjpa.jdbc.meta.strats.JDBCStore]","org.apache.openjpa.jdbc.meta.strats.ByteArrayValueHandler.toDataStoreValue/3[org.apache.openjpa.jdbc.meta.ValueMapping,java.lang.Object,org.apache.openjpa.jdbc.meta.strats.JDBCStore]",3,1,0,0,0,1,0,0,317,1,1,0,false
0.9.0,openjpa-kernel/src/main/java/org/apache/openjpa/datacache/QueryCacheStoreQuery.java,"executeQuery/5[org.apache.openjpa.kernel.StoreQuery,java.util.Map,boolean,long,long]","org.apache.openjpa.datacache.QueryCacheStoreQuery.QueryCacheExecutor.executeQuery/5[org.apache.openjpa.kernel.StoreQuery,java.util.Map,boolean,long,long]",8,2,4,0,0,2,0,6,334,2,2,3,false
0.9.6,openjpa-persistence-jdbc/src/main/java/org/apache/openjpa/persistence/jdbc/XMLPersistenceMappingParser.java,endClassMapping/1[org.apache.openjpa.persistence.jdbc.ClassMetaData],org.apache.openjpa.persistence.jdbc.XMLPersistenceMappingParser.endClassMapping/1[org.apache.openjpa.persistence.jdbc.ClassMetaData],22,6,2,0,0,0,0,1,317,5,5,3,false
0.9.6,openjpa-jdbc/src/main/java/org/apache/openjpa/jdbc/sql/DBDictionaryFactory.java,newForeignKey/1[java.sql.ResultSet],org.apache.openjpa.jdbc.sql.DBDictionary.newForeignKey/1[java.sql.ResultSet],28,5,2,0,0,1,2,6,317,2,2,0,false
0.9.6,openjpa-kernel/src/main/java/org/apache/openjpa/kernel/VersionAttachStrategy.java,"attach/7[org.apache.openjpa.kernel.AttachManager,java.lang.Object,org.apache.openjpa.kernel.ClassMetaData,org.apache.openjpa.kernel.PersistenceCapable,org.apache.openjpa.kernel.OpenJPAStateManager,org.apache.openjpa.kernel.ValueMetaData,boolean]","org.apache.openjpa.kernel.VersionAttachStrategy.attach/7[org.apache.openjpa.kernel.AttachManager,java.lang.Object,org.apache.openjpa.kernel.ClassMetaData,org.apache.openjpa.kernel.PersistenceCapable,org.apache.openjpa.kernel.OpenJPAStateManager,org.apache.openjpa.kernel.ValueMetaData,boolean]",57,22,19,0,1,2,0,17,334,3,3,4,false
0.9.6,openjpa-jdbc/src/main/java/org/apache/openjpa/jdbc/sql/SelectImpl.java,"wherePrimaryKey/4[java.lang.Object,org.apache.openjpa.jdbc.sql.ClassMapping,org.apache.openjpa.jdbc.sql.Joins,org.apache.openjpa.jdbc.sql.JDBCStore]","org.apache.openjpa.jdbc.sql.SelectImpl.wherePrimaryKey/4[java.lang.Object,org.apache.openjpa.jdbc.sql.ClassMapping,org.apache.openjpa.jdbc.sql.Joins,org.apache.openjpa.jdbc.sql.JDBCStore]",11,3,4,0,0,1,3,5,317,4,6,0,false
0.9.6,openjpa-jdbc/src/main/java/org/apache/openjpa/jdbc/sql/RowImpl.java,"setNull/2[org.apache.openjpa.jdbc.sql.Column,boolean]","org.apache.openjpa.jdbc.sql.RowImpl.setNull/2[org.apache.openjpa.jdbc.sql.Column,boolean]",3,1,0,0,0,0,1,1,1211,0,0,0,false
0.9.6,openjpa-kernel/src/main/java/org/apache/openjpa/conf/OpenJPAConfigurationImpl.java,setRestoreState/1[java.lang.String],org.apache.openjpa.conf.OpenJPAConfigurationImpl.setRestoreState/1[java.lang.String],4,1,0,0,0,0,0,1,334,3,5,0,false
0.9.0,openjpa-lib/src/main/java/org/apache/openjpa/lib/jdbc/DelegatingResultSet.java,"updateLong/2[int,long]","org.apache.openjpa.lib.jdbc.DelegatingResultSet.updateLong/2[int,long]",3,1,0,0,0,0,0,0,243,1,1,0,false
0.9.0,openjpa-jdbc/src/main/java/org/apache/openjpa/jdbc/conf/JDBCConfigurationImpl.java,setConnectionFactory/1[java.lang.Object],org.apache.openjpa.jdbc.conf.JDBCConfigurationImpl.setConnectionFactory/1[java.lang.Object],9,3,2,0,0,1,0,4,317,1,1,0,false
0.9.0,openjpa-kernel/src/main/java/org/apache/openjpa/conf/OpenJPAConfiguration.java,supportedOptions/0,org.apache.openjpa.conf.OpenJPAConfiguration.supportedOptions/0,1,1,0,0,0,0,7,0,334,1,1,0,false
0.9.6,openjpa-lib/src/main/java/org/apache/openjpa/lib/xml/Location.java,isNullOnNoLocator/0,org.apache.openjpa.lib.xml.Location.isNullOnNoLocator/0,3,1,0,0,0,1,0,0,243,1,1,0,false
0.9.0,openjpa-kernel/src/main/java/org/apache/openjpa/ee/InvocationManagedRuntime.java,endConfiguration/0,org.apache.openjpa.ee.InvocationManagedRuntime.endConfiguration/0,2,1,0,0,0,0,0,0,334,1,2,0,false
0.9.6,openjpa-jdbc/src/main/java/org/apache/openjpa/jdbc/meta/strats/RelationToManyInverseKeyFieldStrategy.java,"join/2[org.apache.openjpa.jdbc.meta.strats.Joins,org.apache.openjpa.jdbc.meta.strats.ClassMapping]","org.apache.openjpa.jdbc.meta.strats.RelationToManyInverseKeyFieldStrategy.join/2[org.apache.openjpa.jdbc.meta.strats.Joins,org.apache.openjpa.jdbc.meta.strats.ClassMapping]",11,3,5,0,0,1,0,0,317,2,2,5,false
0.9.6,openjpa-persistence/src/main/java/org/apache/openjpa/persistence/QueryImpl.java,executeUpdate/0,org.apache.openjpa.persistence.QueryImpl.executeUpdate/0,13,7,0,0,0,6,0,11,334,5,11,0,false
0.9.6,openjpa-jdbc/src/main/java/org/apache/openjpa/jdbc/meta/strats/ClobValueHandler.java,getInstance/0,org.apache.openjpa.jdbc.meta.strats.ClobValueHandler.getInstance/0,3,1,0,0,0,1,0,0,317,1,1,0,false
0.9.0,openjpa-kernel/src/main/java/org/apache/openjpa/kernel/StateManagerImpl.java,"initialize/2[org.apache.openjpa.kernel.PersistenceCapable,org.apache.openjpa.kernel.PCState]","org.apache.openjpa.kernel.StateManagerImpl.initialize/2[org.apache.openjpa.kernel.PersistenceCapable,org.apache.openjpa.kernel.PCState]",20,11,7,0,0,0,0,10,334,3,10,2,false
0.9.6,openjpa-persistence/src/main/java/org/apache/openjpa/persistence/EntityManagerImpl.java,getConfiguration/0,org.apache.openjpa.persistence.EntityManagerImpl.getConfiguration/0,3,1,0,0,0,1,0,1,334,4,8,0,false
0.9.0,openjpa-jdbc/src/main/java/org/apache/openjpa/jdbc/sql/OracleDictionary.java,"substring/4[org.apache.openjpa.jdbc.sql.SQLBuffer,org.apache.openjpa.jdbc.sql.FilterValue,org.apache.openjpa.jdbc.sql.FilterValue,org.apache.openjpa.jdbc.sql.FilterValue]","org.apache.openjpa.jdbc.sql.OracleDictionary.substring/4[org.apache.openjpa.jdbc.sql.SQLBuffer,org.apache.openjpa.jdbc.sql.FilterValue,org.apache.openjpa.jdbc.sql.FilterValue,org.apache.openjpa.jdbc.sql.FilterValue]",15,2,0,0,0,0,0,0,317,2,3,0,false
0.9.6,openjpa-lib/src/main/java/org/apache/openjpa/lib/log/Log4JLogFactory.java,isInfoEnabled/0,org.apache.openjpa.lib.log.Log4JLogFactory.LogAdapter.isInfoEnabled/0,3,2,0,0,0,1,0,0,243,1,1,1,false
0.9.0,openjpa-lib/src/main/java/org/apache/openjpa/lib/jdbc/DelegatingPreparedStatement.java,executeQuery/1[java.lang.String],org.apache.openjpa.lib.jdbc.DelegatingPreparedStatement.executeQuery/1[java.lang.String],3,1,0,0,0,1,0,1,243,1,1,0,false
0.9.6,openjpa-kernel/src/main/java/org/apache/openjpa/kernel/jpql/JPQLExpressionBuilder.java,evalGroupingClause/1[org.apache.openjpa.kernel.exps.QueryExpressions],org.apache.openjpa.kernel.jpql.JPQLExpressionBuilder.evalGroupingClause/1[org.apache.openjpa.kernel.exps.QueryExpressions],10,3,6,0,0,1,1,5,334,1,3,2,false
0.9.0,openjpa-kernel/src/main/java/org/apache/openjpa/kernel/DetachedStateManager.java,fetchShort/1[int],org.apache.openjpa.kernel.DetachedStateManager.fetchShort/1[int],3,1,0,0,0,0,0,0,334,4,6,0,false
0.9.6,openjpa-kernel/src/main/java/org/apache/openjpa/meta/QueryMetaData.java,isReadOnly/0,org.apache.openjpa.meta.QueryMetaData.isReadOnly/0,3,2,0,0,0,1,0,0,334,2,2,0,false
0.9.0,openjpa-persistence/src/main/java/org/apache/openjpa/persistence/query/VarArgsExpression.java,"initialize/3[org.apache.openjpa.jdbc.kernel.exps.Select,org.apache.openjpa.jdbc.kernel.exps.JDBCStore,boolean]","org.apache.openjpa.jdbc.kernel.exps.Args.initialize/3[org.apache.openjpa.jdbc.kernel.exps.Select,org.apache.openjpa.jdbc.kernel.exps.JDBCStore,boolean]",7,3,3,0,0,0,0,2,340,0,0,0,false
0.9.0,openjpa-kernel/src/main/java/org/apache/openjpa/meta/FieldMetaData.java,"getFieldValue/2[java.lang.Object,org.apache.openjpa.kernel.StoreContext]","org.apache.openjpa.meta.FieldMetaData.getFieldValue/2[java.lang.Object,org.apache.openjpa.kernel.StoreContext]",26,15,5,0,1,8,12,4,334,2,2,5,false
0.9.0,openjpa-jdbc/src/main/java/org/apache/openjpa/jdbc/kernel/exps/InSubQExpression.java,"selectColumns/5[org.apache.openjpa.jdbc.kernel.exps.Select,org.apache.openjpa.jdbc.kernel.JDBCStore,java.lang.Object[],boolean,org.apache.openjpa.jdbc.kernel.JDBCFetchConfiguration]","org.apache.openjpa.jdbc.kernel.exps.InSubQExpression.selectColumns/5[org.apache.openjpa.jdbc.kernel.exps.Select,org.apache.openjpa.jdbc.kernel.JDBCStore,java.lang.Object[],boolean,org.apache.openjpa.jdbc.kernel.JDBCFetchConfiguration]",4,1,0,0,0,0,0,0,317,1,1,0,false
0.9.0,openjpa-jdbc/src/main/java/org/apache/openjpa/jdbc/sql/SelectImpl.java,"selectIdentifier/6[org.apache.openjpa.jdbc.sql.ClassMapping,int,org.apache.openjpa.jdbc.kernel.JDBCStore,org.apache.openjpa.jdbc.sql.JDBCFetchConfiguration,int,org.apache.openjpa.jdbc.sql.Joins]","org.apache.openjpa.jdbc.sql.SelectImpl.selectIdentifier/6[org.apache.openjpa.jdbc.sql.ClassMapping,int,org.apache.openjpa.jdbc.kernel.JDBCStore,org.apache.openjpa.jdbc.sql.JDBCFetchConfiguration,int,org.apache.openjpa.jdbc.sql.Joins]",3,1,0,0,0,0,1,1,317,4,6,0,false
0.9.0,openjpa-lib/src/main/java/org/apache/openjpa/lib/rop/AbstractResultList.java,"load/4[org.apache.openjpa.jdbc.sql.ClassMapping,org.apache.openjpa.jdbc.kernel.JDBCStore,org.apache.openjpa.jdbc.sql.JDBCFetchConfiguration,org.apache.openjpa.jdbc.sql.Joins]","org.apache.openjpa.jdbc.sql.AbstractResult.load/4[org.apache.openjpa.jdbc.sql.ClassMapping,org.apache.openjpa.jdbc.kernel.JDBCStore,org.apache.openjpa.jdbc.sql.JDBCFetchConfiguration,org.apache.openjpa.jdbc.sql.Joins]",3,1,0,0,0,1,1,1,243,1,1,0,false
0.9.6,openjpa-kernel/src/main/java/org/apache/openjpa/meta/ValueMetaDataImpl.java,setDeclaredTypeCode/1[int],org.apache.openjpa.meta.ValueMetaDataImpl.setDeclaredTypeCode/1[int],3,1,1,0,0,0,0,0,334,2,3,0,false
0.9.0,openjpa-persistence/src/main/java/org/apache/openjpa/persistence/DataCache.java,pin/1[java.lang.Object],org.apache.openjpa.datacache.DataCache.pin/1[java.lang.Object],1,1,0,0,0,0,1,0,334,1,1,0,false
0.9.6,openjpa-kernel/src/main/java/org/apache/openjpa/kernel/exps/SubQ.java,"calculateValue/5[org.apache.openjpa.jdbc.kernel.exps.Select,org.apache.openjpa.jdbc.kernel.exps.JDBCStore,java.lang.Object[],org.apache.openjpa.jdbc.kernel.exps.Val,org.apache.openjpa.jdbc.kernel.exps.JDBCFetchState]","org.apache.openjpa.jdbc.kernel.exps.SubQ.calculateValue/5[org.apache.openjpa.jdbc.kernel.exps.Select,org.apache.openjpa.jdbc.kernel.exps.JDBCStore,java.lang.Object[],org.apache.openjpa.jdbc.kernel.exps.Val,org.apache.openjpa.jdbc.kernel.exps.JDBCFetchState]",2,1,0,0,0,0,0,0,334,1,1,0,false
0.9.0,openjpa-kernel/src/main/java/org/apache/openjpa/util/ArrayStateImage.java,getMethodsHolder/0,serp.bytecode.ArrayState.getMethodsHolder/0,3,1,0,0,0,1,0,0,334,1,1,0,false
0.9.0,openjpa-kernel/src/main/java/org/apache/openjpa/util/AbstractLRSProxyCollection.java,"setOwner/2[org.apache.openjpa.util.OpenJPAStateManager,int]","org.apache.openjpa.util.AbstractLRSProxyCollection.setOwner/2[org.apache.openjpa.util.OpenJPAStateManager,int]",11,6,4,0,0,0,0,0,334,2,2,1,false
0.9.6,openjpa-jdbc/src/main/java/org/apache/openjpa/jdbc/ant/MappingToolTask.java,clear/0,org.apache.openjpa.jdbc.meta.MappingTool.clear/0,9,3,5,0,0,0,1,0,317,1,1,0,false
0.9.6,openjpa-jdbc/src/main/java/org/apache/openjpa/jdbc/kernel/exps/IsNotEmptyExpression.java,"evaluate/4[java.lang.Object,java.lang.Object,org.apache.openjpa.kernel.exps.StoreContext,java.lang.Object[]]","org.apache.openjpa.kernel.exps.Exp.evaluate/4[java.lang.Object,java.lang.Object,org.apache.openjpa.kernel.exps.StoreContext,java.lang.Object[]]",11,3,0,0,1,3,3,1,317,1,1,1,false
0.9.0,openjpa-jdbc/src/main/java/org/apache/openjpa/jdbc/kernel/exps/PCPath.java,"select/5[org.apache.openjpa.jdbc.kernel.exps.Select,org.apache.openjpa.jdbc.kernel.JDBCStore,java.lang.Object[],boolean,org.apache.openjpa.jdbc.kernel.JDBCFetchConfiguration]","org.apache.openjpa.jdbc.kernel.exps.PCPath.select/5[org.apache.openjpa.jdbc.kernel.exps.Select,org.apache.openjpa.jdbc.kernel.JDBCStore,java.lang.Object[],boolean,org.apache.openjpa.jdbc.kernel.JDBCFetchConfiguration]",3,1,0,0,0,0,0,1,317,1,1,0,false
0.9.0,openjpa-persistence/src/main/java/org/apache/openjpa/persistence/InverseLogical.java,fatal/1[Object],fatal/1[Object],1,1,0,0,0,0,0,0,334,1,1,0,false
0.9.0,openjpa-jdbc/src/main/java/org/apache/openjpa/jdbc/kernel/AbstractJDBCSeq.java,getConnection/1[org.apache.openjpa.jdbc.kernel.JDBCStore],org.apache.openjpa.jdbc.kernel.AbstractJDBCSeq.getConnection/1[org.apache.openjpa.jdbc.kernel.JDBCStore],12,4,5,0,0,1,0,5,317,2,2,2,false
0.9.6,openjpa-jdbc/src/main/java/org/apache/openjpa/jdbc/meta/strats/RelationToManyInverseKeyFieldStrategy.java,initialize/0,org.apache.openjpa.jdbc.meta.strats.RelationToManyInverseKeyFieldStrategy.initialize/0,11,5,6,0,0,0,0,3,317,2,2,6,false
0.9.0,openjpa-kernel/src/main/java/org/apache/openjpa/kernel/OrderingMergedResultObjectProvider.java,close/0,org.apache.openjpa.jdbc.sql.MergedResult.close/0,3,2,1,0,0,0,0,1,334,1,1,0,false
0.9.0,openjpa-kernel/src/main/java/org/apache/openjpa/datacache/AbstractQueryCache.java,remove/1[org.apache.openjpa.datacache.QueryKey],org.apache.openjpa.datacache.AbstractQueryCache.remove/1[org.apache.openjpa.datacache.QueryKey],9,5,2,0,0,1,0,2,334,1,1,1,false
0.9.0,openjpa-kernel/src/main/java/org/apache/openjpa/kernel/DetachManager.java,"getDetachedState/2[org.apache.openjpa.kernel.StateManagerImpl,java.util.BitSet]","org.apache.openjpa.kernel.DetachManager.getDetachedState/2[org.apache.openjpa.kernel.StateManagerImpl,java.util.BitSet]",15,6,8,3,0,1,3,7,334,3,5,1,false
0.9.6,openjpa-kernel/src/main/java/org/apache/openjpa/util/AbstractLRSProxyMap.java,isTracking/0,org.apache.openjpa.util.AbstractLRSProxyMap.isTracking/0,3,1,0,0,0,1,0,0,334,2,2,0,false
0.9.0,openjpa-kernel/src/main/java/org/apache/openjpa/enhance/ApplicationIdTool.java,"setObjectIdType/3[org.apache.openjpa.enhance.ClassMetaData,org.apache.openjpa.enhance.ApplicationIdTool.Flags,org.apache.openjpa.enhance.BCClassLoader]","org.apache.openjpa.enhance.ApplicationIdTool.setObjectIdType/3[org.apache.openjpa.enhance.ClassMetaData,org.apache.openjpa.enhance.ApplicationIdTool.Flags,org.apache.openjpa.enhance.BCClassLoader]",8,8,4,1,0,1,1,2,334,2,2,1,false
0.9.0,openjpa-lib/src/main/java/org/apache/openjpa/lib/jdbc/DelegatingDatabaseMetaData.java,supportsConvert/0,org.apache.openjpa.lib.jdbc.DelegatingDatabaseMetaData.supportsConvert/0,3,1,0,0,0,1,0,0,243,2,2,0,false
0.9.6,openjpa-persistence/src/main/java/org/apache/openjpa/persistence/PersistenceProviderImpl.java,"createEntityManagerFactory/3[java.lang.String,java.lang.String,java.util.Map]","org.apache.openjpa.persistence.PersistenceProviderImpl.createEntityManagerFactory/3[java.lang.String,java.lang.String,java.util.Map]",10,3,1,0,1,2,2,5,334,3,3,1,false
0.9.0,openjpa-kernel/src/main/java/org/apache/openjpa/kernel/OrderingMergedResultObjectProvider.java,reset/0,org.apache.openjpa.lib.rop.MergedResultObjectProvider.reset/0,4,3,1,0,0,0,0,2,334,1,1,0,false
0.9.0,openjpa-lib/src/main/java/org/apache/openjpa/lib/util/MultiClassLoader.java,clear/0,org.apache.openjpa.lib.util.MultiClassLoader.clear/0,3,1,0,0,0,0,1,0,243,2,2,0,false
0.9.6,openjpa-jdbc/src/main/java/org/apache/openjpa/jdbc/kernel/exps/MatchesExpression.java,"MatchesExpression/6[org.apache.openjpa.kernel.exps.Val,org.apache.openjpa.kernel.exps.Val,java.lang.String,java.lang.String,java.lang.String,boolean]","org.apache.openjpa.kernel.exps.MatchesExpression.MatchesExpression/6[org.apache.openjpa.kernel.exps.Val,org.apache.openjpa.kernel.exps.Val,java.lang.String,java.lang.String,java.lang.String,boolean]",7,1,4,0,0,0,0,0,317,1,1,0,false
0.9.6,openjpa-jdbc/src/main/java/org/apache/openjpa/jdbc/sql/SQLExceptions.java,acceptVisit/1[serp.bytecode.BCVisitor],serp.bytecode.Exceptions.acceptVisit/1[serp.bytecode.BCVisitor],4,1,0,0,0,0,0,0,317,3,3,0,false
0.9.0,openjpa-lib/src/main/java/org/apache/openjpa/lib/rop/ListResultList.java,writeReplace/0,org.apache.openjpa.lib.rop.ListResultList.writeReplace/0,3,1,0,0,0,1,0,0,243,1,1,0,false
0.9.0,openjpa-jdbc/src/main/java/org/apache/openjpa/jdbc/ant/ReverseMappingToolTask.java,setDetachable/1[boolean],org.apache.openjpa.jdbc.ant.ReverseMappingToolTask.setDetachable/1[boolean],3,1,1,0,0,0,0,0,317,1,1,0,false
0.9.6,openjpa-jdbc/src/main/java/org/apache/openjpa/jdbc/sql/SelectImpl.java,getColumnAlias/1[org.apache.openjpa.jdbc.schema.Column],org.apache.openjpa.jdbc.sql.SelectImpl.getColumnAlias/1[org.apache.openjpa.jdbc.schema.Column],3,1,0,0,0,1,0,1,317,4,6,0,false
0.9.0,openjpa-persistence-jdbc/src/main/java/org/apache/openjpa/persistence/jdbc/JDBCFetchPlanImpl.java,"removeFields/2[java.lang.Class,java.lang.String[]]","org.apache.openjpa.persistence.FetchPlan.removeFields/2[java.lang.Class,java.lang.String[]]",3,1,0,0,0,1,0,1,315,2,4,0,false
0.9.6,openjpa-kernel/src/main/java/org/apache/openjpa/kernel/PDeletedState.java,persist/1[org.apache.openjpa.kernel.StateManagerImpl],org.apache.openjpa.kernel.PDeletedState.persist/1[org.apache.openjpa.kernel.StateManagerImpl],3,2,0,0,0,1,0,0,334,2,2,1,false
0.9.6,openjpa-kernel/src/main/java/org/apache/openjpa/kernel/ObjectIdStateManager.java,lock/0,org.apache.openjpa.kernel.ObjectIdStateManager.lock/0,2,1,0,0,0,0,0,0,334,3,3,0,false
0.9.6,openjpa-lib/src/main/java/org/apache/openjpa/lib/util/concurrent/ConcurrentHashSet.java,addAll/1[java.util.Collection],org.apache.openjpa.lib.util.concurrent.ConcurrentHashSet.addAll/1[java.util.Collection],3,1,0,0,0,1,0,0,243,1,1,0,false
0.9.6,openjpa-jdbc/src/main/java/org/apache/openjpa/jdbc/meta/ClassMapping.java,getFieldMapping/1[java.lang.String],org.apache.openjpa.jdbc.meta.ClassMapping.getFieldMapping/1[java.lang.String],3,1,0,0,0,1,1,0,317,2,3,0,false
0.9.0,openjpa-jdbc/src/main/java/org/apache/openjpa/jdbc/kernel/exps/NotContainsExpression.java,"selectColumns/5[org.apache.openjpa.jdbc.kernel.exps.Select,org.apache.openjpa.jdbc.kernel.JDBCStore,java.lang.Object[],boolean,org.apache.openjpa.jdbc.kernel.JDBCFetchConfiguration]","org.apache.openjpa.jdbc.kernel.exps.NotContainsExpression.selectColumns/5[org.apache.openjpa.jdbc.kernel.exps.Select,org.apache.openjpa.jdbc.kernel.JDBCStore,java.lang.Object[],boolean,org.apache.openjpa.jdbc.kernel.JDBCFetchConfiguration]",3,1,0,0,0,0,0,1,317,1,1,0,false
0.9.6,openjpa-jdbc/src/main/java/org/apache/openjpa/jdbc/kernel/exps/StringFunction.java,StringFunction/1[org.apache.openjpa.jdbc.kernel.exps.Val],org.apache.openjpa.jdbc.kernel.exps.StringFunction.StringFunction/1[org.apache.openjpa.jdbc.kernel.exps.Val],3,1,1,0,0,0,0,0,317,1,1,0,false
0.9.6,openjpa-jdbc/src/main/java/org/apache/openjpa/jdbc/kernel/exps/Substring.java,getType/0,org.apache.openjpa.jdbc.kernel.exps.Substring.getType/0,3,1,0,0,0,1,1,0,317,1,1,0,false
0.9.6,openjpa-lib/src/main/java/org/apache/openjpa/lib/util/Options.java,"matchOptionToMember/2[java.lang.String,java.lang.Object[]]","org.apache.openjpa.lib.util.Options.matchOptionToMember/2[java.lang.String,java.lang.Object[]]",50,22,27,2,0,4,2,4,243,1,1,11,false
0.9.6,openjpa-kernel/src/main/java/org/apache/openjpa/kernel/PNewProvisionalState.java,isDirty/0,org.apache.openjpa.kernel.PNewProvisionalState.isDirty/0,3,1,0,0,0,1,0,0,273,1,1,0,false
0.9.6,openjpa-jdbc/src/main/java/org/apache/openjpa/jdbc/sql/PostgresDictionary.java,"isSystemIndex/2[java.lang.String,org.apache.openjpa.jdbc.sql.Table]","org.apache.openjpa.jdbc.sql.PostgresDictionary.isSystemIndex/2[java.lang.String,org.apache.openjpa.jdbc.sql.Table]",3,2,0,0,0,1,0,0,317,1,1,1,false
0.9.6,openjpa-jdbc/src/main/java/org/apache/openjpa/jdbc/meta/ClassMapping.java,getEmbeddingMapping/0,org.apache.openjpa.jdbc.meta.ClassMapping.getEmbeddingMapping/0,3,1,0,0,0,1,4,0,317,2,3,0,false
0.9.6,openjpa-kernel/src/main/java/org/apache/openjpa/meta/FieldMetaData.java,setPrimaryKeyIndex/1[int],org.apache.openjpa.meta.FieldMetaData.setPrimaryKeyIndex/1[int],3,1,1,0,0,0,1,0,334,2,2,0,false
0.9.0,openjpa-lib/src/main/java/org/apache/openjpa/lib/jdbc/ConfiguringConnectionDecorator.java,"createStatement/3[int,int,boolean]","org.apache.openjpa.lib.jdbc.ConfiguringConnectionDecorator.ConfiguringConnection.createStatement/3[int,int,boolean]",5,2,1,0,0,1,0,0,243,1,1,1,false
0.9.6,openjpa-kernel/src/main/java/org/apache/openjpa/conf/OpenJPAConfigurationImpl.java,getConnectionUserName/0,org.apache.openjpa.conf.OpenJPAConfigurationImpl.getConnectionUserName/0,3,1,0,0,0,1,1,0,334,3,5,0,false
0.9.6,openjpa-slice/src/main/java/org/apache/openjpa/slice/DistributedBrokerImpl.java,isDetached/1[java.lang.Object],org.apache.openjpa.kernel.BrokerImpl.isDetached/1[java.lang.Object],10,5,4,0,0,4,1,1,600,0,0,3,false
0.9.6,openjpa-kernel/src/main/java/org/apache/openjpa/meta/ClassMetaData.java,ClassMetaData/1[org.apache.openjpa.meta.ValueMetaData],org.apache.openjpa.meta.ClassMetaData.ClassMetaData/1[org.apache.openjpa.meta.ValueMetaData],5,1,2,0,0,0,1,1,334,3,7,0,false
0.9.0,openjpa-jdbc/src/main/java/org/apache/openjpa/jdbc/sql/PrimaryRow.java,"setForeignKey/3[org.apache.openjpa.jdbc.sql.ForeignKey,org.apache.openjpa.jdbc.sql.ColumnIO,org.apache.openjpa.jdbc.sql.OpenJPAStateManager]","org.apache.openjpa.jdbc.sql.PrimaryRow.setForeignKey/3[org.apache.openjpa.jdbc.sql.ForeignKey,org.apache.openjpa.jdbc.sql.ColumnIO,org.apache.openjpa.jdbc.sql.OpenJPAStateManager]",4,2,0,0,0,0,1,2,317,2,2,0,false
0.9.6,openjpa-jdbc/src/main/java/org/apache/openjpa/jdbc/sql/DerbyDictionary.java,DerbyDictionary/0,org.apache.openjpa.jdbc.sql.DerbyDictionary.DerbyDictionary/0,20,1,16,0,0,0,0,0,317,1,1,0,false
0.9.0,openjpa-lib/src/main/java/org/apache/openjpa/lib/jdbc/JDBCEvent.java,getConnection/0,org.apache.openjpa.lib.jdbc.JDBCEvent.getConnection/0,3,1,0,0,0,1,0,0,243,1,1,0,false
0.9.0,openjpa-kernel/src/main/java/org/apache/openjpa/kernel/StateManagerImpl.java,releaseLocks/0,org.apache.openjpa.kernel.StateManagerImpl.releaseLocks/0,7,2,4,0,0,0,2,1,334,3,10,1,false
0.9.6,openjpa-jdbc/src/main/java/org/apache/openjpa/jdbc/meta/strats/LRSProxyCollection.java,count/0,org.apache.openjpa.jdbc.meta.strats.LRSProxyCollection.count/0,19,2,4,0,1,1,0,3,317,2,2,3,false
0.9.6,openjpa-lib/src/main/java/org/apache/openjpa/lib/util/Options.java,"getDoubleProperty/3[java.lang.String,java.lang.String,double]","org.apache.openjpa.lib.util.Options.getDoubleProperty/3[java.lang.String,java.lang.String,double]",5,3,2,0,0,1,0,1,243,1,1,0,false
0.9.6,openjpa-jdbc/src/main/java/org/apache/openjpa/jdbc/meta/strats/ValueMapDiscriminatorStrategy.java,getAlias/0,org.apache.openjpa.jdbc.meta.strats.ValueMapDiscriminatorStrategy.getAlias/0,3,1,0,0,0,1,0,0,317,1,1,0,false
0.9.0,openjpa-lib/src/main/java/org/apache/openjpa/lib/meta/XMLMetaDataSerializer.java,getObjects/0,org.apache.openjpa.lib.meta.XMLMetaDataSerializer.getObjects/0,1,1,0,0,0,0,2,0,243,1,1,0,false
0.9.6,openjpa-slice/src/main/java/org/apache/openjpa/slice/DistributedBrokerImpl.java,rollbackToSavepoint/1[java.lang.String],org.apache.openjpa.kernel.BrokerImpl.rollbackToSavepoint/1[java.lang.String],47,11,13,2,1,0,1,13,600,0,0,9,false
0.9.6,openjpa-kernel/src/main/java/org/apache/openjpa/kernel/jpql/JPQLExpressionBuilder.java,secondChild/1[org.apache.openjpa.kernel.jpql.JPQLExpressionBuilder.JPQLNode],org.apache.openjpa.kernel.jpql.JPQLExpressionBuilder.secondChild/1[org.apache.openjpa.kernel.jpql.JPQLExpressionBuilder.JPQLNode],3,1,0,0,0,1,1,0,334,1,3,0,false
0.9.6,openjpa-jdbc/src/main/java/org/apache/openjpa/jdbc/meta/strats/EmbedFieldStrategy.java,"whereBinaryStream/3[org.apache.openjpa.jdbc.meta.strats.Column,java.io.InputStream,int]","org.apache.openjpa.jdbc.meta.strats.EmbedFieldStrategy.EmbeddedRow.whereBinaryStream/3[org.apache.openjpa.jdbc.meta.strats.Column,java.io.InputStream,int]",3,1,0,0,0,0,0,0,317,2,2,0,false
0.9.6,openjpa-kernel/src/main/java/org/apache/openjpa/kernel/ObjectIdStateManager.java,"replaceObjectField/2[org.apache.openjpa.kernel.PersistenceCapable,int]","org.apache.openjpa.kernel.ObjectIdStateManager.replaceObjectField/2[org.apache.openjpa.kernel.PersistenceCapable,int]",3,1,0,0,0,0,0,0,334,3,3,0,false
0.9.6,openjpa-kernel/src/main/java/org/apache/openjpa/kernel/exps/CandidatePath.java,hasVariables/0,org.apache.openjpa.kernel.exps.CandidatePath.hasVariables/0,3,1,0,0,0,1,0,0,334,1,1,0,false
0.9.6,openjpa-kernel/src/main/java/org/apache/openjpa/conf/OpenJPAConfigurationImpl.java,preClose/0,org.apache.openjpa.conf.OpenJPAConfigurationImpl.preClose/0,5,1,0,0,0,0,0,0,334,3,5,0,false
0.9.6,openjpa-jdbc/src/main/java/org/apache/openjpa/jdbc/sql/SQLExceptions.java,replaceFailedObject/1[java.lang.Object],org.apache.openjpa.util.Exceptions.replaceFailedObject/1[java.lang.Object],7,5,1,0,0,4,1,3,317,3,3,0,false
0.9.0,openjpa-kernel/src/main/java/org/apache/openjpa/kernel/BrokerImpl.java,"delete/2[java.lang.Object,org.apache.openjpa.kernel.OpCallbacks]","org.apache.openjpa.kernel.BrokerImpl.delete/2[java.lang.Object,org.apache.openjpa.kernel.OpCallbacks]",17,4,0,0,1,1,1,6,334,5,17,1,false
0.9.0,openjpa-kernel/src/main/java/org/apache/openjpa/kernel/exps/Concat.java,"calculateValue/5[org.apache.openjpa.jdbc.kernel.exps.Select,org.apache.openjpa.jdbc.kernel.JDBCStore,java.lang.Object[],org.apache.openjpa.jdbc.kernel.exps.Val,org.apache.openjpa.jdbc.kernel.JDBCFetchConfiguration]","org.apache.openjpa.jdbc.kernel.exps.Concat.calculateValue/5[org.apache.openjpa.jdbc.kernel.exps.Select,org.apache.openjpa.jdbc.kernel.JDBCStore,java.lang.Object[],org.apache.openjpa.jdbc.kernel.exps.Val,org.apache.openjpa.jdbc.kernel.JDBCFetchConfiguration]",4,1,0,0,0,0,1,0,334,1,1,0,false
0.9.6,openjpa-persistence/src/main/java/org/apache/openjpa/persistence/EntityManagerImpl.java,setLifecycleListenerCallbackMode/1[int],org.apache.openjpa.persistence.EntityManagerImpl.setLifecycleListenerCallbackMode/1[int],3,1,0,0,0,0,0,0,334,4,8,0,false
0.9.6,openjpa-kernel/src/main/java/org/apache/openjpa/datacache/QueryCacheStoreQuery.java,reset/0,org.apache.openjpa.datacache.QueryCacheStoreQuery.CachingResultObjectProvider.reset/0,4,1,1,0,0,0,0,0,334,2,2,0,false
0.9.0,openjpa-kernel/src/main/java/org/apache/openjpa/datacache/AbstractDataCache.java,removeInternal/1[java.lang.Object],org.apache.openjpa.datacache.AbstractDataCache.removeInternal/1[java.lang.Object],1,1,0,0,0,0,4,0,334,1,1,0,false
0.9.6,openjpa-lib/src/main/java/org/apache/openjpa/lib/util/concurrent/FIFOWaitQueue.java,takeOver/1[org.apache.openjpa.lib.util.concurrent.WaitQueue.WaitNode],org.apache.openjpa.lib.util.concurrent.WaitQueue.QueuedSync.takeOver/1[org.apache.openjpa.lib.util.concurrent.WaitQueue.WaitNode],1,1,0,0,0,0,1,0,243,1,1,0,false
0.9.6,openjpa-jdbc/src/main/java/org/apache/openjpa/jdbc/kernel/exps/SelectConstructor.java,getIdentifierAliases/0,org.apache.openjpa.jdbc.sql.Select.getIdentifierAliases/0,1,1,0,0,0,0,3,0,317,1,1,0,false
0.9.0,openjpa-kernel/src/main/java/org/apache/openjpa/util/ImplHelper.java,"generateIdentityValue/3[org.apache.openjpa.kernel.StoreContext,org.apache.openjpa.meta.ClassMetaData,int]","org.apache.openjpa.util.ImplHelper.generateIdentityValue/3[org.apache.openjpa.kernel.StoreContext,org.apache.openjpa.meta.ClassMetaData,int]",3,1,0,0,0,1,2,1,334,4,5,0,false
0.9.0,openjpa-lib/src/main/java/org/apache/openjpa/lib/jdbc/DelegatingCallableStatement.java,"registerOutParameter/3[java.lang.String,int,java.lang.String]","org.apache.openjpa.lib.jdbc.DelegatingCallableStatement.registerOutParameter/3[java.lang.String,int,java.lang.String]",3,1,0,0,0,0,0,0,243,1,1,0,false
0.9.6,openjpa-persistence/src/main/java/org/apache/openjpa/persistence/QueryImpl.java,listIterator/0,org.apache.openjpa.kernel.QueryImpl.RemoveOnCloseResultList.listIterator/0,3,1,0,0,0,1,0,0,334,5,11,0,false
0.9.0,openjpa-jdbc/src/main/java/org/apache/openjpa/jdbc/kernel/exps/Variable.java,setMetaData/1[org.apache.openjpa.jdbc.kernel.exps.ClassMetaData],org.apache.openjpa.jdbc.kernel.exps.Variable.setMetaData/1[org.apache.openjpa.jdbc.kernel.exps.ClassMetaData],3,1,1,0,0,0,0,0,1211,1,1,0,false
0.9.0,openjpa-kernel/src/main/java/org/apache/openjpa/kernel/exps/SubQ.java,"appendSize/5[org.apache.openjpa.jdbc.kernel.exps.SQLBuffer,org.apache.openjpa.jdbc.sql.Select,org.apache.openjpa.jdbc.kernel.exps.JDBCStore,java.lang.Object[],org.apache.openjpa.jdbc.kernel.exps.JDBCFetchConfiguration]","org.apache.openjpa.jdbc.kernel.exps.SubQ.appendSize/5[org.apache.openjpa.jdbc.kernel.exps.SQLBuffer,org.apache.openjpa.jdbc.sql.Select,org.apache.openjpa.jdbc.kernel.exps.JDBCStore,java.lang.Object[],org.apache.openjpa.jdbc.kernel.exps.JDBCFetchConfiguration]",3,1,0,0,0,0,0,1,334,1,1,0,false
0.9.6,openjpa-slice/src/main/java/org/apache/openjpa/slice/DistributedBrokerImpl.java,"transactionalStatesAll/3[java.util.Collection,java.util.Collection,java.util.List]","org.apache.openjpa.kernel.BrokerImpl.transactionalStatesAll/3[java.util.Collection,java.util.Collection,java.util.List]",15,5,3,0,1,0,1,5,600,0,0,0,false
0.9.6,openjpa-jdbc/src/main/java/org/apache/openjpa/jdbc/meta/strats/RelationMapInverseKeyFieldStrategy.java,"selectValue/6[org.apache.openjpa.jdbc.meta.strats.Select,org.apache.openjpa.jdbc.meta.strats.ClassMapping,org.apache.openjpa.jdbc.meta.strats.OpenJPAStateManager,org.apache.openjpa.jdbc.meta.strats.JDBCStore,org.apache.openjpa.jdbc.meta.strats.JDBCFetchState,org.apache.openjpa.jdbc.sql.Joins]","org.apache.openjpa.jdbc.meta.strats.RelationMapInverseKeyFieldStrategy.selectValue/6[org.apache.openjpa.jdbc.meta.strats.Select,org.apache.openjpa.jdbc.meta.strats.ClassMapping,org.apache.openjpa.jdbc.meta.strats.OpenJPAStateManager,org.apache.openjpa.jdbc.meta.strats.JDBCStore,org.apache.openjpa.jdbc.meta.strats.JDBCFetchState,org.apache.openjpa.jdbc.sql.Joins]",3,1,0,0,0,0,0,0,317,2,2,0,false
0.9.6,openjpa-lib/src/main/java/org/apache/openjpa/lib/util/CodeFormat.java,iadd/0,serp.bytecode.Code.iadd/0,3,1,0,0,0,1,5,1,243,1,1,0,false
0.9.0,openjpa-persistence/src/main/java/org/apache/openjpa/persistence/OpenJPAQuery.java,setCandidateCollection/1[java.util.Collection],org.apache.openjpa.persistence.OpenJPAQuery.setCandidateCollection/1[java.util.Collection],1,1,0,0,0,0,0,0,334,2,2,0,false
0.9.6,openjpa-kernel/src/main/java/org/apache/openjpa/kernel/ObjectIdStateManager.java,serializing/0,org.apache.openjpa.kernel.ObjectIdStateManager.serializing/0,3,1,0,0,0,0,0,0,334,3,3,0,false
0.9.6,openjpa-jdbc/src/main/java/org/apache/openjpa/jdbc/meta/strats/StringFieldStrategy.java,"appendIsNull/3[org.apache.openjpa.jdbc.meta.strats.SQLBuffer,org.apache.openjpa.jdbc.sql.Select,org.apache.openjpa.jdbc.meta.strats.Joins]","org.apache.openjpa.jdbc.meta.strats.StringFieldStrategy.appendIsNull/3[org.apache.openjpa.jdbc.meta.strats.SQLBuffer,org.apache.openjpa.jdbc.sql.Select,org.apache.openjpa.jdbc.meta.strats.Joins]",4,1,1,0,0,0,0,2,317,1,1,2,false
0.9.0,openjpa-kernel/src/main/java/org/apache/openjpa/kernel/ExpressionStoreQuery.java,ExpressionStoreQuery/1[org.apache.openjpa.kernel.ExpressionParser],org.apache.openjpa.kernel.ExpressionStoreQuery.ExpressionStoreQuery/1[org.apache.openjpa.kernel.ExpressionParser],3,1,1,0,0,0,0,0,334,2,3,0,false
0.9.6,openjpa-lib/src/main/java/org/apache/openjpa/lib/xml/DocTypeReader.java,"DocTypeReader/2[java.io.Reader,java.io.Reader]","org.apache.openjpa.lib.xml.DocTypeReader.DocTypeReader/2[java.io.Reader,java.io.Reader]",4,1,2,0,0,0,1,1,243,1,1,0,false
0.9.0,openjpa-kernel/src/main/java/org/apache/openjpa/kernel/DelegatingBrokerFactory.java,"addLifecycleListener/2[java.lang.Object,java.lang.Class[]]","org.apache.openjpa.kernel.DelegatingBroker.addLifecycleListener/2[java.lang.Object,java.lang.Class[]]",8,2,0,0,1,0,1,1,334,1,1,1,false
0.9.0,openjpa-kernel/src/main/java/org/apache/openjpa/conf/DetachOptions.java,getDetachedStateManager/0,org.apache.openjpa.conf.DetachOptions.getDetachedStateManager/0,3,1,0,0,0,1,0,0,334,1,1,0,false
0.9.6,openjpa-kernel/src/main/java/org/apache/openjpa/kernel/PCState.java,release/1[org.apache.openjpa.kernel.StateManagerImpl],org.apache.openjpa.kernel.PCState.release/1[org.apache.openjpa.kernel.StateManagerImpl],3,1,0,0,0,1,1,0,334,1,1,0,false
0.9.6,openjpa-kernel/src/main/java/org/apache/openjpa/kernel/SingleFieldManager.java,"preFlushPCs/4[org.apache.openjpa.kernel.ValueMetaData,java.lang.Object[],boolean,org.apache.openjpa.kernel.OpCallbacks]","org.apache.openjpa.kernel.SingleFieldManager.preFlushPCs/4[org.apache.openjpa.kernel.ValueMetaData,java.lang.Object[],boolean,org.apache.openjpa.kernel.OpCallbacks]",3,2,1,0,0,0,1,1,334,2,2,0,false
0.9.0,openjpa-kernel/src/main/java/org/apache/openjpa/util/UnsupportedException.java,UnsupportedException/1[java.lang.String],org.apache.openjpa.util.UnsupportedException.UnsupportedException/1[java.lang.String],4,1,0,0,0,0,8,1,334,1,1,0,false
0.9.0,openjpa-kernel/src/main/java/org/apache/openjpa/enhance/PCClassFileTransformer.java,toFlags/1[org.apache.openjpa.enhance.Options],org.apache.openjpa.enhance.PCClassFileTransformer.toFlags/1[org.apache.openjpa.enhance.Options],6,1,3,0,0,1,1,1,619,0,0,0,false
0.9.0,openjpa-kernel/src/main/java/org/apache/openjpa/abstractstore/AbstractStoreManager.java,setContext/1[org.apache.openjpa.kernel.StoreContext],org.apache.openjpa.kernel.StoreManager.setContext/1[org.apache.openjpa.kernel.StoreContext],1,1,0,0,0,0,1,0,334,2,2,0,false
0.9.0,openjpa-kernel/src/main/java/org/apache/openjpa/enhance/PCDataGenerator.java,getUniqueName/1[java.lang.Class],org.apache.openjpa.enhance.PCDataGenerator.getUniqueName/1[java.lang.Class],3,1,0,1,0,1,1,0,334,2,2,0,false
0.9.6,openjpa-persistence/src/main/java/org/apache/openjpa/persistence/QueryImpl.java,"executeUpdate/2[org.apache.openjpa.kernel.StoreQuery,java.util.Map]","org.apache.openjpa.kernel.QueryImpl.MergedExecutor.executeUpdate/2[org.apache.openjpa.kernel.StoreQuery,java.util.Map]",5,2,3,0,0,1,0,2,334,5,11,2,false
0.9.0,openjpa-kernel/src/main/java/org/apache/openjpa/kernel/StateManagerImpl.java,fetchShort/1[int],org.apache.openjpa.kernel.StateManagerImpl.fetchShort/1[int],6,2,2,0,0,2,0,6,334,3,10,2,false
0.9.6,openjpa-lib/src/main/java/org/apache/openjpa/lib/log/Log4JLogFactory.java,trace/1[java.lang.Object],org.apache.openjpa.lib.log.Log4JLogFactory.LogAdapter.trace/1[java.lang.Object],3,1,0,0,0,0,0,0,243,1,1,0,false
0.9.0,openjpa-lib/src/main/java/org/apache/openjpa/lib/jdbc/DelegatingDatabaseMetaData.java,othersInsertsAreVisible/1[int],org.apache.openjpa.lib.jdbc.DelegatingDatabaseMetaData.othersInsertsAreVisible/1[int],3,1,0,0,0,1,0,0,243,2,2,0,false
0.9.0,openjpa-kernel/src/main/java/org/apache/openjpa/util/StoreFacadeTypeRegistry.java,getImplementation/1[java.lang.Class],org.apache.openjpa.conf.StoreFacadeTypeRegistry.getImplementation/1[java.lang.Class],3,1,0,0,0,1,0,0,298,1,1,0,false
0.9.0,openjpa-lib/src/main/java/org/apache/openjpa/lib/conf/BooleanValue.java,setInternalObject/1[java.lang.Object],org.apache.openjpa.lib.conf.BooleanValue.setInternalObject/1[java.lang.Object],4,2,0,0,0,0,0,1,243,1,1,0,false
0.9.0,openjpa-jdbc/src/main/java/org/apache/openjpa/jdbc/kernel/JDBCFetchConfigurationImpl.java,getWriteLockLevel/0,org.apache.openjpa.kernel.FetchConfigurationImpl.getWriteLockLevel/0,3,1,0,0,0,1,0,0,317,3,5,0,false
0.9.6,openjpa-jdbc/src/main/java/org/apache/openjpa/jdbc/schema/ColumnIO.java,"setInsertable/2[int,boolean]",".setInsertable/2[int,boolean]",3,1,0,0,0,0,0,0,1211,0,0,0,false
0.9.0,openjpa-kernel/src/main/java/org/apache/openjpa/datacache/AbstractDataCache.java,isClosed/0,org.apache.openjpa.datacache.AbstractDataCache.isClosed/0,3,1,0,0,0,1,0,0,334,1,1,0,false
0.9.0,openjpa-kernel/src/main/java/org/apache/openjpa/kernel/StateManagerImpl.java,isLoading/0,org.apache.openjpa.kernel.StateManagerImpl.isLoading/0,3,2,0,0,0,1,4,0,334,3,10,0,false
0.9.0,openjpa-lib/src/main/java/org/apache/openjpa/lib/util/MultiClassLoader.java,getClassLoader/1[int],org.apache.openjpa.lib.util.MultiClassLoader.getClassLoader/1[int],5,2,2,0,0,1,0,0,243,2,2,1,false
0.9.0,openjpa-kernel/src/main/java/org/apache/openjpa/kernel/DetachedStateManager.java,"settingIntField/5[org.apache.openjpa.kernel.PersistenceCapable,int,int,int,int]","org.apache.openjpa.kernel.DetachedStateManager.settingIntField/5[org.apache.openjpa.kernel.PersistenceCapable,int,int,int,int]",13,3,1,0,1,1,0,3,334,4,6,0,false
0.9.0,openjpa-jdbc/src/main/java/org/apache/openjpa/jdbc/kernel/ClassTableJDBCSeq.java,"run/5[org.apache.openjpa.jdbc.kernel.JDBCConfiguration,java.lang.String[],java.lang.String,org.apache.openjpa.jdbc.kernel.MappingRepository,java.lang.ClassLoader]","org.apache.openjpa.jdbc.kernel.ClassTableJDBCSeq.run/5[org.apache.openjpa.jdbc.kernel.JDBCConfiguration,java.lang.String[],java.lang.String,org.apache.openjpa.jdbc.kernel.MappingRepository,java.lang.ClassLoader]",51,15,14,4,2,6,1,2,317,1,1,6,false
0.9.6,openjpa-jdbc/src/main/java/org/apache/openjpa/jdbc/schema/SchemaGroup.java,getSchema/1[java.lang.String],org.apache.openjpa.jdbc.schema.SchemaGroup.getSchema/1[java.lang.String],5,3,1,0,0,2,4,0,317,1,1,1,false
0.9.6,openjpa-jdbc/src/main/java/org/apache/openjpa/jdbc/meta/FieldMapping.java,"customUpdate/2[org.apache.openjpa.kernel.OpenJPAStateManager,org.apache.openjpa.jdbc.meta.JDBCStore]","org.apache.openjpa.jdbc.meta.FieldMapping.customUpdate/2[org.apache.openjpa.kernel.OpenJPAStateManager,org.apache.openjpa.jdbc.meta.JDBCStore]",3,1,0,0,0,0,0,1,317,1,1,1,false
0.9.0,openjpa-kernel/src/main/java/org/apache/openjpa/kernel/ECleanState.java,isPersistent/0,org.apache.openjpa.kernel.ECleanState.isPersistent/0,3,1,0,0,0,1,0,0,334,1,1,0,false
0.9.0,openjpa-kernel/src/main/java/org/apache/openjpa/datacache/QueryCacheStoreQuery.java,"getDataStoreActions/4[org.apache.openjpa.kernel.StoreQuery,java.lang.Object[],long,long]","org.apache.openjpa.datacache.QueryCacheStoreQuery.QueryCacheExecutor.getDataStoreActions/4[org.apache.openjpa.kernel.StoreQuery,java.lang.Object[],long,long]",3,1,0,0,0,1,0,0,334,2,2,0,false
0.9.0,openjpa-kernel/src/main/java/org/apache/openjpa/conf/OpenJPAConfiguration.java,setConnection2UserName/1[java.lang.String],org.apache.openjpa.conf.OpenJPAConfiguration.setConnection2UserName/1[java.lang.String],1,1,0,0,0,0,0,0,334,1,1,0,false
0.9.0,openjpa-kernel/src/main/java/org/apache/openjpa/util/NoTransactionException.java,getSubtype/0,org.apache.openjpa.util.NoTransactionException.getSubtype/0,3,1,0,0,0,1,0,0,334,1,1,0,false
0.9.0,openjpa-kernel/src/main/java/org/apache/openjpa/event/LogOrphanedKeyAction.java,getChannel/0,org.apache.openjpa.event.LogOrphanedKeyAction.getChannel/0,3,1,0,0,0,1,0,0,334,1,1,0,false
0.9.6,openjpa-persistence/src/main/java/org/apache/openjpa/persistence/QueryImpl.java,"setParameter/2[int,java.lang.Object]","org.apache.openjpa.persistence.QueryImpl.setParameter/2[int,java.lang.Object]",14,5,1,1,1,1,3,6,334,5,11,0,false
0.9.0,openjpa-lib/src/main/java/org/apache/openjpa/lib/jdbc/DelegatingStatement.java,appendInfo/1[java.lang.StringBuffer],org.apache.openjpa.lib.jdbc.DelegatingStatement.appendInfo/1[java.lang.StringBuffer],3,2,0,0,0,0,2,1,243,1,1,0,false
0.9.6,openjpa-jdbc/src/main/java/org/apache/openjpa/jdbc/meta/strats/HandlerFieldStrategy.java,"loadProjection/4[org.apache.openjpa.jdbc.meta.strats.JDBCStore,org.apache.openjpa.jdbc.meta.strats.JDBCFetchConfiguration,org.apache.openjpa.jdbc.meta.strats.Result,org.apache.openjpa.jdbc.meta.strats.Joins]","org.apache.openjpa.jdbc.meta.strats.HandlerFieldStrategy.loadProjection/4[org.apache.openjpa.jdbc.meta.strats.JDBCStore,org.apache.openjpa.jdbc.meta.strats.JDBCFetchConfiguration,org.apache.openjpa.jdbc.meta.strats.Result,org.apache.openjpa.jdbc.meta.strats.Joins]",3,1,0,0,0,1,0,1,317,1,1,0,false
0.9.6,openjpa-jdbc/src/main/java/org/apache/openjpa/jdbc/sql/DBDictionaryFactory.java,"setBytes/4[java.sql.PreparedStatement,int,byte[],org.apache.openjpa.jdbc.schema.Column]","org.apache.openjpa.jdbc.sql.DBDictionary.setBytes/4[java.sql.PreparedStatement,int,byte[],org.apache.openjpa.jdbc.schema.Column]",4,2,0,0,0,0,3,1,317,2,2,0,false
0.9.6,openjpa-persistence/src/main/java/org/apache/openjpa/persistence/QueryImpl.java,getResultType/0,org.apache.openjpa.kernel.QueryImpl.getResultType/0,12,5,0,0,1,2,0,4,334,5,11,0,false
0.9.0,openjpa-lib/src/main/java/org/apache/openjpa/lib/util/ReferenceHashMap.java,nullValue/0,org.apache.openjpa.lib.util.ReferenceHashMap.AccessibleEntry.nullValue/0,3,1,1,0,0,0,1,0,243,1,1,0,false
0.9.6,openjpa-lib/src/main/java/org/apache/openjpa/lib/util/Options.java,"removeFloatProperty/3[java.lang.String,java.lang.String,float]","org.apache.openjpa.lib.util.Options.removeFloatProperty/3[java.lang.String,java.lang.String,float]",6,3,2,0,0,1,0,2,243,1,1,0,false
0.9.0,openjpa-kernel/src/main/java/org/apache/openjpa/meta/Extensions.java,getExtensionKeys/1[java.lang.String],org.apache.openjpa.meta.Extensions.getExtensionKeys/1[java.lang.String],10,5,3,0,0,2,1,2,334,1,1,1,false
0.9.0,openjpa-lib/src/main/java/org/apache/openjpa/lib/jdbc/DelegatingPreparedStatement.java,"setInt/2[int,int]","org.apache.openjpa.lib.jdbc.DelegatingPreparedStatement.setInt/2[int,int]",3,1,0,0,0,0,0,0,243,1,1,0,false
0.9.6,openjpa-lib/src/main/java/org/apache/openjpa/lib/util/concurrent/AbstractConcurrentEventManager.java,addListener/1[java.lang.Object],org.apache.openjpa.lib.util.concurrent.AbstractConcurrentEventManager.addListener/1[java.lang.Object],3,2,0,0,0,0,0,0,243,1,1,0,false
0.9.0,openjpa-kernel/src/main/java/org/apache/openjpa/meta/Extensions.java,"getStringExtension/2[java.lang.String,java.lang.String]","org.apache.openjpa.meta.Extensions.getStringExtension/2[java.lang.String,java.lang.String]",4,2,1,0,0,1,4,1,334,1,1,1,false
0.9.6,openjpa-jdbc/src/main/java/org/apache/openjpa/jdbc/schema/XMLSchemaSerializer.java,removeSequence/1[org.apache.openjpa.jdbc.schema.Sequence],org.apache.openjpa.jdbc.schema.XMLSchemaSerializer.removeSequence/1[org.apache.openjpa.jdbc.schema.Sequence],3,1,0,0,0,1,1,0,317,1,1,0,false
0.9.6,openjpa-kernel/src/main/java/org/apache/openjpa/meta/SequenceMetaData.java,getSchemaName/0,org.apache.openjpa.jdbc.schema.Sequence.getSchemaName/0,3,1,0,0,0,1,1,0,334,1,1,0,false
0.9.6,openjpa-kernel/src/main/java/org/apache/openjpa/kernel/AbstractBrokerFactory.java,addLifecycleListeners/1[org.apache.openjpa.kernel.BrokerImpl],org.apache.openjpa.kernel.AbstractBrokerFactory.addLifecycleListeners/1[org.apache.openjpa.kernel.BrokerImpl],8,4,2,0,0,1,1,1,334,4,8,1,false
0.9.0,openjpa-jdbc/src/main/java/org/apache/openjpa/jdbc/kernel/JDBCFetchConfigurationImpl.java,unlock/0,org.apache.openjpa.kernel.FetchConfigurationImpl.unlock/0,3,2,0,0,0,0,19,0,317,3,5,0,false
0.9.6,openjpa-jdbc/src/main/java/org/apache/openjpa/jdbc/meta/JDBCColumnOrder.java,remove/0,org.apache.openjpa.jdbc.schema.Column.remove/0,35,25,21,0,0,1,0,3,317,1,1,9,false
0.9.6,openjpa-kernel/src/main/java/org/apache/openjpa/kernel/ExpressionStoreQuery.java,"executeUpdate/7[org.apache.openjpa.kernel.Executor,org.apache.openjpa.kernel.ClassMetaData,org.apache.openjpa.kernel.ClassMetaData[],boolean,org.apache.openjpa.kernel.ExpressionFactory[],org.apache.openjpa.kernel.QueryExpressions[],java.lang.Object[]]","org.apache.openjpa.kernel.ExpressionStoreQuery.executeUpdate/7[org.apache.openjpa.kernel.Executor,org.apache.openjpa.kernel.ClassMetaData,org.apache.openjpa.kernel.ClassMetaData[],boolean,org.apache.openjpa.kernel.ExpressionFactory[],org.apache.openjpa.kernel.QueryExpressions[],java.lang.Object[]]",3,1,0,0,0,1,1,0,334,2,3,0,false
0.9.0,openjpa-lib/src/main/java/org/apache/openjpa/lib/jdbc/DelegatingResultSet.java,isFirst/0,org.apache.openjpa.lib.jdbc.DelegatingResultSet.isFirst/0,3,1,0,0,0,1,0,0,243,1,1,0,false
0.9.0,openjpa-jdbc/src/main/java/org/apache/openjpa/jdbc/sql/PrimaryRow.java,"setRelationId/3[org.apache.openjpa.jdbc.sql.Column,org.apache.openjpa.jdbc.sql.OpenJPAStateManager,org.apache.openjpa.jdbc.sql.RelationId]","org.apache.openjpa.jdbc.sql.PrimaryRow.setRelationId/3[org.apache.openjpa.jdbc.sql.Column,org.apache.openjpa.jdbc.sql.OpenJPAStateManager,org.apache.openjpa.jdbc.sql.RelationId]",13,7,6,0,0,0,0,2,317,2,2,1,false
0.9.0,openjpa-persistence/src/main/java/org/apache/openjpa/persistence/OpenJPAEntityManagerFactory.java,getUserObject/1[java.lang.Object],org.apache.openjpa.persistence.OpenJPAEntityManager.getUserObject/1[java.lang.Object],1,1,0,0,0,0,0,0,334,1,1,0,false
0.9.6,openjpa-kernel/src/main/java/org/apache/openjpa/datacache/DataCacheStoreManager.java,flush/1[java.util.Collection],org.apache.openjpa.datacache.DataCacheStoreManager.flush/1[java.util.Collection],22,13,6,0,0,2,0,2,334,2,2,2,false
0.9.0,openjpa-lib/src/main/java/org/apache/openjpa/lib/util/CodeFormat.java,getOpenParen/1[boolean],org.apache.openjpa.lib.util.CodeFormat.getOpenParen/1[boolean],6,7,0,0,0,4,1,0,243,1,1,0,false
0.9.6,openjpa-jdbc/src/main/java/org/apache/openjpa/jdbc/sql/SelectImpl.java,isLob/0,org.apache.openjpa.jdbc.sql.SelectImpl.isLob/0,3,2,0,0,0,1,1,0,317,4,6,0,false
0.9.6,openjpa-persistence-jdbc/src/main/java/org/apache/openjpa/persistence/jdbc/KeyForeignKey.java,getPrimaryKeyColumns/0,org.apache.openjpa.jdbc.schema.ForeignKey.getPrimaryKeyColumns/0,4,3,1,0,0,1,4,0,701,0,0,0,false
0.9.0,openjpa-kernel/src/main/java/org/apache/openjpa/kernel/DelegatingBrokerFactory.java,"DelegatingBroker/2[org.apache.openjpa.kernel.Broker,org.apache.openjpa.kernel.RuntimeExceptionTranslator]","org.apache.openjpa.kernel.DelegatingBroker.DelegatingBroker/2[org.apache.openjpa.kernel.Broker,org.apache.openjpa.kernel.RuntimeExceptionTranslator]",6,2,4,0,0,0,1,0,334,1,1,0,false
0.9.0,openjpa-kernel/src/main/java/org/apache/openjpa/kernel/BrokerImpl.java,isNew/1[java.lang.Object],org.apache.openjpa.kernel.BrokerImpl.isNew/1[java.lang.Object],5,2,0,0,0,2,0,2,334,5,17,0,false
0.9.6,openjpa-kernel/src/main/java/org/apache/openjpa/conf/OpenJPAConfigurationImpl.java,getAutoClearConstant/0,org.apache.openjpa.conf.OpenJPAConfigurationImpl.getAutoClearConstant/0,3,1,0,0,0,1,0,1,334,3,5,0,false
0.9.0,openjpa-kernel/src/main/java/org/apache/openjpa/datacache/ConcurrentQueryCache.java,initialize/1[org.apache.openjpa.datacache.DataCacheManager],org.apache.openjpa.datacache.ConcurrentQueryCache.initialize/1[org.apache.openjpa.datacache.DataCacheManager],4,1,0,0,0,0,0,1,334,1,1,1,false
0.9.6,openjpa-persistence/src/main/java/org/apache/openjpa/persistence/QueryImpl.java,handleCheckedException/1[java.lang.Exception],org.apache.openjpa.kernel.QueryImpl.PackingResultObjectProvider.handleCheckedException/1[java.lang.Exception],3,1,0,0,0,0,0,0,334,5,11,0,false
0.9.0,openjpa-lib/src/main/java/org/apache/openjpa/lib/util/concurrent/ConcurrentReferenceHashSet.java,toArray/0,org.apache.openjpa.lib.util.concurrent.ConcurrentReferenceHashSet.toArray/0,3,1,0,0,0,1,0,0,243,1,1,0,false
0.9.0,openjpa-kernel/src/main/java/org/apache/openjpa/meta/ValueMetaData.java,setSerialized/1[boolean],org.apache.openjpa.meta.ValueMetaData.setSerialized/1[boolean],1,1,0,0,0,0,0,0,334,2,2,0,false
0.9.6,openjpa-jdbc/src/main/java/org/apache/openjpa/jdbc/meta/strats/PrimitiveWrapperArrays.java,sort/1[short[]],org.apache.openjpa.lib.util.concurrent.Arrays.sort/1[short[]],3,1,0,0,0,0,0,0,317,1,1,1,false
0.9.6,openjpa-jdbc/src/main/java/org/apache/openjpa/jdbc/kernel/exps/StartsWithExpression.java,length/0,org.apache.openjpa.jdbc.kernel.exps.StartsWithExpression.ZeroFilterValue.length/0,3,1,0,0,0,1,0,0,317,1,1,0,false
0.9.0,openjpa-kernel/src/main/java/org/apache/openjpa/ant/PCEnhancerTask.java,main/1[java.lang.String[]],org.apache.openjpa.enhance.PCEnhancer.main/1[java.lang.String[]],11,2,3,0,1,0,0,4,334,1,1,0,false
0.9.0,openjpa-kernel/src/main/java/org/apache/openjpa/kernel/DetachedStateManager.java,ignoreLoaded/1[org.apache.openjpa.meta.FieldMetaData],org.apache.openjpa.kernel.DetachedStateManager.ignoreLoaded/1[org.apache.openjpa.meta.FieldMetaData],23,18,0,0,0,2,2,1,334,4,6,1,false
0.9.0,openjpa-persistence/src/main/java/org/apache/openjpa/persistence/AnnotationPersistenceMetaDataParser.java,getMetaData/0,org.apache.openjpa.persistence.AnnotationPersistenceMetaDataParser.getMetaData/0,14,10,2,0,0,2,1,13,334,4,5,4,false
0.9.0,openjpa-kernel/src/main/java/org/apache/openjpa/kernel/OrderingMergedResultObjectProvider.java,"getTimestamp/3[org.apache.openjpa.jdbc.sql.Column,java.util.Calendar,org.apache.openjpa.jdbc.sql.Joins]","org.apache.openjpa.jdbc.sql.MergedResult.getTimestamp/3[org.apache.openjpa.jdbc.sql.Column,java.util.Calendar,org.apache.openjpa.jdbc.sql.Joins]",3,1,0,0,0,1,0,1,334,1,1,0,false
0.9.6,openjpa-kernel/src/main/java/org/apache/openjpa/kernel/PNewFlushedDeletedState.java,isDeleted/0,org.apache.openjpa.kernel.PNewFlushedDeletedState.isDeleted/0,3,1,0,0,0,1,0,0,334,1,1,0,false
0.9.6,openjpa-slice/src/main/java/org/apache/openjpa/slice/DistributedBrokerImpl.java,"flushAdditions/2[java.util.Collection,int]","org.apache.openjpa.kernel.BrokerImpl.flushAdditions/2[java.util.Collection,int]",7,2,1,0,0,0,1,2,600,0,0,0,false
0.9.0,openjpa-kernel/src/main/java/org/apache/openjpa/kernel/exps/GetObjectId.java,"toDataStoreValue/2[java.lang.Object,org.apache.openjpa.jdbc.kernel.JDBCStore]","org.apache.openjpa.jdbc.kernel.exps.GetObjectId.toDataStoreValue/2[java.lang.Object,org.apache.openjpa.jdbc.kernel.JDBCStore]",20,9,8,0,0,6,0,1,334,1,1,2,false
0.9.0,openjpa-jdbc/src/main/java/org/apache/openjpa/jdbc/meta/DiscriminatorMappingInfo.java,getRepository/0,org.apache.openjpa.jdbc.meta.Discriminator.getRepository/0,3,1,0,0,0,1,0,0,317,1,1,0,false
0.9.0,openjpa-kernel/src/main/java/org/apache/openjpa/kernel/exps/Constant.java,getJoins/0,org.apache.openjpa.jdbc.kernel.exps.Const.getJoins/0,3,1,0,0,0,1,0,0,334,1,1,0,false
0.9.6,openjpa-kernel/src/main/java/org/apache/openjpa/kernel/PNewProvisionalState.java,rollbackRestore/1[org.apache.openjpa.kernel.StateManagerImpl],org.apache.openjpa.kernel.PNewProvisionalState.rollbackRestore/1[org.apache.openjpa.kernel.StateManagerImpl],4,1,0,0,0,1,0,1,273,1,1,0,false
0.9.6,openjpa-kernel/src/main/java/org/apache/openjpa/enhance/PCDataGenerator.java,getData/1[int],org.apache.openjpa.kernel.PCData.getData/1[int],1,1,0,0,0,0,0,0,334,2,2,0,false
0.9.0,openjpa-lib/src/main/java/org/apache/openjpa/lib/jdbc/DelegatingDatabaseMetaData.java,supportsCatalogsInProcedureCalls/0,org.apache.openjpa.lib.jdbc.DelegatingDatabaseMetaData.supportsCatalogsInProcedureCalls/0,3,1,0,0,0,1,0,0,243,2,2,0,false
0.9.0,openjpa-jdbc/src/main/java/org/apache/openjpa/jdbc/meta/strats/InValueDiscriminatorStrategy.java,"getClassConditions/4[org.apache.openjpa.jdbc.sql.Select,org.apache.openjpa.jdbc.sql.Joins,org.apache.openjpa.jdbc.meta.strats.ClassMapping,boolean]","org.apache.openjpa.jdbc.meta.strats.InValueDiscriminatorStrategy.getClassConditions/4[org.apache.openjpa.jdbc.sql.Select,org.apache.openjpa.jdbc.sql.Joins,org.apache.openjpa.jdbc.meta.strats.ClassMapping,boolean]",14,9,4,0,0,4,0,4,317,2,2,1,false
0.9.0,openjpa-kernel/src/main/java/org/apache/openjpa/enhance/PCDataGenerator.java,"finish/2[org.apache.openjpa.enhance.PCDataGenerator.DynamicPCData,org.apache.openjpa.enhance.ClassMetaData]","org.apache.openjpa.enhance.PCDataGenerator.finish/2[org.apache.openjpa.enhance.PCDataGenerator.DynamicPCData,org.apache.openjpa.enhance.ClassMetaData]",2,1,0,0,0,0,1,0,334,2,2,0,false
0.9.0,openjpa-lib/src/main/java/org/apache/openjpa/lib/jdbc/DelegatingDatabaseMetaData.java,"getSuperTables/3[java.lang.String,java.lang.String,java.lang.String]","org.apache.openjpa.lib.jdbc.DelegatingDatabaseMetaData.getSuperTables/3[java.lang.String,java.lang.String,java.lang.String]",3,1,0,0,0,0,0,0,243,2,2,0,false
0.9.6,openjpa-kernel/src/main/java/org/apache/openjpa/meta/ClassMetaData.java,getCustomFetchGroups/0,org.apache.openjpa.meta.ClassMetaData.getCustomFetchGroups/0,16,5,7,0,0,1,2,4,334,3,7,1,false
0.9.6,openjpa-jdbc/src/main/java/org/apache/openjpa/jdbc/meta/strats/StringFieldStrategy.java,"getPrimaryKeyValue/5[org.apache.openjpa.jdbc.meta.strats.Result,org.apache.openjpa.jdbc.meta.strats.Column[],org.apache.openjpa.jdbc.meta.strats.ForeignKey,org.apache.openjpa.jdbc.meta.strats.JDBCStore,org.apache.openjpa.jdbc.meta.strats.Joins]","org.apache.openjpa.jdbc.meta.strats.StringFieldStrategy.getPrimaryKeyValue/5[org.apache.openjpa.jdbc.meta.strats.Result,org.apache.openjpa.jdbc.meta.strats.Column[],org.apache.openjpa.jdbc.meta.strats.ForeignKey,org.apache.openjpa.jdbc.meta.strats.JDBCStore,org.apache.openjpa.jdbc.meta.strats.Joins]",5,2,2,0,0,1,0,0,317,1,1,0,false
0.9.6,openjpa-persistence/src/main/java/org/apache/openjpa/persistence/EntityManagerImpl.java,refreshAll/1[java.lang.Object[]],org.apache.openjpa.persistence.EntityManagerImpl.refreshAll/1[java.lang.Object[]],3,1,0,0,0,0,0,1,334,4,8,0,false
0.9.6,openjpa-persistence/src/main/java/org/apache/openjpa/persistence/query/ConcatExpression.java,getMetaData/0,org.apache.openjpa.jdbc.kernel.exps.Concat.getMetaData/0,3,1,0,0,0,1,0,0,356,0,0,0,false
0.9.6,openjpa-jdbc/src/main/java/org/apache/openjpa/jdbc/meta/ClassMapping.java,isPrimaryKeyObjectId/1[boolean],org.apache.openjpa.jdbc.meta.ClassMapping.isPrimaryKeyObjectId/1[boolean],3,1,0,0,0,1,3,1,317,2,3,1,false
0.9.6,openjpa-lib/src/main/java/org/apache/openjpa/lib/util/concurrent/FIFOWaitQueue.java,isWaiting/1[java.lang.Thread],org.apache.openjpa.lib.util.concurrent.WaitQueue.isWaiting/1[java.lang.Thread],1,1,0,0,0,0,1,0,243,1,1,0,false
0.9.0,openjpa-kernel/src/main/java/org/apache/openjpa/meta/ValueMetaData.java,resolve/1[int],org.apache.openjpa.meta.ValueMetaData.resolve/1[int],1,1,0,0,0,0,0,0,334,2,2,0,false
0.9.6,openjpa-jdbc/src/main/java/org/apache/openjpa/jdbc/meta/MappingDefaultsImpl.java,"getIndex/3[org.apache.openjpa.jdbc.meta.Version,org.apache.openjpa.jdbc.meta.Table,org.apache.openjpa.jdbc.meta.Column[]]","org.apache.openjpa.jdbc.meta.MappingDefaultsImpl.getIndex/3[org.apache.openjpa.jdbc.meta.Version,org.apache.openjpa.jdbc.meta.Table,org.apache.openjpa.jdbc.meta.Column[]]",6,2,1,0,0,2,0,1,317,1,1,0,false
0.9.0,openjpa-persistence/src/main/java/org/apache/openjpa/persistence/OpenJPAQuery.java,"setParameter/3[java.lang.String,java.util.Calendar,org.apache.openjpa.persistence.TemporalType]","org.apache.openjpa.persistence.OpenJPAQuery.setParameter/3[java.lang.String,java.util.Calendar,org.apache.openjpa.persistence.TemporalType]",1,1,0,0,0,0,0,0,334,2,2,0,false
0.9.6,openjpa-kernel/src/main/java/org/apache/openjpa/ant/PCEnhancerTask.java,(initializer 1),(initializer 1),12,3,4,0,1,0,0,11,334,1,1,1,false
0.9.0,openjpa-kernel/src/main/java/org/apache/openjpa/kernel/BrokerImpl.java,isTransactional/1[java.lang.Object],org.apache.openjpa.kernel.BrokerImpl.isTransactional/1[java.lang.Object],5,2,0,0,0,2,0,2,334,5,17,0,false
0.9.0,openjpa-jdbc/src/main/java/org/apache/openjpa/jdbc/kernel/exps/JDBCAggregateListener.java,"initialize/3[org.apache.openjpa.jdbc.sql.Select,org.apache.openjpa.jdbc.kernel.exps.JDBCStore,boolean]","org.apache.openjpa.jdbc.kernel.exps.Aggregate.initialize/3[org.apache.openjpa.jdbc.sql.Select,org.apache.openjpa.jdbc.kernel.exps.JDBCStore,boolean]",7,3,1,0,0,0,0,1,317,1,1,0,false
0.9.6,openjpa-jdbc/src/main/java/org/apache/openjpa/jdbc/meta/strats/PrimitiveWrapperArrays.java,"equals/2[int[],int[]]","org.apache.openjpa.lib.util.concurrent.Arrays.equals/2[int[],int[]]",3,1,0,0,0,1,1,0,317,1,1,1,false
0.9.6,openjpa-xmlstore/src/main/java/org/apache/openjpa/xmlstore/ObjectData.java,"ObjectData/2[java.lang.Object,org.apache.openjpa.meta.ClassMetaData]","org.apache.openjpa.xmlstore.ObjectData.ObjectData/2[java.lang.Object,org.apache.openjpa.meta.ClassMetaData]",5,1,3,0,0,0,1,1,334,2,2,0,false
0.9.0,openjpa-kernel/src/main/java/org/apache/openjpa/kernel/exps/NotEqualExpression.java,"NotEqualExpression/2[org.apache.openjpa.kernel.exps.Val,org.apache.openjpa.kernel.exps.Val]","org.apache.openjpa.kernel.exps.NotEqualExpression.NotEqualExpression/2[org.apache.openjpa.kernel.exps.Val,org.apache.openjpa.kernel.exps.Val]",3,1,0,0,0,0,0,0,334,1,1,0,false
0.9.6,openjpa-slice/src/main/java/org/apache/openjpa/slice/DistributedBrokerImpl.java,"findCached/2[java.lang.Object,org.apache.openjpa.kernel.FindCallbacks]","org.apache.openjpa.kernel.BrokerImpl.findCached/2[java.lang.Object,org.apache.openjpa.kernel.FindCallbacks]",13,3,3,0,1,2,0,3,600,0,0,2,false
0.9.6,openjpa-jdbc/src/main/java/org/apache/openjpa/jdbc/kernel/exps/StringFunction.java,"select/4[org.apache.openjpa.jdbc.kernel.exps.Select,org.apache.openjpa.jdbc.kernel.exps.ExpContext,org.apache.openjpa.jdbc.kernel.exps.ExpState,boolean]","org.apache.openjpa.jdbc.kernel.exps.StringFunction.select/4[org.apache.openjpa.jdbc.kernel.exps.Select,org.apache.openjpa.jdbc.kernel.exps.ExpContext,org.apache.openjpa.jdbc.kernel.exps.ExpState,boolean]",3,1,0,0,0,0,0,1,317,1,1,0,false
0.9.0,openjpa-kernel/src/main/java/org/apache/openjpa/kernel/exps/InMemoryExpressionFactory.java,min/1[org.apache.openjpa.kernel.exps.Value],org.apache.openjpa.kernel.exps.InMemoryExpressionFactory.min/1[org.apache.openjpa.kernel.exps.Value],3,1,0,0,0,1,0,0,334,1,1,0,false
0.9.0,openjpa-kernel/src/main/java/org/apache/openjpa/kernel/exps/GetObjectId.java,"appendTo/6[org.apache.openjpa.jdbc.kernel.exps.SQLBuffer,int,org.apache.openjpa.jdbc.kernel.exps.Select,org.apache.openjpa.jdbc.kernel.JDBCStore,java.lang.Object[],org.apache.openjpa.jdbc.kernel.JDBCFetchConfiguration]","org.apache.openjpa.jdbc.kernel.exps.GetObjectId.appendTo/6[org.apache.openjpa.jdbc.kernel.exps.SQLBuffer,int,org.apache.openjpa.jdbc.kernel.exps.Select,org.apache.openjpa.jdbc.kernel.JDBCStore,java.lang.Object[],org.apache.openjpa.jdbc.kernel.JDBCFetchConfiguration]",3,1,0,0,0,0,0,1,334,1,1,0,false
0.9.6,openjpa-jdbc/src/main/java/org/apache/openjpa/jdbc/kernel/exps/BindVariableExpression.java,"appendTo/4[org.apache.openjpa.jdbc.kernel.exps.Select,org.apache.openjpa.jdbc.kernel.exps.ExpContext,org.apache.openjpa.jdbc.kernel.exps.ExpState,org.apache.openjpa.jdbc.kernel.exps.SQLBuffer]","org.apache.openjpa.jdbc.kernel.exps.BindVariableExpression.appendTo/4[org.apache.openjpa.jdbc.kernel.exps.Select,org.apache.openjpa.jdbc.kernel.exps.ExpContext,org.apache.openjpa.jdbc.kernel.exps.ExpState,org.apache.openjpa.jdbc.kernel.exps.SQLBuffer]",3,1,0,0,0,0,0,0,1211,0,0,0,false
0.9.6,openjpa-jdbc/src/main/java/org/apache/openjpa/jdbc/sql/DBDictionaryFactory.java,"setCharacterStream/5[java.sql.PreparedStatement,int,java.io.Reader,int,org.apache.openjpa.jdbc.schema.Column]","org.apache.openjpa.jdbc.sql.DBDictionary.setCharacterStream/5[java.sql.PreparedStatement,int,java.io.Reader,int,org.apache.openjpa.jdbc.schema.Column]",3,1,0,0,0,0,3,0,317,2,2,0,false
0.9.6,openjpa-jdbc/src/main/java/org/apache/openjpa/jdbc/kernel/JDBCFetchConfigurationImpl.java,getMethodDescriptors/0,org.apache.openjpa.lib.conf.ConfigurationImpl.getMethodDescriptors/0,15,5,6,0,0,2,0,1,317,3,5,0,false
0.9.6,openjpa-kernel/src/main/java/org/apache/openjpa/kernel/StateManagerImpl.java,nonprovisional/0,org.apache.openjpa.kernel.StateManagerImpl.nonprovisional/0,3,1,0,0,0,0,1,2,334,3,10,0,false
0.9.6,openjpa-jdbc/src/main/java/org/apache/openjpa/jdbc/meta/strats/PrimitiveFieldStrategy.java,"delete/3[org.apache.openjpa.kernel.OpenJPAStateManager,org.apache.openjpa.jdbc.meta.strats.JDBCStore,org.apache.openjpa.jdbc.meta.strats.RowManager]","org.apache.openjpa.jdbc.meta.strats.PrimitiveFieldStrategy.delete/3[org.apache.openjpa.kernel.OpenJPAStateManager,org.apache.openjpa.jdbc.meta.strats.JDBCStore,org.apache.openjpa.jdbc.meta.strats.RowManager]",3,1,0,0,0,0,0,1,317,1,1,0,false
0.9.6,openjpa-lib/src/main/java/org/apache/openjpa/lib/util/CodeFormat.java,lreturn/0,serp.bytecode.Code.lreturn/0,3,1,0,0,0,1,0,1,243,1,1,0,false
0.9.0,openjpa-kernel/src/main/java/org/apache/openjpa/kernel/ROPStoreManager.java,"load/5[org.apache.openjpa.kernel.OpenJPAStateManager,java.util.BitSet,org.apache.openjpa.kernel.FetchState,int,java.lang.Object]","org.apache.openjpa.kernel.ROPStoreManager.load/5[org.apache.openjpa.kernel.OpenJPAStateManager,java.util.BitSet,org.apache.openjpa.kernel.FetchState,int,java.lang.Object]",4,2,1,0,0,1,0,0,334,1,1,0,false
0.9.6,openjpa-jdbc/src/main/java/org/apache/openjpa/jdbc/meta/strats/MaxEmbeddedByteArrayFieldStrategy.java,"where/4[org.apache.openjpa.jdbc.meta.OpenJPAStateManager,org.apache.openjpa.jdbc.meta.JDBCStore,org.apache.openjpa.jdbc.meta.RowManager,java.lang.Object]","org.apache.openjpa.jdbc.meta.FieldStrategy.where/4[org.apache.openjpa.jdbc.meta.OpenJPAStateManager,org.apache.openjpa.jdbc.meta.JDBCStore,org.apache.openjpa.jdbc.meta.RowManager,java.lang.Object]",1,1,0,0,0,0,0,0,317,1,1,0,false
0.9.0,openjpa-kernel/src/main/java/org/apache/openjpa/kernel/DetachedStateManager.java,isPersistent/0,org.apache.openjpa.kernel.DetachedStateManager.isPersistent/0,3,1,0,0,0,1,0,0,334,4,6,0,false
0.9.0,openjpa-kernel/src/main/java/org/apache/openjpa/ant/PCEnhancerTask.java,enhanceClass/0,org.apache.openjpa.enhance.PCEnhancer.enhanceClass/0,23,6,6,0,0,0,1,5,334,1,1,0,false
0.9.0,openjpa-kernel/src/main/java/org/apache/openjpa/kernel/exps/GetObjectId.java,"calculateValue/5[org.apache.openjpa.jdbc.kernel.exps.Select,org.apache.openjpa.jdbc.kernel.exps.JDBCStore,java.lang.Object[],org.apache.openjpa.jdbc.kernel.exps.Val,org.apache.openjpa.jdbc.kernel.exps.JDBCFetchConfiguration]","org.apache.openjpa.jdbc.kernel.exps.GetObjectId.calculateValue/5[org.apache.openjpa.jdbc.kernel.exps.Select,org.apache.openjpa.jdbc.kernel.exps.JDBCStore,java.lang.Object[],org.apache.openjpa.jdbc.kernel.exps.Val,org.apache.openjpa.jdbc.kernel.exps.JDBCFetchConfiguration]",3,1,0,0,0,0,0,1,1228,0,0,0,false
0.9.0,openjpa-kernel/src/main/java/org/apache/openjpa/kernel/DetachManager.java,"storeDoubleField/2[int,double]","org.apache.openjpa.kernel.DetachManager.InstanceDetachFieldManager.storeDoubleField/2[int,double]",4,1,0,0,0,0,0,1,334,3,5,0,false
0.9.6,openjpa-kernel/src/main/java/org/apache/openjpa/kernel/ObjectIdStateManager.java,isVersionUpdateRequired/0,org.apache.openjpa.kernel.ObjectIdStateManager.isVersionUpdateRequired/0,3,1,0,0,0,1,0,0,334,3,3,0,false
0.9.0,openjpa-jdbc/src/main/java/org/apache/openjpa/jdbc/ant/SchemaToolTask.java,setPrimaryKeys/1[boolean],org.apache.openjpa.jdbc.ant.SchemaToolTask.setPrimaryKeys/1[boolean],3,1,1,0,0,0,0,0,317,1,1,0,false
0.9.0,openjpa-lib/src/main/java/org/apache/openjpa/lib/jdbc/DelegatingCallableStatement.java,"setBytes/2[java.lang.String,byte[]]","org.apache.openjpa.lib.jdbc.DelegatingCallableStatement.setBytes/2[java.lang.String,byte[]]",3,1,0,0,0,0,0,0,243,1,1,0,false
0.9.0,openjpa-kernel/src/main/java/org/apache/openjpa/ant/PCEnhancerTask.java,"run/3[org.apache.openjpa.conf.OpenJPAConfiguration,java.lang.String[],org.apache.openjpa.enhance.Options]","org.apache.openjpa.enhance.PCEnhancer.run/3[org.apache.openjpa.conf.OpenJPAConfiguration,java.lang.String[],org.apache.openjpa.enhance.Options]",10,3,5,0,0,2,1,2,334,1,1,0,false
0.9.6,openjpa-lib/src/main/java/org/apache/openjpa/lib/xml/Location.java,Location/1[boolean],org.apache.openjpa.lib.xml.Location.Location/1[boolean],3,1,1,0,0,0,0,0,243,1,1,0,false
0.9.0,openjpa-kernel/src/main/java/org/apache/openjpa/datacache/DataCachePCDataImpl.java,toEmbeddedData/1[java.lang.Object],org.apache.openjpa.datacache.DataCachePCDataImpl.toEmbeddedData/1[java.lang.Object],3,1,0,0,0,1,0,0,334,1,1,0,false
0.9.6,openjpa-jdbc/src/main/java/org/apache/openjpa/jdbc/sql/SelectImpl.java,"crossJoin/2[org.apache.openjpa.jdbc.sql.Table,org.apache.openjpa.jdbc.sql.Table]","org.apache.openjpa.jdbc.sql.SelectImpl.crossJoin/2[org.apache.openjpa.jdbc.sql.Table,org.apache.openjpa.jdbc.sql.Table]",3,1,0,0,0,1,0,2,317,4,6,0,false
0.9.6,openjpa-jdbc/src/main/java/org/apache/openjpa/jdbc/kernel/FinderQueryImpl.java,"isAccessPathDirty/2[org.apache.openjpa.kernel.Broker,org.apache.openjpa.kernel.ClassMetaData[]]","org.apache.openjpa.kernel.QueryImpl.isAccessPathDirty/2[org.apache.openjpa.kernel.Broker,org.apache.openjpa.kernel.ClassMetaData[]]",16,15,8,0,0,7,1,0,261,0,0,3,false
0.9.0,openjpa-kernel/src/main/java/org/apache/openjpa/kernel/DetachedStateManager.java,"storeShort/2[int,short]","org.apache.openjpa.kernel.DetachedStateManager.storeShort/2[int,short]",3,1,0,0,0,0,0,0,334,4,6,0,false
0.9.6,openjpa-kernel/src/main/java/org/apache/openjpa/kernel/PCState.java,initialize/1[org.apache.openjpa.kernel.StateManagerImpl],org.apache.openjpa.kernel.PCState.initialize/1[org.apache.openjpa.kernel.StateManagerImpl],2,1,0,0,0,0,1,0,334,1,1,0,false
0.9.6,openjpa-kernel/src/main/java/org/apache/openjpa/kernel/jpql/JPQLExpressionBuilder.java,dump/0,org.apache.openjpa.kernel.jpql.JPQLExpressionBuilder.JPQLNode.dump/0,3,1,0,0,0,0,0,1,334,1,3,0,false
0.9.0,openjpa-persistence/src/main/java/org/apache/openjpa/persistence/OpenJPAEntityManagerFactory.java,"createNativeQuery/2[java.lang.String,java.lang.Class]","org.apache.openjpa.persistence.OpenJPAEntityManager.createNativeQuery/2[java.lang.String,java.lang.Class]",1,1,0,0,0,0,0,0,334,1,1,0,false
0.9.6,openjpa-jdbc/src/main/java/org/apache/openjpa/jdbc/kernel/FinderQueryImpl.java,removeAll/1[java.util.Collection],org.apache.openjpa.kernel.QueryImpl.RemoveOnCloseResultList.removeAll/1[java.util.Collection],3,1,0,0,0,1,0,0,261,0,0,0,false
0.9.0,openjpa-jdbc/src/main/java/org/apache/openjpa/jdbc/kernel/PagingResultObjectProvider.java,getResultObject/0,org.apache.openjpa.jdbc.kernel.PagingResultObjectProvider.getResultObject/0,4,2,0,1,0,1,0,2,317,3,4,0,false
0.9.6,openjpa-jdbc/src/main/java/org/apache/openjpa/jdbc/kernel/FinderQueryImpl.java,retainAll/1[java.util.Collection],org.apache.openjpa.kernel.QueryImpl.RemoveOnCloseResultList.retainAll/1[java.util.Collection],3,1,0,0,0,1,0,0,261,0,0,0,false
0.9.0,openjpa-kernel/src/main/java/org/apache/openjpa/kernel/OpenJPAStateManager.java,getGenericContext/0,org.apache.openjpa.enhance.StateManager.getGenericContext/0,1,1,0,0,0,0,0,0,334,1,1,0,false
0.9.6,openjpa-lib/src/main/java/org/apache/openjpa/lib/meta/XMLMetaDataParser.java,setCaching/1[boolean],org.apache.openjpa.lib.meta.XMLMetaDataParser.setCaching/1[boolean],4,2,1,0,0,0,1,1,243,2,2,0,false
0.9.0,openjpa-jdbc/src/main/java/org/apache/openjpa/jdbc/kernel/exps/FilterValueImpl.java,"FilterValueImpl/5[org.apache.openjpa.jdbc.kernel.exps.Val,org.apache.openjpa.jdbc.kernel.exps.Select,org.apache.openjpa.jdbc.kernel.JDBCStore,java.lang.Object[],org.apache.openjpa.jdbc.kernel.JDBCFetchConfiguration]","org.apache.openjpa.jdbc.kernel.exps.FilterValueImpl.FilterValueImpl/5[org.apache.openjpa.jdbc.kernel.exps.Val,org.apache.openjpa.jdbc.kernel.exps.Select,org.apache.openjpa.jdbc.kernel.JDBCStore,java.lang.Object[],org.apache.openjpa.jdbc.kernel.JDBCFetchConfiguration]",7,1,5,0,0,0,6,0,317,1,1,0,false
0.9.6,openjpa-slice/src/main/java/org/apache/openjpa/slice/DistributedBrokerImpl.java,"retrieve/3[java.lang.Object,boolean,org.apache.openjpa.kernel.OpCallbacks]","org.apache.openjpa.kernel.BrokerImpl.retrieve/3[java.lang.Object,boolean,org.apache.openjpa.kernel.OpCallbacks]",28,11,2,0,1,2,1,12,600,0,0,7,false
0.9.6,openjpa-jdbc/src/main/java/org/apache/openjpa/jdbc/sql/SelectImpl.java,"execute/5[org.apache.openjpa.jdbc.sql.SelectImpl,org.apache.openjpa.kernel.StoreContext,org.apache.openjpa.jdbc.sql.JDBCStore,org.apache.openjpa.jdbc.sql.JDBCFetchConfiguration,int]","org.apache.openjpa.jdbc.sql.SelectImpl.execute/5[org.apache.openjpa.jdbc.sql.SelectImpl,org.apache.openjpa.kernel.StoreContext,org.apache.openjpa.jdbc.sql.JDBCStore,org.apache.openjpa.jdbc.sql.JDBCFetchConfiguration,int]",42,12,12,0,4,1,2,7,317,4,6,6,false
0.9.6,openjpa-jdbc/src/main/java/org/apache/openjpa/jdbc/meta/FieldMappingInfo.java,syncWith/1[org.apache.openjpa.jdbc.meta.FieldMapping],org.apache.openjpa.jdbc.meta.FieldMappingInfo.syncWith/1[org.apache.openjpa.jdbc.meta.FieldMapping],12,4,3,0,0,0,0,4,317,2,2,4,false
0.9.0,openjpa-lib/src/main/java/org/apache/openjpa/lib/util/concurrent/CopyOnWriteArrayList.java,readObject/1[java.io.ObjectInputStream],org.apache.openjpa.lib.util.concurrent.CopyOnWriteArrayList.readObject/1[java.io.ObjectInputStream],9,2,4,0,0,0,0,1,243,1,1,0,false
0.9.6,openjpa-jdbc/src/main/java/org/apache/openjpa/jdbc/kernel/exps/Trim.java,"initialize/3[org.apache.openjpa.jdbc.kernel.exps.Select,org.apache.openjpa.jdbc.kernel.exps.JDBCStore,boolean]","org.apache.openjpa.jdbc.kernel.exps.Trim.initialize/3[org.apache.openjpa.jdbc.kernel.exps.Select,org.apache.openjpa.jdbc.kernel.exps.JDBCStore,boolean]",16,4,4,0,0,0,0,2,317,1,1,0,false
0.9.6,openjpa-kernel/src/main/java/org/apache/openjpa/ant/PCEnhancerTask.java,getType/1[org.apache.openjpa.meta.ClassMetaData],org.apache.openjpa.enhance.PCEnhancer.getType/1[org.apache.openjpa.meta.ClassMetaData],4,2,0,0,0,2,15,2,334,1,1,0,false
0.9.6,openjpa-lib/src/main/java/org/apache/openjpa/lib/util/CodeFormat.java,dcmpl/0,serp.bytecode.Code.dcmpl/0,3,1,0,0,0,1,1,1,243,1,1,0,false
0.9.0,openjpa-jdbc/src/main/java/org/apache/openjpa/jdbc/kernel/ValueTableJDBCSeq.java,"setSequence/5[org.apache.openjpa.jdbc.kernel.ClassMapping,org.apache.openjpa.jdbc.kernel.TableJDBCSeq.Status,int,boolean,java.sql.Connection]","org.apache.openjpa.jdbc.kernel.TableJDBCSeq.setSequence/5[org.apache.openjpa.jdbc.kernel.ClassMapping,org.apache.openjpa.jdbc.kernel.TableJDBCSeq.Status,int,boolean,java.sql.Connection]",38,10,13,2,3,2,4,4,317,1,1,11,false
0.9.6,openjpa-kernel/src/main/java/org/apache/openjpa/meta/JavaTypes.java,"toArray/2[java.util.Collection,java.lang.Class]","org.apache.openjpa.meta.JavaTypes.toArray/2[java.util.Collection,java.lang.Class]",7,3,3,0,0,2,0,0,334,1,1,0,false
0.9.0,openjpa-jdbc/src/main/java/org/apache/openjpa/jdbc/meta/strats/EnumValueHandler.java,"toDataStoreValue/3[org.apache.openjpa.jdbc.meta.strats.ValueMapping,java.lang.Object,org.apache.openjpa.jdbc.kernel.JDBCStore]","org.apache.openjpa.jdbc.meta.strats.EnumValueHandler.toDataStoreValue/3[org.apache.openjpa.jdbc.meta.strats.ValueMapping,java.lang.Object,org.apache.openjpa.jdbc.kernel.JDBCStore]",5,3,0,0,0,3,0,0,619,0,0,0,false
0.9.6,openjpa-jdbc/src/main/java/org/apache/openjpa/jdbc/meta/strats/AbstractClassStrategy.java,"supportsEagerSelect/5[org.apache.openjpa.jdbc.meta.strats.Select,org.apache.openjpa.jdbc.meta.strats.OpenJPAStateManager,org.apache.openjpa.jdbc.meta.strats.JDBCStore,org.apache.openjpa.jdbc.meta.strats.ClassMapping,org.apache.openjpa.jdbc.meta.strats.JDBCFetchConfiguration]","org.apache.openjpa.jdbc.meta.strats.AbstractClassStrategy.supportsEagerSelect/5[org.apache.openjpa.jdbc.meta.strats.Select,org.apache.openjpa.jdbc.meta.strats.OpenJPAStateManager,org.apache.openjpa.jdbc.meta.strats.JDBCStore,org.apache.openjpa.jdbc.meta.strats.ClassMapping,org.apache.openjpa.jdbc.meta.strats.JDBCFetchConfiguration]",3,1,0,0,0,1,0,0,317,1,1,0,false
0.9.6,openjpa-slice/src/main/java/org/apache/openjpa/slice/DistributedBrokerImpl.java,getEvictFromDataCache/0,org.apache.openjpa.kernel.BrokerImpl.getEvictFromDataCache/0,3,1,0,0,0,1,0,0,600,0,0,0,false
0.9.0,openjpa-lib/src/main/java/org/apache/openjpa/lib/jdbc/DelegatingPreparedStatement.java,getMaxFieldSize/0,org.apache.openjpa.lib.jdbc.DelegatingPreparedStatement.getMaxFieldSize/0,3,1,0,0,0,1,0,0,243,1,1,0,false
0.9.6,openjpa-persistence/src/main/java/org/apache/openjpa/persistence/AnnotationPersistenceXMLMetaDataParser.java,addComments/1[java.lang.Object],org.apache.openjpa.lib.meta.XMLMetaDataParser.addComments/1[java.lang.Object],4,3,1,0,0,0,0,1,825,0,0,0,false
0.9.6,openjpa-lib/src/main/java/org/apache/openjpa/lib/rop/AbstractResultList.java,setLocking/1[boolean],org.apache.openjpa.jdbc.sql.AbstractResult.setLocking/1[boolean],3,1,1,0,0,0,0,0,243,1,1,0,false
0.9.0,openjpa-kernel/src/main/java/org/apache/openjpa/kernel/StateManagerImpl.java,afterFlush/1[int],org.apache.openjpa.kernel.StateManagerImpl.afterFlush/1[int],18,11,7,0,0,1,2,6,334,3,10,0,false
0.9.6,openjpa-slice/src/main/java/org/apache/openjpa/slice/DistributedBrokerImpl.java,addClean/1[org.apache.openjpa.kernel.StateManagerImpl],org.apache.openjpa.kernel.BrokerImpl.TransactionalCache.addClean/1[org.apache.openjpa.kernel.StateManagerImpl],3,3,0,0,0,0,2,1,600,0,0,0,false
0.9.0,openjpa-jdbc/src/main/java/org/apache/openjpa/jdbc/sql/DBDictionaryFactory.java,"setBlobObject/5[java.sql.PreparedStatement,int,java.lang.Object,org.apache.openjpa.jdbc.sql.Column,org.apache.openjpa.jdbc.sql.JDBCStore]","org.apache.openjpa.jdbc.sql.DBDictionary.setBlobObject/5[java.sql.PreparedStatement,int,java.lang.Object,org.apache.openjpa.jdbc.sql.Column,org.apache.openjpa.jdbc.sql.JDBCStore]",3,1,0,0,0,0,1,2,317,2,2,0,false
0.9.0,openjpa-jdbc/src/main/java/org/apache/openjpa/jdbc/kernel/AbstractUpdateManager.java,"flush/3[org.apache.openjpa.jdbc.kernel.RowManager,org.apache.openjpa.jdbc.kernel.PreparedStatementManager,java.util.Collection]","org.apache.openjpa.jdbc.kernel.AbstractUpdateManager.flush/3[org.apache.openjpa.jdbc.kernel.RowManager,org.apache.openjpa.jdbc.kernel.PreparedStatementManager,java.util.Collection]",1,1,0,0,0,0,1,0,317,1,1,0,false
0.9.6,openjpa-kernel/src/main/java/org/apache/openjpa/kernel/AbstractFieldManager.java,fetchByteField/1[int],org.apache.openjpa.kernel.AbstractFieldManager.fetchByteField/1[int],3,1,0,0,0,0,0,1,334,1,1,0,false
0.9.0,openjpa-jdbc/src/main/java/org/apache/openjpa/jdbc/conf/JDBCConfigurationImpl.java,getUpdateManagerInstance/0,org.apache.openjpa.jdbc.conf.JDBCConfigurationImpl.getUpdateManagerInstance/0,4,2,0,0,0,1,0,0,317,1,1,0,false
0.9.6,openjpa-kernel/src/main/java/org/apache/openjpa/meta/MetaDataRepository.java,"processBuffer/3[org.apache.openjpa.meta.ClassMetaData,java.util.SortedSet,int]","org.apache.openjpa.meta.MetaDataRepository.processBuffer/3[org.apache.openjpa.meta.ClassMetaData,java.util.SortedSet,int]",25,7,4,0,1,2,2,3,334,3,5,1,false
0.9.0,openjpa-persistence/src/main/java/org/apache/openjpa/persistence/QueryResultCacheImpl.java,evictAll/1[java.lang.Class],org.apache.openjpa.persistence.QueryResultCache.evictAll/1[java.lang.Class],3,1,0,0,0,0,0,0,315,1,1,0,false
0.9.0,openjpa-jdbc/src/main/java/org/apache/openjpa/jdbc/sql/DBDictionaryFactory.java,"setShort/4[java.sql.PreparedStatement,int,short,org.apache.openjpa.jdbc.sql.Column]","org.apache.openjpa.jdbc.sql.DBDictionary.setShort/4[java.sql.PreparedStatement,int,short,org.apache.openjpa.jdbc.sql.Column]",3,1,0,0,0,0,3,0,317,2,2,0,false
0.9.0,openjpa-lib/src/main/java/org/apache/openjpa/lib/jdbc/DelegatingPreparedStatement.java,getParameterMetaData/0,org.apache.openjpa.lib.jdbc.DelegatingPreparedStatement.getParameterMetaData/0,3,1,0,0,0,0,0,0,243,1,1,0,false
0.9.0,openjpa-persistence/src/main/java/org/apache/openjpa/persistence/OpenJPAEntityManagerFactory.java,isTransactional/1[java.lang.Object],org.apache.openjpa.persistence.OpenJPAEntityManager.isTransactional/1[java.lang.Object],1,1,0,0,0,0,0,0,334,1,1,0,false
0.9.0,openjpa-kernel/src/main/java/org/apache/openjpa/kernel/exps/Constant.java,"orderBy/5[org.apache.openjpa.jdbc.kernel.exps.Select,org.apache.openjpa.jdbc.kernel.JDBCStore,java.lang.Object[],boolean,org.apache.openjpa.jdbc.kernel.JDBCFetchConfiguration]","org.apache.openjpa.jdbc.kernel.exps.Const.orderBy/5[org.apache.openjpa.jdbc.kernel.exps.Select,org.apache.openjpa.jdbc.kernel.JDBCStore,java.lang.Object[],boolean,org.apache.openjpa.jdbc.kernel.JDBCFetchConfiguration]",3,1,0,0,0,0,0,1,334,1,1,0,false
0.9.6,openjpa-jdbc/src/main/java/org/apache/openjpa/jdbc/meta/strats/LRSMapFieldStrategy.java,getValueColumns/1[org.apache.openjpa.jdbc.meta.strats.ClassMapping],org.apache.openjpa.jdbc.meta.strats.LRSMapFieldStrategy.getValueColumns/1[org.apache.openjpa.jdbc.meta.strats.ClassMapping],1,1,0,0,0,0,0,0,317,1,1,0,false
0.9.6,openjpa-kernel/src/main/java/org/apache/openjpa/kernel/PCState.java,"nonprovisional/3[org.apache.openjpa.kernel.StateManagerImpl,boolean,org.apache.openjpa.kernel.OpCallbacks]","org.apache.openjpa.kernel.PCState.nonprovisional/3[org.apache.openjpa.kernel.StateManagerImpl,boolean,org.apache.openjpa.kernel.OpCallbacks]",3,1,0,0,0,1,0,0,334,1,1,0,false
0.9.0,openjpa-kernel/src/main/java/org/apache/openjpa/kernel/DelegatingFetchConfiguration.java,setLockTimeout/1[int],org.apache.openjpa.kernel.DelegatingFetchConfiguration.setLockTimeout/1[int],9,2,0,0,1,1,1,2,334,2,2,1,false
0.9.6,openjpa-jdbc/src/main/java/org/apache/openjpa/jdbc/ant/MappingToolTask.java,validate/1[java.lang.Class],org.apache.openjpa.jdbc.meta.MappingTool.validate/1[java.lang.Class],7,2,2,0,0,1,1,4,317,1,1,1,false
0.9.6,openjpa-lib/src/main/java/org/apache/openjpa/lib/util/CodeFormat.java,xshl/0,serp.bytecode.Code.xshl/0,4,1,1,0,0,1,0,2,243,1,1,1,false
0.9.6,openjpa-kernel/src/main/java/org/apache/openjpa/kernel/DelegatingSeq.java,"next/2[org.apache.openjpa.kernel.StoreContext,org.apache.openjpa.kernel.ClassMetaData]","org.apache.openjpa.kernel.DelegatingSeq.next/2[org.apache.openjpa.kernel.StoreContext,org.apache.openjpa.kernel.ClassMetaData]",8,2,0,0,1,1,0,1,334,1,1,1,false
0.9.0,openjpa-persistence/src/main/java/org/apache/openjpa/persistence/AnnotationPersistenceMetaDataParser.java,getMode/0,org.apache.openjpa.persistence.AnnotationPersistenceMetaDataParser.getMode/0,3,1,0,0,0,1,0,0,334,4,5,0,false
0.9.6,openjpa-jdbc/src/main/java/org/apache/openjpa/jdbc/ant/ReverseMappingToolTask.java,getVersionStrategy/0,org.apache.openjpa.jdbc.meta.ReverseMappingTool.getVersionStrategy/0,3,1,0,0,0,1,0,0,317,1,1,0,false
0.9.0,openjpa-jdbc/src/main/java/org/apache/openjpa/jdbc/kernel/DelegatingJDBCFetchConfiguration.java,setWriteLockLevel/1[int],org.apache.openjpa.kernel.FetchConfiguration.setWriteLockLevel/1[int],1,1,0,0,0,0,3,0,317,3,4,0,false
0.9.6,openjpa-kernel/src/main/java/org/apache/openjpa/meta/ClassMetaData.java,getResolve/0,org.apache.openjpa.meta.ClassMetaData.getResolve/0,3,1,0,0,0,1,3,0,334,3,7,0,false
0.9.6,openjpa-jdbc/src/main/java/org/apache/openjpa/jdbc/kernel/exps/ConstPath.java,acceptVisit/1[org.apache.openjpa.jdbc.kernel.exps.ExpressionVisitor],org.apache.openjpa.jdbc.kernel.exps.ConstPath.acceptVisit/1[org.apache.openjpa.jdbc.kernel.exps.ExpressionVisitor],5,1,0,0,0,0,0,1,1211,1,2,0,false
0.9.0,openjpa-lib/src/main/java/org/apache/openjpa/lib/util/MultiClassLoader.java,findResources/1[java.lang.String],org.apache.openjpa.lib.util.MultiClassLoader.findResources/1[java.lang.String],16,5,6,0,0,1,0,0,243,2,2,1,false
0.9.0,openjpa-kernel/src/main/java/org/apache/openjpa/util/ProxyManagerImpl.java,copyMap/1[java.util.Map],org.apache.openjpa.util.ProxyManagerImpl.copyMap/1[java.util.Map],3,1,0,0,0,1,0,1,334,2,11,0,false
0.9.6,openjpa-jdbc/src/main/java/org/apache/openjpa/jdbc/meta/ClassMapping.java,"joinSuperclass/2[org.apache.openjpa.jdbc.meta.Joins,boolean]","org.apache.openjpa.jdbc.meta.ClassMapping.joinSuperclass/2[org.apache.openjpa.jdbc.meta.Joins,boolean]",3,1,0,0,0,1,0,1,317,2,3,1,false
0.9.6,openjpa-kernel/src/main/java/org/apache/openjpa/util/GeneralException.java,"GeneralException/2[java.lang.String,java.lang.Throwable]","org.apache.openjpa.util.GeneralException.GeneralException/2[java.lang.String,java.lang.Throwable]",3,1,0,0,0,0,0,0,334,1,1,0,false
0.9.6,openjpa-persistence/src/main/java/org/apache/openjpa/persistence/PersistenceProviderImpl.java,"transform/5[java.lang.ClassLoader,java.lang.String,java.lang.Class<?>,java.security.ProtectionDomain,byte[]]","org.apache.openjpa.persistence.PersistenceProviderImpl.ClassTransformerImpl.transform/5[java.lang.ClassLoader,java.lang.String,java.lang.Class<?>,java.security.ProtectionDomain,byte[]]",3,1,0,0,0,1,0,0,334,3,3,0,false
0.9.6,openjpa-persistence/src/main/java/org/apache/openjpa/persistence/PersistenceExceptions.java,getFailedObject/1[org.apache.openjpa.persistence.OpenJPAException],org.apache.openjpa.persistence.PersistenceExceptions.getFailedObject/1[org.apache.openjpa.persistence.OpenJPAException],6,3,1,0,0,3,3,0,334,2,4,0,false
0.9.0,openjpa-kernel/src/main/java/org/apache/openjpa/conf/OpenJPAConfiguration.java,getClassResolver/0,org.apache.openjpa.conf.OpenJPAConfiguration.getClassResolver/0,1,1,0,0,0,0,0,0,334,1,1,0,false
0.9.0,openjpa-lib/src/main/java/org/apache/openjpa/lib/jdbc/DelegatingPreparedStatement.java,"setNull/2[int,int]","org.apache.openjpa.lib.jdbc.DelegatingPreparedStatement.setNull/2[int,int]",3,1,0,0,0,0,0,0,243,1,1,0,false
0.9.0,openjpa-kernel/src/main/java/org/apache/openjpa/util/InternalException.java,InternalException/0,org.apache.openjpa.util.InternalException.InternalException/0,3,1,0,0,0,0,33,1,334,1,1,0,false
0.9.6,openjpa-jdbc/src/main/java/org/apache/openjpa/jdbc/meta/strats/EmbedFieldStrategy.java,"whereBigInteger/2[org.apache.openjpa.jdbc.meta.strats.Column,java.math.BigInteger]","org.apache.openjpa.jdbc.meta.strats.EmbedFieldStrategy.EmbeddedRow.whereBigInteger/2[org.apache.openjpa.jdbc.meta.strats.Column,java.math.BigInteger]",3,1,0,0,0,0,0,0,317,2,2,0,false
0.9.0,openjpa-kernel/src/main/java/org/apache/openjpa/kernel/AbstractStoreQuery.java,newCompilationKey/0,org.apache.openjpa.kernel.AbstractStoreQuery.newCompilationKey/0,3,1,0,0,0,1,0,0,334,3,4,0,false
0.9.6,openjpa-jdbc/src/main/java/org/apache/openjpa/jdbc/kernel/exps/SelectConstructor.java,"having/2[java.lang.String,org.apache.openjpa.jdbc.sql.Joins]","org.apache.openjpa.jdbc.sql.Select.having/2[java.lang.String,org.apache.openjpa.jdbc.sql.Joins]",1,1,0,0,0,0,0,0,317,1,1,0,false
0.9.0,openjpa-kernel/src/main/java/org/apache/openjpa/kernel/MethodStoreQuery.java,"getOrderingValue/4[org.apache.openjpa.kernel.StoreQuery,java.lang.Object[],java.lang.Object,int]","org.apache.openjpa.kernel.StoreQuery.Executor.getOrderingValue/4[org.apache.openjpa.kernel.StoreQuery,java.lang.Object[],java.lang.Object,int]",1,1,0,0,0,0,2,0,334,1,1,0,false
0.9.6,openjpa-kernel/src/main/java/org/apache/openjpa/kernel/NoneLockManager.java,"lock/4[org.apache.openjpa.kernel.OpenJPAStateManager,int,int,java.lang.Object]","org.apache.openjpa.kernel.NoneLockManager.lock/4[org.apache.openjpa.kernel.OpenJPAStateManager,int,int,java.lang.Object]",3,1,0,0,0,0,0,0,334,1,1,0,false
0.9.6,openjpa-kernel/src/main/java/org/apache/openjpa/meta/ClassMetaData.java,"ClassMetaData/2[java.lang.Class,org.apache.openjpa.meta.MetaDataRepository]","org.apache.openjpa.meta.ClassMetaData.ClassMetaData/2[java.lang.Class,org.apache.openjpa.meta.MetaDataRepository]",5,1,2,0,0,0,1,1,334,3,7,0,false
0.9.0,openjpa-jdbc/src/main/java/org/apache/openjpa/jdbc/ant/ReverseMappingToolTask.java,"run/4[org.apache.openjpa.jdbc.conf.JDBCConfiguration,java.lang.String[],org.apache.openjpa.jdbc.meta.ReverseMappingTool.Flags,java.lang.ClassLoader]","org.apache.openjpa.jdbc.meta.ReverseMappingTool.run/4[org.apache.openjpa.jdbc.conf.JDBCConfiguration,java.lang.String[],org.apache.openjpa.jdbc.meta.ReverseMappingTool.Flags,java.lang.ClassLoader]",44,3,8,0,0,0,1,21,317,1,1,2,false
0.9.6,openjpa-persistence/src/main/java/org/apache/openjpa/persistence/InverseLogical.java,isTraceEnabled/0,org.apache.openjpa.lib.log.Log.isTraceEnabled/0,1,1,0,0,0,0,19,0,334,1,1,0,false
0.9.0,openjpa-kernel/src/main/java/org/apache/openjpa/kernel/DetachedStateManager.java,getUnloaded/1[org.apache.openjpa.kernel.FetchState],org.apache.openjpa.kernel.DetachedStateManager.getUnloaded/1[org.apache.openjpa.kernel.FetchState],3,1,0,0,0,0,0,0,334,4,6,0,false
0.9.6,openjpa-persistence/src/main/java/org/apache/openjpa/persistence/InverseLogical.java,isFatalEnabled/0,org.apache.openjpa.lib.log.Log.isFatalEnabled/0,1,1,0,0,0,0,1,0,334,1,1,0,false
0.9.6,openjpa-kernel/src/main/java/org/apache/openjpa/kernel/jpql/JPQLExpressionBuilder.java,"assignProjections/2[org.apache.openjpa.kernel.jpql.JPQLExpressionBuilder.JPQLNode,org.apache.openjpa.kernel.exps.QueryExpressions]","org.apache.openjpa.kernel.jpql.JPQLExpressionBuilder.assignProjections/2[org.apache.openjpa.kernel.jpql.JPQLExpressionBuilder.JPQLNode,org.apache.openjpa.kernel.exps.QueryExpressions]",19,6,13,0,0,1,1,7,334,1,3,1,false
0.9.0,openjpa-jdbc/src/main/java/org/apache/openjpa/jdbc/kernel/exps/JDBCExpressionFactory.java,"divide/2[org.apache.openjpa.kernel.exps.Value,org.apache.openjpa.kernel.exps.Value]","org.apache.openjpa.jdbc.kernel.exps.JDBCExpressionFactory.divide/2[org.apache.openjpa.kernel.exps.Value,org.apache.openjpa.kernel.exps.Value]",3,1,0,0,0,1,0,0,317,1,1,0,false
0.9.0,openjpa-lib/src/main/java/org/apache/openjpa/lib/jdbc/DataSourceLogs.java,"logSQL/3[java.lang.String,long,java.sql.Connection]","org.apache.openjpa.lib.jdbc.DataSourceLogs.logSQL/3[java.lang.String,long,java.sql.Connection]",3,1,0,0,0,0,4,2,243,1,1,0,false
0.9.0,openjpa-jdbc/src/main/java/org/apache/openjpa/jdbc/kernel/exps/JDBCExpressionFactory.java,stringLength/1[org.apache.openjpa.jdbc.kernel.exps.Value],org.apache.openjpa.jdbc.kernel.exps.JDBCExpressionFactory.stringLength/1[org.apache.openjpa.jdbc.kernel.exps.Value],3,1,0,0,0,1,0,1,317,1,1,0,false
0.9.0,openjpa-kernel/src/main/java/org/apache/openjpa/enhance/PCDataGenerator.java,declareClasses/1[org.apache.openjpa.enhance.BCClass],org.apache.openjpa.enhance.PCDataGenerator.declareClasses/1[org.apache.openjpa.enhance.BCClass],5,1,0,0,0,0,0,0,334,2,2,0,false
0.9.6,openjpa-jdbc/src/main/java/org/apache/openjpa/jdbc/meta/strats/RelationCollectionInverseKeyFieldStrategy.java,"join/2[org.apache.openjpa.jdbc.sql.Joins,org.apache.openjpa.jdbc.meta.strats.ClassMapping]","org.apache.openjpa.jdbc.meta.strats.RelationCollectionInverseKeyFieldStrategy.join/2[org.apache.openjpa.jdbc.sql.Joins,org.apache.openjpa.jdbc.meta.strats.ClassMapping]",3,1,0,0,0,1,0,0,317,2,2,0,false
0.9.6,openjpa-jdbc/src/main/java/org/apache/openjpa/jdbc/schema/ColumnIO.java,"setUpdatable/2[int,boolean]",".setUpdatable/2[int,boolean]",3,1,0,0,0,0,0,0,1211,0,0,0,false
0.9.0,openjpa-jdbc/src/main/java/org/apache/openjpa/jdbc/kernel/exps/JDBCAggregateListener.java,"orderBy/5[org.apache.openjpa.jdbc.kernel.exps.Select,org.apache.openjpa.jdbc.kernel.JDBCStore,java.lang.Object[],boolean,org.apache.openjpa.jdbc.kernel.JDBCFetchConfiguration]","org.apache.openjpa.jdbc.kernel.exps.Aggregate.orderBy/5[org.apache.openjpa.jdbc.kernel.exps.Select,org.apache.openjpa.jdbc.kernel.JDBCStore,java.lang.Object[],boolean,org.apache.openjpa.jdbc.kernel.JDBCFetchConfiguration]",3,1,0,0,0,0,0,1,317,1,1,0,false
0.9.6,openjpa-kernel/src/main/java/org/apache/openjpa/meta/FieldMetaData.java,setInverse/1[java.lang.String],org.apache.openjpa.meta.FieldMetaData.setInverse/1[java.lang.String],4,1,2,0,0,0,0,0,334,2,2,0,false
0.9.6,openjpa-jdbc/src/main/java/org/apache/openjpa/jdbc/kernel/SQLProjectionResultObjectProvider.java,removeClass/1[java.lang.Class],serp.bytecode.Project.removeClass/1[java.lang.Class],4,2,0,0,0,2,0,2,317,1,1,0,false
0.9.6,openjpa-lib/src/main/java/org/apache/openjpa/lib/jdbc/LoggingConnectionDecorator.java,setSavepoint/1[java.lang.String],org.apache.openjpa.lib.jdbc.LoggingConnectionDecorator.LoggingConnection.setSavepoint/1[java.lang.String],10,2,1,1,1,1,0,3,243,1,1,0,false
0.9.6,openjpa-kernel/src/main/java/org/apache/openjpa/meta/MetaDataRepository.java,setConfiguration/1[org.apache.openjpa.meta.Configuration],org.apache.openjpa.meta.MetaDataRepository.setConfiguration/1[org.apache.openjpa.meta.Configuration],4,1,2,0,0,0,1,0,334,3,5,0,false
0.9.0,openjpa-kernel/src/main/java/org/apache/openjpa/kernel/DelegatingBrokerFactory.java,setPopulateDataCache/1[boolean],org.apache.openjpa.kernel.DelegatingBroker.setPopulateDataCache/1[boolean],8,2,0,0,1,0,1,1,334,1,1,1,false
0.9.0,openjpa-jdbc/src/main/java/org/apache/openjpa/jdbc/kernel/DelegatingJDBCFetchConfiguration.java,getJoinSyntax/0,org.apache.openjpa.jdbc.kernel.JDBCFetchConfiguration.getJoinSyntax/0,1,1,0,0,0,0,4,0,317,3,4,0,false
0.9.0,openjpa-jdbc/src/main/java/org/apache/openjpa/jdbc/kernel/exps/JDBCExpressionFactory.java,not/1[org.apache.openjpa.kernel.exps.Expression],org.apache.openjpa.kernel.exps.ExpressionFactory.not/1[org.apache.openjpa.kernel.exps.Expression],1,1,0,0,0,0,0,0,317,1,1,0,false
0.9.0,openjpa-kernel/src/main/java/org/apache/openjpa/util/MetaDataException.java,"MetaDataException/2[org.apache.openjpa.util.Message,java.lang.Object]","org.apache.openjpa.util.MetaDataException.MetaDataException/2[org.apache.openjpa.util.Message,java.lang.Object]",5,1,0,0,0,0,0,2,334,1,2,0,false
0.9.6,openjpa-lib/src/main/java/org/apache/openjpa/lib/util/CodeFormat.java,listIterator/0,serp.bytecode.Code.listIterator/0,3,1,0,0,0,1,0,1,243,1,1,0,false
0.9.6,openjpa-kernel/src/main/java/org/apache/openjpa/kernel/SingleFieldManager.java,unproxy/0,org.apache.openjpa.kernel.SingleFieldManager.unproxy/0,15,8,2,0,0,1,2,1,334,2,2,5,false
0.9.0,openjpa-kernel/src/main/java/org/apache/openjpa/writebehind/WriteBehindStoreManager.java,close/0,org.apache.openjpa.kernel.StoreManager.close/0,1,1,0,0,0,0,0,0,96,1,1,0,false
0.9.0,openjpa-kernel/src/main/java/org/apache/openjpa/kernel/AbstractStoreQuery.java,"executeUpdate/2[org.apache.openjpa.kernel.StoreQuery,java.lang.Object[]]","org.apache.openjpa.kernel.AbstractStoreQuery.AbstractExecutor.executeUpdate/2[org.apache.openjpa.kernel.StoreQuery,java.lang.Object[]]",3,1,0,0,0,1,1,2,334,3,4,1,false
0.9.0,openjpa-kernel/src/main/java/org/apache/openjpa/kernel/ExpressionStoreQuery.java,getProjectionAliases/1[org.apache.openjpa.kernel.StoreQuery],org.apache.openjpa.kernel.ExpressionStoreQuery.AbstractExpressionExecutor.getProjectionAliases/1[org.apache.openjpa.kernel.StoreQuery],3,1,0,0,0,1,0,1,334,2,3,1,false
0.9.0,openjpa-jdbc/src/main/java/org/apache/openjpa/jdbc/kernel/exps/IndexOf.java,"select/5[org.apache.openjpa.jdbc.kernel.exps.Select,org.apache.openjpa.jdbc.kernel.exps.JDBCStore,java.lang.Object[],boolean,org.apache.openjpa.jdbc.kernel.exps.JDBCFetchConfiguration]","org.apache.openjpa.jdbc.kernel.exps.IndexOf.select/5[org.apache.openjpa.jdbc.kernel.exps.Select,org.apache.openjpa.jdbc.kernel.exps.JDBCStore,java.lang.Object[],boolean,org.apache.openjpa.jdbc.kernel.exps.JDBCFetchConfiguration]",3,1,0,0,0,0,0,1,1211,0,0,0,false
0.9.6,openjpa-jdbc/src/main/java/org/apache/openjpa/jdbc/kernel/JDBCStoreQuery.java,"executeQuery/8[org.apache.openjpa.jdbc.kernel.Executor,org.apache.openjpa.jdbc.kernel.ClassMetaData,org.apache.openjpa.jdbc.kernel.ClassMetaData[],boolean,org.apache.openjpa.jdbc.kernel.ExpressionFactory[],org.apache.openjpa.jdbc.kernel.QueryExpressions[],java.lang.Object[],org.apache.openjpa.jdbc.kernel.Range]","org.apache.openjpa.jdbc.kernel.JDBCStoreQuery.executeQuery/8[org.apache.openjpa.jdbc.kernel.Executor,org.apache.openjpa.jdbc.kernel.ClassMetaData,org.apache.openjpa.jdbc.kernel.ClassMetaData[],boolean,org.apache.openjpa.jdbc.kernel.ExpressionFactory[],org.apache.openjpa.jdbc.kernel.QueryExpressions[],java.lang.Object[],org.apache.openjpa.jdbc.kernel.Range]",52,26,33,0,0,1,0,12,1211,3,3,3,false
0.9.0,openjpa-lib/src/main/java/org/apache/openjpa/lib/util/concurrent/ConcurrentReferenceHashSet.java,addAll/1[java.util.Collection],org.apache.openjpa.lib.util.concurrent.ConcurrentReferenceHashSet.addAll/1[java.util.Collection],3,1,0,0,0,1,0,0,243,1,1,0,false
0.9.0,openjpa-jdbc/src/main/java/org/apache/openjpa/jdbc/kernel/JDBCBrokerFactory.java,"newBrokerImpl/2[java.lang.String,java.lang.String]","org.apache.openjpa.jdbc.kernel.JDBCBrokerFactory.newBrokerImpl/2[java.lang.String,java.lang.String]",14,2,2,0,1,1,0,4,317,1,1,0,false
0.9.6,openjpa-kernel/src/main/java/org/apache/openjpa/event/TCPRemoteCommitProvider.java,setAddresses/1[java.lang.String],org.apache.openjpa.event.TCPRemoteCommitProvider.setAddresses/1[java.lang.String],42,7,14,3,1,0,0,5,334,2,2,6,false
0.9.0,openjpa-jdbc/src/main/java/org/apache/openjpa/jdbc/kernel/exps/JDBCAggregateListener.java,"select/5[org.apache.openjpa.jdbc.kernel.exps.Select,org.apache.openjpa.jdbc.kernel.JDBCStore,java.lang.Object[],boolean,org.apache.openjpa.jdbc.kernel.JDBCFetchState]","org.apache.openjpa.jdbc.kernel.exps.Aggregate.select/5[org.apache.openjpa.jdbc.kernel.exps.Select,org.apache.openjpa.jdbc.kernel.JDBCStore,java.lang.Object[],boolean,org.apache.openjpa.jdbc.kernel.JDBCFetchState]",4,1,0,0,0,0,0,1,317,1,1,0,false
0.9.6,openjpa-kernel/src/main/java/org/apache/openjpa/kernel/exps/StringLength.java,getType/0,org.apache.openjpa.jdbc.kernel.exps.StringLength.getType/0,4,2,0,0,0,2,0,0,334,1,1,0,false
0.9.6,openjpa-kernel/src/main/java/org/apache/openjpa/kernel/PCDataImpl.java,setImplData/1[java.lang.Object],org.apache.openjpa.kernel.PCDataImpl.setImplData/1[java.lang.Object],3,1,1,0,0,0,1,0,334,2,2,0,false
0.9.0,openjpa-lib/src/main/java/org/apache/openjpa/lib/util/CodeFormat.java,tab/0,org.apache.openjpa.lib.util.CodeFormat.tab/0,4,1,0,0,0,1,0,1,243,1,1,0,false
0.9.0,openjpa-kernel/src/main/java/org/apache/openjpa/kernel/DelegatingFetchConfiguration.java,clone/0,org.apache.openjpa.kernel.DelegatingFetchConfiguration.clone/0,8,2,0,0,1,1,0,2,334,2,2,1,false
0.9.0,openjpa-lib/src/main/java/org/apache/openjpa/lib/util/MultiClassLoader.java,isEmpty/0,org.apache.openjpa.lib.util.MultiClassLoader.isEmpty/0,3,1,0,0,0,1,0,0,243,2,2,0,false
0.9.6,openjpa-kernel/src/main/java/org/apache/openjpa/kernel/PDeletedState.java,commitRetain/1[org.apache.openjpa.kernel.StateManagerImpl],org.apache.openjpa.kernel.PDeletedState.commitRetain/1[org.apache.openjpa.kernel.StateManagerImpl],4,1,0,0,0,1,0,0,334,2,2,0,false
0.9.0,openjpa-persistence/src/main/java/org/apache/openjpa/persistence/XMLPersistenceMetaDataSerializer.java,compareTo/1[org.apache.openjpa.persistence.XMLPersistenceMetaDataSerializer.ClassQueries],org.apache.openjpa.persistence.XMLPersistenceMetaDataSerializer.ClassQueries.compareTo/1[org.apache.openjpa.persistence.XMLPersistenceMetaDataSerializer.ClassQueries],7,3,2,0,0,3,0,1,334,2,2,3,false
0.9.0,openjpa-kernel/src/main/java/org/apache/openjpa/kernel/exps/CandidatePath.java,equals/1[java.lang.Object],org.apache.openjpa.kernel.exps.CandidatePath.Traversal.equals/1[java.lang.Object],4,2,0,0,0,2,0,0,334,1,1,0,false
0.9.0,openjpa-kernel/src/main/java/org/apache/openjpa/ee/AutomaticManagedRuntime.java,getTransactionManager/0,org.apache.openjpa.ee.AutomaticManagedRuntime.getTransactionManager/0,60,14,15,0,4,5,0,8,334,1,2,0,false
0.9.0,openjpa-lib/src/main/java/org/apache/openjpa/lib/jdbc/DelegatingPreparedStatement.java,"execute/2[java.lang.String,java.lang.String[]]","org.apache.openjpa.lib.jdbc.DelegatingPreparedStatement.execute/2[java.lang.String,java.lang.String[]]",3,1,0,0,0,0,0,0,243,1,1,0,false
0.9.6,openjpa-kernel/src/main/java/org/apache/openjpa/kernel/AbstractBrokerFactory.java,getFactoryInitializationBanner/0,org.apache.openjpa.kernel.AbstractBrokerFactory.getFactoryInitializationBanner/0,3,1,0,0,0,1,1,0,334,4,8,0,false
0.9.0,openjpa-kernel/src/main/java/org/apache/openjpa/conf/OpenJPAConfiguration.java,setAggregateListeners/1[java.lang.String],org.apache.openjpa.conf.OpenJPAConfiguration.setAggregateListeners/1[java.lang.String],1,1,0,0,0,0,0,0,334,1,1,0,false
0.9.6,openjpa-jdbc/src/main/java/org/apache/openjpa/jdbc/meta/strats/PrimitiveFieldStrategy.java,"getJoinValue/3[org.apache.openjpa.kernel.OpenJPAStateManager,org.apache.openjpa.jdbc.meta.strats.Column,org.apache.openjpa.jdbc.meta.strats.JDBCStore]","org.apache.openjpa.jdbc.meta.strats.PrimitiveFieldStrategy.getJoinValue/3[org.apache.openjpa.kernel.OpenJPAStateManager,org.apache.openjpa.jdbc.meta.strats.Column,org.apache.openjpa.jdbc.meta.strats.JDBCStore]",3,1,0,0,0,1,0,1,317,1,1,0,false
0.9.6,openjpa-kernel/src/main/java/org/apache/openjpa/ee/WASManagedRuntime.java,setConfiguration/1[org.apache.openjpa.ee.Configuration],org.apache.openjpa.ee.WASManagedRuntime.setConfiguration/1[org.apache.openjpa.ee.Configuration],4,1,2,0,0,0,0,0,215,1,2,0,false
0.9.6,openjpa-kernel/src/main/java/org/apache/openjpa/event/TCPRemoteCommitProvider.java,setRecoveryTimeMillis/1[int],org.apache.openjpa.event.TCPRemoteCommitProvider.setRecoveryTimeMillis/1[int],3,1,1,0,0,0,0,0,334,2,2,0,false
0.9.6,openjpa-lib/src/main/java/org/apache/openjpa/lib/meta/CFMetaDataParser.java,"startClass/2[java.lang.String,org.xml.sax.Attributes]","org.apache.openjpa.lib.meta.CFMetaDataParser.startClass/2[java.lang.String,org.xml.sax.Attributes]",7,4,2,1,0,1,1,2,243,1,1,0,false
0.9.6,openjpa-jdbc/src/main/java/org/apache/openjpa/jdbc/ant/MappingToolTask.java,dropUnusedSchemaComponents/1[org.apache.openjpa.jdbc.meta.ClassMapping[]],org.apache.openjpa.jdbc.meta.MappingTool.dropUnusedSchemaComponents/1[org.apache.openjpa.jdbc.meta.ClassMapping[]],19,5,9,0,0,0,1,8,317,1,1,5,false
0.9.6,openjpa-jdbc/src/main/java/org/apache/openjpa/jdbc/meta/QueryResultMapping.java,getSourceMode/0,org.apache.openjpa.jdbc.meta.QueryResultMapping.getSourceMode/0,3,1,0,0,0,1,0,0,317,2,2,0,false
0.9.0,openjpa-kernel/src/main/java/org/apache/openjpa/abstractstore/AbstractStoreManager.java,"beforeStateChange/3[org.apache.openjpa.abstractstore.OpenJPAStateManager,org.apache.openjpa.abstractstore.PCState,org.apache.openjpa.abstractstore.PCState]","org.apache.openjpa.abstractstore.AbstractStoreManager.beforeStateChange/3[org.apache.openjpa.abstractstore.OpenJPAStateManager,org.apache.openjpa.abstractstore.PCState,org.apache.openjpa.abstractstore.PCState]",2,1,0,0,0,0,0,0,334,2,2,0,false
0.9.6,openjpa-lib/src/main/java/org/apache/openjpa/lib/jdbc/LoggingConnectionDecorator.java,"setBytes/2[int,byte[]]","org.apache.openjpa.lib.jdbc.LoggingConnectionDecorator.LoggingConnection.LoggingPreparedStatement.setBytes/2[int,byte[]]",4,1,0,0,0,0,0,1,243,1,1,0,false
0.9.0,openjpa-jdbc/src/main/java/org/apache/openjpa/jdbc/ant/SchemaToolTask.java,newConfiguration/0,org.apache.openjpa.jdbc.ant.SchemaToolTask.newConfiguration/0,3,1,0,0,0,1,0,1,317,1,1,0,false
0.9.6,openjpa-lib/src/main/java/org/apache/openjpa/lib/util/concurrent/ConcurrentLinkedQueue.java,"Node/2[java.lang.Object,org.apache.openjpa.lib.util.concurrent.ConcurrentLinkedQueue.Node]","org.apache.openjpa.lib.util.concurrent.ConcurrentLinkedQueue.Node.Node/2[java.lang.Object,org.apache.openjpa.lib.util.concurrent.ConcurrentLinkedQueue.Node]",4,1,2,0,0,0,2,0,243,1,1,0,false
0.9.0,openjpa-lib/src/main/java/org/apache/openjpa/lib/jdbc/DelegatingCallableStatement.java,getResultSet/0,org.apache.openjpa.lib.jdbc.DelegatingCallableStatement.getResultSet/0,3,1,0,0,0,1,0,1,243,1,1,0,false
0.9.0,openjpa-lib/src/main/java/org/apache/openjpa/lib/util/concurrent/FIFOWaitQueue.java,insert/1[org.apache.openjpa.lib.util.concurrent.WaitNode],org.apache.openjpa.lib.util.concurrent.FIFOWaitQueue.insert/1[org.apache.openjpa.lib.util.concurrent.WaitNode],7,2,4,0,0,0,0,0,243,1,1,0,false
0.9.0,openjpa-jdbc/src/main/java/org/apache/openjpa/jdbc/sql/RowManagerImpl.java,getSecondaryDeletes/0,org.apache.openjpa.jdbc.sql.RowManagerImpl.getSecondaryDeletes/0,3,2,0,0,0,1,0,0,317,1,1,0,false
0.9.6,openjpa-kernel/src/main/java/org/apache/openjpa/conf/OpenJPAConfigurationImpl.java,setMaxFetchDepth/1[java.lang.Integer],org.apache.openjpa.conf.OpenJPAConfigurationImpl.setMaxFetchDepth/1[java.lang.Integer],3,2,0,0,0,0,0,1,334,3,5,0,false
0.9.6,openjpa-jdbc/src/main/java/org/apache/openjpa/jdbc/kernel/exps/JDBCAggregateListener.java,getTag/0,org.apache.openjpa.kernel.exps.AggregateListener.getTag/0,1,1,0,0,0,0,0,0,317,1,1,0,false
0.9.6,openjpa-persistence/src/main/java/org/apache/openjpa/persistence/PersistenceExceptions.java,getRollbackTranslator/1[org.apache.openjpa.persistence.OpenJPAEntityManager],org.apache.openjpa.persistence.PersistenceExceptions.getRollbackTranslator/1[org.apache.openjpa.persistence.OpenJPAEntityManager],19,1,0,0,0,1,1,0,334,2,4,0,false
0.9.0,openjpa-kernel/src/main/java/org/apache/openjpa/util/InternalException.java,InternalException/1[org.apache.openjpa.util.Message],org.apache.openjpa.util.InternalException.InternalException/1[org.apache.openjpa.util.Message],4,1,0,0,0,0,0,1,334,1,1,0,false
0.9.0,openjpa-kernel/src/main/java/org/apache/openjpa/kernel/BrokerImpl.java,newInstance/0,org.apache.openjpa.kernel.BrokerImpl.StateManagerId.newInstance/0,3,1,0,0,0,1,5,1,334,5,17,0,false
0.9.0,openjpa-jdbc/src/main/java/org/apache/openjpa/jdbc/ant/MappingToolTask.java,"run/3[org.apache.openjpa.jdbc.conf.JDBCConfiguration,java.lang.String[],org.apache.openjpa.jdbc.meta.Options]","org.apache.openjpa.jdbc.meta.MappingTool.run/3[org.apache.openjpa.jdbc.conf.JDBCConfiguration,java.lang.String[],org.apache.openjpa.jdbc.meta.Options]",28,6,22,0,0,2,1,3,317,1,1,0,false
0.9.0,openjpa-kernel/src/main/java/org/apache/openjpa/kernel/exps/Cast.java,"eval/4[java.lang.Object,java.lang.Object,org.apache.openjpa.kernel.exps.StoreContext,java.lang.Object[]]","org.apache.openjpa.kernel.exps.Cast.eval/4[java.lang.Object,java.lang.Object,org.apache.openjpa.kernel.exps.StoreContext,java.lang.Object[]]",3,1,0,0,0,1,0,1,334,1,1,0,false
0.9.0,openjpa-persistence/src/main/java/org/apache/openjpa/persistence/XMLPersistenceMetaDataParser.java,endId/0,org.apache.openjpa.persistence.XMLPersistenceMetaDataParser.endId/0,3,1,0,0,0,0,1,1,334,6,10,0,false
0.9.6,openjpa-jdbc/src/main/java/org/apache/openjpa/jdbc/meta/strats/RelationToManyInverseKeyFieldStrategy.java,"toDataStoreValue/2[java.lang.Object,org.apache.openjpa.jdbc.meta.strats.JDBCStore]","org.apache.openjpa.jdbc.meta.strats.RelationToManyInverseKeyFieldStrategy.toDataStoreValue/2[java.lang.Object,org.apache.openjpa.jdbc.meta.strats.JDBCStore]",4,1,1,0,0,1,0,2,317,2,2,3,false
0.9.6,openjpa-slice/src/main/java/org/apache/openjpa/slice/DistributedBrokerImpl.java,endOperation/0,org.apache.openjpa.kernel.BrokerImpl.endOperation/0,20,11,0,0,1,1,74,3,600,0,0,2,false
0.9.6,openjpa-jdbc/src/main/java/org/apache/openjpa/jdbc/kernel/exps/SelectConstructor.java,"groupBy/2[org.apache.openjpa.jdbc.sql.SQLBuffer,org.apache.openjpa.jdbc.sql.Joins]","org.apache.openjpa.jdbc.sql.Select.groupBy/2[org.apache.openjpa.jdbc.sql.SQLBuffer,org.apache.openjpa.jdbc.sql.Joins]",1,1,0,0,0,0,0,0,317,1,1,0,false
0.9.0,openjpa-kernel/src/main/java/org/apache/openjpa/kernel/QueryContext.java,"setResultMapping/2[java.lang.Class,java.lang.String]","org.apache.openjpa.kernel.QueryContext.setResultMapping/2[java.lang.Class,java.lang.String]",1,1,0,0,0,0,0,0,334,2,2,0,false
0.9.0,openjpa-kernel/src/main/java/org/apache/openjpa/kernel/OpenJPAStateManager.java,"providedStringField/3[org.apache.openjpa.enhance.PersistenceCapable,int,java.lang.String]","org.apache.openjpa.enhance.StateManager.providedStringField/3[org.apache.openjpa.enhance.PersistenceCapable,int,java.lang.String]",1,1,0,0,0,0,0,0,334,1,1,0,false
0.9.0,openjpa-kernel/src/main/java/org/apache/openjpa/kernel/exps/InMemoryExpressionFactory.java,max/1[org.apache.openjpa.kernel.exps.Value],org.apache.openjpa.kernel.exps.InMemoryExpressionFactory.max/1[org.apache.openjpa.kernel.exps.Value],3,1,0,0,0,1,0,0,334,1,1,0,false
0.9.0,openjpa-jdbc/src/main/java/org/apache/openjpa/jdbc/kernel/ValueTableJDBCSeq.java,"allocateInternal/3[int,org.apache.openjpa.jdbc.kernel.JDBCStore,org.apache.openjpa.jdbc.kernel.ClassMapping]","org.apache.openjpa.jdbc.kernel.TableJDBCSeq.allocateInternal/3[int,org.apache.openjpa.jdbc.kernel.JDBCStore,org.apache.openjpa.jdbc.kernel.ClassMapping]",4,3,1,3,0,0,0,2,317,1,1,0,false
0.9.6,openjpa-kernel/src/main/java/org/apache/openjpa/kernel/exps/SubQ.java,getCandidateAlias/0,org.apache.openjpa.jdbc.kernel.exps.SubQ.getCandidateAlias/0,3,1,0,0,0,1,0,0,334,1,1,0,false
0.9.0,openjpa-lib/src/main/java/org/apache/openjpa/lib/jdbc/DelegatingStatement.java,"wrapResult/2[java.sql.ResultSet,boolean]","org.apache.openjpa.lib.jdbc.DelegatingStatement.wrapResult/2[java.sql.ResultSet,boolean]",4,3,0,0,0,2,2,1,243,1,1,0,false
0.9.6,openjpa-slice/src/main/java/org/apache/openjpa/slice/DistributedBrokerImpl.java,"evictAll/2[java.util.Collection,org.apache.openjpa.kernel.OpCallbacks]","org.apache.openjpa.kernel.BrokerImpl.evictAll/2[java.util.Collection,org.apache.openjpa.kernel.OpCallbacks]",18,3,3,0,2,0,0,5,600,0,0,0,false
0.9.6,openjpa-lib/src/main/java/org/apache/openjpa/lib/util/concurrent/TimeUnit.java,"timedWait/2[java.lang.Object,long]","org.apache.openjpa.lib.util.concurrent.TimeUnit.timedWait/2[java.lang.Object,long]",7,2,2,0,0,0,2,2,243,1,1,0,false
0.9.6,openjpa-kernel/src/main/java/org/apache/openjpa/abstractstore/AbstractStoreBrokerFactory.java,"attachAll/3[java.util.Collection,boolean,org.apache.openjpa.kernel.OpCallbacks]","org.apache.openjpa.kernel.Broker.attachAll/3[java.util.Collection,boolean,org.apache.openjpa.kernel.OpCallbacks]",1,1,0,0,0,0,0,0,334,2,2,0,false
0.9.6,openjpa-kernel/src/main/java/org/apache/openjpa/meta/ProxySetupStateManager.java,writeDetached/1[java.io.ObjectOutput],org.apache.openjpa.meta.ProxySetupStateManager.writeDetached/1[java.io.ObjectOutput],3,1,0,0,0,0,0,0,334,2,2,0,false
0.9.0,openjpa-jdbc/src/main/java/org/apache/openjpa/jdbc/conf/JDBCProductDerivation.java,beforeConfigurationConstruct/1[org.apache.openjpa.jdbc.conf.ConfigurationProvider],org.apache.openjpa.jdbc.conf.JDBCProductDerivation.beforeConfigurationConstruct/1[org.apache.openjpa.jdbc.conf.ConfigurationProvider],5,2,0,0,0,0,0,3,317,1,1,0,false
0.9.6,openjpa-kernel/src/main/java/org/apache/openjpa/meta/NoneMetaDataFactory.java,addClassExtensionKeys/1[java.util.Collection],org.apache.openjpa.meta.NoneMetaDataFactory.addClassExtensionKeys/1[java.util.Collection],2,1,0,0,0,0,0,0,334,2,2,0,false
0.9.6,openjpa-kernel/src/main/java/org/apache/openjpa/util/CharId.java,idEquals/1[org.apache.openjpa.util.OpenJPAId],org.apache.openjpa.util.CharId.idEquals/1[org.apache.openjpa.util.OpenJPAId],3,2,0,0,0,1,0,0,334,1,1,0,false
0.9.6,openjpa-kernel/src/main/java/org/apache/openjpa/meta/SequenceMetaData.java,getSequence/0,org.apache.openjpa.meta.SequenceMetaData.getSequence/0,3,1,0,0,0,1,0,0,334,1,1,0,false
0.9.0,openjpa-kernel/src/main/java/org/apache/openjpa/kernel/BrokerImpl.java,"remove/2[java.lang.Object,org.apache.openjpa.kernel.StateManagerImpl]","org.apache.openjpa.kernel.BrokerImpl.ManagedCache.remove/2[java.lang.Object,org.apache.openjpa.kernel.StateManagerImpl]",17,12,3,0,0,0,1,1,334,5,17,1,false
0.9.6,openjpa-persistence/src/main/java/org/apache/openjpa/persistence/QueryImpl.java,assertBulkModify/0,org.apache.openjpa.kernel.QueryImpl.assertBulkModify/0,5,4,0,0,0,0,8,2,334,5,11,0,false
0.9.6,openjpa-persistence-jdbc/src/main/java/org/apache/openjpa/persistence/jdbc/AnnotationPersistenceMappingParser.java,newColumn/1[org.apache.openjpa.persistence.jdbc.PrimaryKeyJoinColumn],org.apache.openjpa.persistence.jdbc.AnnotationPersistenceMappingParser.newColumn/1[org.apache.openjpa.persistence.jdbc.PrimaryKeyJoinColumn],8,4,1,0,0,1,12,0,317,4,6,0,false
0.9.6,openjpa-kernel/src/main/java/org/apache/openjpa/meta/ClassMetaData.java,validateMapping/1[boolean],org.apache.openjpa.meta.ClassMetaData.validateMapping/1[boolean],3,3,0,0,0,0,1,2,334,3,7,0,false
0.9.6,openjpa-kernel/src/main/java/org/apache/openjpa/meta/FieldMetaData.java,order/1[java.lang.Object],org.apache.openjpa.meta.FieldMetaData.order/1[java.lang.Object],33,13,9,0,0,5,1,2,334,2,2,2,false
0.9.6,openjpa-kernel/src/main/java/org/apache/openjpa/kernel/AttachManager.java,getStrategy/1[java.lang.Object],org.apache.openjpa.kernel.AttachManager.getStrategy/1[java.lang.Object],12,7,4,0,0,4,3,2,334,1,1,3,false
0.9.6,openjpa-jdbc/src/main/java/org/apache/openjpa/jdbc/schema/ColumnIO.java,"isAllInsertable/2[org.apache.openjpa.jdbc.schema.ForeignKey,boolean]","org.apache.openjpa.jdbc.schema.ColumnIO.isAllInsertable/2[org.apache.openjpa.jdbc.schema.ForeignKey,boolean]",3,1,0,0,0,1,0,3,1211,0,0,0,false
0.9.6,openjpa-lib/src/main/java/org/apache/openjpa/lib/util/concurrent/ConcurrentHashMap.java,"ConcurrentHashMap/2[int,float]","org.apache.openjpa.lib.util.ConcurrentHashMap.ConcurrentHashMap/2[int,float]",14,6,6,3,0,0,0,1,243,1,1,0,false
0.9.0,openjpa-kernel/src/main/java/org/apache/openjpa/kernel/AbstractStoreQuery.java,validate/1[org.apache.openjpa.kernel.StoreQuery],org.apache.openjpa.kernel.AbstractStoreQuery.AbstractExecutor.validate/1[org.apache.openjpa.kernel.StoreQuery],2,1,0,0,0,0,0,0,334,3,4,0,false
0.9.6,openjpa-kernel/src/main/java/org/apache/openjpa/kernel/DetachedValueStateManager.java,isFlushed/0,org.apache.openjpa.kernel.DetachedValueStateManager.isFlushed/0,3,1,0,0,0,1,0,0,334,2,2,0,false
0.9.6,openjpa-lib/src/main/java/org/apache/openjpa/lib/log/NoneLogFactory.java,getInstance/0,org.apache.openjpa.lib.log.NoneLogFactory.NoneLog.getInstance/0,3,1,0,0,0,1,3,0,243,1,1,0,false
0.9.6,openjpa-lib/src/main/java/org/apache/openjpa/lib/util/concurrent/ConcurrentHashMap.java,containsNullValue/0,org.apache.openjpa.lib.util.ConcurrentHashMap.containsNullValue/0,9,4,4,0,0,2,1,0,243,1,1,0,false
0.9.6,openjpa-persistence/src/main/java/org/apache/openjpa/persistence/QueryImpl.java,"setParameter/3[int,java.util.Date,org.apache.openjpa.persistence.TemporalType]","org.apache.openjpa.persistence.QueryImpl.setParameter/3[int,java.util.Date,org.apache.openjpa.persistence.TemporalType]",3,1,0,0,0,1,0,1,334,5,11,0,false
0.9.0,openjpa-kernel/src/main/java/org/apache/openjpa/enhance/ApplicationIdTool.java,setIgnoreErrors/1[boolean],org.apache.openjpa.enhance.ApplicationIdTool.setIgnoreErrors/1[boolean],3,1,1,0,0,0,1,0,334,2,2,0,false
0.9.6,openjpa-lib/src/main/java/org/apache/openjpa/lib/meta/URLMetaDataIterator.java,URLMetaDataIterator/1[java.net.URL],org.apache.openjpa.lib.meta.URLMetaDataIterator.URLMetaDataIterator/1[java.net.URL],3,1,1,0,0,0,0,0,243,1,1,0,false
0.9.0,openjpa-slice/src/main/java/org/apache/openjpa/slice/jdbc/DistributedJDBCStoreManager.java,"requiresSelect/4[org.apache.openjpa.jdbc.kernel.FieldMapping,org.apache.openjpa.jdbc.kernel.OpenJPAStateManager,java.util.BitSet,org.apache.openjpa.jdbc.kernel.JDBCFetchState]","org.apache.openjpa.jdbc.kernel.JDBCStoreManager.requiresSelect/4[org.apache.openjpa.jdbc.kernel.FieldMapping,org.apache.openjpa.jdbc.kernel.OpenJPAStateManager,java.util.BitSet,org.apache.openjpa.jdbc.kernel.JDBCFetchState]",5,5,0,0,0,3,2,0,281,1,1,1,false
0.9.0,openjpa-kernel/src/main/java/org/apache/openjpa/event/RemoteCommitEventManager.java,afterCommit/1[org.apache.openjpa.event.TransactionEvent],org.apache.openjpa.event.RemoteCommitEventManager.afterCommit/1[org.apache.openjpa.event.TransactionEvent],6,3,1,0,0,0,0,1,334,1,1,0,false
0.9.0,openjpa-kernel/src/main/java/org/apache/openjpa/kernel/ExpressionStoreQuery.java,AssertNoVariablesExpressionVisitor/1[org.apache.openjpa.kernel.QueryContext],org.apache.openjpa.kernel.ExpressionStoreQuery.InMemoryExecutor.AssertNoVariablesExpressionVisitor.AssertNoVariablesExpressionVisitor/1[org.apache.openjpa.kernel.QueryContext],3,1,1,0,0,0,1,0,334,2,3,0,false
0.9.0,openjpa-lib/src/main/java/org/apache/openjpa/lib/rop/LazyForwardResultList.java,previousIndex/0,org.apache.openjpa.lib.rop.LazyForwardResultList.Itr.previousIndex/0,3,1,0,1,0,1,0,0,243,1,1,0,false
0.9.6,openjpa-kernel/src/main/java/org/apache/openjpa/meta/Extensions.java,"initialize/3[org.apache.openjpa.jdbc.kernel.exps.Select,org.apache.openjpa.jdbc.kernel.exps.ExpContext,java.util.Map]","org.apache.openjpa.jdbc.kernel.exps.Extension.initialize/3[org.apache.openjpa.jdbc.kernel.exps.Select,org.apache.openjpa.jdbc.kernel.exps.ExpContext,java.util.Map]",3,1,0,0,0,1,0,1,1228,0,0,0,false
0.9.6,openjpa-jdbc/src/main/java/org/apache/openjpa/jdbc/meta/strats/MaxEmbeddedByteArrayFieldStrategy.java,"appendIsEmpty/3[org.apache.openjpa.jdbc.meta.SQLBuffer,org.apache.openjpa.jdbc.sql.Select,org.apache.openjpa.jdbc.meta.Joins]","org.apache.openjpa.jdbc.meta.FieldStrategy.appendIsEmpty/3[org.apache.openjpa.jdbc.meta.SQLBuffer,org.apache.openjpa.jdbc.sql.Select,org.apache.openjpa.jdbc.meta.Joins]",1,1,0,0,0,0,0,0,317,1,1,0,false
0.9.6,openjpa-kernel/src/main/java/org/apache/openjpa/datacache/QueryCacheStoreQuery.java,"QueryCacheExecutor/3[org.apache.openjpa.datacache.Executor,org.apache.openjpa.datacache.ClassMetaData,boolean]","org.apache.openjpa.datacache.QueryCacheStoreQuery.QueryCacheExecutor.QueryCacheExecutor/3[org.apache.openjpa.datacache.Executor,org.apache.openjpa.datacache.ClassMetaData,boolean]",5,2,3,0,0,0,1,0,334,2,2,0,false
0.9.0,openjpa-lib/src/main/java/org/apache/openjpa/lib/jdbc/DelegatingCallableStatement.java,"setDate/2[java.lang.String,java.sql.Date]","org.apache.openjpa.lib.jdbc.DelegatingCallableStatement.setDate/2[java.lang.String,java.sql.Date]",3,1,0,0,0,0,0,0,243,1,1,0,false
0.9.6,openjpa-jdbc/src/main/java/org/apache/openjpa/jdbc/meta/strats/FlatClassStrategy.java,map/1[boolean],org.apache.openjpa.jdbc.meta.strats.FlatClassStrategy.map/1[boolean],13,5,3,0,0,0,0,4,317,2,2,4,false
0.9.6,openjpa-persistence/src/main/java/org/apache/openjpa/persistence/FetchAttribute.java,getClassLoader/0,serp.bytecode.Attribute.getClassLoader/0,3,1,0,0,0,1,2,0,334,1,1,0,false
0.9.0,openjpa-kernel/src/main/java/org/apache/openjpa/kernel/exps/GetObjectId.java,"groupBy/4[org.apache.openjpa.jdbc.kernel.exps.Select,org.apache.openjpa.jdbc.kernel.JDBCStore,java.lang.Object[],org.apache.openjpa.jdbc.kernel.JDBCFetchConfiguration]","org.apache.openjpa.jdbc.kernel.exps.GetObjectId.groupBy/4[org.apache.openjpa.jdbc.kernel.exps.Select,org.apache.openjpa.jdbc.kernel.JDBCStore,java.lang.Object[],org.apache.openjpa.jdbc.kernel.JDBCFetchConfiguration]",3,1,0,0,0,0,0,1,334,1,1,0,false
0.9.0,openjpa-persistence/src/main/java/org/apache/openjpa/persistence/DataCache.java,writeLock/0,org.apache.openjpa.datacache.DataCache.writeLock/0,1,1,0,0,0,0,5,0,334,1,1,0,false
0.9.6,openjpa-jdbc/src/main/java/org/apache/openjpa/jdbc/meta/ClassMapping.java,getDefinedFieldMappings/0,org.apache.openjpa.jdbc.meta.ClassMapping.getDefinedFieldMappings/0,3,1,0,0,0,1,1,0,317,2,3,0,false
0.9.6,openjpa-jdbc/src/main/java/org/apache/openjpa/jdbc/meta/strats/PrimitiveFieldStrategy.java,"setAutoAssignedValue/4[org.apache.openjpa.kernel.OpenJPAStateManager,org.apache.openjpa.jdbc.meta.strats.JDBCStore,org.apache.openjpa.jdbc.meta.strats.Column,java.lang.Object]","org.apache.openjpa.jdbc.meta.strats.PrimitiveFieldStrategy.setAutoAssignedValue/4[org.apache.openjpa.kernel.OpenJPAStateManager,org.apache.openjpa.jdbc.meta.strats.JDBCStore,org.apache.openjpa.jdbc.meta.strats.Column,java.lang.Object]",42,20,1,0,0,0,0,8,317,1,1,0,false
0.9.0,openjpa-persistence/src/main/java/org/apache/openjpa/persistence/AnnotationPersistenceMetaDataParser.java,clear/0,org.apache.openjpa.persistence.AnnotationPersistenceMetaDataParser.clear/0,5,1,2,0,0,0,1,0,334,4,5,0,false
0.9.6,openjpa-kernel/src/main/java/org/apache/openjpa/kernel/exps/LessThanEqualExpression.java,"LessThanEqualExpression/2[org.apache.openjpa.kernel.exps.Val,org.apache.openjpa.kernel.exps.Val]","org.apache.openjpa.kernel.exps.LessThanEqualExpression.LessThanEqualExpression/2[org.apache.openjpa.kernel.exps.Val,org.apache.openjpa.kernel.exps.Val]",3,1,0,0,0,0,0,0,334,1,1,0,false
0.9.0,openjpa-lib/src/main/java/org/apache/openjpa/lib/jdbc/DelegatingPreparedStatement.java,getGeneratedKeys/0,org.apache.openjpa.lib.jdbc.DelegatingPreparedStatement.getGeneratedKeys/0,3,1,0,0,0,0,0,0,243,1,1,0,false
0.9.6,openjpa-kernel/src/main/java/org/apache/openjpa/conf/OpenJPAConfigurationImpl.java,setDetachState/1[org.apache.openjpa.conf.DetachOptions],org.apache.openjpa.conf.OpenJPAConfigurationImpl.setDetachState/1[org.apache.openjpa.conf.DetachOptions],4,1,0,0,0,0,0,1,334,3,5,0,false
0.9.0,openjpa-kernel/src/main/java/org/apache/openjpa/util/AbstractLRSProxyCollection.java,contains/1[java.lang.Object],org.apache.openjpa.util.AbstractLRSProxyCollection.contains/1[java.lang.Object],7,6,0,0,0,5,2,1,334,2,2,2,false
0.9.0,openjpa-lib/src/main/java/org/apache/openjpa/lib/jdbc/DelegatingCallableStatement.java,getFetchDirection/0,org.apache.openjpa.lib.jdbc.DelegatingCallableStatement.getFetchDirection/0,3,1,0,0,0,1,0,0,243,1,1,0,false
0.9.6,openjpa-persistence/src/main/java/org/apache/openjpa/persistence/EntityManagerImpl.java,contains/1[java.lang.Object],org.apache.openjpa.persistence.EntityManagerImpl.contains/1[java.lang.Object],6,5,1,0,0,2,2,4,334,4,8,0,false
0.9.6,openjpa-kernel/src/main/java/org/apache/openjpa/kernel/exps/BoundVariable.java,hasVariables/0,org.apache.openjpa.kernel.exps.BoundVariable.hasVariables/0,3,1,0,0,0,1,0,0,334,1,1,0,false
0.9.0,openjpa-jdbc/src/main/java/org/apache/openjpa/jdbc/sql/SelectImpl.java,"containsAll/2[org.apache.openjpa.jdbc.sql.Column[],org.apache.openjpa.jdbc.sql.Column[]]","org.apache.openjpa.jdbc.sql.SelectImpl.containsAll/2[org.apache.openjpa.jdbc.sql.Column[],org.apache.openjpa.jdbc.sql.Column[]]",9,6,5,0,0,2,2,0,317,4,6,0,false
0.9.6,openjpa-kernel/src/main/java/org/apache/openjpa/meta/SequenceMetaData.java,setSequenceFactory/1[org.apache.openjpa.meta.SequenceMetaData.SequenceFactory],org.apache.openjpa.meta.SequenceMetaData.setSequenceFactory/1[org.apache.openjpa.meta.SequenceMetaData.SequenceFactory],3,1,1,0,0,0,0,0,334,1,1,0,false
0.9.0,openjpa-lib/src/main/java/org/apache/openjpa/lib/jdbc/DelegatingDatabaseMetaData.java,getInnermostDelegate/0,org.apache.openjpa.lib.jdbc.DelegatingDatabaseMetaData.getInnermostDelegate/0,3,2,0,0,0,1,3,1,243,2,2,0,false
0.9.6,openjpa-kernel/src/main/java/org/apache/openjpa/meta/ClassMetaData.java,"replaceDefinedSuperclassFields/2[org.apache.openjpa.meta.FieldMetaData[],int]","org.apache.openjpa.meta.ClassMetaData.replaceDefinedSuperclassFields/2[org.apache.openjpa.meta.FieldMetaData[],int]",11,5,3,0,0,1,2,2,334,3,7,0,false
0.9.6,openjpa-jdbc/src/main/java/org/apache/openjpa/jdbc/meta/strats/EmbedFieldStrategy.java,"isCustomInsert/2[org.apache.openjpa.kernel.OpenJPAStateManager,org.apache.openjpa.jdbc.meta.strats.JDBCStore]","org.apache.openjpa.jdbc.meta.strats.EmbedFieldStrategy.isCustomInsert/2[org.apache.openjpa.kernel.OpenJPAStateManager,org.apache.openjpa.jdbc.meta.strats.JDBCStore]",6,3,2,0,0,2,0,3,317,2,2,2,false
0.9.6,openjpa-lib/src/main/java/org/apache/openjpa/lib/util/concurrent/ConcurrentLinkedQueue.java,readObject/1[java.io.ObjectInputStream],org.apache.openjpa.lib.util.concurrent.ConcurrentLinkedQueue.readObject/1[java.io.ObjectInputStream],10,3,3,0,0,0,0,2,243,1,1,0,false
0.9.0,openjpa-jdbc/src/main/java/org/apache/openjpa/jdbc/kernel/exps/NotContainsExpression.java,"appendTo/5[org.apache.openjpa.jdbc.kernel.exps.SQLBuffer,org.apache.openjpa.jdbc.kernel.exps.Select,org.apache.openjpa.jdbc.kernel.exps.JDBCStore,java.lang.Object[],org.apache.openjpa.jdbc.kernel.exps.JDBCFetchConfiguration]","org.apache.openjpa.jdbc.kernel.exps.NotContainsExpression.appendTo/5[org.apache.openjpa.jdbc.kernel.exps.SQLBuffer,org.apache.openjpa.jdbc.kernel.exps.Select,org.apache.openjpa.jdbc.kernel.exps.JDBCStore,java.lang.Object[],org.apache.openjpa.jdbc.kernel.exps.JDBCFetchConfiguration]",13,2,3,0,0,0,0,3,1211,1,1,3,false
0.9.6,openjpa-persistence/src/main/java/org/apache/openjpa/persistence/InvalidStateException.java,readObject/1[java.io.ObjectInputStream],org.apache.openjpa.persistence.InvalidStateException.readObject/1[java.io.ObjectInputStream],5,1,3,0,0,0,0,0,334,1,1,0,false
0.9.0,openjpa-kernel/src/main/java/org/apache/openjpa/enhance/DynamicStorageGenerator.java,forType/1[int],org.apache.openjpa.enhance.DynamicStorageGenerator.forType/1[int],21,9,0,0,0,9,4,0,334,1,1,0,false
0.9.6,openjpa-jdbc/src/main/java/org/apache/openjpa/jdbc/meta/strats/LRSMapFieldStrategy.java,getIndependentKeyMappings/1[boolean],org.apache.openjpa.jdbc.meta.strats.LRSMapFieldStrategy.getIndependentKeyMappings/1[boolean],1,1,0,0,0,0,3,0,317,1,1,0,false
0.9.0,openjpa-jdbc/src/main/java/org/apache/openjpa/jdbc/kernel/exps/Trim.java,"calculateValue/5[org.apache.openjpa.jdbc.sql.Select,org.apache.openjpa.jdbc.kernel.exps.JDBCStore,java.lang.Object[],org.apache.openjpa.jdbc.kernel.exps.Val,org.apache.openjpa.jdbc.kernel.exps.JDBCFetchConfiguration]","org.apache.openjpa.jdbc.kernel.exps.Trim.calculateValue/5[org.apache.openjpa.jdbc.sql.Select,org.apache.openjpa.jdbc.kernel.exps.JDBCStore,java.lang.Object[],org.apache.openjpa.jdbc.kernel.exps.Val,org.apache.openjpa.jdbc.kernel.exps.JDBCFetchConfiguration]",3,1,0,0,0,0,1,0,317,1,1,0,false
0.9.0,openjpa-lib/src/main/java/org/apache/openjpa/lib/log/LogFactoryAdapter.java,newLogAdapter/1[java.lang.String],org.apache.openjpa.lib.log.LogFactoryAdapter.newLogAdapter/1[java.lang.String],1,1,0,0,0,0,1,0,243,1,1,0,false
0.9.6,openjpa-slice/src/main/java/org/apache/openjpa/slice/DistributedBrokerImpl.java,flush/1[int],org.apache.openjpa.kernel.BrokerImpl.flush/1[int],69,40,22,0,2,1,1,15,600,0,0,4,false
0.9.0,openjpa-kernel/src/main/java/org/apache/openjpa/conf/OpenJPAConfiguration.java,getRestoreStateConstant/0,org.apache.openjpa.conf.OpenJPAConfiguration.getRestoreStateConstant/0,1,1,0,0,0,0,0,0,334,1,1,0,false
0.9.6,openjpa-jdbc/src/main/java/org/apache/openjpa/jdbc/meta/QueryResultMapping.java,getDefiningType/0,org.apache.openjpa.jdbc.meta.QueryResultMapping.getDefiningType/0,3,1,0,0,0,1,0,0,317,2,2,0,false
0.9.6,openjpa-kernel/src/main/java/org/apache/openjpa/kernel/DelegatingQuery.java,updateAll/1[java.util.Map],org.apache.openjpa.kernel.DelegatingQuery.updateAll/1[java.util.Map],8,2,0,0,1,1,1,1,334,2,2,1,false
0.9.0,openjpa-jdbc/src/main/java/org/apache/openjpa/jdbc/kernel/exps/PCPath.java,"appendIsNull/5[org.apache.openjpa.jdbc.kernel.exps.SQLBuffer,org.apache.openjpa.jdbc.kernel.exps.Select,org.apache.openjpa.jdbc.kernel.JDBCStore,java.lang.Object[],org.apache.openjpa.jdbc.kernel.JDBCFetchConfiguration]","org.apache.openjpa.jdbc.kernel.exps.PCPath.appendIsNull/5[org.apache.openjpa.jdbc.kernel.exps.SQLBuffer,org.apache.openjpa.jdbc.kernel.exps.Select,org.apache.openjpa.jdbc.kernel.JDBCStore,java.lang.Object[],org.apache.openjpa.jdbc.kernel.JDBCFetchConfiguration]",4,2,0,0,0,0,0,0,317,1,1,0,false
0.9.0,openjpa-lib/src/main/java/org/apache/openjpa/lib/jdbc/DelegatingCallableStatement.java,setFetchSize/1[int],org.apache.openjpa.lib.jdbc.DelegatingCallableStatement.setFetchSize/1[int],3,1,0,0,0,0,0,0,243,1,1,0,false
0.9.6,openjpa-lib/src/main/java/org/apache/openjpa/lib/log/AbstractLog.java,isEnabled/1[short],org.apache.openjpa.lib.log.AbstractLog.isEnabled/1[short],1,1,0,0,0,0,6,0,243,1,1,0,false
0.9.6,openjpa-kernel/src/main/java/org/apache/openjpa/util/ImplHelper.java,getUpdateFields/1[org.apache.openjpa.util.OpenJPAStateManager],org.apache.openjpa.util.ImplHelper.getUpdateFields/1[org.apache.openjpa.util.OpenJPAStateManager],11,8,2,0,0,2,2,0,334,4,5,3,false
0.9.6,openjpa-kernel/src/main/java/org/apache/openjpa/kernel/DelegatingQuery.java,getParameterTypes/0,org.apache.openjpa.kernel.DelegatingQuery.getParameterTypes/0,8,2,0,0,1,1,1,1,334,2,2,1,false
0.9.0,openjpa-kernel/src/main/java/org/apache/openjpa/kernel/StateManagerImpl.java,eraseFlush/0,org.apache.openjpa.kernel.StateManagerImpl.eraseFlush/0,6,2,4,0,0,0,2,1,334,3,10,1,false
0.9.6,openjpa-persistence/src/main/java/org/apache/openjpa/persistence/PersistenceMetaDataFactory.java,setXMLParser/1[org.apache.openjpa.persistence.XMLPersistenceMetaDataParser],org.apache.openjpa.persistence.PersistenceMetaDataFactory.setXMLParser/1[org.apache.openjpa.persistence.XMLPersistenceMetaDataParser],5,3,1,0,0,0,1,1,334,3,4,0,false
0.9.0,openjpa-jdbc/src/main/java/org/apache/openjpa/jdbc/kernel/DelegatingJDBCFetchConfiguration.java,setQueryCache/1[boolean],org.apache.openjpa.kernel.FetchConfiguration.setQueryCache/1[boolean],1,1,0,0,0,0,1,0,317,3,4,0,false
0.9.0,openjpa-lib/src/main/java/org/apache/openjpa/lib/jdbc/DelegatingCallableStatement.java,getBigDecimal/1[int],org.apache.openjpa.lib.jdbc.DelegatingCallableStatement.getBigDecimal/1[int],3,1,0,0,0,1,0,0,243,1,1,0,false
0.9.0,openjpa-kernel/src/main/java/org/apache/openjpa/kernel/StateManagerImpl.java,"calculateLockLevel/3[boolean,boolean,org.apache.openjpa.kernel.FetchConfiguration]","org.apache.openjpa.kernel.StateManagerImpl.calculateLockLevel/3[boolean,boolean,org.apache.openjpa.kernel.FetchConfiguration]",7,6,3,0,0,2,4,3,334,3,10,1,false
0.9.6,openjpa-jdbc/src/main/java/org/apache/openjpa/jdbc/meta/strats/EmbedFieldStrategy.java,getMetaData/0,org.apache.openjpa.jdbc.meta.strats.EmbedFieldStrategy.NullEmbeddedStateManager.getMetaData/0,3,1,0,0,0,1,0,0,317,2,2,0,false
0.9.6,openjpa-kernel/src/main/java/org/apache/openjpa/event/LifecycleEventManager.java,hasListeners/1[int],org.apache.openjpa.event.LifecycleEventManager.ListenerList.hasListeners/1[int],3,2,0,1,0,1,1,0,334,1,1,0,false
0.9.6,openjpa-kernel/src/main/java/org/apache/openjpa/datacache/QueryCacheStoreQuery.java,"CachingResultObjectProvider/3[org.apache.openjpa.datacache.ResultObjectProvider,boolean,org.apache.openjpa.datacache.QueryKey]","org.apache.openjpa.datacache.QueryCacheStoreQuery.CachingResultObjectProvider.CachingResultObjectProvider/3[org.apache.openjpa.datacache.ResultObjectProvider,boolean,org.apache.openjpa.datacache.QueryKey]",6,1,3,0,0,0,1,1,334,2,2,0,false
0.9.6,openjpa-kernel/src/main/java/org/apache/openjpa/abstractstore/AbstractStoreManager.java,"initialize/4[org.apache.openjpa.kernel.OpenJPAStateManager,org.apache.openjpa.abstractstore.PCState,org.apache.openjpa.kernel.FetchConfiguration,java.lang.Object]","org.apache.openjpa.abstractstore.AbstractStoreManager.initialize/4[org.apache.openjpa.kernel.OpenJPAStateManager,org.apache.openjpa.abstractstore.PCState,org.apache.openjpa.kernel.FetchConfiguration,java.lang.Object]",1,1,0,0,0,0,0,0,334,2,2,0,false
0.9.0,openjpa-kernel/src/main/java/org/apache/openjpa/kernel/exps/Cast.java,getType/0,org.apache.openjpa.kernel.exps.Cast.getType/0,3,1,0,0,0,1,0,0,334,1,1,0,false
0.9.6,openjpa-kernel/src/main/java/org/apache/openjpa/kernel/DelegatingQuery.java,hashCode/0,org.apache.openjpa.kernel.DelegatingQuery.hashCode/0,3,1,0,0,0,1,1,1,334,2,2,1,false
0.9.0,openjpa-lib/src/main/java/org/apache/openjpa/lib/util/concurrent/CopyOnWriteArrayList.java,containsAll/1[java.util.Collection],org.apache.openjpa.lib.util.concurrent.CopyOnWriteArrayList.COWSubList.containsAll/1[java.util.Collection],7,3,2,0,0,2,0,2,243,1,1,0,false
0.9.0,openjpa-persistence/src/main/java/org/apache/openjpa/persistence/XMLPersistenceMetaDataParser.java,getPackageAttributeName/0,org.apache.openjpa.persistence.XMLPersistenceMetaDataParser.getPackageAttributeName/0,3,1,0,0,0,1,0,0,334,6,10,0,false
0.9.6,openjpa-jdbc/src/main/java/org/apache/openjpa/jdbc/meta/strats/PrimitiveWrapperArrays.java,"binarySearch/2[long[],long]","org.apache.openjpa.lib.util.concurrent.Arrays.binarySearch/2[long[],long]",3,1,0,0,0,1,0,0,317,1,1,1,false
0.9.6,openjpa-persistence/src/main/java/org/apache/openjpa/persistence/EntityManagerImpl.java,getNontransactionalWrite/0,org.apache.openjpa.persistence.EntityManagerImpl.getNontransactionalWrite/0,3,1,0,0,0,1,0,1,334,4,8,0,false
0.9.0,openjpa-lib/src/main/java/org/apache/openjpa/lib/jdbc/DelegatingCallableStatement.java,"setCharacterStream/3[int,java.io.Reader,int]","org.apache.openjpa.lib.jdbc.DelegatingCallableStatement.setCharacterStream/3[int,java.io.Reader,int]",3,1,0,0,0,0,0,0,243,1,1,0,false
0.9.0,openjpa-jdbc/src/main/java/org/apache/openjpa/jdbc/kernel/exps/JDBCExpressionFactory.java,getCurrentDate/0,org.apache.openjpa.jdbc.kernel.exps.JDBCExpressionFactory.getCurrentDate/0,3,1,0,0,0,1,0,0,317,1,1,0,false
0.9.0,openjpa-jdbc/src/main/java/org/apache/openjpa/jdbc/kernel/exps/UnaryOp.java,getType/1[java.lang.Class],org.apache.openjpa.jdbc.kernel.exps.UnaryOp.getType/1[java.lang.Class],3,1,0,0,0,1,1,0,317,1,1,0,false
0.9.0,openjpa-jdbc/src/main/java/org/apache/openjpa/jdbc/kernel/SQLStoreQuery.java,"getDataStoreActions/4[org.apache.openjpa.jdbc.kernel.StoreQuery,java.lang.Object[],long,long]","org.apache.openjpa.jdbc.kernel.SQLStoreQuery.SQLExecutor.getDataStoreActions/4[org.apache.openjpa.jdbc.kernel.StoreQuery,java.lang.Object[],long,long]",3,1,0,0,0,1,0,0,317,2,2,1,false
0.9.0,openjpa-kernel/src/main/java/org/apache/openjpa/kernel/BrokerImpl.java,commit/0,org.apache.openjpa.kernel.BrokerImpl.commit/0,20,6,1,0,1,0,1,8,334,5,17,3,false
0.9.0,openjpa-lib/src/main/java/org/apache/openjpa/lib/jdbc/DelegatingDatabaseMetaData.java,supportsMultipleResultSets/0,org.apache.openjpa.lib.jdbc.DelegatingDatabaseMetaData.supportsMultipleResultSets/0,3,1,0,0,0,1,0,0,243,2,2,0,false
0.9.0,openjpa-lib/src/main/java/org/apache/openjpa/lib/jdbc/DelegatingDatabaseMetaData.java,getDatabaseProductVersion/0,org.apache.openjpa.lib.jdbc.DelegatingDatabaseMetaData.getDatabaseProductVersion/0,3,1,0,0,0,1,0,0,243,2,2,0,false
0.9.0,openjpa-kernel/src/main/java/org/apache/openjpa/kernel/exps/Concat.java,"toDataStoreValue/2[java.lang.Object,org.apache.openjpa.jdbc.kernel.JDBCStore]","org.apache.openjpa.jdbc.kernel.exps.Concat.toDataStoreValue/2[java.lang.Object,org.apache.openjpa.jdbc.kernel.JDBCStore]",3,1,0,0,0,1,0,0,334,1,1,0,false
0.9.0,openjpa-lib/src/main/java/org/apache/openjpa/lib/jdbc/DelegatingCallableStatement.java,getClob/1[int],org.apache.openjpa.lib.jdbc.DelegatingCallableStatement.getClob/1[int],3,1,0,0,0,1,0,0,243,1,1,0,false
0.9.6,openjpa-jdbc/src/main/java/org/apache/openjpa/jdbc/meta/strats/EmbedFieldStrategy.java,"setBlob/2[org.apache.openjpa.jdbc.meta.strats.Column,java.sql.Blob]","org.apache.openjpa.jdbc.meta.strats.EmbedFieldStrategy.EmbeddedRow.setBlob/2[org.apache.openjpa.jdbc.meta.strats.Column,java.sql.Blob]",3,1,0,0,0,0,0,0,317,2,2,0,false
0.9.6,openjpa-lib/src/main/java/org/apache/openjpa/lib/jdbc/DecoratingDataSource.java,addDecorators/1[java.util.Collection],org.apache.openjpa.lib.jdbc.DecoratingDataSource.addDecorators/1[java.util.Collection],3,2,0,0,0,0,0,0,243,1,1,0,false
0.9.6,openjpa-lib/src/main/java/org/apache/openjpa/lib/util/concurrent/Utils.java,(initializer 1),(initializer 1),30,6,7,1,2,0,0,13,243,1,1,2,false
0.9.0,openjpa-kernel/src/main/java/org/apache/openjpa/datacache/DataCacheManagerImpl.java,getPCDataGenerator/0,org.apache.openjpa.datacache.DataCacheManagerImpl.getPCDataGenerator/0,3,1,0,0,0,1,0,0,334,1,1,0,false
0.9.6,openjpa-kernel/src/main/java/org/apache/openjpa/kernel/BrokerImpl.java,setTransactionListenerCallbackMode/1[int],org.apache.openjpa.kernel.BrokerImpl.setTransactionListenerCallbackMode/1[int],10,2,1,0,1,0,1,2,334,5,17,0,false
0.9.6,openjpa-jdbc/src/main/java/org/apache/openjpa/jdbc/meta/strats/RelationMapTableFieldStrategy.java,importIndex/1[org.apache.openjpa.jdbc.schema.Index],org.apache.openjpa.jdbc.schema.Table.importIndex/1[org.apache.openjpa.jdbc.schema.Index],8,3,3,0,0,2,1,2,317,2,2,1,false
0.9.6,openjpa-lib/src/main/java/org/apache/openjpa/lib/rop/AbstractResultList.java,"getDate/3[org.apache.openjpa.jdbc.sql.Column,java.util.Calendar,org.apache.openjpa.jdbc.sql.Joins]","org.apache.openjpa.jdbc.sql.AbstractResult.getDate/3[org.apache.openjpa.jdbc.sql.Column,java.util.Calendar,org.apache.openjpa.jdbc.sql.Joins]",3,1,0,0,0,1,0,2,243,1,1,0,false
0.9.0,openjpa-lib/src/main/java/org/apache/openjpa/lib/jdbc/DelegatingPreparedStatement.java,getDelegate/0,org.apache.openjpa.lib.jdbc.DelegatingPreparedStatement.getDelegate/0,3,1,0,0,0,1,3,0,243,1,1,0,false
0.9.6,openjpa-jdbc/src/main/java/org/apache/openjpa/jdbc/sql/DBDictionaryFactory.java,getFullName/1[org.apache.openjpa.jdbc.sql.Sequence],org.apache.openjpa.jdbc.sql.DBDictionary.getFullName/1[org.apache.openjpa.jdbc.sql.Sequence],5,4,0,1,0,3,0,0,317,2,2,0,false
0.9.0,openjpa-kernel/src/main/java/org/apache/openjpa/kernel/exps/Constant.java,"newSQLBuffer/4[org.apache.openjpa.jdbc.kernel.exps.Select,org.apache.openjpa.jdbc.kernel.JDBCStore,java.lang.Object[],org.apache.openjpa.jdbc.kernel.JDBCFetchConfiguration]","org.apache.openjpa.jdbc.kernel.exps.Const.newSQLBuffer/4[org.apache.openjpa.jdbc.kernel.exps.Select,org.apache.openjpa.jdbc.kernel.JDBCStore,java.lang.Object[],org.apache.openjpa.jdbc.kernel.JDBCFetchConfiguration]",7,1,1,0,0,1,3,2,334,1,1,0,false
0.9.6,openjpa-lib/src/main/java/org/apache/openjpa/lib/rop/RangeResultObjectProvider.java,"getString/2[org.apache.openjpa.jdbc.sql.Column,org.apache.openjpa.jdbc.sql.Joins]","org.apache.openjpa.jdbc.sql.Result.getString/2[org.apache.openjpa.jdbc.sql.Column,org.apache.openjpa.jdbc.sql.Joins]",1,1,0,0,0,0,3,0,243,1,1,0,false
0.9.0,openjpa-kernel/src/main/java/org/apache/openjpa/enhance/CodeGenerator.java,getCode/0,org.apache.openjpa.enhance.CodeGenerator.getCode/0,3,2,0,0,0,1,0,0,334,1,1,0,false
0.9.6,openjpa-lib/src/main/java/org/apache/openjpa/lib/meta/XMLMetaDataParser.java,getSuffix/0,org.apache.openjpa.lib.meta.XMLMetaDataParser.getSuffix/0,3,1,0,0,0,1,0,0,243,2,2,0,false
0.9.0,openjpa-kernel/src/main/java/org/apache/openjpa/conf/BrokerFactoryValue.java,BrokerFactoryValue/1[java.lang.String],org.apache.openjpa.conf.BrokerFactoryValue.BrokerFactoryValue/1[java.lang.String],4,1,0,0,0,0,0,0,334,2,2,0,false
0.9.6,openjpa-jdbc/src/main/java/org/apache/openjpa/jdbc/meta/strats/EmbedFieldStrategy.java,"setTime/3[org.apache.openjpa.jdbc.meta.strats.Column,java.sql.Time,java.util.Calendar]","org.apache.openjpa.jdbc.meta.strats.EmbedFieldStrategy.EmbeddedRow.setTime/3[org.apache.openjpa.jdbc.meta.strats.Column,java.sql.Time,java.util.Calendar]",3,1,0,0,0,0,0,0,317,2,2,0,false
0.9.6,openjpa-persistence/src/main/java/org/apache/openjpa/persistence/QueryImpl.java,setUnique/1[boolean],org.apache.openjpa.kernel.QueryImpl.setUnique/1[boolean],11,2,1,0,1,0,0,4,334,5,11,0,false
0.9.6,openjpa-jdbc/src/main/java/org/apache/openjpa/jdbc/kernel/JDBCFetchConfigurationImpl.java,isInvalidProperty/1[java.lang.String],org.apache.openjpa.lib.conf.ConfigurationImpl.isInvalidProperty/1[java.lang.String],8,5,2,1,0,2,1,1,317,3,5,1,false
0.9.0,openjpa-kernel/src/main/java/org/apache/openjpa/datacache/DelegatingDataCache.java,remove/1[java.lang.Object],org.apache.openjpa.datacache.DelegatingDataCache.remove/1[java.lang.Object],9,3,0,0,1,2,0,2,334,1,1,1,false
0.9.6,openjpa-jdbc/src/main/java/org/apache/openjpa/jdbc/kernel/JDBCFetchConfigurationImpl.java,clone/0,org.apache.openjpa.lib.conf.ConfigurationImpl.clone/0,17,3,3,0,1,1,0,3,317,3,5,4,false
0.9.0,openjpa-kernel/src/main/java/org/apache/openjpa/event/AbstractTransactionListener.java,afterStateTransitions/1[org.apache.openjpa.event.TransactionEvent],org.apache.openjpa.event.AbstractTransactionListener.afterStateTransitions/1[org.apache.openjpa.event.TransactionEvent],3,1,0,0,0,0,0,1,334,1,1,0,false
0.9.6,openjpa-kernel/src/main/java/org/apache/openjpa/kernel/exps/GetObjectId.java,getMetaData/0,org.apache.openjpa.jdbc.kernel.exps.GetObjectId.getMetaData/0,3,1,0,0,0,1,0,0,334,1,1,0,false
0.9.6,openjpa-kernel/src/main/java/org/apache/openjpa/kernel/DetachedValueStateManager.java,getFlushed/0,org.apache.openjpa.kernel.DetachedValueStateManager.getFlushed/0,3,1,0,0,0,0,0,0,334,2,2,0,false
0.9.6,openjpa-lib/src/main/java/org/apache/openjpa/lib/conf/DoubleValue.java,setInternalString/1[java.lang.String],org.apache.openjpa.lib.conf.DoubleValue.setInternalString/1[java.lang.String],4,2,0,0,0,0,0,1,243,1,1,0,false
0.9.6,openjpa-kernel/src/main/java/org/apache/openjpa/kernel/exps/Lit.java,getType/0,org.apache.openjpa.kernel.exps.Lit.getType/0,3,2,0,0,0,1,0,0,334,1,1,0,false
0.9.0,openjpa-kernel/src/main/java/org/apache/openjpa/kernel/BrokerImpl.java,beforeCompletion/0,org.apache.openjpa.kernel.BrokerImpl.beforeCompletion/0,18,6,0,0,1,0,0,7,334,5,17,1,false
0.9.6,openjpa-jdbc/src/main/java/org/apache/openjpa/jdbc/schema/Schemas.java,removeSequence/1[org.apache.openjpa.jdbc.schema.Sequence],org.apache.openjpa.jdbc.schema.Schema.removeSequence/1[org.apache.openjpa.jdbc.schema.Sequence],11,5,3,0,0,3,1,1,317,1,1,3,false
0.9.0,openjpa-jdbc/src/main/java/org/apache/openjpa/jdbc/kernel/AbstractJDBCSeq.java,setType/1[int],org.apache.openjpa.jdbc.kernel.AbstractJDBCSeq.setType/1[int],3,1,1,0,0,0,0,0,317,2,2,0,false
0.9.0,openjpa-jdbc/src/main/java/org/apache/openjpa/jdbc/kernel/exps/OrExpression.java,"initialize/4[org.apache.openjpa.jdbc.kernel.exps.Select,org.apache.openjpa.jdbc.kernel.exps.JDBCStore,java.lang.Object[],java.util.Map]","org.apache.openjpa.jdbc.kernel.exps.OrExpression.initialize/4[org.apache.openjpa.jdbc.kernel.exps.Select,org.apache.openjpa.jdbc.kernel.exps.JDBCStore,java.lang.Object[],java.util.Map]",16,6,7,0,0,1,0,2,1211,0,0,1,false
0.9.0,openjpa-jdbc/src/main/java/org/apache/openjpa/jdbc/kernel/exps/JDBCExpressionFactory.java,"bindValueVariable/2[org.apache.openjpa.jdbc.kernel.exps.Value,org.apache.openjpa.jdbc.kernel.exps.Value]","org.apache.openjpa.jdbc.kernel.exps.JDBCExpressionFactory.bindValueVariable/2[org.apache.openjpa.jdbc.kernel.exps.Value,org.apache.openjpa.jdbc.kernel.exps.Value]",3,1,0,0,0,1,0,1,317,1,1,0,false
0.9.0,openjpa-jdbc/src/main/java/org/apache/openjpa/jdbc/meta/strats/EmbedValueHandler.java,"alias/3[java.lang.String,java.lang.String[],boolean]","org.apache.openjpa.lib.conf.Value.alias/3[java.lang.String,java.lang.String[],boolean]",7,12,4,1,0,3,1,0,317,1,1,2,false
0.9.0,openjpa-kernel/src/main/java/org/apache/openjpa/kernel/Filters.java,"hintToAggregateListener/2[java.lang.Object,java.lang.ClassLoader]","org.apache.openjpa.kernel.Filters.hintToAggregateListener/2[java.lang.Object,java.lang.ClassLoader]",14,5,2,0,1,3,0,2,334,2,2,1,false
0.9.0,openjpa-jdbc/src/main/java/org/apache/openjpa/jdbc/kernel/exps/IndexOf.java,"calculateValue/5[org.apache.openjpa.jdbc.kernel.exps.Select,org.apache.openjpa.jdbc.kernel.exps.JDBCStore,java.lang.Object[],org.apache.openjpa.jdbc.kernel.exps.Val,org.apache.openjpa.jdbc.kernel.exps.JDBCFetchConfiguration]","org.apache.openjpa.jdbc.kernel.exps.IndexOf.calculateValue/5[org.apache.openjpa.jdbc.kernel.exps.Select,org.apache.openjpa.jdbc.kernel.exps.JDBCStore,java.lang.Object[],org.apache.openjpa.jdbc.kernel.exps.Val,org.apache.openjpa.jdbc.kernel.exps.JDBCFetchConfiguration]",4,1,0,0,0,0,1,1,1211,0,0,0,false
0.9.6,openjpa-lib/src/main/java/org/apache/openjpa/lib/jdbc/LoggingConnectionDecorator.java,getWarningHandler/0,org.apache.openjpa.lib.jdbc.LoggingConnectionDecorator.getWarningHandler/0,3,1,0,0,0,1,0,0,243,1,1,0,false
0.9.0,openjpa-lib/src/main/java/org/apache/openjpa/lib/jdbc/DelegatingDatabaseMetaData.java,getSQLStateType/0,org.apache.openjpa.lib.jdbc.DelegatingDatabaseMetaData.getSQLStateType/0,3,1,0,0,0,0,0,0,243,2,2,0,false
0.9.6,openjpa-jdbc/src/main/java/org/apache/openjpa/jdbc/kernel/exps/PCPath.java,"appendTo/5[org.apache.openjpa.jdbc.kernel.exps.Select,org.apache.openjpa.jdbc.kernel.exps.ExpContext,org.apache.openjpa.jdbc.kernel.exps.ExpState,org.apache.openjpa.jdbc.kernel.exps.SQLBuffer,int]","org.apache.openjpa.jdbc.kernel.exps.PCPath.appendTo/5[org.apache.openjpa.jdbc.kernel.exps.Select,org.apache.openjpa.jdbc.kernel.exps.ExpContext,org.apache.openjpa.jdbc.kernel.exps.ExpState,org.apache.openjpa.jdbc.kernel.exps.SQLBuffer,int]",5,2,1,0,0,0,0,1,317,1,1,0,false
0.9.6,openjpa-examples/src/main/java/relations/Main.java,initFamilyTree/1[relations.EntityManager],relations.Main.initFamilyTree/1[relations.EntityManager],36,1,27,0,0,0,1,2,149,1,1,21,false
0.9.6,openjpa-jdbc/src/main/java/org/apache/openjpa/jdbc/meta/MappingDefaultsImpl.java,setUseClassCriteria/1[boolean],org.apache.openjpa.jdbc.meta.MappingDefaultsImpl.setUseClassCriteria/1[boolean],3,1,1,0,0,0,0,0,317,1,1,0,false
0.9.6,openjpa-jdbc/src/main/java/org/apache/openjpa/jdbc/sql/RowImpl.java,"whereDate/2[org.apache.openjpa.jdbc.sql.Column,java.util.Date]","org.apache.openjpa.jdbc.sql.RowImpl.whereDate/2[org.apache.openjpa.jdbc.sql.Column,java.util.Date]",3,1,0,0,0,0,0,1,1211,0,0,0,false
0.9.6,openjpa-kernel/src/main/java/org/apache/openjpa/kernel/MethodStoreQuery.java,supportsDataStoreExecution/0,org.apache.openjpa.kernel.MethodStoreQuery.supportsDataStoreExecution/0,3,1,0,0,0,1,0,0,334,1,1,0,false
0.9.0,openjpa-jdbc/src/main/java/org/apache/openjpa/jdbc/kernel/SQLProjectionResultObjectProvider.java,close/0,org.apache.openjpa.jdbc.kernel.SQLProjectionResultObjectProvider.close/0,3,1,0,0,0,0,0,0,317,1,1,0,false
0.9.6,openjpa-jdbc/src/main/java/org/apache/openjpa/jdbc/kernel/exps/JDBCAggregateListener.java,getType/1[java.lang.Class[]],org.apache.openjpa.kernel.exps.AggregateListener.getType/1[java.lang.Class[]],1,1,0,0,0,0,0,0,317,1,1,0,false
0.9.0,openjpa-jdbc/src/main/java/org/apache/openjpa/jdbc/kernel/AbstractUpdateManager.java,startConfiguration/0,org.apache.openjpa.jdbc.kernel.AbstractUpdateManager.startConfiguration/0,2,1,0,0,0,0,0,0,317,1,1,0,false
0.9.6,openjpa-jdbc/src/main/java/org/apache/openjpa/jdbc/meta/strats/RelationMapTableFieldStrategy.java,removeUnique/1[org.apache.openjpa.jdbc.schema.Unique],org.apache.openjpa.jdbc.schema.Table.removeUnique/1[org.apache.openjpa.jdbc.schema.Unique],9,6,2,0,0,3,2,1,317,2,2,3,false
0.9.6,openjpa-kernel/src/main/java/org/apache/openjpa/meta/AbstractMetaDataFactory.java,"store/5[org.apache.openjpa.meta.ClassMetaData[],org.apache.openjpa.meta.QueryMetaData[],org.apache.openjpa.meta.SequenceMetaData[],int,java.util.Map]","org.apache.openjpa.meta.AbstractMetaDataFactory.store/5[org.apache.openjpa.meta.ClassMetaData[],org.apache.openjpa.meta.QueryMetaData[],org.apache.openjpa.meta.SequenceMetaData[],int,java.util.Map]",3,1,0,0,0,1,0,0,334,2,2,0,false
0.9.6,openjpa-kernel/src/main/java/org/apache/openjpa/meta/SequenceMetaData.java,"toSequence/2[java.lang.Class,java.lang.String]","org.apache.openjpa.meta.SequenceMetaData.SequenceFactory.toSequence/2[java.lang.Class,java.lang.String]",1,1,0,0,0,0,1,0,334,1,1,0,false
0.9.0,openjpa-lib/src/main/java/org/apache/openjpa/lib/rop/ResultList.java,isProviderOpen/0,org.apache.openjpa.lib.rop.ResultList.isProviderOpen/0,1,1,0,0,0,0,0,0,243,1,1,0,false
0.9.0,openjpa-kernel/src/main/java/org/apache/openjpa/abstractstore/AbstractStoreManager.java,newFetchConfiguration/0,org.apache.openjpa.kernel.StoreManager.newFetchConfiguration/0,1,1,0,0,0,0,1,0,334,2,2,0,false
0.9.6,openjpa-jdbc/src/main/java/org/apache/openjpa/jdbc/meta/strats/StringFieldStrategy.java,"where/4[org.apache.openjpa.jdbc.meta.strats.OpenJPAStateManager,org.apache.openjpa.jdbc.meta.strats.JDBCStore,org.apache.openjpa.jdbc.meta.strats.RowManager,java.lang.Object]","org.apache.openjpa.jdbc.meta.strats.StringFieldStrategy.where/4[org.apache.openjpa.jdbc.meta.strats.OpenJPAStateManager,org.apache.openjpa.jdbc.meta.strats.JDBCStore,org.apache.openjpa.jdbc.meta.strats.RowManager,java.lang.Object]",7,3,2,0,0,1,0,0,317,1,1,1,false
0.9.6,openjpa-jdbc/src/main/java/org/apache/openjpa/jdbc/kernel/FinderQueryImpl.java,toArray/0,org.apache.openjpa.kernel.QueryImpl.RemoveOnCloseResultList.toArray/0,3,1,0,0,0,1,0,0,261,0,0,0,false
0.9.0,openjpa-lib/src/main/java/org/apache/openjpa/lib/util/concurrent/ConcurrentReferenceHashMap.java,remove/1[java.lang.Object],.remove/1[java.lang.Object],19,7,10,1,0,3,0,6,243,1,1,6,false
0.9.6,openjpa-kernel/src/main/java/org/apache/openjpa/kernel/PCDataImpl.java,loadImplData/1[org.apache.openjpa.kernel.OpenJPAStateManager],org.apache.openjpa.kernel.PCDataImpl.loadImplData/1[org.apache.openjpa.kernel.OpenJPAStateManager],4,3,1,0,0,0,4,3,334,2,2,0,false
0.9.6,openjpa-jdbc/src/main/java/org/apache/openjpa/jdbc/sql/SelectImpl.java,clone/1[org.apache.openjpa.jdbc.sql.SelectImpl],org.apache.openjpa.jdbc.sql.SelectImpl.SelectJoins.clone/1[org.apache.openjpa.jdbc.sql.SelectImpl],8,4,5,0,0,1,4,1,317,4,6,0,false
0.9.6,openjpa-jdbc/src/main/java/org/apache/openjpa/jdbc/sql/SQLBuffer.java,"appendValue/2[long,org.apache.openjpa.jdbc.sql.Column]","org.apache.openjpa.jdbc.sql.SQLBuffer.appendValue/2[long,org.apache.openjpa.jdbc.sql.Column]",3,1,0,0,0,1,0,1,317,1,1,0,false
0.9.0,openjpa-lib/src/main/java/org/apache/openjpa/lib/jdbc/DelegatingDatabaseMetaData.java,dataDefinitionCausesTransactionCommit/0,org.apache.openjpa.lib.jdbc.DelegatingDatabaseMetaData.dataDefinitionCausesTransactionCommit/0,3,1,0,0,0,1,0,0,243,2,2,0,false
0.9.0,openjpa-jdbc/src/main/java/org/apache/openjpa/jdbc/kernel/OperationOrderUpdateManager.java,orderDirty/0,org.apache.openjpa.jdbc.kernel.UpdateManager.orderDirty/0,1,1,0,0,0,0,1,0,317,1,1,0,false
0.9.6,openjpa-jdbc/src/main/java/org/apache/openjpa/jdbc/meta/strats/NumberVersionStrategy.java,getInitialValue/0,org.apache.openjpa.jdbc.meta.strats.NumberVersionStrategy.getInitialValue/0,3,1,0,0,0,1,0,0,317,1,1,0,false
0.9.0,openjpa-jdbc/src/main/java/org/apache/openjpa/jdbc/meta/strats/RelationFieldStrategy.java,"join/2[org.apache.openjpa.jdbc.sql.Joins,boolean]","org.apache.openjpa.jdbc.meta.strats.RelationFieldStrategy.join/2[org.apache.openjpa.jdbc.sql.Joins,boolean]",7,4,1,0,0,3,3,2,317,3,4,0,false
0.9.6,openjpa-jdbc/src/main/java/org/apache/openjpa/jdbc/sql/DBDictionaryFactory.java,"supportsRandomAccessResultSet/2[org.apache.openjpa.jdbc.sql.Select,boolean]","org.apache.openjpa.jdbc.sql.DBDictionary.supportsRandomAccessResultSet/2[org.apache.openjpa.jdbc.sql.Select,boolean]",3,1,0,0,0,1,1,1,317,2,2,0,false
0.9.0,openjpa-jdbc/src/main/java/org/apache/openjpa/jdbc/kernel/MappedQueryResultObjectProvider.java,"getBigDecimalInternal/2[java.lang.Object,org.apache.openjpa.jdbc.kernel.Joins]","org.apache.openjpa.jdbc.kernel.MappedQueryResultObjectProvider.MappingResult.getBigDecimalInternal/2[java.lang.Object,org.apache.openjpa.jdbc.kernel.Joins]",4,2,0,0,0,2,0,0,317,1,1,0,false
0.9.6,openjpa-jdbc/src/main/java/org/apache/openjpa/jdbc/meta/MappingDefaultsImpl.java,setIndexVersion/1[boolean],org.apache.openjpa.jdbc.meta.MappingDefaultsImpl.setIndexVersion/1[boolean],3,1,1,0,0,0,0,0,317,1,1,0,false
0.9.6,openjpa-persistence/src/main/java/org/apache/openjpa/persistence/QueryImpl.java,addAggregateListener/1[org.apache.openjpa.kernel.exps.AggregateListener],org.apache.openjpa.persistence.QueryImpl.addAggregateListener/1[org.apache.openjpa.kernel.exps.AggregateListener],4,1,0,0,0,1,1,1,334,5,11,0,false
0.9.6,openjpa-jdbc/src/main/java/org/apache/openjpa/jdbc/sql/DBDictionaryFactory.java,"appendNumericCast/2[org.apache.openjpa.jdbc.sql.SQLBuffer,org.apache.openjpa.jdbc.sql.FilterValue]","org.apache.openjpa.jdbc.sql.DBDictionary.appendNumericCast/2[org.apache.openjpa.jdbc.sql.SQLBuffer,org.apache.openjpa.jdbc.sql.FilterValue]",4,2,0,0,0,0,1,1,317,2,2,0,false
0.9.0,openjpa-kernel/src/main/java/org/apache/openjpa/kernel/exps/Literal.java,getValue/0,org.apache.openjpa.kernel.exps.Literal.getValue/0,1,1,0,0,0,0,0,0,334,1,1,0,false
0.9.6,openjpa-jdbc/src/main/java/org/apache/openjpa/jdbc/sql/SQLExceptions.java,clear/0,serp.bytecode.Exceptions.clear/0,3,1,0,0,0,0,1,0,317,3,3,0,false
0.9.6,openjpa-lib/src/main/java/org/apache/openjpa/lib/util/CodeFormat.java,remove/0,serp.bytecode.Code.remove/0,3,1,0,0,0,0,0,1,243,1,1,0,false
0.9.6,openjpa-lib/src/main/java/org/apache/openjpa/lib/log/Log4JLogFactory.java,warn/1[java.lang.Object],org.apache.openjpa.lib.log.Log4JLogFactory.LogAdapter.warn/1[java.lang.Object],3,1,0,0,0,0,0,0,243,1,1,0,false
0.9.0,openjpa-kernel/src/main/java/org/apache/openjpa/kernel/StoreContext.java,getStateManager/1[java.lang.Object],org.apache.openjpa.kernel.StoreContext.getStateManager/1[java.lang.Object],1,1,0,0,0,0,2,0,334,1,1,0,false
0.9.0,openjpa-jdbc/src/main/java/org/apache/openjpa/jdbc/kernel/exps/PCPath.java,"selectColumns/5[org.apache.openjpa.jdbc.kernel.exps.Select,org.apache.openjpa.jdbc.kernel.exps.JDBCStore,java.lang.Object[],boolean,org.apache.openjpa.jdbc.kernel.exps.JDBCFetchConfiguration]","org.apache.openjpa.jdbc.kernel.exps.PCPath.selectColumns/5[org.apache.openjpa.jdbc.kernel.exps.Select,org.apache.openjpa.jdbc.kernel.exps.JDBCStore,java.lang.Object[],boolean,org.apache.openjpa.jdbc.kernel.exps.JDBCFetchConfiguration]",9,5,2,0,0,0,1,2,317,1,1,1,false
0.9.0,openjpa-jdbc/src/main/java/org/apache/openjpa/jdbc/kernel/AbstractJDBCSeq.java,"current/2[org.apache.openjpa.jdbc.kernel.StoreContext,org.apache.openjpa.jdbc.kernel.ClassMetaData]","org.apache.openjpa.jdbc.kernel.AbstractJDBCSeq.current/2[org.apache.openjpa.jdbc.kernel.StoreContext,org.apache.openjpa.jdbc.kernel.ClassMetaData]",18,4,1,0,1,1,0,4,317,2,2,1,false
0.9.6,openjpa-lib/src/main/java/org/apache/openjpa/lib/jdbc/JDBCEventConnectionDecorator.java,commit/0,org.apache.openjpa.lib.jdbc.JDBCEventConnectionDecorator.EventConnection.commit/0,9,1,1,0,1,0,0,2,243,1,1,0,false
0.9.0,openjpa-jdbc/src/main/java/org/apache/openjpa/jdbc/meta/strats/RelationFieldStrategy.java,"appendIsNotNull/3[org.apache.openjpa.jdbc.meta.strats.SQLBuffer,org.apache.openjpa.jdbc.sql.Select,org.apache.openjpa.jdbc.sql.Joins]","org.apache.openjpa.jdbc.meta.strats.RelationFieldStrategy.appendIsNotNull/3[org.apache.openjpa.jdbc.meta.strats.SQLBuffer,org.apache.openjpa.jdbc.sql.Select,org.apache.openjpa.jdbc.sql.Joins]",9,3,2,0,0,0,0,3,317,3,4,0,false
0.9.6,openjpa-kernel/src/main/java/org/apache/openjpa/kernel/DelegatingQuery.java,"setResultMapping/2[java.lang.Class,java.lang.String]","org.apache.openjpa.kernel.DelegatingQuery.setResultMapping/2[java.lang.Class,java.lang.String]",8,2,0,0,1,0,0,1,334,2,2,1,false
0.9.0,openjpa-kernel/src/main/java/org/apache/openjpa/kernel/DelegatingBrokerFactory.java,lock/0,org.apache.openjpa.kernel.DelegatingBroker.lock/0,8,2,0,0,1,0,1,1,334,1,1,1,false
0.9.0,openjpa-slice/src/main/java/org/apache/openjpa/slice/jdbc/DistributedJDBCStoreManager.java,"createEagerSelects/6[org.apache.openjpa.jdbc.kernel.Select,org.apache.openjpa.jdbc.kernel.ClassMapping,org.apache.openjpa.jdbc.kernel.OpenJPAStateManager,java.util.BitSet,org.apache.openjpa.jdbc.kernel.JDBCFetchState,int]","org.apache.openjpa.jdbc.kernel.JDBCStoreManager.createEagerSelects/6[org.apache.openjpa.jdbc.kernel.Select,org.apache.openjpa.jdbc.kernel.ClassMapping,org.apache.openjpa.jdbc.kernel.OpenJPAStateManager,java.util.BitSet,org.apache.openjpa.jdbc.kernel.JDBCFetchState,int]",24,26,10,0,0,2,2,4,281,1,1,0,false
0.9.6,openjpa-jdbc/src/main/java/org/apache/openjpa/jdbc/sql/SQLBuffer.java,sqlEquals/1[java.lang.String],org.apache.openjpa.jdbc.sql.SQLBuffer.sqlEquals/1[java.lang.String],3,1,0,0,0,1,0,0,317,1,1,0,false
0.9.0,openjpa-kernel/src/main/java/org/apache/openjpa/kernel/MethodStoreQuery.java,getContext/0,org.apache.openjpa.kernel.StoreQuery.getContext/0,1,1,0,0,0,0,32,0,334,1,1,0,false
0.9.6,openjpa-jdbc/src/main/java/org/apache/openjpa/jdbc/meta/strats/StoreCollectionFieldStrategy.java,"join/2[org.apache.openjpa.jdbc.meta.strats.Joins,org.apache.openjpa.jdbc.meta.strats.ClassMapping]","org.apache.openjpa.jdbc.meta.strats.StoreCollectionFieldStrategy.join/2[org.apache.openjpa.jdbc.meta.strats.Joins,org.apache.openjpa.jdbc.meta.strats.ClassMapping]",1,1,0,0,0,0,3,0,317,2,2,0,false
0.9.6,openjpa-kernel/src/main/java/org/apache/openjpa/meta/AbstractCFMetaDataFactory.java,addMetaData/1[org.apache.openjpa.meta.ClassMetaData],org.apache.openjpa.meta.AbstractCFMetaDataFactory.Serializer.addMetaData/1[org.apache.openjpa.meta.ClassMetaData],1,1,0,0,0,0,1,0,334,3,5,0,false
0.9.6,openjpa-jdbc/src/main/java/org/apache/openjpa/jdbc/kernel/JDBCFetchConfigurationImpl.java,newPropertyList/0,org.apache.openjpa.lib.conf.ConfigurationImpl.newPropertyList/0,7,3,3,2,0,1,1,2,317,3,5,0,false
0.9.0,openjpa-kernel/src/main/java/org/apache/openjpa/datacache/DelegatingQueryCache.java,clear/0,org.apache.openjpa.datacache.DelegatingQueryCache.clear/0,9,3,0,0,1,1,0,2,334,1,1,1,false
0.9.0,openjpa-slice/src/main/java/org/apache/openjpa/slice/jdbc/DistributedJDBCStoreManager.java,rollbackOptimistic/0,org.apache.openjpa.jdbc.kernel.JDBCStoreManager.rollbackOptimistic/0,2,1,0,0,0,0,0,0,281,1,1,0,false
0.9.0,openjpa-kernel/src/main/java/org/apache/openjpa/event/AbstractTransactionListener.java,afterRollbackComplete/1[org.apache.openjpa.event.TransactionEvent],org.apache.openjpa.event.AbstractTransactionListener.afterRollbackComplete/1[org.apache.openjpa.event.TransactionEvent],3,1,0,0,0,0,0,1,334,1,1,0,false
0.9.0,openjpa-persistence/src/main/java/org/apache/openjpa/persistence/query/ConstantExpression.java,getValue/1[java.lang.Object[]],org.apache.openjpa.jdbc.kernel.exps.Const.getValue/1[java.lang.Object[]],3,1,0,0,0,1,0,1,362,0,0,0,false
0.9.0,openjpa-lib/src/main/java/org/apache/openjpa/lib/jdbc/DelegatingDatabaseMetaData.java,getJDBCMajorVersion/0,org.apache.openjpa.lib.jdbc.DelegatingDatabaseMetaData.getJDBCMajorVersion/0,3,1,0,0,0,0,0,0,243,2,2,0,false
0.9.6,openjpa-kernel/src/main/java/org/apache/openjpa/kernel/ObjectIdStateManager.java,"storeBooleanField/2[int,boolean]","org.apache.openjpa.kernel.ObjectIdStateManager.storeBooleanField/2[int,boolean]",3,1,0,0,0,0,0,1,334,3,3,0,false
0.9.0,openjpa-jdbc/src/main/java/org/apache/openjpa/jdbc/meta/MappingRepository.java,endConfiguration/0,org.apache.openjpa.jdbc.meta.MappingRepository.endConfiguration/0,6,2,3,0,0,0,1,2,317,2,2,2,false
0.9.6,openjpa-jdbc/src/main/java/org/apache/openjpa/jdbc/sql/SelectImpl.java,"addEagerResults/4[org.apache.openjpa.jdbc.sql.SelectImpl.SelectResult,org.apache.openjpa.jdbc.sql.SelectImpl,org.apache.openjpa.jdbc.sql.JDBCStore,org.apache.openjpa.jdbc.sql.JDBCFetchConfiguration]","org.apache.openjpa.jdbc.sql.SelectImpl.addEagerResults/4[org.apache.openjpa.jdbc.sql.SelectImpl.SelectResult,org.apache.openjpa.jdbc.sql.SelectImpl,org.apache.openjpa.jdbc.sql.JDBCStore,org.apache.openjpa.jdbc.sql.JDBCFetchConfiguration]",17,5,6,0,0,1,3,0,317,4,6,2,false
0.9.6,openjpa-jdbc/src/main/java/org/apache/openjpa/jdbc/sql/LogicalUnion.java,having/1[org.apache.openjpa.jdbc.sql.SQLBuffer],org.apache.openjpa.jdbc.sql.LogicalUnion.UnionSelect.having/1[org.apache.openjpa.jdbc.sql.SQLBuffer],3,1,0,0,0,0,0,1,317,3,4,0,false
0.9.0,openjpa-jdbc/src/main/java/org/apache/openjpa/jdbc/kernel/JDBCStoreManager.java,"load/5[org.apache.openjpa.jdbc.kernel.OpenJPAStateManager,java.util.BitSet,org.apache.openjpa.kernel.FetchState,int,java.lang.Object]","org.apache.openjpa.jdbc.kernel.JDBCStoreManager.load/5[org.apache.openjpa.jdbc.kernel.OpenJPAStateManager,java.util.BitSet,org.apache.openjpa.kernel.FetchState,int,java.lang.Object]",42,13,12,0,2,2,0,4,317,3,5,4,false
0.9.6,openjpa-persistence/src/main/java/org/apache/openjpa/persistence/QueryImpl.java,MergedExecutor/1[StoreQuery.Executor[]],org.apache.openjpa.kernel.QueryImpl.MergedExecutor.MergedExecutor/1[StoreQuery.Executor[]],3,1,1,0,0,0,1,0,334,5,11,0,false
0.9.6,openjpa-persistence/src/main/java/org/apache/openjpa/persistence/EntityManagerImpl.java,setNontransactionalRead/1[boolean],org.apache.openjpa.persistence.EntityManagerImpl.setNontransactionalRead/1[boolean],3,1,0,0,0,0,0,1,334,4,8,0,false
0.9.0,openjpa-kernel/src/main/java/org/apache/openjpa/datacache/DelegatingQueryCache.java,addTypesChangedListener/1[org.apache.openjpa.datacache.TypesChangedListener],org.apache.openjpa.datacache.DelegatingQueryCache.addTypesChangedListener/1[org.apache.openjpa.datacache.TypesChangedListener],9,3,0,0,1,1,0,2,334,1,1,1,false
0.9.0,openjpa-kernel/src/main/java/org/apache/openjpa/conf/OpenJPAConfiguration.java,getFilterListenerInstances/0,org.apache.openjpa.conf.OpenJPAConfiguration.getFilterListenerInstances/0,1,1,0,0,0,0,0,0,334,1,1,0,false
0.9.6,openjpa-jdbc/src/main/java/org/apache/openjpa/jdbc/sql/SelectImpl.java,"execute/3[org.apache.openjpa.jdbc.sql.JDBCStore,org.apache.openjpa.jdbc.sql.JDBCFetchConfiguration,int]","org.apache.openjpa.jdbc.sql.SelectImpl.execute/3[org.apache.openjpa.jdbc.sql.JDBCStore,org.apache.openjpa.jdbc.sql.JDBCFetchConfiguration,int]",4,2,1,0,0,1,1,3,317,4,6,0,false
0.9.0,openjpa-kernel/src/main/java/org/apache/openjpa/datacache/DataCacheManagerImpl.java,getDataCacheScheduler/0,org.apache.openjpa.datacache.DataCacheManagerImpl.getDataCacheScheduler/0,3,1,0,0,0,1,0,0,334,1,1,0,false
0.9.6,openjpa-persistence-jdbc/src/main/java/org/apache/openjpa/persistence/jdbc/ForeignKeyAction.java,"columnsMatch/2[org.apache.openjpa.jdbc.schema.Column[],org.apache.openjpa.jdbc.schema.Column[]]","org.apache.openjpa.jdbc.schema.ForeignKey.columnsMatch/2[org.apache.openjpa.jdbc.schema.Column[],org.apache.openjpa.jdbc.schema.Column[]]",3,1,0,0,0,1,2,3,317,1,1,0,false
0.9.6,openjpa-persistence/src/main/java/org/apache/openjpa/persistence/QueryImpl.java,execute/1[java.lang.Object[]],org.apache.openjpa.kernel.QueryImpl.execute/1[java.lang.Object[]],3,1,0,0,0,1,1,2,334,5,11,0,false
0.9.6,openjpa-kernel/src/main/java/org/apache/openjpa/meta/AbstractCFMetaDataFactory.java,isParseTopDown/0,org.apache.openjpa.meta.AbstractCFMetaDataFactory.isParseTopDown/0,3,1,0,0,0,1,2,0,334,3,5,0,false
0.9.6,openjpa-jdbc/src/main/java/org/apache/openjpa/jdbc/meta/strats/HandlerFieldStrategy.java,"getJoinValue/3[org.apache.openjpa.jdbc.meta.strats.OpenJPAStateManager,org.apache.openjpa.jdbc.meta.strats.Column,org.apache.openjpa.jdbc.meta.strats.JDBCStore]","org.apache.openjpa.jdbc.meta.strats.HandlerFieldStrategy.getJoinValue/3[org.apache.openjpa.jdbc.meta.strats.OpenJPAStateManager,org.apache.openjpa.jdbc.meta.strats.Column,org.apache.openjpa.jdbc.meta.strats.JDBCStore]",3,1,0,0,0,1,0,1,317,1,1,0,false
0.9.6,openjpa-lib/src/main/java/org/apache/openjpa/lib/util/CodeFormat.java,clearExceptionHandlers/0,serp.bytecode.Code.clearExceptionHandlers/0,8,2,2,0,0,0,1,1,243,1,1,0,false
0.9.0,openjpa-persistence/src/main/java/org/apache/openjpa/persistence/XMLPersistenceMetaDataSerializer.java,addOneToOneAttributes/1[org.apache.openjpa.persistence.FieldMetaData],org.apache.openjpa.persistence.XMLPersistenceMetaDataSerializer.addOneToOneAttributes/1[org.apache.openjpa.persistence.FieldMetaData],4,3,0,0,0,0,1,1,334,2,2,0,false
0.9.0,openjpa-jdbc/src/main/java/org/apache/openjpa/jdbc/kernel/JDBCStoreManager.java,close/0,org.apache.openjpa.jdbc.kernel.JDBCStoreManager.close/0,3,2,0,0,0,0,0,1,317,3,5,0,false
0.9.0,openjpa-kernel/src/main/java/org/apache/openjpa/enhance/PCRegistry.java,isRegistered/1[java.lang.Class],org.apache.openjpa.enhance.PCRegistry.isRegistered/1[java.lang.Class],3,1,0,0,0,1,0,0,334,2,2,0,false
0.9.6,openjpa-jdbc/src/main/java/org/apache/openjpa/jdbc/meta/ReverseCustomizer.java,setTool/1[org.apache.openjpa.jdbc.meta.ReverseMappingTool],org.apache.openjpa.jdbc.meta.ReverseCustomizer.setTool/1[org.apache.openjpa.jdbc.meta.ReverseMappingTool],1,1,0,0,0,0,0,0,317,1,1,0,false
0.9.6,openjpa-jdbc/src/main/java/org/apache/openjpa/jdbc/sql/SQLExceptions.java,addException/1[java.lang.Class],serp.bytecode.Exceptions.addException/1[java.lang.Class],3,1,0,0,0,0,0,1,317,3,3,0,false
0.9.0,openjpa-lib/src/main/java/org/apache/openjpa/lib/jdbc/DelegatingDatabaseMetaData.java,isCatalogAtStart/0,org.apache.openjpa.lib.jdbc.DelegatingDatabaseMetaData.isCatalogAtStart/0,3,1,0,0,0,1,0,0,243,2,2,0,false
0.9.6,openjpa-kernel/src/main/java/org/apache/openjpa/kernel/TransferFieldManager.java,fetchIntField/1[int],org.apache.openjpa.kernel.TransferFieldManager.fetchIntField/1[int],3,1,0,0,0,1,0,0,334,1,1,0,false
0.9.0,openjpa-jdbc/src/main/java/org/apache/openjpa/jdbc/kernel/exps/Trim.java,"select/5[org.apache.openjpa.jdbc.sql.Select,org.apache.openjpa.jdbc.kernel.exps.JDBCStore,java.lang.Object[],boolean,org.apache.openjpa.jdbc.kernel.exps.JDBCFetchConfiguration]","org.apache.openjpa.jdbc.kernel.exps.Trim.select/5[org.apache.openjpa.jdbc.sql.Select,org.apache.openjpa.jdbc.kernel.exps.JDBCStore,java.lang.Object[],boolean,org.apache.openjpa.jdbc.kernel.exps.JDBCFetchConfiguration]",3,1,0,0,0,0,0,2,317,1,1,0,false
0.9.0,openjpa-lib/src/main/java/org/apache/openjpa/lib/util/concurrent/CopyOnWriteArrayList.java,addIfAbsent/1[java.lang.Object],org.apache.openjpa.lib.util.concurrent.CopyOnWriteArrayList.addIfAbsent/1[java.lang.Object],12,2,4,1,0,2,0,3,243,1,1,0,false
0.9.6,openjpa-slice/src/main/java/org/apache/openjpa/slice/DistributedBrokerImpl.java,newInstance/1[java.lang.Class],org.apache.openjpa.kernel.BrokerImpl.newInstance/1[java.lang.Class],16,5,2,0,1,1,0,1,600,0,0,5,false
0.9.6,openjpa-lib/src/main/java/org/apache/openjpa/lib/util/concurrent/FIFOWaitQueue.java,doWaitUninterruptibly/1[org.apache.openjpa.lib.util.concurrent.WaitQueue.QueuedSync],org.apache.openjpa.lib.util.concurrent.WaitQueue.WaitNode.doWaitUninterruptibly/1[org.apache.openjpa.lib.util.concurrent.WaitQueue.QueuedSync],18,5,2,0,2,0,1,1,243,1,1,1,false
0.9.6,openjpa-kernel/src/main/java/org/apache/openjpa/meta/ClassMetaData.java,getDeclaredInterfaces/0,org.apache.openjpa.meta.ClassMetaData.getDeclaredInterfaces/0,4,2,0,0,0,2,0,0,334,3,7,0,false
0.9.0,openjpa-kernel/src/main/java/org/apache/openjpa/datacache/DelegatingDataCache.java,writeUnlock/0,org.apache.openjpa.datacache.DelegatingDataCache.writeUnlock/0,9,3,0,0,1,1,0,2,334,1,1,1,false
0.9.0,openjpa-jdbc/src/main/java/org/apache/openjpa/jdbc/kernel/exps/JDBCExpressionFactory.java,"indexOf/2[org.apache.openjpa.jdbc.kernel.exps.Value,org.apache.openjpa.jdbc.kernel.exps.Value]","org.apache.openjpa.jdbc.kernel.exps.JDBCExpressionFactory.indexOf/2[org.apache.openjpa.jdbc.kernel.exps.Value,org.apache.openjpa.jdbc.kernel.exps.Value]",3,1,0,0,0,1,0,1,317,1,1,0,false
0.9.6,openjpa-jdbc/src/main/java/org/apache/openjpa/jdbc/meta/strats/EmbedFieldStrategy.java,"whereDate/2[org.apache.openjpa.jdbc.meta.strats.Column,java.util.Date]","org.apache.openjpa.jdbc.meta.strats.EmbedFieldStrategy.EmbeddedRow.whereDate/2[org.apache.openjpa.jdbc.meta.strats.Column,java.util.Date]",3,1,0,0,0,0,0,0,317,2,2,0,false
0.9.6,openjpa-lib/src/main/java/org/apache/openjpa/lib/meta/XMLMetaDataParser.java,setParseText/1[boolean],org.apache.openjpa.lib.meta.XMLMetaDataParser.setParseText/1[boolean],3,1,1,0,0,0,2,0,243,2,2,0,false
0.9.6,openjpa-slice/src/main/java/org/apache/openjpa/slice/DistributedBrokerImpl.java,assertOpen/0,org.apache.openjpa.kernel.BrokerImpl.assertOpen/0,3,2,0,0,0,0,35,0,600,0,0,0,false
0.9.6,openjpa-jdbc/src/main/java/org/apache/openjpa/jdbc/meta/strats/MaxEmbeddedLobFieldStrategy.java,"update/3[org.apache.openjpa.jdbc.meta.strats.OpenJPAStateManager,org.apache.openjpa.jdbc.meta.strats.JDBCStore,org.apache.openjpa.jdbc.meta.strats.RowManager]","org.apache.openjpa.jdbc.meta.strats.MaxEmbeddedLobFieldStrategy.update/3[org.apache.openjpa.jdbc.meta.strats.OpenJPAStateManager,org.apache.openjpa.jdbc.meta.strats.JDBCStore,org.apache.openjpa.jdbc.meta.strats.RowManager]",5,3,1,0,0,1,0,1,317,1,1,1,false
0.9.6,openjpa-jdbc/src/main/java/org/apache/openjpa/jdbc/meta/strats/PrimitiveWrapperArrays.java,"sort/4[java.lang.Object[],int,int,java.util.Comparator]","org.apache.openjpa.lib.util.concurrent.Arrays.sort/4[java.lang.Object[],int,int,java.util.Comparator]",3,1,0,0,0,0,0,0,317,1,1,1,false
0.9.0,openjpa-kernel/src/main/java/org/apache/openjpa/kernel/StateManagerImpl.java,isVersionUpdateRequired/0,org.apache.openjpa.kernel.StateManagerImpl.isVersionUpdateRequired/0,3,2,0,0,0,1,0,0,334,3,10,0,false
0.9.6,openjpa-jdbc/src/main/java/org/apache/openjpa/jdbc/meta/strats/HandlerFieldStrategy.java,"toDataStoreValue/2[java.lang.Object,org.apache.openjpa.jdbc.meta.strats.JDBCStore]","org.apache.openjpa.jdbc.meta.strats.HandlerFieldStrategy.toDataStoreValue/2[java.lang.Object,org.apache.openjpa.jdbc.meta.strats.JDBCStore]",3,1,0,0,0,1,0,1,317,1,1,0,false
0.9.6,openjpa-lib/src/main/java/org/apache/openjpa/lib/util/CodeFormat.java,dupx2/0,serp.bytecode.Code.dupx2/0,3,1,0,0,0,1,0,1,243,1,1,0,false
0.9.0,openjpa-lib/src/main/java/org/apache/openjpa/lib/util/ParameterTemplate.java,getParameter/1[java.lang.String],org.apache.openjpa.lib.util.ParameterTemplate.getParameter/1[java.lang.String],3,1,0,0,0,1,0,0,243,1,1,0,false
0.9.6,openjpa-jdbc/src/main/java/org/apache/openjpa/jdbc/sql/DBDictionaryFactory.java,decorate/1[java.sql.Connection],org.apache.openjpa.jdbc.sql.DBDictionary.decorate/1[java.sql.Connection],21,7,2,0,2,1,0,1,317,2,2,4,false
0.9.6,openjpa-jdbc/src/main/java/org/apache/openjpa/jdbc/meta/strats/AbstractFieldStrategy.java,"appendSize/3[org.apache.openjpa.jdbc.meta.strats.SQLBuffer,org.apache.openjpa.jdbc.meta.strats.Select,org.apache.openjpa.jdbc.meta.strats.Joins]","org.apache.openjpa.jdbc.meta.strats.AbstractFieldStrategy.appendSize/3[org.apache.openjpa.jdbc.meta.strats.SQLBuffer,org.apache.openjpa.jdbc.meta.strats.Select,org.apache.openjpa.jdbc.meta.strats.Joins]",3,1,0,0,0,0,0,0,317,1,1,0,false
0.9.6,openjpa-lib/src/main/java/org/apache/openjpa/lib/meta/ClassArgParser.java,getFromMetaDataFile/1[java.io.File],org.apache.openjpa.lib.meta.ClassArgParser.getFromMetaDataFile/1[java.io.File],14,3,2,0,2,1,1,1,243,1,1,1,false
0.9.0,openjpa-jdbc/src/main/java/org/apache/openjpa/jdbc/kernel/GenericResultObjectProvider.java,handleCheckedException/1[java.lang.Exception],org.apache.openjpa.jdbc.kernel.GenericResultObjectProvider.handleCheckedException/1[java.lang.Exception],4,2,0,0,0,0,0,1,317,1,1,0,false
0.9.0,openjpa-jdbc/src/main/java/org/apache/openjpa/jdbc/kernel/exps/NotContainsExpression.java,"appendTo/5[org.apache.openjpa.jdbc.kernel.exps.SQLBuffer,org.apache.openjpa.jdbc.kernel.exps.Select,org.apache.openjpa.jdbc.kernel.JDBCStore,java.lang.Object[],org.apache.openjpa.jdbc.kernel.JDBCFetchConfiguration]","org.apache.openjpa.jdbc.kernel.exps.NotContainsExpression.appendTo/5[org.apache.openjpa.jdbc.kernel.exps.SQLBuffer,org.apache.openjpa.jdbc.kernel.exps.Select,org.apache.openjpa.jdbc.kernel.JDBCStore,java.lang.Object[],org.apache.openjpa.jdbc.kernel.JDBCFetchConfiguration]",13,2,3,0,0,0,0,5,317,1,1,3,false
0.9.6,openjpa-persistence/src/main/java/org/apache/openjpa/persistence/query/ConstantExpression.java,"getValue/2[org.apache.openjpa.jdbc.kernel.exps.ExpContext,org.apache.openjpa.jdbc.kernel.exps.ExpState]","org.apache.openjpa.jdbc.kernel.exps.Const.getValue/2[org.apache.openjpa.jdbc.kernel.exps.ExpContext,org.apache.openjpa.jdbc.kernel.exps.ExpState]",3,1,0,0,0,1,7,1,362,0,0,0,false
0.9.6,openjpa-lib/src/main/java/org/apache/openjpa/lib/meta/XMLMetaDataParser.java,currentDepth/0,org.apache.openjpa.lib.meta.XMLMetaDataParser.currentDepth/0,3,1,0,0,0,1,4,0,243,2,2,0,false
0.9.6,openjpa-jdbc/src/main/java/org/apache/openjpa/jdbc/kernel/JDBCFetchConfigurationImpl.java,preClose/0,org.apache.openjpa.lib.conf.ConfigurationImpl.preClose/0,2,1,0,0,0,0,1,0,317,3,5,0,false
0.9.6,openjpa-jdbc/src/main/java/org/apache/openjpa/jdbc/kernel/exps/SelectConstructor.java,"groupBy/2[org.apache.openjpa.jdbc.sql.Column,boolean]","org.apache.openjpa.jdbc.sql.Select.groupBy/2[org.apache.openjpa.jdbc.sql.Column,boolean]",1,1,0,0,0,0,1,0,317,1,1,0,false
0.9.0,openjpa-lib/src/main/java/org/apache/openjpa/lib/jdbc/DelegatingResultSet.java,getUnicodeStream/1[java.lang.String],org.apache.openjpa.lib.jdbc.DelegatingResultSet.getUnicodeStream/1[java.lang.String],3,1,0,0,0,1,0,0,243,1,1,0,false
0.9.6,openjpa-kernel/src/main/java/org/apache/openjpa/conf/OpenJPAConfigurationImpl.java,getConnectionProperties/0,org.apache.openjpa.conf.OpenJPAConfigurationImpl.getConnectionProperties/0,3,1,0,0,0,1,0,0,334,3,5,0,false
0.9.0,openjpa-jdbc/src/main/java/org/apache/openjpa/jdbc/sql/OracleDictionary.java,"getIndexInfo/7[java.sql.DatabaseMetaData,java.lang.String,java.lang.String,java.lang.String,boolean,boolean,java.sql.Connection]","org.apache.openjpa.jdbc.sql.OracleDictionary.getIndexInfo/7[java.sql.DatabaseMetaData,java.lang.String,java.lang.String,java.lang.String,boolean,boolean,java.sql.Connection]",29,10,6,0,3,1,0,2,317,2,3,0,false
0.9.6,openjpa-jdbc/src/main/java/org/apache/openjpa/jdbc/meta/strats/StringFieldStrategy.java,getColumns/0,org.apache.openjpa.jdbc.meta.strats.StringFieldStrategy.getColumns/0,3,1,0,0,0,1,0,1,317,1,1,0,false
0.9.0,openjpa-kernel/src/main/java/org/apache/openjpa/enhance/PersistenceCapable.java,pcFetchObjectId/0,org.apache.openjpa.enhance.PersistenceCapable.pcFetchObjectId/0,1,1,0,0,0,0,1,0,334,2,2,0,false
0.9.0,openjpa-kernel/src/main/java/org/apache/openjpa/kernel/QueryContext.java,lock/0,org.apache.openjpa.kernel.QueryContext.lock/0,1,1,0,0,0,0,1,0,334,2,2,0,false
0.9.6,openjpa-jdbc/src/main/java/org/apache/openjpa/jdbc/kernel/FinderQueryImpl.java,addAggregateListener/1[org.apache.openjpa.kernel.AggregateListener],org.apache.openjpa.kernel.QueryImpl.addAggregateListener/1[org.apache.openjpa.kernel.AggregateListener],12,2,1,0,1,0,0,4,261,0,0,0,false
0.9.6,openjpa-lib/src/main/java/org/apache/openjpa/lib/util/concurrent/FIFOCondVar.java,signalAll/0,org.apache.openjpa.lib.util.concurrent.FIFOCondVar.signalAll/0,10,4,1,0,0,1,0,1,243,1,1,1,false
0.9.0,openjpa-lib/src/main/java/org/apache/openjpa/lib/jdbc/DelegatingDatabaseMetaData.java,getMaxColumnsInSelect/0,org.apache.openjpa.lib.jdbc.DelegatingDatabaseMetaData.getMaxColumnsInSelect/0,3,1,0,0,0,1,0,0,243,2,2,0,false
0.9.6,openjpa-kernel/src/main/java/org/apache/openjpa/meta/FieldMetaData.java,getFieldMetaData/0,org.apache.openjpa.meta.FieldMetaData.getFieldMetaData/0,3,1,0,0,0,1,0,0,334,2,2,0,false
0.9.0,openjpa-jdbc/src/main/java/org/apache/openjpa/jdbc/conf/JDBCConfigurationImpl.java,setSchemaFactory/1[org.apache.openjpa.jdbc.conf.SchemaFactory],org.apache.openjpa.jdbc.conf.JDBCConfigurationImpl.setSchemaFactory/1[org.apache.openjpa.jdbc.conf.SchemaFactory],4,1,0,0,0,0,0,1,317,1,1,0,false
0.9.6,openjpa-jdbc/src/main/java/org/apache/openjpa/jdbc/kernel/exps/SelectConstructor.java,"groupBy/2[org.apache.openjpa.jdbc.sql.Column[],org.apache.openjpa.jdbc.sql.Joins]","org.apache.openjpa.jdbc.sql.Select.groupBy/2[org.apache.openjpa.jdbc.sql.Column[],org.apache.openjpa.jdbc.sql.Joins]",1,1,0,0,0,0,0,0,317,1,1,0,false
0.9.6,openjpa-jdbc/src/main/java/org/apache/openjpa/jdbc/kernel/FinderQueryImpl.java,addFilterListener/1[org.apache.openjpa.kernel.FilterListener],org.apache.openjpa.kernel.QueryImpl.addFilterListener/1[org.apache.openjpa.kernel.FilterListener],12,2,1,0,1,0,0,4,261,0,0,0,false
0.9.6,openjpa-lib/src/main/java/org/apache/openjpa/lib/util/Localizer.java,addProvider/1[org.apache.openjpa.lib.util.ResourceBundleProvider],org.apache.openjpa.lib.util.Localizer.addProvider/1[org.apache.openjpa.lib.util.ResourceBundleProvider],3,1,0,0,0,0,0,0,243,1,1,0,false
0.9.6,openjpa-kernel/src/main/java/org/apache/openjpa/kernel/ObjectIdStateManager.java,"storeByte/2[int,byte]","org.apache.openjpa.kernel.ObjectIdStateManager.storeByte/2[int,byte]",3,1,0,0,0,0,1,1,334,3,3,0,false
0.9.0,openjpa-persistence/src/main/java/org/apache/openjpa/persistence/OpenJPAEntityManagerFactory.java,releaseAll/1[java.util.Collection],org.apache.openjpa.persistence.OpenJPAEntityManager.releaseAll/1[java.util.Collection],1,1,0,0,0,0,0,0,334,1,1,0,false
0.9.6,openjpa-jdbc/src/main/java/org/apache/openjpa/jdbc/meta/ClassMapping.java,setTable/1[org.apache.openjpa.jdbc.meta.Table],org.apache.openjpa.jdbc.meta.ClassMapping.setTable/1[org.apache.openjpa.jdbc.meta.Table],3,1,1,0,0,0,0,0,317,2,3,0,false
0.9.0,openjpa-lib/src/main/java/org/apache/openjpa/lib/util/CodeFormat.java,clone/0,org.apache.openjpa.lib.util.CodeFormat.clone/0,11,1,8,0,0,1,0,1,243,1,1,0,false
0.9.6,openjpa-jdbc/src/main/java/org/apache/openjpa/jdbc/meta/strats/EmbedFieldStrategy.java,"whereArray/2[org.apache.openjpa.jdbc.meta.strats.Column,java.sql.Array]","org.apache.openjpa.jdbc.meta.strats.EmbedFieldStrategy.EmbeddedRow.whereArray/2[org.apache.openjpa.jdbc.meta.strats.Column,java.sql.Array]",3,1,0,0,0,0,0,0,317,2,2,0,false
0.9.6,openjpa-kernel/src/main/java/org/apache/openjpa/datacache/QueryCacheStoreQuery.java,getAscending/1[org.apache.openjpa.datacache.StoreQuery],org.apache.openjpa.datacache.QueryCacheStoreQuery.QueryCacheExecutor.getAscending/1[org.apache.openjpa.datacache.StoreQuery],3,1,0,0,0,1,0,1,334,2,2,0,false
0.9.0,openjpa-persistence/src/main/java/org/apache/openjpa/persistence/AnnotationPersistenceMetaDataParser.java,getConfiguration/0,org.apache.openjpa.persistence.AnnotationPersistenceMetaDataParser.getConfiguration/0,3,1,0,0,0,1,0,0,334,4,5,0,false
0.9.6,openjpa-persistence-jdbc/src/main/java/org/apache/openjpa/persistence/jdbc/XMLPersistenceMappingParser.java,startFieldResult/1[org.xml.sax.Attributes],org.apache.openjpa.persistence.jdbc.XMLPersistenceMappingParser.startFieldResult/1[org.xml.sax.Attributes],7,1,3,0,0,1,2,2,317,5,5,1,false
0.9.0,openjpa-jdbc/src/main/java/org/apache/openjpa/jdbc/kernel/JDBCFetchConfigurationImpl.java,hasAnyFetchGroup/1[java.util.Set],org.apache.openjpa.kernel.FetchConfigurationImpl.hasAnyFetchGroup/1[java.util.Set],5,5,1,0,0,3,0,1,317,3,5,0,false
0.9.0,openjpa-persistence/src/main/java/org/apache/openjpa/persistence/AnnotationPersistenceMetaDataParser.java,"handleUnknownMemberAnnotation/2[org.apache.openjpa.meta.FieldMetaData,java.lang.annotation.Annotation]","org.apache.openjpa.persistence.AnnotationPersistenceMetaDataParser.handleUnknownMemberAnnotation/2[org.apache.openjpa.meta.FieldMetaData,java.lang.annotation.Annotation]",3,1,0,0,0,1,1,0,1228,4,7,0,false
0.9.6,openjpa-jdbc/src/main/java/org/apache/openjpa/jdbc/conf/JDBCProductDerivation.java,initializeBrokerFactoryValueAliases/1[java.util.Map],org.apache.openjpa.jdbc.conf.JDBCProductDerivation.initializeBrokerFactoryValueAliases/1[java.util.Map],3,1,0,0,0,0,0,0,317,1,1,0,false
0.9.0,openjpa-kernel/src/main/java/org/apache/openjpa/kernel/exps/Constant.java,"toDataStoreValue/2[java.lang.Object,org.apache.openjpa.jdbc.kernel.exps.JDBCStore]","org.apache.openjpa.jdbc.kernel.exps.Const.toDataStoreValue/2[java.lang.Object,org.apache.openjpa.jdbc.kernel.exps.JDBCStore]",3,1,0,0,0,1,0,0,334,1,1,0,false
0.9.0,openjpa-kernel/src/main/java/org/apache/openjpa/util/ExceptionInfo.java,getNestedThrowables/0,org.apache.openjpa.util.ExceptionInfo.getNestedThrowables/0,1,1,0,0,0,0,0,0,334,1,2,0,false
0.9.6,openjpa-persistence/src/main/java/org/apache/openjpa/persistence/RollbackException.java,getType/0,org.apache.openjpa.persistence.RollbackException.getType/0,3,1,0,0,0,1,0,0,334,1,1,0,false
0.9.6,openjpa-jdbc/src/main/java/org/apache/openjpa/jdbc/sql/LogicalUnion.java,"groupBy/4[org.apache.openjpa.jdbc.sql.ClassMapping,int,org.apache.openjpa.jdbc.sql.JDBCStore,org.apache.openjpa.jdbc.sql.JDBCFetchConfiguration]","org.apache.openjpa.jdbc.sql.LogicalUnion.UnionSelect.groupBy/4[org.apache.openjpa.jdbc.sql.ClassMapping,int,org.apache.openjpa.jdbc.sql.JDBCStore,org.apache.openjpa.jdbc.sql.JDBCFetchConfiguration]",3,1,0,0,0,0,0,1,317,3,4,0,false
0.9.6,openjpa-lib/src/main/java/org/apache/openjpa/lib/jdbc/LoggingConnectionDecorator.java,"setLogParameter/3[int,java.lang.String,java.lang.Object]","org.apache.openjpa.lib.jdbc.LoggingConnectionDecorator.LoggingConnection.LoggingPreparedStatement.setLogParameter/3[int,java.lang.String,java.lang.Object]",3,2,0,1,0,0,22,2,243,1,1,0,false
0.9.0,openjpa-kernel/src/main/java/org/apache/openjpa/kernel/QueryContext.java,"setCandidateType/2[java.lang.Class,boolean]","org.apache.openjpa.kernel.QueryContext.setCandidateType/2[java.lang.Class,boolean]",1,1,0,0,0,0,1,0,334,2,2,0,false
0.9.6,openjpa-slice/src/main/java/org/apache/openjpa/slice/DistributedBrokerImpl.java,"setAutoDetach/2[int,boolean]","org.apache.openjpa.kernel.BrokerImpl.setAutoDetach/2[int,boolean]",5,2,2,0,0,0,0,1,600,0,0,0,false
0.9.0,openjpa-kernel/src/main/java/org/apache/openjpa/meta/Extensions.java,hasContainsExpression/0,org.apache.openjpa.jdbc.kernel.exps.Extension.hasContainsExpression/0,3,1,0,0,0,1,0,0,334,1,1,0,false
0.9.0,openjpa-lib/src/main/java/org/apache/openjpa/lib/ant/AbstractTask.java,assertFiles/1[java.lang.String[]],org.apache.openjpa.lib.ant.AbstractTask.assertFiles/1[java.lang.String[]],3,2,0,0,0,0,2,0,243,1,1,1,false
0.9.6,openjpa-slice/src/main/java/org/apache/openjpa/slice/DistributedBrokerImpl.java,"delete/3[java.lang.Object,org.apache.openjpa.kernel.StateManagerImpl,org.apache.openjpa.kernel.OpCallbacks]","org.apache.openjpa.kernel.BrokerImpl.delete/3[java.lang.Object,org.apache.openjpa.kernel.StateManagerImpl,org.apache.openjpa.kernel.OpCallbacks]",16,11,1,0,0,3,2,9,600,0,0,1,false
0.9.6,openjpa-jdbc/src/main/java/org/apache/openjpa/jdbc/sql/LogicalUnion.java,"UnionSelect/2[org.apache.openjpa.jdbc.sql.SelectImpl,int]","org.apache.openjpa.jdbc.sql.LogicalUnion.UnionSelect.UnionSelect/2[org.apache.openjpa.jdbc.sql.SelectImpl,int]",5,1,2,0,0,0,1,1,317,3,4,0,false
0.9.0,openjpa-jdbc/src/main/java/org/apache/openjpa/jdbc/meta/strats/RelationToManyTableFieldStrategy.java,"join/2[org.apache.openjpa.jdbc.sql.Joins,boolean]","org.apache.openjpa.jdbc.meta.strats.RelationToManyTableFieldStrategy.join/2[org.apache.openjpa.jdbc.sql.Joins,boolean]",3,1,0,0,0,1,1,0,317,2,2,0,false
0.9.6,openjpa-jdbc/src/main/java/org/apache/openjpa/jdbc/meta/strats/RelationCollectionTableFieldStrategy.java,"joinElementRelation/2[org.apache.openjpa.jdbc.meta.strats.Joins,org.apache.openjpa.jdbc.meta.ClassMapping]","org.apache.openjpa.jdbc.meta.strats.RelationCollectionTableFieldStrategy.joinElementRelation/2[org.apache.openjpa.jdbc.meta.strats.Joins,org.apache.openjpa.jdbc.meta.ClassMapping]",3,1,0,0,0,1,0,0,317,2,2,0,false
0.9.6,openjpa-persistence/src/main/java/org/apache/openjpa/persistence/AnnotationPersistenceXMLMetaDataParser.java,setClassLoader/1[java.lang.ClassLoader],org.apache.openjpa.lib.meta.XMLMetaDataParser.setClassLoader/1[java.lang.ClassLoader],3,1,1,0,0,0,0,0,825,0,0,0,false
0.9.0,openjpa-jdbc/src/main/java/org/apache/openjpa/jdbc/sql/SelectImpl.java,"groupBy/2[org.apache.openjpa.jdbc.sql.Column,boolean]","org.apache.openjpa.jdbc.sql.SelectImpl.groupBy/2[org.apache.openjpa.jdbc.sql.Column,boolean]",3,1,0,0,0,1,0,1,317,4,6,0,false
0.9.6,openjpa-kernel/src/main/java/org/apache/openjpa/kernel/StateManagerImpl.java,"nonprovisional/2[boolean,org.apache.openjpa.kernel.OpCallbacks]","org.apache.openjpa.kernel.StateManagerImpl.nonprovisional/2[boolean,org.apache.openjpa.kernel.OpCallbacks]",3,1,0,0,0,0,1,2,334,3,10,0,false
0.9.0,openjpa-kernel/src/main/java/org/apache/openjpa/datacache/DataCachePCDataGenerator.java,"decorate/2[org.apache.openjpa.datacache.BCClass,org.apache.openjpa.datacache.ClassMetaData]","org.apache.openjpa.datacache.DataCachePCDataGenerator.decorate/2[org.apache.openjpa.datacache.BCClass,org.apache.openjpa.datacache.ClassMetaData]",7,1,0,0,0,0,0,5,334,1,1,0,false
0.9.0,openjpa-jdbc/src/main/java/org/apache/openjpa/jdbc/sql/SQLExceptions.java,getSQLExceptions/1[java.sql.SQLException],org.apache.openjpa.jdbc.sql.SQLExceptions.getSQLExceptions/1[java.sql.SQLException],9,4,2,0,0,2,1,0,317,3,3,0,false
0.9.0,openjpa-kernel/src/main/java/org/apache/openjpa/kernel/DelegatingStoreManager.java,newQuery/1[java.lang.String],org.apache.openjpa.kernel.DelegatingStoreManager.newQuery/1[java.lang.String],3,1,0,0,0,1,1,1,334,1,1,0,false
0.9.6,openjpa-persistence/src/main/java/org/apache/openjpa/persistence/StoreCacheImpl.java,getMetaData/1[java.lang.Class],org.apache.openjpa.persistence.StoreCacheImpl.getMetaData/1[java.lang.Class],8,2,0,0,1,1,8,1,315,1,1,1,false
0.9.0,openjpa-jdbc/src/main/java/org/apache/openjpa/jdbc/kernel/DelegatingJDBCFetchConfiguration.java,getSubclassFetchMode/1[org.apache.openjpa.jdbc.kernel.ClassMapping],org.apache.openjpa.jdbc.kernel.JDBCFetchConfiguration.getSubclassFetchMode/1[org.apache.openjpa.jdbc.kernel.ClassMapping],1,1,0,0,0,0,6,0,317,3,4,0,false
0.9.6,openjpa-kernel/src/main/java/org/apache/openjpa/kernel/exps/StringContains.java,"evaluate/6[java.lang.Object,java.lang.Class,java.lang.Object[],java.lang.Class[],java.lang.Object,org.apache.openjpa.kernel.StoreContext]","org.apache.openjpa.kernel.exps.StringContains.evaluate/6[java.lang.Object,java.lang.Class,java.lang.Object[],java.lang.Class[],java.lang.Object,org.apache.openjpa.kernel.StoreContext]",5,4,0,0,0,3,0,0,334,1,1,1,false
0.9.6,openjpa-kernel/src/main/java/org/apache/openjpa/meta/FieldMetaData.java,usesImplData/0,org.apache.openjpa.meta.FieldMetaData.usesImplData/0,3,1,0,0,0,1,4,0,334,2,2,0,false
0.9.6,openjpa-jdbc/src/main/java/org/apache/openjpa/jdbc/meta/FieldMapping.java,isMapped/0,org.apache.openjpa.jdbc.meta.FieldMapping.isMapped/0,3,2,0,0,0,1,1,0,317,1,1,0,false
0.9.0,openjpa-lib/src/main/java/org/apache/openjpa/lib/util/TypedProperties.java,"setProperty/2[java.lang.String,int]","org.apache.openjpa.lib.util.TypedProperties.setProperty/2[java.lang.String,int]",3,1,0,0,0,0,0,1,243,1,1,0,false
0.9.0,openjpa-kernel/src/main/java/org/apache/openjpa/kernel/Filters.java,"op/3[double,double,int]","org.apache.openjpa.kernel.Filters.op/3[double,double,int]",23,6,5,5,0,1,1,1,334,2,2,0,false
0.9.0,openjpa-lib/src/main/java/org/apache/openjpa/lib/rop/AbstractNonSequentialResultList.java,iterator/0,org.apache.openjpa.lib.rop.AbstractNonSequentialResultList.iterator/0,3,1,0,0,0,1,1,1,243,1,1,0,false
0.9.6,openjpa-kernel/src/main/java/org/apache/openjpa/kernel/exps/Sqrt.java,Sqrt/1[org.apache.openjpa.kernel.exps.Val],org.apache.openjpa.kernel.exps.Sqrt.Sqrt/1[org.apache.openjpa.kernel.exps.Val],3,1,0,0,0,0,0,0,334,1,1,0,false
0.9.6,openjpa-kernel/src/main/java/org/apache/openjpa/kernel/UUIDHexSeq.java,close/0,org.apache.openjpa.kernel.UUIDHexSeq.close/0,2,1,0,0,0,0,0,0,334,1,1,0,false
0.9.0,openjpa-jdbc/src/main/java/org/apache/openjpa/jdbc/sql/DBDictionaryFactory.java,getDropForeignKeySQL/1[org.apache.openjpa.jdbc.schema.ForeignKey],org.apache.openjpa.jdbc.sql.DBDictionary.getDropForeignKeySQL/1[org.apache.openjpa.jdbc.schema.ForeignKey],4,2,0,1,0,2,0,1,317,2,2,0,false
0.9.0,openjpa-slice/src/main/java/org/apache/openjpa/slice/jdbc/DistributedJDBCStoreManager.java,"optSelect/4[org.apache.openjpa.jdbc.kernel.FieldMapping,org.apache.openjpa.jdbc.kernel.Select,org.apache.openjpa.jdbc.kernel.OpenJPAStateManager,org.apache.openjpa.jdbc.kernel.JDBCFetchState]","org.apache.openjpa.jdbc.kernel.JDBCStoreManager.optSelect/4[org.apache.openjpa.jdbc.kernel.FieldMapping,org.apache.openjpa.jdbc.kernel.Select,org.apache.openjpa.jdbc.kernel.OpenJPAStateManager,org.apache.openjpa.jdbc.kernel.JDBCFetchState]",3,4,0,0,0,1,1,1,281,1,1,1,false
0.9.6,openjpa-jdbc/src/main/java/org/apache/openjpa/jdbc/sql/DBDictionaryFactory.java,getForeignKeyConstraintSQL/1[org.apache.openjpa.jdbc.sql.ForeignKey],org.apache.openjpa.jdbc.sql.DBDictionary.getForeignKeyConstraintSQL/1[org.apache.openjpa.jdbc.sql.ForeignKey],30,20,8,0,0,5,1,6,317,2,2,2,false
0.9.6,openjpa-kernel/src/main/java/org/apache/openjpa/kernel/exps/CompareExpression.java,"appendTo/4[org.apache.openjpa.jdbc.kernel.exps.Select,org.apache.openjpa.jdbc.kernel.exps.ExpContext,org.apache.openjpa.jdbc.kernel.exps.ExpState,org.apache.openjpa.jdbc.kernel.exps.SQLBuffer]","org.apache.openjpa.jdbc.kernel.exps.CompareExpression.appendTo/4[org.apache.openjpa.jdbc.kernel.exps.Select,org.apache.openjpa.jdbc.kernel.exps.ExpContext,org.apache.openjpa.jdbc.kernel.exps.ExpState,org.apache.openjpa.jdbc.kernel.exps.SQLBuffer]",8,3,1,0,0,0,0,1,1228,0,0,0,false
0.9.6,openjpa-persistence/src/main/java/org/apache/openjpa/persistence/PersistenceExceptions.java,translateStoreException/1[org.apache.openjpa.persistence.OpenJPAException],org.apache.openjpa.persistence.PersistenceExceptions.translateStoreException/1[org.apache.openjpa.persistence.OpenJPAException],18,4,4,0,0,1,1,2,334,2,4,0,false
0.9.6,openjpa-jdbc/src/main/java/org/apache/openjpa/jdbc/kernel/exps/IndexOf.java,"appendTo/5[org.apache.openjpa.jdbc.kernel.exps.Select,org.apache.openjpa.jdbc.kernel.exps.ExpContext,org.apache.openjpa.jdbc.kernel.exps.ExpState,org.apache.openjpa.jdbc.kernel.exps.SQLBuffer,int]","org.apache.openjpa.jdbc.kernel.exps.IndexOf.appendTo/5[org.apache.openjpa.jdbc.kernel.exps.Select,org.apache.openjpa.jdbc.kernel.exps.ExpContext,org.apache.openjpa.jdbc.kernel.exps.ExpState,org.apache.openjpa.jdbc.kernel.exps.SQLBuffer,int]",13,2,7,0,0,0,1,2,1211,0,0,2,false
0.9.0,openjpa-kernel/src/main/java/org/apache/openjpa/kernel/exps/NotExpression.java,NotExpression/1[org.apache.openjpa.jdbc.kernel.exps.Exp],org.apache.openjpa.jdbc.kernel.exps.NotExpression.NotExpression/1[org.apache.openjpa.jdbc.kernel.exps.Exp],3,1,1,0,0,0,1,0,334,1,1,0,false
0.9.6,openjpa-kernel/src/main/java/org/apache/openjpa/meta/AbstractMetaDataFactory.java,newClassArgParser/0,org.apache.openjpa.meta.AbstractMetaDataFactory.newClassArgParser/0,3,1,0,0,0,1,2,1,334,2,2,0,false
0.9.6,openjpa-jdbc/src/main/java/org/apache/openjpa/jdbc/meta/strats/EmbedFieldStrategy.java,"storeFloatField/2[int,float]","org.apache.openjpa.jdbc.meta.strats.EmbedFieldStrategy.NullEmbeddedStateManager.storeFloatField/2[int,float]",3,1,0,0,0,0,0,0,317,2,2,0,false
0.9.0,openjpa-jdbc/src/main/java/org/apache/openjpa/jdbc/sql/SelectImpl.java,"groupBy/3[org.apache.openjpa.jdbc.sql.SQLBuffer,org.apache.openjpa.jdbc.sql.Joins,boolean]","org.apache.openjpa.jdbc.sql.SelectImpl.groupBy/3[org.apache.openjpa.jdbc.sql.SQLBuffer,org.apache.openjpa.jdbc.sql.Joins,boolean]",11,4,2,0,0,3,9,4,317,4,6,0,false
0.9.0,openjpa-kernel/src/main/java/org/apache/openjpa/kernel/exps/UnboundVariable.java,"eval/4[java.lang.Object,java.lang.Object,org.apache.openjpa.kernel.exps.StoreContext,java.lang.Object[]]","org.apache.openjpa.kernel.exps.UnboundVariable.eval/4[java.lang.Object,java.lang.Object,org.apache.openjpa.kernel.exps.StoreContext,java.lang.Object[]]",3,1,0,0,0,1,0,0,334,1,1,0,false
0.9.6,openjpa-kernel/src/main/java/org/apache/openjpa/kernel/exps/SubQ.java,"initialize/3[org.apache.openjpa.jdbc.kernel.exps.Select,org.apache.openjpa.jdbc.kernel.exps.JDBCStore,boolean]","org.apache.openjpa.jdbc.kernel.exps.SubQ.initialize/3[org.apache.openjpa.jdbc.kernel.exps.Select,org.apache.openjpa.jdbc.kernel.exps.JDBCStore,boolean]",2,1,0,0,0,0,0,0,334,1,1,0,false
0.9.6,openjpa-lib/src/main/java/org/apache/openjpa/lib/log/CommonsLogFactory.java,error/1[java.lang.Object],org.apache.openjpa.lib.log.CommonsLogFactory.LogAdapter.error/1[java.lang.Object],3,1,0,0,0,0,0,0,243,1,1,0,false
0.9.6,openjpa-kernel/src/main/java/org/apache/openjpa/kernel/jpql/JPQLExpressionBuilder.java,parse/1[java.lang.String],org.apache.openjpa.kernel.jpql.JPQLExpressionBuilder.ParsedJPQL.parse/1[java.lang.String],11,3,0,0,1,1,1,1,334,1,3,0,false
0.9.0,openjpa-jdbc/src/main/java/org/apache/openjpa/jdbc/meta/strats/MaxEmbeddedByteArrayFieldStrategy.java,"operate/2[java.util.Collection,java.lang.Class]","org.apache.openjpa.kernel.exps.Max.operate/2[java.util.Collection,java.lang.Class]",9,5,4,0,0,1,0,0,317,1,1,0,false
0.9.6,openjpa-lib/src/main/java/org/apache/openjpa/lib/rop/ResultListIterator.java,hasPrevious/0,org.apache.openjpa.lib.rop.ResultListIterator.hasPrevious/0,3,1,0,0,0,1,0,0,243,1,1,0,false
0.9.0,openjpa-kernel/src/main/java/org/apache/openjpa/kernel/MethodStoreQuery.java,supportsParameterDeclarations/0,org.apache.openjpa.kernel.StoreQuery.supportsParameterDeclarations/0,1,1,0,0,0,0,2,0,334,1,1,0,false
0.9.6,openjpa-persistence/src/main/java/org/apache/openjpa/persistence/query/ConstantExpression.java,"isSQLValueNull/3[org.apache.openjpa.jdbc.kernel.exps.Select,org.apache.openjpa.jdbc.kernel.exps.ExpContext,org.apache.openjpa.jdbc.kernel.exps.ExpState]","org.apache.openjpa.jdbc.kernel.exps.Const.isSQLValueNull/3[org.apache.openjpa.jdbc.kernel.exps.Select,org.apache.openjpa.jdbc.kernel.exps.ExpContext,org.apache.openjpa.jdbc.kernel.exps.ExpState]",8,5,3,0,0,4,3,1,362,0,0,0,false
0.9.0,openjpa-kernel/src/main/java/org/apache/openjpa/util/ArrayStateImage.java,getMagic/0,serp.bytecode.ArrayState.getMagic/0,3,1,0,0,0,1,0,0,334,1,1,0,false
0.9.6,openjpa-persistence-jdbc/src/main/java/org/apache/openjpa/persistence/jdbc/XMLPersistenceMappingParser.java,(initializer 1),(initializer 1),21,1,0,0,0,0,0,20,317,5,5,0,false
0.9.0,openjpa-jdbc/src/main/java/org/apache/openjpa/jdbc/kernel/JDBCLockManager.java,"selectForUpdate/2[org.apache.openjpa.jdbc.kernel.Select,int]","org.apache.openjpa.jdbc.kernel.JDBCLockManager.selectForUpdate/2[org.apache.openjpa.jdbc.kernel.Select,int]",1,1,0,0,0,0,0,0,317,1,1,0,false
0.9.6,openjpa-jdbc/src/main/java/org/apache/openjpa/jdbc/meta/strats/PrimitiveWrapperArrays.java,"sort/3[int[],int,int]","org.apache.openjpa.lib.util.concurrent.Arrays.sort/3[int[],int,int]",3,1,0,0,0,0,0,0,317,1,1,1,false
0.9.6,openjpa-jdbc/src/main/java/org/apache/openjpa/jdbc/kernel/exps/IndexOf.java,"orderBy/4[org.apache.openjpa.jdbc.kernel.exps.Select,org.apache.openjpa.jdbc.kernel.exps.ExpContext,org.apache.openjpa.jdbc.kernel.exps.ExpState,boolean]","org.apache.openjpa.jdbc.kernel.exps.IndexOf.orderBy/4[org.apache.openjpa.jdbc.kernel.exps.Select,org.apache.openjpa.jdbc.kernel.exps.ExpContext,org.apache.openjpa.jdbc.kernel.exps.ExpState,boolean]",3,1,0,0,0,0,0,1,1211,0,0,0,false
0.9.0,openjpa-lib/src/main/java/org/apache/openjpa/lib/log/LogFactoryImpl.java,setInto/1[java.util.Map],org.apache.openjpa.lib.log.LogFactoryImpl.setInto/1[java.util.Map],10,3,2,0,0,0,0,2,243,1,1,3,false
0.9.6,openjpa-jdbc/src/main/java/org/apache/openjpa/jdbc/kernel/FinderQueryImpl.java,"executeUpdate/2[org.apache.openjpa.kernel.StoreQuery,java.lang.Object[]]","org.apache.openjpa.kernel.QueryImpl.MergedExecutor.executeUpdate/2[org.apache.openjpa.kernel.StoreQuery,java.lang.Object[]]",5,2,3,0,0,1,0,1,261,0,0,2,false
0.9.0,openjpa-kernel/src/main/java/org/apache/openjpa/conf/OpenJPAConfiguration.java,getDataCache/0,org.apache.openjpa.conf.OpenJPAConfiguration.getDataCache/0,1,1,0,0,0,0,0,0,334,1,1,0,false
0.9.6,openjpa-jdbc/src/main/java/org/apache/openjpa/jdbc/schema/SchemaTool.java,setIndexes/1[boolean],org.apache.openjpa.jdbc.schema.SchemaTool.setIndexes/1[boolean],3,1,1,0,0,0,1,0,317,3,3,0,false
0.9.0,openjpa-jdbc/src/main/java/org/apache/openjpa/jdbc/ant/ReverseMappingToolTask.java,isForeignKeyColumn/1[org.apache.openjpa.jdbc.meta.Column],org.apache.openjpa.jdbc.meta.ReverseMappingTool.isForeignKeyColumn/1[org.apache.openjpa.jdbc.meta.Column],5,3,2,0,0,2,1,0,317,1,1,1,false
0.9.6,openjpa-lib/src/main/java/org/apache/openjpa/lib/log/AbstractLog.java,fatal/1[java.lang.Object],org.apache.openjpa.lib.log.AbstractLog.fatal/1[java.lang.Object],3,1,0,0,0,0,0,2,243,1,1,0,false
0.9.6,openjpa-slice/src/main/java/org/apache/openjpa/slice/DistributedBrokerImpl.java,getDetachState/0,org.apache.openjpa.kernel.BrokerImpl.getDetachState/0,3,1,0,0,0,1,0,0,600,0,0,0,false
0.9.0,openjpa-kernel/src/main/java/org/apache/openjpa/kernel/StateManagerImpl.java,fetchDouble/1[int],org.apache.openjpa.kernel.StateManagerImpl.fetchDouble/1[int],6,2,2,0,0,2,0,6,334,3,10,2,false
0.9.6,openjpa-jdbc/src/main/java/org/apache/openjpa/jdbc/kernel/FinderQueryImpl.java,setUnique/1[boolean],org.apache.openjpa.kernel.QueryImpl.setUnique/1[boolean],11,2,1,0,1,0,0,4,261,0,0,0,false
0.9.6,openjpa-jdbc/src/main/java/org/apache/openjpa/jdbc/meta/MappingDefaultsImpl.java,getStoreEnumOrdinal/0,org.apache.openjpa.jdbc.meta.MappingDefaultsImpl.getStoreEnumOrdinal/0,3,1,0,0,0,1,0,0,317,1,1,0,false
0.9.6,openjpa-persistence/src/main/java/org/apache/openjpa/persistence/PersistenceMetaDataDefaults.java,populate/1[org.apache.openjpa.persistence.FieldMetaData],org.apache.openjpa.persistence.PersistenceMetaDataDefaults.populate/1[org.apache.openjpa.persistence.FieldMetaData],5,1,0,0,0,0,0,1,334,3,3,0,false
0.9.0,openjpa-jdbc/src/main/java/org/apache/openjpa/jdbc/kernel/exps/IsEmptyExpression.java,"appendTo/5[org.apache.openjpa.jdbc.kernel.exps.SQLBuffer,org.apache.openjpa.jdbc.kernel.exps.Select,org.apache.openjpa.jdbc.kernel.JDBCStore,java.lang.Object[],org.apache.openjpa.jdbc.kernel.JDBCFetchConfiguration]","org.apache.openjpa.jdbc.kernel.exps.IsEmptyExpression.appendTo/5[org.apache.openjpa.jdbc.kernel.exps.SQLBuffer,org.apache.openjpa.jdbc.kernel.exps.Select,org.apache.openjpa.jdbc.kernel.JDBCStore,java.lang.Object[],org.apache.openjpa.jdbc.kernel.JDBCFetchConfiguration]",6,1,0,0,0,0,0,0,317,1,1,0,false
0.9.6,openjpa-slice/src/main/java/org/apache/openjpa/slice/DistributedBrokerImpl.java,getStateManagers/0,org.apache.openjpa.kernel.BrokerImpl.ManagedObjectCollection.getStateManagers/0,3,1,0,0,0,1,0,0,600,0,0,0,false
0.9.6,openjpa-jdbc/src/main/java/org/apache/openjpa/jdbc/meta/strats/PrimitiveWrapperArrays.java,sort/1[float[]],org.apache.openjpa.lib.util.concurrent.Arrays.sort/1[float[]],3,1,0,0,0,0,0,0,317,1,1,1,false
0.9.6,openjpa-kernel/src/main/java/org/apache/openjpa/meta/ClassMetaData.java,getPCSubclasses/0,org.apache.openjpa.meta.ClassMetaData.getPCSubclasses/0,9,3,2,0,0,2,2,2,334,3,7,1,false
0.9.6,openjpa-kernel/src/main/java/org/apache/openjpa/meta/MetaDataFactory.java,addClassExtensionKeys/1[java.util.Collection],org.apache.openjpa.meta.MetaDataFactory.addClassExtensionKeys/1[java.util.Collection],1,1,0,0,0,0,0,0,334,2,2,0,false
0.9.6,openjpa-jdbc/src/main/java/org/apache/openjpa/jdbc/kernel/exps/IndexOf.java,isLogical/0,org.apache.openjpa.jdbc.schema.Index.isLogical/0,3,1,0,0,0,1,0,0,317,1,1,0,false
0.9.0,openjpa-jdbc/src/main/java/org/apache/openjpa/jdbc/kernel/DelegatingJDBCFetchConfiguration.java,setJoinSyntax/1[int],org.apache.openjpa.jdbc.kernel.JDBCFetchConfiguration.setJoinSyntax/1[int],1,1,0,0,0,0,1,0,317,3,4,0,false
0.9.0,openjpa-jdbc/src/main/java/org/apache/openjpa/jdbc/kernel/JDBCBrokerFactory.java,getInstance/1[org.apache.openjpa.jdbc.conf.JDBCConfiguration],org.apache.openjpa.jdbc.kernel.JDBCBrokerFactory.getInstance/1[org.apache.openjpa.jdbc.conf.JDBCConfiguration],7,2,2,0,0,2,0,3,317,1,1,0,false
0.9.0,openjpa-lib/src/main/java/org/apache/openjpa/lib/util/Localizer.java,getTable/0,serp.bytecode.Local.getTable/0,3,1,0,0,0,1,1,0,243,1,1,0,false
0.9.6,openjpa-lib/src/main/java/org/apache/openjpa/lib/jdbc/DelegatingConnection.java,nativeSQL/1[java.lang.String],org.apache.openjpa.lib.jdbc.DelegatingConnection.nativeSQL/1[java.lang.String],3,1,0,0,0,1,0,0,243,1,1,0,false
0.9.0,openjpa-kernel/src/main/java/org/apache/openjpa/kernel/ExpressionStoreQuery.java,getAlias/1[org.apache.openjpa.kernel.StoreQuery],org.apache.openjpa.kernel.ExpressionStoreQuery.AbstractExpressionExecutor.getAlias/1[org.apache.openjpa.kernel.StoreQuery],3,1,0,0,0,1,0,1,334,2,3,1,false
0.9.0,openjpa-jdbc/src/main/java/org/apache/openjpa/jdbc/meta/MappingRepository.java,"getQueryResultMappingInternal/3[java.lang.Class,java.lang.String,java.lang.ClassLoader]","org.apache.openjpa.jdbc.meta.MappingRepository.getQueryResultMappingInternal/3[java.lang.Class,java.lang.String,java.lang.ClassLoader]",13,8,3,0,0,5,1,1,317,2,2,0,false
0.9.6,openjpa-lib/src/main/java/org/apache/openjpa/lib/rop/RangeResultObjectProvider.java,getCharacterStream/1[java.lang.Object],org.apache.openjpa.jdbc.sql.Result.getCharacterStream/1[java.lang.Object],1,1,0,0,0,0,1,0,243,1,1,0,false
0.9.6,openjpa-jdbc/src/main/java/org/apache/openjpa/jdbc/meta/strats/LRSCollectionFieldStrategy.java,getFieldMapping/0,org.apache.openjpa.jdbc.meta.strats.LRSCollectionFieldStrategy.getFieldMapping/0,1,1,0,0,0,0,0,0,317,1,1,0,false
0.9.6,openjpa-kernel/src/main/java/org/apache/openjpa/conf/OpenJPAConfigurationImpl.java,getMetaDataFactory/0,org.apache.openjpa.conf.OpenJPAConfigurationImpl.getMetaDataFactory/0,3,1,0,0,0,1,0,0,334,3,5,0,false
0.9.6,openjpa-kernel/src/main/java/org/apache/openjpa/kernel/jpql/JPQLExpressionBuilder.java,"getParameter/2[java.lang.String,boolean]","org.apache.openjpa.kernel.jpql.JPQLExpressionBuilder.getParameter/2[java.lang.String,boolean]",23,6,6,1,1,1,1,2,334,1,3,0,false
0.9.0,openjpa-jdbc/src/main/java/org/apache/openjpa/jdbc/kernel/PagingResultObjectProvider.java,executeEagerSelects/0,org.apache.openjpa.jdbc.kernel.PagingResultObjectProvider.executeEagerSelects/0,17,8,5,0,0,1,1,1,317,3,4,0,false
0.9.6,openjpa-jdbc/src/main/java/org/apache/openjpa/jdbc/meta/ValueMappingImpl.java,"getEquivalentColumn/3[org.apache.openjpa.jdbc.meta.Column,org.apache.openjpa.jdbc.meta.ClassMapping,java.lang.String]","org.apache.openjpa.jdbc.meta.ValueMappingImpl.getEquivalentColumn/3[org.apache.openjpa.jdbc.meta.Column,org.apache.openjpa.jdbc.meta.ClassMapping,java.lang.String]",8,3,3,1,0,1,1,0,317,1,1,3,false
0.9.0,openjpa-persistence/src/main/java/org/apache/openjpa/persistence/DataCache.java,"unpinAll/2[java.lang.Class,boolean]","org.apache.openjpa.datacache.DataCache.unpinAll/2[java.lang.Class,boolean]",1,1,0,0,0,0,0,0,334,1,1,0,false
0.9.0,openjpa-jdbc/src/main/java/org/apache/openjpa/jdbc/kernel/exps/UnaryOp.java,UnaryOp/1[org.apache.openjpa.jdbc.kernel.exps.Val],org.apache.openjpa.jdbc.kernel.exps.UnaryOp.UnaryOp/1[org.apache.openjpa.jdbc.kernel.exps.Val],3,1,1,0,0,0,0,0,317,1,1,0,false
0.9.0,openjpa-persistence/src/main/java/org/apache/openjpa/persistence/InvalidStateException.java,InvalidStateException/1[java.lang.String],org.apache.openjpa.util.InvalidStateException.InvalidStateException/1[java.lang.String],3,1,0,0,0,0,1,0,334,1,1,0,false
0.9.0,openjpa-jdbc/src/main/java/org/apache/openjpa/jdbc/sql/OracleDictionary.java,"putString/2[java.lang.Object,java.lang.String]","org.apache.openjpa.jdbc.sql.OracleDictionary.putString/2[java.lang.Object,java.lang.String]",11,3,1,0,1,0,0,1,317,2,3,1,false
0.9.0,openjpa-persistence/src/main/java/org/apache/openjpa/persistence/query/UnaryOperatorExpression.java,getJoins/0,org.apache.openjpa.jdbc.kernel.exps.UnaryOp.getJoins/0,3,1,0,0,0,1,0,1,362,0,0,0,false
0.9.6,openjpa-kernel/src/main/java/org/apache/openjpa/kernel/DelegatingExtent.java,lock/0,org.apache.openjpa.kernel.DelegatingExtent.lock/0,8,2,0,0,1,0,0,1,334,1,1,1,false
0.9.0,openjpa-kernel/src/main/java/org/apache/openjpa/kernel/exps/AggregateVal.java,hasVariables/0,org.apache.openjpa.kernel.exps.AggregateVal.hasVariables/0,3,1,0,0,0,1,0,0,334,1,1,0,false
0.9.6,openjpa-persistence/src/main/java/org/apache/openjpa/persistence/EntityManagerImpl.java,removeAll/1[java.lang.Object[]],org.apache.openjpa.persistence.EntityManagerImpl.removeAll/1[java.lang.Object[]],3,1,0,0,0,0,0,1,334,4,8,0,false
0.9.6,openjpa-kernel/src/main/java/org/apache/openjpa/kernel/PNonTransDirtyState.java,delete/1[org.apache.openjpa.kernel.StateManagerImpl],org.apache.openjpa.kernel.PNonTransDirtyState.delete/1[org.apache.openjpa.kernel.StateManagerImpl],4,1,0,0,0,1,0,0,334,1,1,0,false
0.9.0,openjpa-lib/src/main/java/org/apache/openjpa/lib/jdbc/DelegatingCallableStatement.java,"setDouble/2[java.lang.String,double]","org.apache.openjpa.lib.jdbc.DelegatingCallableStatement.setDouble/2[java.lang.String,double]",3,1,0,0,0,0,0,0,243,1,1,0,false
0.9.0,openjpa-kernel/src/main/java/org/apache/openjpa/abstractstore/AbstractStoreManager.java,getDataStoreIdType/1[org.apache.openjpa.meta.ClassMetaData],org.apache.openjpa.kernel.StoreManager.getDataStoreIdType/1[org.apache.openjpa.meta.ClassMetaData],1,1,0,0,0,0,1,0,334,2,2,0,false
0.9.0,openjpa-lib/src/main/java/org/apache/openjpa/lib/conf/MapConfigurationProvider.java,addPropertyChangeListener/1[java.beans.PropertyChangeListener],org.apache.openjpa.lib.conf.Configuration.addPropertyChangeListener/1[java.beans.PropertyChangeListener],1,1,0,0,0,0,0,0,243,1,1,0,false
0.9.6,openjpa-jdbc/src/main/java/org/apache/openjpa/jdbc/meta/strats/PrimitiveWrapperArrays.java,"fill/2[boolean[],boolean]","org.apache.openjpa.lib.util.concurrent.Arrays.fill/2[boolean[],boolean]",3,1,0,0,0,0,0,0,317,1,1,1,false
0.9.0,openjpa-kernel/src/main/java/org/apache/openjpa/datacache/ConcurrentDataCache.java,initialize/1[org.apache.openjpa.datacache.DataCacheManager],org.apache.openjpa.datacache.ConcurrentDataCache.initialize/1[org.apache.openjpa.datacache.DataCacheManager],4,1,0,0,0,0,0,1,334,1,1,1,false
0.9.0,openjpa-kernel/src/main/java/org/apache/openjpa/kernel/exps/BindVariableAndExpression.java,"initialize/4[org.apache.openjpa.jdbc.kernel.exps.Select,org.apache.openjpa.jdbc.kernel.exps.JDBCStore,java.lang.Object[],java.util.Map]","org.apache.openjpa.jdbc.kernel.exps.BindVariableAndExpression.initialize/4[org.apache.openjpa.jdbc.kernel.exps.Select,org.apache.openjpa.jdbc.kernel.exps.JDBCStore,java.lang.Object[],java.util.Map]",5,1,1,0,0,0,0,4,1228,0,0,0,false
0.9.6,openjpa-persistence/src/main/java/org/apache/openjpa/persistence/QueryImpl.java,closeResults/1[boolean],org.apache.openjpa.kernel.QueryImpl.closeResults/1[boolean],15,4,2,0,1,0,2,5,334,5,11,2,false
0.9.0,openjpa-kernel/src/main/java/org/apache/openjpa/util/ApplicationIds.java,fetchDoubleField/1[int],org.apache.openjpa.util.ApplicationIds.PrimaryKeyFieldManager.fetchDoubleField/1[int],3,1,0,0,0,1,0,1,334,2,5,0,false
0.9.0,openjpa-kernel/src/main/java/org/apache/openjpa/datacache/DataCachePCDataGenerator.java,getUniqueName/1[java.lang.Class],org.apache.openjpa.datacache.DataCachePCDataGenerator.getUniqueName/1[java.lang.Class],3,1,0,1,0,1,0,0,334,1,1,0,false
0.9.0,openjpa-kernel/src/main/java/org/apache/openjpa/meta/Extensions.java,equals/1[java.lang.Object],org.apache.openjpa.meta.Extensions.HashKey.equals/1[java.lang.Object],5,2,1,0,0,2,0,0,334,1,1,0,false
0.9.0,openjpa-kernel/src/main/java/org/apache/openjpa/kernel/OpenJPAStateManager.java,"providedObjectField/3[org.apache.openjpa.enhance.PersistenceCapable,int,java.lang.Object]","org.apache.openjpa.enhance.StateManager.providedObjectField/3[org.apache.openjpa.enhance.PersistenceCapable,int,java.lang.Object]",1,1,0,0,0,0,0,0,334,1,1,0,false
0.9.0,openjpa-slice/src/main/java/org/apache/openjpa/slice/jdbc/DistributedJDBCStoreManager.java,"prepareStatement/4[java.lang.String,int,int,boolean]","org.apache.openjpa.jdbc.kernel.JDBCStoreManager.RefCountConnection.prepareStatement/4[java.lang.String,int,int,boolean]",3,1,0,0,0,1,0,1,281,1,1,0,false
0.9.0,openjpa-kernel/src/main/java/org/apache/openjpa/kernel/StateManagerImpl.java,"replaceIntField/2[org.apache.openjpa.kernel.PersistenceCapable,int]","org.apache.openjpa.kernel.StateManagerImpl.replaceIntField/2[org.apache.openjpa.kernel.PersistenceCapable,int]",3,1,0,0,0,1,0,0,334,3,10,0,false
0.9.6,openjpa-slice/src/main/java/org/apache/openjpa/slice/DistributedBrokerImpl.java,assertNontransactionalRead/0,org.apache.openjpa.kernel.BrokerImpl.assertNontransactionalRead/0,3,4,0,0,0,0,6,0,600,0,0,0,false
0.9.0,openjpa-kernel/src/main/java/org/apache/openjpa/kernel/ExpressionStoreQuery.java,getFilterListener/1[java.lang.String],.getFilterListener/1[java.lang.String],3,1,0,0,0,1,0,1,334,2,3,0,false
0.9.0,openjpa-kernel/src/main/java/org/apache/openjpa/util/LockException.java,readObject/1[java.io.ObjectInputStream],org.apache.openjpa.util.LockException.readObject/1[java.io.ObjectInputStream],3,1,1,0,0,0,0,0,334,1,1,0,false
0.9.6,openjpa-persistence-jdbc/src/main/java/org/apache/openjpa/persistence/jdbc/AnnotationPersistenceMappingParser.java,toForeignKeyAction/1[org.apache.openjpa.persistence.jdbc.ForeignKeyAction],org.apache.openjpa.persistence.jdbc.AnnotationPersistenceMappingParser.toForeignKeyAction/1[org.apache.openjpa.persistence.jdbc.ForeignKeyAction],14,5,0,0,0,4,1,0,317,4,6,0,false
0.9.6,openjpa-kernel/src/main/java/org/apache/openjpa/kernel/exps/GetObjectId.java,getJoins/0,org.apache.openjpa.jdbc.kernel.exps.GetObjectId.getJoins/0,3,1,0,0,0,1,0,1,334,1,1,0,false
0.9.0,openjpa-kernel/src/main/java/org/apache/openjpa/util/AbstractLRSProxyCollection.java,toArray/0,org.apache.openjpa.util.AbstractLRSProxyCollection.toArray/0,3,1,0,0,0,1,0,1,334,2,2,1,false
0.9.0,openjpa-lib/src/main/java/org/apache/openjpa/lib/xml/XMLFactory.java,"checkDOMCache/2[boolean,boolean]","org.apache.openjpa.lib.xml.XMLFactory.checkDOMCache/2[boolean,boolean]",19,5,7,0,1,1,2,0,243,1,1,2,false
0.9.6,openjpa-jdbc/src/main/java/org/apache/openjpa/jdbc/meta/strats/RelationMapTableFieldStrategy.java,getSourceScope/0,org.apache.openjpa.jdbc.schema.Table.getSourceScope/0,3,1,0,0,0,1,0,0,317,2,2,0,false
0.9.6,openjpa-kernel/src/main/java/org/apache/openjpa/kernel/exps/GetObjectId.java,"selectColumns/5[org.apache.openjpa.jdbc.kernel.exps.Select,org.apache.openjpa.jdbc.kernel.exps.JDBCStore,java.lang.Object[],boolean,org.apache.openjpa.jdbc.kernel.exps.JDBCFetchState]","org.apache.openjpa.jdbc.kernel.exps.GetObjectId.selectColumns/5[org.apache.openjpa.jdbc.kernel.exps.Select,org.apache.openjpa.jdbc.kernel.exps.JDBCStore,java.lang.Object[],boolean,org.apache.openjpa.jdbc.kernel.exps.JDBCFetchState]",3,1,0,0,0,0,1,1,334,1,1,0,false
0.9.6,openjpa-kernel/src/main/java/org/apache/openjpa/kernel/PCState.java,nonprovisional/0,org.apache.openjpa.kernel.PCState.nonprovisional/0,3,1,0,0,0,1,0,0,334,1,1,0,false
0.9.6,openjpa-kernel/src/main/java/org/apache/openjpa/meta/MetaDataRepository.java,removeMetaData/1[org.apache.openjpa.meta.ClassMetaData],org.apache.openjpa.meta.MetaDataRepository.removeMetaData/1[org.apache.openjpa.meta.ClassMetaData],4,2,0,0,0,2,6,3,334,3,5,0,false
0.9.0,openjpa-kernel/src/main/java/org/apache/openjpa/kernel/BrokerImpl.java,"assignObjectId/2[java.lang.Object,org.apache.openjpa.kernel.StateManagerImpl]","org.apache.openjpa.kernel.BrokerImpl.ManagedCache.assignObjectId/2[java.lang.Object,org.apache.openjpa.kernel.StateManagerImpl]",11,6,3,0,0,0,1,6,334,5,17,0,false
0.9.6,openjpa-persistence/src/main/java/org/apache/openjpa/persistence/OpenJPAEntityManagerFactory.java,getProperties/0,org.apache.openjpa.persistence.OpenJPAEntityManagerFactory.getProperties/0,1,1,0,0,0,0,0,0,334,1,1,0,false
0.9.6,openjpa-lib/src/main/java/org/apache/openjpa/lib/util/concurrent/ConcurrentLinkedQueue.java,writeObject/1[java.io.ObjectOutputStream],org.apache.openjpa.lib.util.concurrent.ConcurrentLinkedQueue.writeObject/1[java.io.ObjectOutputStream],8,3,3,0,0,0,0,3,243,1,1,2,false
0.9.6,openjpa-kernel/src/main/java/org/apache/openjpa/kernel/exps/TypeLit.java,getValue/1[java.lang.Object[]],org.apache.openjpa.jdbc.kernel.exps.Lit.getValue/1[java.lang.Object[]],3,1,0,0,0,1,0,1,264,0,0,0,false
0.9.6,openjpa-persistence/src/main/java/org/apache/openjpa/persistence/PersistenceUnitInfoImpl.java,getProperties/0,org.apache.openjpa.persistence.PersistenceUnitInfoImpl.getProperties/0,3,1,0,0,0,1,0,0,334,2,3,0,false
0.9.0,openjpa-persistence/src/main/java/org/apache/openjpa/persistence/OpenJPAQuery.java,getFetchPlan/0,org.apache.openjpa.persistence.OpenJPAQuery.getFetchPlan/0,1,1,0,0,0,0,0,0,334,2,2,0,false
0.9.0,openjpa-kernel/src/main/java/org/apache/openjpa/kernel/exps/NotExpression.java,"appendTo/5[org.apache.openjpa.jdbc.kernel.exps.SQLBuffer,org.apache.openjpa.jdbc.kernel.exps.Select,org.apache.openjpa.jdbc.kernel.JDBCStore,java.lang.Object[],org.apache.openjpa.jdbc.kernel.JDBCFetchConfiguration]","org.apache.openjpa.jdbc.kernel.exps.NotExpression.appendTo/5[org.apache.openjpa.jdbc.kernel.exps.SQLBuffer,org.apache.openjpa.jdbc.kernel.exps.Select,org.apache.openjpa.jdbc.kernel.JDBCStore,java.lang.Object[],org.apache.openjpa.jdbc.kernel.JDBCFetchConfiguration]",5,1,0,0,0,0,0,1,334,1,1,0,false
0.9.0,openjpa-jdbc/src/main/java/org/apache/openjpa/jdbc/kernel/JDBCStoreManager.java,cancelAll/0,org.apache.openjpa.jdbc.kernel.JDBCStoreManager.cancelAll/0,14,4,2,0,1,2,0,0,317,3,5,0,false
0.9.0,openjpa-kernel/src/main/java/org/apache/openjpa/kernel/exps/FilterListener.java,expectsTarget/0,org.apache.openjpa.kernel.exps.FilterListener.expectsTarget/0,1,1,0,0,0,0,0,0,334,1,1,0,false
0.9.0,openjpa-lib/src/main/java/org/apache/openjpa/lib/jdbc/DelegatingDatabaseMetaData.java,supportsSubqueriesInIns/0,org.apache.openjpa.lib.jdbc.DelegatingDatabaseMetaData.supportsSubqueriesInIns/0,3,1,0,0,0,1,0,0,243,2,2,0,false
0.9.0,openjpa-lib/src/main/java/org/apache/openjpa/lib/rop/SoftRandomAccessResultList.java,equals/1[java.lang.Object],org.apache.openjpa.lib.rop.RandomAccessResultList.equals/1[java.lang.Object],3,2,0,0,0,1,0,0,243,1,1,0,false
0.9.6,openjpa-jdbc/src/main/java/org/apache/openjpa/jdbc/kernel/SQLProjectionResultObjectProvider.java,loadClass/1[java.io.File],serp.bytecode.Project.loadClass/1[java.io.File],3,1,0,0,0,1,0,1,317,1,1,0,false
0.9.6,openjpa-kernel/src/main/java/org/apache/openjpa/meta/FieldMetaData.java,getInverse/0,org.apache.openjpa.meta.FieldMetaData.getInverse/0,4,2,1,0,0,1,2,0,334,2,2,0,false
0.9.6,openjpa-kernel/src/main/java/org/apache/openjpa/kernel/AbstractPCData.java,"toEmbeddedData/2[java.lang.Object,org.apache.openjpa.kernel.StoreContext]","org.apache.openjpa.kernel.AbstractPCData.toEmbeddedData/2[java.lang.Object,org.apache.openjpa.kernel.StoreContext]",9,3,2,0,0,3,1,4,334,3,3,0,false
0.9.0,openjpa-kernel/src/main/java/org/apache/openjpa/kernel/DelegatingFetchConfiguration.java,setRootInstances/1[java.util.Collection],org.apache.openjpa.kernel.DelegatingFetchConfiguration.setRootInstances/1[java.util.Collection],9,2,0,0,1,1,0,2,334,2,2,1,false
0.9.0,openjpa-lib/src/main/java/org/apache/openjpa/lib/rop/ListResultList.java,contains/1[java.lang.Object],org.apache.openjpa.lib.rop.ListResultList.contains/1[java.lang.Object],4,1,0,0,0,1,0,1,243,1,1,0,false
0.9.0,openjpa-kernel/src/main/java/org/apache/openjpa/conf/OpenJPAConfiguration.java,getSavepointManagerInstance/0,org.apache.openjpa.conf.OpenJPAConfiguration.getSavepointManagerInstance/0,1,1,0,0,0,0,1,0,334,1,1,0,false
0.9.6,openjpa-jdbc/src/main/java/org/apache/openjpa/jdbc/kernel/exps/Avg.java,"operate/2[java.util.Collection,java.lang.Class]","org.apache.openjpa.kernel.exps.Avg.operate/2[java.util.Collection,java.lang.Class]",14,5,5,0,0,3,0,0,317,1,1,0,false
0.9.0,openjpa-kernel/src/main/java/org/apache/openjpa/kernel/DetachedStateManager.java,fetchDouble/1[int],org.apache.openjpa.kernel.DetachedStateManager.fetchDouble/1[int],3,1,0,0,0,0,0,0,334,4,6,0,false
0.9.6,openjpa-persistence/src/main/java/org/apache/openjpa/persistence/StoreCache.java,"evict/2[java.lang.Class,java.lang.Object]","org.apache.openjpa.persistence.StoreCache.evict/2[java.lang.Class,java.lang.Object]",3,2,0,0,0,0,0,2,334,1,1,0,false
0.9.6,openjpa-lib/src/main/java/org/apache/openjpa/lib/util/concurrent/FIFOCondVar.java,FIFOCondVar/1[org.apache.openjpa.lib.util.concurrent.ExclusiveLock],org.apache.openjpa.lib.util.concurrent.FIFOCondVar.FIFOCondVar/1[org.apache.openjpa.lib.util.concurrent.ExclusiveLock],3,1,0,0,0,0,0,0,243,1,1,0,false
0.9.6,openjpa-jdbc/src/main/java/org/apache/openjpa/jdbc/meta/strats/RelationMapTableFieldStrategy.java,getUnique/1[java.lang.String],org.apache.openjpa.jdbc.schema.Table.getUnique/1[java.lang.String],5,3,2,0,0,2,0,1,317,2,2,0,false
0.9.0,openjpa-kernel/src/main/java/org/apache/openjpa/enhance/DynamicStorageGenerator.java,"setInt/2[int,int]","org.apache.openjpa.enhance.DynamicStorage.setInt/2[int,int]",1,1,0,0,0,0,0,0,334,1,1,0,false
0.9.0,openjpa-kernel/src/main/java/org/apache/openjpa/conf/OpenJPAConfiguration.java,getAutoClear/0,org.apache.openjpa.conf.OpenJPAConfiguration.getAutoClear/0,1,1,0,0,0,0,0,0,334,1,1,0,false
0.9.6,openjpa-persistence/src/main/java/org/apache/openjpa/persistence/QueryImpl.java,getProjectionTypes/0,org.apache.openjpa.kernel.QueryImpl.getProjectionTypes/0,9,1,0,0,1,1,0,4,334,5,11,1,false
0.9.6,openjpa-kernel/src/main/java/org/apache/openjpa/kernel/AbstractBrokerFactory.java,"newBroker/5[java.lang.String,java.lang.String,boolean,int,boolean]","org.apache.openjpa.kernel.AbstractBrokerFactory.newBroker/5[java.lang.String,java.lang.String,boolean,int,boolean]",32,8,8,0,1,1,1,17,334,4,8,5,false
0.9.0,openjpa-jdbc/src/main/java/org/apache/openjpa/jdbc/kernel/exps/InstanceofExpression.java,"appendTo/5[org.apache.openjpa.jdbc.kernel.exps.SQLBuffer,org.apache.openjpa.jdbc.kernel.exps.Select,org.apache.openjpa.jdbc.kernel.JDBCStore,java.lang.Object[],org.apache.openjpa.jdbc.kernel.JDBCFetchConfiguration]","org.apache.openjpa.jdbc.kernel.exps.InstanceofExpression.appendTo/5[org.apache.openjpa.jdbc.kernel.exps.SQLBuffer,org.apache.openjpa.jdbc.kernel.exps.Select,org.apache.openjpa.jdbc.kernel.JDBCStore,java.lang.Object[],org.apache.openjpa.jdbc.kernel.JDBCFetchConfiguration]",13,4,1,0,0,0,0,1,317,2,2,0,false
0.9.6,openjpa-jdbc/src/main/java/org/apache/openjpa/jdbc/meta/strats/NoneVersionStrategy.java,NoneVersionStrategy/0,org.apache.openjpa.jdbc.meta.strats.NoneVersionStrategy.NoneVersionStrategy/0,2,1,0,0,0,0,0,0,317,1,1,0,false
0.9.6,openjpa-kernel/src/main/java/org/apache/openjpa/kernel/jpql/JPQLExpressionBuilder.java,evalSelectClause/1[org.apache.openjpa.kernel.exps.QueryExpressions],org.apache.openjpa.kernel.jpql.JPQLExpressionBuilder.evalSelectClause/1[org.apache.openjpa.kernel.exps.QueryExpressions],27,11,12,0,0,5,1,11,334,1,3,3,false
0.9.6,openjpa-jdbc/src/main/java/org/apache/openjpa/jdbc/meta/strats/PrimitiveFieldStrategy.java,"loadEmbedded/4[org.apache.openjpa.jdbc.meta.strats.OpenJPAStateManager,org.apache.openjpa.jdbc.meta.strats.JDBCStore,org.apache.openjpa.jdbc.meta.strats.JDBCFetchState,java.lang.Object]","org.apache.openjpa.jdbc.meta.strats.PrimitiveFieldStrategy.loadEmbedded/4[org.apache.openjpa.jdbc.meta.strats.OpenJPAStateManager,org.apache.openjpa.jdbc.meta.strats.JDBCStore,org.apache.openjpa.jdbc.meta.strats.JDBCFetchState,java.lang.Object]",3,1,0,0,0,0,0,0,317,1,1,0,false
0.9.0,openjpa-kernel/src/main/java/org/apache/openjpa/meta/LifecycleMetaData.java,setIgnoreSystemListeners/1[boolean],org.apache.openjpa.meta.LifecycleMetaData.setIgnoreSystemListeners/1[boolean],3,1,1,0,0,0,0,0,334,1,1,0,false
0.9.6,openjpa-persistence/src/main/java/org/apache/openjpa/persistence/InverseLogical.java,isWarnEnabled/0,org.apache.openjpa.lib.log.Log.isWarnEnabled/0,1,1,0,0,0,0,14,0,334,1,1,0,false
0.9.0,openjpa-slice/src/main/java/org/apache/openjpa/slice/jdbc/DistributedJDBCStoreManager.java,newFetchConfiguration/0,org.apache.openjpa.jdbc.kernel.JDBCStoreManager.newFetchConfiguration/0,3,1,0,0,0,1,0,1,281,1,1,0,false
0.9.0,openjpa-persistence/src/main/java/org/apache/openjpa/persistence/AnnotationPersistenceMetaDataParser.java,"parseMapKey/2[org.apache.openjpa.meta.FieldMetaData,org.apache.openjpa.persistence.MapKey]","org.apache.openjpa.persistence.AnnotationPersistenceMetaDataParser.parseMapKey/2[org.apache.openjpa.meta.FieldMetaData,org.apache.openjpa.persistence.MapKey]",5,2,1,0,0,0,1,1,1228,4,7,2,false
0.9.6,openjpa-lib/src/main/java/org/apache/openjpa/lib/meta/ClassArgParser.java,"appendTypeNames/3[java.lang.Object,java.io.InputStream,java.util.List]","org.apache.openjpa.lib.meta.ClassArgParser.appendTypeNames/3[java.lang.Object,java.io.InputStream,java.util.List]",13,3,0,0,2,0,2,2,243,1,1,2,false
0.9.0,openjpa-kernel/src/main/java/org/apache/openjpa/kernel/OpenJPAStateManager.java,"replaceStringField/2[org.apache.openjpa.enhance.PersistenceCapable,int]","org.apache.openjpa.enhance.StateManager.replaceStringField/2[org.apache.openjpa.enhance.PersistenceCapable,int]",1,1,0,0,0,0,0,0,334,1,1,0,false
0.9.6,openjpa-kernel/src/main/java/org/apache/openjpa/abstractstore/AbstractStoreBrokerFactory.java,"addLifecycleListener/2[java.lang.Object,java.lang.Class[]]","org.apache.openjpa.kernel.Broker.addLifecycleListener/2[java.lang.Object,java.lang.Class[]]",1,1,0,0,0,0,0,0,334,2,2,0,false
0.9.6,openjpa-persistence/src/main/java/org/apache/openjpa/persistence/PersistenceMetaDataFactory.java,defaultXMLFile/0,org.apache.openjpa.persistence.PersistenceMetaDataFactory.defaultXMLFile/0,9,3,3,0,0,2,5,0,334,3,4,3,false
0.9.0,openjpa-lib/src/main/java/org/apache/openjpa/lib/jdbc/DelegatingResultSet.java,"updateBytes/2[int,byte[]]","org.apache.openjpa.lib.jdbc.DelegatingResultSet.updateBytes/2[int,byte[]]",3,1,0,0,0,0,0,0,243,1,1,0,false
0.9.0,openjpa-kernel/src/main/java/org/apache/openjpa/datacache/QueryKey.java,"createKey/6[org.apache.openjpa.datacache.QueryContext,boolean,java.lang.Class,boolean,long,long]","org.apache.openjpa.datacache.QueryKey.createKey/6[org.apache.openjpa.datacache.QueryContext,boolean,java.lang.Class,boolean,long,long]",52,24,24,2,0,11,2,2,334,1,1,4,false
0.9.0,openjpa-lib/src/main/java/org/apache/openjpa/lib/rop/AbstractNonSequentialResultList.java,containsAll/1[java.util.Collection],org.apache.openjpa.lib.rop.AbstractNonSequentialResultList.containsAll/1[java.util.Collection],5,3,1,0,0,2,0,2,243,1,1,0,false
0.9.6,openjpa-kernel/src/main/java/org/apache/openjpa/meta/ClassMetaData.java,addDeclaredFetchGroup/1[java.lang.String],org.apache.openjpa.meta.ClassMetaData.addDeclaredFetchGroup/1[java.lang.String],12,4,5,0,0,1,2,1,334,3,7,0,false
0.9.6,openjpa-jdbc/src/main/java/org/apache/openjpa/jdbc/sql/SQLBuffer.java,"append/4[org.apache.openjpa.jdbc.sql.SQLBuffer,int,int,boolean]","org.apache.openjpa.jdbc.sql.SQLBuffer.append/4[org.apache.openjpa.jdbc.sql.SQLBuffer,int,int,boolean]",29,23,4,0,0,0,3,1,317,1,1,8,false
0.9.0,openjpa-persistence/src/main/java/org/apache/openjpa/persistence/XMLPersistenceMetaDataSerializer.java,"addFieldMappingAttributes/2[org.apache.openjpa.persistence.FieldMetaData,org.apache.openjpa.persistence.FieldMetaData]","org.apache.openjpa.persistence.XMLPersistenceMetaDataSerializer.addFieldMappingAttributes/2[org.apache.openjpa.persistence.FieldMetaData,org.apache.openjpa.persistence.FieldMetaData]",2,1,0,0,0,0,1,0,334,2,2,0,false
0.9.6,openjpa-kernel/src/main/java/org/apache/openjpa/kernel/exps/ToUpperCase.java,setImplicitType/1[java.lang.Class],org.apache.openjpa.kernel.exps.ToUpperCase.setImplicitType/1[java.lang.Class],2,1,0,0,0,0,0,0,334,1,1,0,false
0.9.6,openjpa-jdbc/src/main/java/org/apache/openjpa/jdbc/meta/ClassMapping.java,getPrimaryKeyColumns/0,org.apache.openjpa.jdbc.meta.ClassMapping.getPrimaryKeyColumns/0,13,6,6,0,0,1,8,2,317,2,3,0,false
0.9.6,openjpa-kernel/src/main/java/org/apache/openjpa/kernel/exps/GetObjectId.java,hasVariable/1[org.apache.openjpa.jdbc.kernel.exps.Variable],org.apache.openjpa.jdbc.kernel.exps.GetObjectId.hasVariable/1[org.apache.openjpa.jdbc.kernel.exps.Variable],3,1,0,0,0,1,0,1,334,1,1,0,false
0.9.6,openjpa-jdbc/src/main/java/org/apache/openjpa/jdbc/sql/DBDictionaryFactory.java,"storageWarning/2[java.lang.Object,java.lang.Object]","org.apache.openjpa.jdbc.sql.DBDictionary.storageWarning/2[java.lang.Object,java.lang.Object]",13,9,3,0,0,0,1,1,317,2,2,2,false
0.9.0,openjpa-jdbc/src/main/java/org/apache/openjpa/jdbc/kernel/MappedQueryResultObjectProvider.java,"translate/2[java.lang.Object,org.apache.openjpa.jdbc.kernel.Joins]","org.apache.openjpa.jdbc.kernel.MappedQueryResultObjectProvider.MappingResult.translate/2[java.lang.Object,org.apache.openjpa.jdbc.kernel.Joins]",3,2,0,0,0,1,1,0,317,1,1,0,false
0.9.0,openjpa-lib/src/main/java/org/apache/openjpa/lib/util/Localizer.java,getTypeIndex/0,serp.bytecode.Local.getTypeIndex/0,3,1,0,0,0,1,2,0,243,1,1,0,false
0.9.0,openjpa-jdbc/src/main/java/org/apache/openjpa/jdbc/kernel/exps/PCPath.java,"orderBy/5[org.apache.openjpa.jdbc.kernel.exps.Select,org.apache.openjpa.jdbc.kernel.exps.JDBCStore,java.lang.Object[],boolean,org.apache.openjpa.jdbc.kernel.exps.JDBCFetchConfiguration]","org.apache.openjpa.jdbc.kernel.exps.PCPath.orderBy/5[org.apache.openjpa.jdbc.kernel.exps.Select,org.apache.openjpa.jdbc.kernel.exps.JDBCStore,java.lang.Object[],boolean,org.apache.openjpa.jdbc.kernel.exps.JDBCFetchConfiguration]",3,1,0,0,0,0,0,1,317,1,1,0,false
0.9.6,openjpa-jdbc/src/main/java/org/apache/openjpa/jdbc/meta/ValueMappingImpl.java,getEmbeddedMapping/0,org.apache.openjpa.jdbc.meta.ValueMappingImpl.getEmbeddedMapping/0,3,1,0,0,0,1,4,0,317,1,1,0,false
0.9.6,openjpa-jdbc/src/main/java/org/apache/openjpa/jdbc/sql/LogicalUnion.java,getSelectAliases/0,org.apache.openjpa.jdbc.sql.LogicalUnion.UnionSelect.getSelectAliases/0,3,1,0,0,0,1,0,1,317,3,4,0,false
0.9.0,openjpa-jdbc/src/main/java/org/apache/openjpa/jdbc/sql/RowManagerImpl.java,hashCode/0,org.apache.openjpa.jdbc.sql.RowManagerImpl.Key.hashCode/0,3,1,0,2,0,1,0,0,317,1,1,0,false
0.9.6,openjpa-jdbc/src/main/java/org/apache/openjpa/jdbc/sql/RowImpl.java,"whereString/2[org.apache.openjpa.jdbc.sql.Column,java.lang.String]","org.apache.openjpa.jdbc.sql.RowImpl.whereString/2[org.apache.openjpa.jdbc.sql.Column,java.lang.String]",3,1,0,0,0,0,0,1,1211,0,0,0,false
0.9.0,openjpa-lib/src/main/java/org/apache/openjpa/lib/util/ParameterTemplate.java,append/1[java.lang.Object],org.apache.openjpa.lib.util.ParameterTemplate.append/1[java.lang.Object],4,1,0,0,0,1,0,0,243,1,1,0,false
0.9.6,openjpa-kernel/src/main/java/org/apache/openjpa/util/AbstractLRSProxyMap.java,containsValue/1[java.lang.Object],org.apache.openjpa.util.AbstractLRSProxyMap.containsValue/1[java.lang.Object],13,10,1,0,0,6,0,3,334,2,2,2,false
0.9.6,openjpa-jdbc/src/main/java/org/apache/openjpa/jdbc/sql/DBDictionaryFactory.java,closeDataSource/1[javax.sql.DataSource],org.apache.openjpa.jdbc.sql.DBDictionary.closeDataSource/1[javax.sql.DataSource],3,1,0,0,0,0,1,1,317,2,2,0,false
0.9.6,openjpa-persistence-jdbc/src/main/java/org/apache/openjpa/persistence/jdbc/KeyForeignKey.java,"setConstantJoins/2[java.lang.Object[],org.apache.openjpa.jdbc.schema.Column[]]","org.apache.openjpa.jdbc.schema.ForeignKey.setConstantJoins/2[java.lang.Object[],org.apache.openjpa.jdbc.schema.Column[]]",5,4,3,0,0,0,0,3,701,0,0,0,false
0.9.6,openjpa-kernel/src/main/java/org/apache/openjpa/kernel/StateManagerImpl.java,postLoad/1[org.apache.openjpa.meta.FetchGroup],org.apache.openjpa.kernel.StateManagerImpl.postLoad/1[org.apache.openjpa.meta.FetchGroup],8,5,3,0,0,3,1,4,334,3,10,0,false
0.9.6,openjpa-jdbc/src/main/java/org/apache/openjpa/jdbc/sql/SQLExceptions.java,addException/1[serp.bytecode.BCClass],serp.bytecode.Exceptions.addException/1[serp.bytecode.BCClass],3,1,0,0,0,0,0,1,317,3,3,0,false
0.9.6,openjpa-persistence/src/main/java/org/apache/openjpa/persistence/RollbackException.java,toString/0,org.apache.openjpa.persistence.RollbackException.toString/0,3,1,0,0,0,1,0,0,334,1,1,0,false
0.9.0,openjpa-kernel/src/main/java/org/apache/openjpa/util/IntId.java,getId/0,org.apache.openjpa.util.IntId.getId/0,3,1,0,0,0,1,0,0,334,1,1,0,false
0.9.6,openjpa-jdbc/src/main/java/org/apache/openjpa/jdbc/kernel/exps/Substring.java,"appendTo/6[org.apache.openjpa.jdbc.kernel.exps.SQLBuffer,int,org.apache.openjpa.jdbc.sql.Select,org.apache.openjpa.jdbc.kernel.exps.JDBCStore,java.lang.Object[],org.apache.openjpa.jdbc.kernel.exps.JDBCFetchConfiguration]","org.apache.openjpa.jdbc.kernel.exps.Substring.appendTo/6[org.apache.openjpa.jdbc.kernel.exps.SQLBuffer,int,org.apache.openjpa.jdbc.sql.Select,org.apache.openjpa.jdbc.kernel.exps.JDBCStore,java.lang.Object[],org.apache.openjpa.jdbc.kernel.exps.JDBCFetchConfiguration]",12,2,6,0,0,0,1,0,317,1,1,1,false
0.9.6,openjpa-slice/src/main/java/org/apache/openjpa/slice/DistributedBrokerImpl.java,isStoreActive/0,org.apache.openjpa.kernel.BrokerImpl.isStoreActive/0,9,2,0,0,1,1,0,2,600,0,0,0,false
0.9.6,openjpa-jdbc/src/main/java/org/apache/openjpa/jdbc/kernel/exps/Min.java,getOperator/0,org.apache.openjpa.jdbc.kernel.exps.Min.getOperator/0,3,1,0,0,0,1,0,0,317,1,1,0,false
0.9.6,openjpa-jdbc/src/main/java/org/apache/openjpa/jdbc/meta/strats/PrimitiveFieldStrategy.java,"insert/3[org.apache.openjpa.kernel.OpenJPAStateManager,org.apache.openjpa.jdbc.meta.strats.JDBCStore,org.apache.openjpa.jdbc.meta.strats.RowManager]","org.apache.openjpa.jdbc.meta.strats.PrimitiveFieldStrategy.insert/3[org.apache.openjpa.kernel.OpenJPAStateManager,org.apache.openjpa.jdbc.meta.strats.JDBCStore,org.apache.openjpa.jdbc.meta.strats.RowManager]",5,3,1,0,0,1,0,3,317,1,1,1,false
0.9.6,openjpa-jdbc/src/main/java/org/apache/openjpa/jdbc/sql/RowManagerImpl.java,"getSecondaryRow/2[org.apache.openjpa.jdbc.sql.Table,int]","org.apache.openjpa.jdbc.sql.RowManager.getSecondaryRow/2[org.apache.openjpa.jdbc.sql.Table,int]",1,1,0,0,0,0,3,0,317,1,1,0,false
0.9.6,openjpa-lib/src/main/java/org/apache/openjpa/lib/log/MultiLogFactory.java,MultiLogFactory/1[org.apache.openjpa.lib.log.LogFactory[]],org.apache.openjpa.lib.log.MultiLogFactory.MultiLogFactory/1[org.apache.openjpa.lib.log.LogFactory[]],3,1,1,0,0,0,0,0,243,1,1,0,false
0.9.6,openjpa-kernel/src/main/java/org/apache/openjpa/conf/OpenJPAConfigurationImpl.java,setNontransactionalRead/1[boolean],org.apache.openjpa.conf.OpenJPAConfigurationImpl.setNontransactionalRead/1[boolean],4,1,0,0,0,0,1,1,334,3,5,0,false
0.9.0,openjpa-lib/src/main/java/org/apache/openjpa/lib/util/StringDistance.java,"getClosestLevenshteinDistance/2[java.lang.String,java.util.Collection]","org.apache.openjpa.lib.util.StringDistance.getClosestLevenshteinDistance/2[java.lang.String,java.util.Collection]",3,1,0,0,0,1,1,1,243,1,1,0,false
0.9.0,openjpa-jdbc/src/main/java/org/apache/openjpa/jdbc/kernel/exps/PCPath.java,"groupBy/4[org.apache.openjpa.jdbc.kernel.exps.Select,org.apache.openjpa.jdbc.kernel.JDBCStore,java.lang.Object[],org.apache.openjpa.jdbc.kernel.JDBCFetchConfiguration]","org.apache.openjpa.jdbc.kernel.exps.PCPath.groupBy/4[org.apache.openjpa.jdbc.kernel.exps.Select,org.apache.openjpa.jdbc.kernel.JDBCStore,java.lang.Object[],org.apache.openjpa.jdbc.kernel.JDBCFetchConfiguration]",3,1,0,0,0,0,1,1,317,1,1,0,false
0.9.6,openjpa-jdbc/src/main/java/org/apache/openjpa/jdbc/sql/RowImpl.java,appendWhere/1[java.lang.StringBuffer],org.apache.openjpa.jdbc.sql.RowImpl.appendWhere/1[java.lang.StringBuffer],13,6,4,0,0,0,2,2,1211,0,0,1,false
0.9.0,openjpa-persistence/src/main/java/org/apache/openjpa/persistence/PersistenceMetaDataDefaults.java,isDataStoreObjectIdFieldUnwrapped/0,org.apache.openjpa.meta.MetaDataDefaults.isDataStoreObjectIdFieldUnwrapped/0,1,1,0,0,0,0,0,0,334,3,3,0,false
0.9.6,openjpa-kernel/src/main/java/org/apache/openjpa/kernel/SingleFieldManager.java,"releaseEmbedded/2[org.apache.openjpa.kernel.ValueMetaData,java.lang.Object[]]","org.apache.openjpa.kernel.SingleFieldManager.releaseEmbedded/2[org.apache.openjpa.kernel.ValueMetaData,java.lang.Object[]]",3,2,1,0,0,0,1,1,334,2,2,0,false
0.9.0,openjpa-kernel/src/main/java/org/apache/openjpa/kernel/exps/FilterListener.java,"evaluate/6[java.lang.Object,java.lang.Class,java.lang.Object[],java.lang.Class[],java.lang.Object,org.apache.openjpa.kernel.exps.StoreContext]","org.apache.openjpa.kernel.exps.FilterListener.evaluate/6[java.lang.Object,java.lang.Class,java.lang.Object[],java.lang.Class[],java.lang.Object,org.apache.openjpa.kernel.exps.StoreContext]",1,1,0,0,0,0,0,0,334,1,1,0,false
0.9.6,openjpa-lib/src/main/java/org/apache/openjpa/lib/jdbc/LoggingConnectionDecorator.java,"prepareStatement/2[java.lang.String,boolean]","org.apache.openjpa.lib.jdbc.LoggingConnectionDecorator.LoggingConnection.prepareStatement/2[java.lang.String,boolean]",9,2,1,0,1,1,0,2,243,1,1,0,false
0.9.0,openjpa-kernel/src/main/java/org/apache/openjpa/enhance/CodeGenerator.java,getInitialValue/1[org.apache.openjpa.enhance.FieldMetaData],org.apache.openjpa.enhance.CodeGenerator.getInitialValue/1[org.apache.openjpa.enhance.FieldMetaData],3,1,0,0,0,1,1,0,334,1,1,0,false
0.9.6,openjpa-lib/src/main/java/org/apache/openjpa/lib/rop/RangeResultObjectProvider.java,"getArray/2[org.apache.openjpa.jdbc.sql.Column,org.apache.openjpa.jdbc.sql.Joins]","org.apache.openjpa.jdbc.sql.Result.getArray/2[org.apache.openjpa.jdbc.sql.Column,org.apache.openjpa.jdbc.sql.Joins]",1,1,0,0,0,0,1,0,243,1,1,0,false
0.9.0,openjpa-jdbc/src/main/java/org/apache/openjpa/jdbc/kernel/exps/IsNotEmptyExpression.java,"appendTo/5[org.apache.openjpa.jdbc.kernel.exps.SQLBuffer,org.apache.openjpa.jdbc.kernel.exps.Select,org.apache.openjpa.jdbc.kernel.exps.JDBCStore,java.lang.Object[],org.apache.openjpa.jdbc.kernel.exps.JDBCFetchConfiguration]","org.apache.openjpa.jdbc.kernel.exps.IsNotEmptyExpression.appendTo/5[org.apache.openjpa.jdbc.kernel.exps.SQLBuffer,org.apache.openjpa.jdbc.kernel.exps.Select,org.apache.openjpa.jdbc.kernel.exps.JDBCStore,java.lang.Object[],org.apache.openjpa.jdbc.kernel.exps.JDBCFetchConfiguration]",6,1,0,0,0,0,0,4,1211,0,0,0,false
0.9.6,openjpa-jdbc/src/main/java/org/apache/openjpa/jdbc/meta/strats/EmbedFieldStrategy.java,"providedLongField/3[org.apache.openjpa.jdbc.meta.strats.PersistenceCapable,int,long]","org.apache.openjpa.jdbc.meta.strats.EmbedFieldStrategy.NullEmbeddedStateManager.providedLongField/3[org.apache.openjpa.jdbc.meta.strats.PersistenceCapable,int,long]",3,1,0,0,0,0,0,0,317,2,2,0,false
0.9.6,openjpa-jdbc/src/main/java/org/apache/openjpa/jdbc/meta/strats/EmbedFieldStrategy.java,fetchStringField/1[int],org.apache.openjpa.jdbc.meta.strats.EmbedFieldStrategy.NullEmbeddedStateManager.fetchStringField/1[int],3,1,0,0,0,1,0,0,317,2,2,0,false
0.9.0,openjpa-jdbc/src/main/java/org/apache/openjpa/jdbc/kernel/AbstractUpdateManager.java,"update/6[org.apache.openjpa.jdbc.kernel.OpenJPAStateManager,java.util.BitSet,org.apache.openjpa.jdbc.kernel.ClassMapping,org.apache.openjpa.jdbc.kernel.RowManager,org.apache.openjpa.jdbc.kernel.JDBCStore,java.util.Collection]","org.apache.openjpa.jdbc.kernel.AbstractUpdateManager.update/6[org.apache.openjpa.jdbc.kernel.OpenJPAStateManager,java.util.BitSet,org.apache.openjpa.jdbc.kernel.ClassMapping,org.apache.openjpa.jdbc.kernel.RowManager,org.apache.openjpa.jdbc.kernel.JDBCStore,java.util.Collection]",13,7,4,0,0,1,2,3,317,1,1,2,false
0.9.0,openjpa-lib/src/main/java/org/apache/openjpa/lib/jdbc/DelegatingCallableStatement.java,"setBlob/2[int,java.sql.Blob]","org.apache.openjpa.lib.jdbc.DelegatingCallableStatement.setBlob/2[int,java.sql.Blob]",3,1,0,0,0,0,0,0,243,1,1,0,false
0.9.0,openjpa-kernel/src/main/java/org/apache/openjpa/kernel/DetachedStateManager.java,"setIntermediate/2[int,java.lang.Object]","org.apache.openjpa.kernel.DetachedStateManager.setIntermediate/2[int,java.lang.Object]",3,1,0,0,0,0,0,0,334,4,6,0,false
0.9.0,openjpa-jdbc/src/main/java/org/apache/openjpa/jdbc/sql/SelectImpl.java,getColumnAlias/1[org.apache.openjpa.jdbc.sql.Column],org.apache.openjpa.jdbc.sql.SelectImpl.getColumnAlias/1[org.apache.openjpa.jdbc.sql.Column],3,1,0,0,0,1,1,1,317,4,6,0,false
0.9.6,openjpa-kernel/src/main/java/org/apache/openjpa/kernel/MethodStoreQuery.java,compile/0,org.apache.openjpa.kernel.Query.compile/0,1,1,0,0,0,0,0,0,334,1,1,0,false
0.9.6,openjpa-lib/src/main/java/org/apache/openjpa/lib/log/LogFactoryImpl.java,"formatMessage/3[short,java.lang.String,java.lang.Throwable]","org.apache.openjpa.lib.log.LogFactoryImpl.LogImpl.formatMessage/3[short,java.lang.String,java.lang.Throwable]",23,5,3,0,0,1,1,2,243,1,1,1,false
0.9.6,openjpa-jdbc/src/main/java/org/apache/openjpa/jdbc/meta/strats/EmbedFieldStrategy.java,"getSecondaryRow/2[org.apache.openjpa.jdbc.meta.strats.Table,int]","org.apache.openjpa.jdbc.meta.strats.EmbedFieldStrategy.EmbeddedRowManager.getSecondaryRow/2[org.apache.openjpa.jdbc.meta.strats.Table,int]",3,1,0,0,0,1,0,2,317,2,2,0,false
0.9.0,openjpa-kernel/src/main/java/org/apache/openjpa/kernel/BrokerImpl.java,"find/6[java.lang.Object,org.apache.openjpa.kernel.FetchConfiguration,java.util.BitSet,java.lang.Object,int,org.apache.openjpa.kernel.FindCallbacks]","org.apache.openjpa.kernel.BrokerImpl.find/6[java.lang.Object,org.apache.openjpa.kernel.FetchConfiguration,java.util.BitSet,java.lang.Object,int,org.apache.openjpa.kernel.FindCallbacks]",67,42,10,0,3,9,2,26,334,5,17,10,false
0.9.6,openjpa-kernel/src/main/java/org/apache/openjpa/kernel/DetachedValueStateManager.java,"settingDoubleField/5[org.apache.openjpa.kernel.PersistenceCapable,int,double,double,int]","org.apache.openjpa.kernel.DetachedValueStateManager.settingDoubleField/5[org.apache.openjpa.kernel.PersistenceCapable,int,double,double,int]",3,1,0,0,0,0,0,0,334,2,2,0,false
0.9.0,openjpa-kernel/src/main/java/org/apache/openjpa/kernel/BrokerImpl.java,cancelAll/0,org.apache.openjpa.kernel.BrokerImpl.cancelAll/0,13,5,0,0,1,1,0,4,334,5,17,0,false
0.9.6,openjpa-kernel/src/main/java/org/apache/openjpa/util/AbstractLRSProxyMap.java,getChanged/0,org.apache.openjpa.util.AbstractLRSProxyMap.getChanged/0,3,1,0,0,0,1,0,0,334,2,2,0,false
0.9.6,openjpa-lib/src/main/java/org/apache/openjpa/lib/util/CodeFormat.java,sastore/0,serp.bytecode.Code.sastore/0,3,1,0,0,0,1,0,1,243,1,1,0,false
0.9.0,openjpa-kernel/src/main/java/org/apache/openjpa/datacache/DelegatingDataCache.java,getInnermostDelegate/0,org.apache.openjpa.datacache.DelegatingDataCache.getInnermostDelegate/0,3,2,0,0,0,1,3,1,334,1,1,0,false
0.9.0,openjpa-lib/src/main/java/org/apache/openjpa/lib/util/concurrent/CopyOnWriteArrayList.java,listIterator/1[int],org.apache.openjpa.lib.util.concurrent.CopyOnWriteArrayList.COWSubList.listIterator/1[int],10,4,1,3,0,1,0,2,243,1,1,0,false
0.9.6,openjpa-jdbc/src/main/java/org/apache/openjpa/jdbc/sql/LogicalUnion.java,isDistinct/0,org.apache.openjpa.jdbc.sql.LogicalUnion.UnionSelect.isDistinct/0,3,1,0,0,0,1,0,1,317,3,4,0,false
0.9.6,openjpa-kernel/src/main/java/org/apache/openjpa/kernel/ResultPacker.java,"ResultPacker/4[java.lang.Class,java.lang.Class[],java.lang.String[],java.lang.Class]","org.apache.openjpa.kernel.ResultPacker.ResultPacker/4[java.lang.Class,java.lang.Class[],java.lang.String[],java.lang.Class]",43,15,21,0,1,0,0,4,334,2,2,1,false
0.9.6,openjpa-lib/src/main/java/org/apache/openjpa/lib/meta/ClassAnnotationMetaDataFilter.java,ClassAnnotationMetaDataFilter/1[java.lang.Class[]],org.apache.openjpa.lib.meta.ClassAnnotationMetaDataFilter.ClassAnnotationMetaDataFilter/1[java.lang.Class[]],4,2,3,1,0,0,1,0,243,2,2,0,false
0.9.0,openjpa-kernel/src/main/java/org/apache/openjpa/kernel/DetachedStateAttachStrategy.java,"getDetachedObjectId/2[org.apache.openjpa.kernel.AttachManager,java.lang.Object]","org.apache.openjpa.kernel.DetachedStateAttachStrategy.getDetachedObjectId/2[org.apache.openjpa.kernel.AttachManager,java.lang.Object]",16,5,4,0,0,4,2,2,334,1,1,4,false
0.9.0,openjpa-kernel/src/main/java/org/apache/openjpa/kernel/TCleanState.java,nontransactional/1[org.apache.openjpa.kernel.StateManagerImpl],org.apache.openjpa.kernel.TCleanState.nontransactional/1[org.apache.openjpa.kernel.StateManagerImpl],3,1,0,0,0,1,0,0,334,1,1,0,false
0.9.0,openjpa-kernel/src/main/java/org/apache/openjpa/kernel/exps/CompareExpression.java,"initialize/4[org.apache.openjpa.jdbc.kernel.exps.Select,org.apache.openjpa.jdbc.kernel.JDBCStore,java.lang.Object[],java.util.Map]","org.apache.openjpa.jdbc.kernel.exps.CompareExpression.initialize/4[org.apache.openjpa.jdbc.kernel.exps.Select,org.apache.openjpa.jdbc.kernel.JDBCStore,java.lang.Object[],java.util.Map]",5,1,1,0,0,0,0,0,334,1,1,0,false
0.9.0,openjpa-persistence/src/main/java/org/apache/openjpa/persistence/OpenJPAQuery.java,setParameters/1[java.util.Map],org.apache.openjpa.persistence.OpenJPAQuery.setParameters/1[java.util.Map],1,1,0,0,0,0,0,0,334,2,2,0,false
0.9.6,openjpa-jdbc/src/main/java/org/apache/openjpa/jdbc/meta/DiscriminatorMappingInfo.java,setCanIndex/1[boolean],org.apache.openjpa.jdbc.meta.MappingInfo.setCanIndex/1[boolean],3,1,1,0,0,0,0,0,317,1,1,0,false
