release,method,path,loc,wmc,assignmentsQty,mathOperationsQty,qtyTryCatch,qtyReturn,fanin,fanout,age,nAuth,nr,nSmell,buggy
0.9.6,getDataSource,openjpa-jdbc/src/main/java/org/apache/openjpa/jdbc/conf/JDBCConfigurationImpl.java,17,5,7,0,0,2,0,4,168,3,4,0,false
0.9.6,getProxyManager,openjpa-kernel/src/main/java/org/apache/openjpa/conf/OpenJPAConfigurationImpl.java,3,1,0,0,0,1,0,0,185,3,10,0,false
0.9.7,hasSchemaComponents,openjpa-jdbc/src/main/java/org/apache/openjpa/jdbc/meta/ClassMappingInfo.java,3,2,0,0,0,1,0,0,317,4,7,0,false
0.9.7,getJoinForeignKey,openjpa-jdbc/src/main/java/org/apache/openjpa/jdbc/meta/strats/RelationToManyTableFieldStrategy.java,3,1,0,0,0,1,0,0,317,2,2,0,false
1.2.1,resetFetchGroups,openjpa-kernel/src/main/java/org/apache/openjpa/kernel/DelegatingFetchConfiguration.java,9,2,0,0,1,1,0,2,1022,1,3,1,false
1.1.0,createEntityManagerFactory,openjpa-persistence/src/main/java/org/apache/openjpa/persistence/PersistenceProviderImpl.java,13,3,4,0,1,2,1,1,723,1,1,1,false
0.9.6,endConfiguration,openjpa-kernel/src/main/java/org/apache/openjpa/meta/MetaDataRepository.java,7,3,1,0,0,0,1,1,185,4,16,0,false
0.9.6,setBrokerImpl,openjpa-kernel/src/main/java/org/apache/openjpa/conf/OpenJPAConfiguration.java,1,1,0,0,0,0,0,0,185,2,5,0,false
0.9.6,invokeFactory,openjpa-kernel/src/main/java/org/apache/openjpa/kernel/Bootstrap.java,14,3,5,0,1,1,2,3,185,4,5,1,false
0.9.6,getMappingRepositoryInstance,openjpa-jdbc/src/main/java/org/apache/openjpa/jdbc/conf/JDBCConfigurationImpl.java,3,1,0,0,0,1,0,1,168,3,4,0,false
1.0.2,setMeta,openjpa-jdbc/src/main/java/org/apache/openjpa/jdbc/ant/MappingToolTask.java,3,1,1,0,0,0,0,0,612,2,2,0,false
0.9.6,newMetaDataFactoryInstance,openjpa-kernel/src/main/java/org/apache/openjpa/conf/OpenJPAConfiguration.java,1,1,0,0,0,0,0,0,185,2,5,0,false
0.9.6,setFlushBeforeQueries,openjpa-kernel/src/main/java/org/apache/openjpa/conf/OpenJPAConfigurationImpl.java,4,1,0,0,0,0,0,1,185,3,10,0,false
0.9.7,startSystemMappingElement,openjpa-persistence-jdbc/src/main/java/org/apache/openjpa/persistence/jdbc/XMLPersistenceMappingParser.java,28,9,7,0,0,3,0,5,317,5,5,0,false
0.9.6,getSpecification,openjpa-kernel/src/main/java/org/apache/openjpa/conf/OpenJPAConfigurationImpl.java,3,1,0,0,0,1,0,0,185,3,10,0,false
0.9.6,setCandidate,openjpa-kernel/src/main/java/org/apache/openjpa/kernel/jpql/JPQLExpressionBuilder.java,5,3,2,0,0,0,3,1,185,3,9,1,false
0.9.6,toModeString,openjpa-kernel/src/main/java/org/apache/openjpa/meta/MetaDataRepository.java,8,9,1,0,0,1,2,0,185,4,16,0,false
0.9.7,select,openjpa-jdbc/src/main/java/org/apache/openjpa/jdbc/meta/strats/RelationFieldStrategy.java,4,1,1,0,0,0,0,1,317,3,4,0,false
0.9.0,executeBulkOperation,openjpa-jdbc/src/main/java/org/apache/openjpa/jdbc/kernel/JDBCStoreQuery.java,55,16,18,0,4,4,2,1,37,2,5,4,false
0.9.6,newValueMetaData,openjpa-kernel/src/main/java/org/apache/openjpa/meta/MetaDataRepository.java,3,1,0,0,0,1,0,0,185,4,16,0,false
2.0.0-M1,selectValue,openjpa-jdbc/src/main/java/org/apache/openjpa/jdbc/meta/strats/HandlerRelationMapTableFieldStrategy.java,3,1,0,0,0,0,0,0,447,1,3,1,false
0.9.6,setFetchDirection,openjpa-jdbc/src/main/java/org/apache/openjpa/jdbc/conf/JDBCConfigurationImpl.java,4,1,0,0,0,0,0,1,168,3,4,0,false
0.9.6,setMetaDataRepository,openjpa-kernel/src/main/java/org/apache/openjpa/conf/OpenJPAConfiguration.java,1,1,0,0,0,0,0,0,185,2,5,0,false
0.9.6,addSystemListener,openjpa-kernel/src/main/java/org/apache/openjpa/meta/MetaDataRepository.java,5,1,2,0,0,0,0,0,185,4,16,0,false
1.1.0,newPreparedStatementManager,openjpa-jdbc/src/main/java/org/apache/openjpa/jdbc/kernel/BatchingOperationOrderUpdateManager.java,4,1,1,0,0,1,0,1,113,1,1,0,true
0.9.7,setCascadePersist,openjpa-kernel/src/main/java/org/apache/openjpa/meta/ValueMetaDataImpl.java,3,1,1,0,0,0,0,0,334,2,3,0,false
0.9.7,startColumn,openjpa-persistence-jdbc/src/main/java/org/apache/openjpa/persistence/jdbc/XMLPersistenceMappingParser.java,5,1,1,0,0,1,2,1,317,5,5,1,false
0.9.0,contains,openjpa-kernel/src/main/java/org/apache/openjpa/kernel/exps/InMemoryExpressionFactory.java,3,1,0,0,0,1,0,0,45,3,6,0,false
0.9.7,getFieldMetaData,openjpa-kernel/src/main/java/org/apache/openjpa/meta/ValueMetaDataImpl.java,3,1,0,0,0,1,0,0,334,2,3,0,false
0.9.6,getClassName,openjpa-lib/src/main/java/org/apache/openjpa/lib/conf/Configurations.java,3,1,0,0,0,1,0,1,94,4,7,0,false
1.2.1,getFlushBeforeQueries,openjpa-kernel/src/main/java/org/apache/openjpa/kernel/DelegatingFetchConfiguration.java,8,2,0,0,1,1,0,2,1022,1,3,1,false
0.9.7,setType,openjpa-kernel/src/main/java/org/apache/openjpa/meta/ValueMetaDataImpl.java,3,1,1,0,0,0,0,0,334,2,3,0,false
1.1.0,createContainerEntityManagerFactory,openjpa-persistence/src/main/java/org/apache/openjpa/persistence/PersistenceProviderImpl.java,33,7,8,1,2,2,0,4,723,1,1,4,false
0.9.6,getFileHandler,openjpa-xmlstore/src/main/java/org/apache/openjpa/xmlstore/XMLConfiguration.java,4,2,1,0,0,1,0,0,185,1,1,0,false
0.9.7,getSecondaryTableName,openjpa-jdbc/src/main/java/org/apache/openjpa/jdbc/meta/ClassMappingInfo.java,24,13,10,1,0,3,1,0,317,4,7,2,false
0.9.6,lookupConnectionFactory,openjpa-kernel/src/main/java/org/apache/openjpa/conf/OpenJPAConfigurationImpl.java,4,3,0,0,0,2,2,1,185,3,10,1,false
0.9.6,addFileset,openjpa-lib/src/main/java/org/apache/openjpa/lib/ant/AbstractTask.java,3,1,0,0,0,0,0,0,94,1,1,0,false
2.0.0-M1,getMapValue,openjpa-kernel/src/main/java/org/apache/openjpa/kernel/exps/InMemoryExpressionFactory.java,3,1,0,0,0,1,0,0,974,1,5,0,false
0.9.0,validate,openjpa-kernel/src/main/java/org/apache/openjpa/kernel/ExpressionStoreQuery.java,4,1,1,0,0,0,0,2,45,2,6,0,false
0.9.6,removeMetaData,openjpa-kernel/src/main/java/org/apache/openjpa/meta/MetaDataRepository.java,10,4,1,0,0,3,0,0,185,4,16,0,false
0.9.6,getQueryCache,openjpa-kernel/src/main/java/org/apache/openjpa/conf/OpenJPAConfiguration.java,1,1,0,0,0,0,0,0,185,2,5,0,false
0.9.6,getFilterListeners,openjpa-kernel/src/main/java/org/apache/openjpa/conf/OpenJPAConfiguration.java,1,1,0,0,0,0,0,0,185,2,5,0,false
0.9.6,addDefaultAlias,openjpa-kernel/src/main/java/org/apache/openjpa/conf/BrokerFactoryValue.java,9,2,0,0,0,0,1,0,185,2,6,0,false
0.9.6,setClassResolver,openjpa-kernel/src/main/java/org/apache/openjpa/conf/OpenJPAConfigurationImpl.java,4,1,0,0,0,0,0,1,185,3,10,0,false
0.9.6,setManagedRuntime,openjpa-kernel/src/main/java/org/apache/openjpa/conf/OpenJPAConfiguration.java,1,1,0,0,0,0,0,0,185,2,5,0,false
0.9.6,assemble,openjpa-kernel/src/main/java/org/apache/openjpa/kernel/jpql/JPQLExpressionBuilder.java,6,4,3,1,0,1,2,0,185,3,9,0,false
0.9.6,setRemoteCommitEventManager,openjpa-kernel/src/main/java/org/apache/openjpa/conf/OpenJPAConfiguration.java,1,1,0,0,0,0,0,0,185,2,5,0,false
0.9.6,getMetaDataRepository,openjpa-kernel/src/main/java/org/apache/openjpa/conf/OpenJPAConfigurationImpl.java,3,1,0,0,0,1,0,0,185,3,10,0,false
1.2.1,traverse,openjpa-kernel/src/main/java/org/apache/openjpa/kernel/DelegatingFetchConfiguration.java,8,2,0,0,1,1,0,2,1022,1,3,1,false
0.9.7,serializeColumns,openjpa-persistence-jdbc/src/main/java/org/apache/openjpa/persistence/jdbc/XMLPersistenceMappingSerializer.java,5,3,1,0,0,1,4,1,317,3,3,0,false
0.9.6,getKey,openjpa-jdbc/src/main/java/org/apache/openjpa/jdbc/kernel/ClassTableJDBCSeq.java,10,5,2,0,0,2,2,0,168,2,3,3,false
1.0.2,setOpenJPATables,openjpa-jdbc/src/main/java/org/apache/openjpa/jdbc/ant/MappingToolTask.java,3,1,1,0,0,0,0,0,612,2,2,0,false
0.9.6,setRestoreState,openjpa-kernel/src/main/java/org/apache/openjpa/conf/OpenJPAConfiguration.java,1,1,0,0,0,0,0,0,185,2,5,0,false
2.0.0-M2,appendTo,openjpa-jdbc/src/main/java/org/apache/openjpa/jdbc/kernel/exps/NullIfExpression.java,9,1,1,0,0,0,1,0,218,1,1,0,false
0.9.6,beforeConfigurationLoad,openjpa-jdbc/src/main/java/org/apache/openjpa/jdbc/conf/JDBCProductDerivation.java,1,1,0,0,0,0,0,0,168,3,5,0,false
0.9.6,setConnectionRetainMode,openjpa-kernel/src/main/java/org/apache/openjpa/conf/OpenJPAConfiguration.java,1,1,0,0,0,0,0,0,185,2,5,0,false
0.9.7,getCascadeAttach,openjpa-kernel/src/main/java/org/apache/openjpa/meta/ValueMetaDataImpl.java,5,4,0,0,0,3,0,2,334,2,3,0,false
0.9.7,persist,openjpa-kernel/src/main/java/org/apache/openjpa/kernel/PDeletedState.java,3,2,0,0,0,1,0,0,334,2,2,1,false
0.9.6,load,openjpa-lib/src/main/java/org/apache/openjpa/lib/conf/MapConfigurationProvider.java,3,1,0,0,0,1,0,0,94,2,2,0,false
1.2.1,getColumn,openjpa-jdbc/src/main/java/org/apache/openjpa/jdbc/schema/DynamicSchemaFactory.java,9,4,1,0,0,4,0,2,1005,1,1,0,false
0.9.6,setConnectionFactoryProperties,openjpa-kernel/src/main/java/org/apache/openjpa/conf/OpenJPAConfigurationImpl.java,4,1,0,0,0,0,0,1,185,3,10,0,false
0.9.6,getConnectionFactory,openjpa-kernel/src/main/java/org/apache/openjpa/conf/OpenJPAConfigurationImpl.java,4,2,0,0,0,1,0,2,185,3,10,0,false
0.9.7,addAll,openjpa-persistence-jdbc/src/main/java/org/apache/openjpa/persistence/jdbc/XMLPersistenceMappingSerializer.java,4,2,0,0,0,0,0,1,317,3,3,0,false
0.9.6,loadMapping,openjpa-kernel/src/main/java/org/apache/openjpa/meta/MetaDataRepository.java,29,14,1,0,2,2,1,3,185,4,16,2,false
1.0.3,flush,openjpa-jdbc/src/main/java/org/apache/openjpa/jdbc/kernel/BatchingConstraintUpdateManager.java,18,5,5,0,1,3,0,0,204,1,3,1,false
1.0.2,setIgnoreErrors,openjpa-jdbc/src/main/java/org/apache/openjpa/jdbc/ant/MappingToolTask.java,3,1,1,0,0,0,0,0,612,2,2,0,false
1.0.2,setSchemaFile,openjpa-jdbc/src/main/java/org/apache/openjpa/jdbc/ant/MappingToolTask.java,3,1,1,0,0,0,0,0,612,2,2,0,false
0.9.0,getDataStoreActions,openjpa-jdbc/src/main/java/org/apache/openjpa/jdbc/kernel/JDBCStoreQuery.java,37,12,22,0,0,2,0,4,37,2,5,2,false
0.9.6,newEmbeddedClassMetaData,openjpa-kernel/src/main/java/org/apache/openjpa/meta/MetaDataRepository.java,3,1,0,0,0,1,0,0,185,4,16,0,false
0.9.6,substring,openjpa-jdbc/src/main/java/org/apache/openjpa/jdbc/sql/AbstractSQLServerDictionary.java,20,2,0,0,0,0,1,0,168,1,1,0,false
0.9.6,indexOf,openjpa-jdbc/src/main/java/org/apache/openjpa/jdbc/sql/AbstractSQLServerDictionary.java,13,3,0,0,0,0,0,1,168,1,1,0,false
0.9.6,getDefaults,openjpa-persistence/src/main/java/org/apache/openjpa/persistence/PersistenceMetaDataFactory.java,7,2,1,0,0,1,0,0,185,3,5,0,false
0.9.6,getInverseManager,openjpa-kernel/src/main/java/org/apache/openjpa/conf/OpenJPAConfigurationImpl.java,3,1,0,0,0,1,0,0,185,3,10,0,false
0.9.6,register,openjpa-kernel/src/main/java/org/apache/openjpa/meta/MetaDataRepository.java,5,1,0,0,0,0,0,0,185,4,16,0,false
0.9.6,setToken,openjpa-kernel/src/main/java/org/apache/openjpa/kernel/jpql/JPQLExpressionBuilder.java,3,1,0,0,0,0,0,1,185,3,9,0,false
0.9.7,toString,openjpa-kernel/src/main/java/org/apache/openjpa/meta/ValueMetaDataImpl.java,9,4,1,4,0,4,0,0,334,2,3,0,false
1.0.0,getManagedRuntime,openjpa-persistence/src/main/java/org/apache/openjpa/persistence/OpenJPAEntityManagerSPI.java,1,1,0,0,0,0,0,0,7,1,2,0,false
0.9.6,evalWhereClause,openjpa-kernel/src/main/java/org/apache/openjpa/kernel/jpql/JPQLExpressionBuilder.java,5,2,1,0,0,2,1,3,185,3,9,1,false
0.9.6,setConnectionRetainMode,openjpa-kernel/src/main/java/org/apache/openjpa/conf/OpenJPAConfigurationImpl.java,4,1,0,0,0,0,0,1,185,3,10,0,false
1.2.1,setWriteLockLevel,openjpa-kernel/src/main/java/org/apache/openjpa/kernel/DelegatingFetchConfiguration.java,9,2,0,0,1,1,0,2,1022,1,3,1,false
1.2.1,newResultList,openjpa-kernel/src/main/java/org/apache/openjpa/kernel/DelegatingFetchConfiguration.java,8,2,0,0,1,1,0,2,1022,1,3,1,false
0.9.7,getType,openjpa-kernel/src/main/java/org/apache/openjpa/meta/ValueMetaDataImpl.java,3,2,0,0,0,1,0,0,334,2,3,0,false
0.9.6,setAnnotationParser,openjpa-persistence/src/main/java/org/apache/openjpa/persistence/PersistenceMetaDataFactory.java,5,3,1,0,0,0,0,0,185,3,5,0,false
0.9.7,map,openjpa-jdbc/src/main/java/org/apache/openjpa/jdbc/meta/strats/RelationToManyInverseKeyFieldStrategy.java,31,6,6,0,0,1,0,0,317,2,2,11,false
0.9.0,getValueType,openjpa-kernel/src/main/java/org/apache/openjpa/conf/AutoDetachValue.java,3,1,0,0,0,1,0,0,45,1,5,0,false
1.0.0,removeTransactionListener,openjpa-persistence/src/main/java/org/apache/openjpa/persistence/OpenJPAEntityManagerSPI.java,1,1,0,0,0,0,0,0,7,1,2,0,false
1.0.2,setPrimaryKeys,openjpa-jdbc/src/main/java/org/apache/openjpa/jdbc/ant/MappingToolTask.java,3,1,1,0,0,0,0,0,612,2,2,0,false
0.9.6,getBrokerFactory,openjpa-kernel/src/main/java/org/apache/openjpa/conf/OpenJPAConfiguration.java,1,1,0,0,0,0,0,0,185,2,5,0,false
0.9.7,serializeQueryResultMapping,openjpa-persistence-jdbc/src/main/java/org/apache/openjpa/persistence/jdbc/XMLPersistenceMappingSerializer.java,24,7,1,0,0,1,2,0,317,3,3,3,false
0.9.6,getIgnoreChanges,openjpa-kernel/src/main/java/org/apache/openjpa/conf/OpenJPAConfigurationImpl.java,3,1,0,0,0,1,0,0,185,3,10,0,false
0.9.6,getDataCacheManager,openjpa-kernel/src/main/java/org/apache/openjpa/conf/OpenJPAConfigurationImpl.java,8,2,2,0,0,1,0,0,185,3,10,0,false
1.0.0,removeLifecycleListener,openjpa-persistence/src/main/java/org/apache/openjpa/persistence/OpenJPAEntityManagerSPI.java,1,1,0,0,0,0,0,0,7,1,2,0,false
0.9.6,newParser,openjpa-persistence/src/main/java/org/apache/openjpa/persistence/PersistenceMetaDataFactory.java,3,1,0,0,0,1,0,1,185,3,5,0,false
0.9.7,clear,openjpa-jdbc/src/main/java/org/apache/openjpa/jdbc/meta/ClassMappingInfo.java,4,1,1,0,0,0,1,0,317,4,7,0,false
0.9.7,addSystemMappingElements,openjpa-persistence-jdbc/src/main/java/org/apache/openjpa/persistence/jdbc/XMLPersistenceMappingSerializer.java,3,2,0,0,0,0,0,1,317,3,3,0,false
0.9.6,setWriteLockLevel,openjpa-kernel/src/main/java/org/apache/openjpa/conf/OpenJPAConfiguration.java,1,1,0,0,0,0,0,0,185,2,5,0,false
0.9.6,getImplementorMetaDatas,openjpa-kernel/src/main/java/org/apache/openjpa/meta/MetaDataRepository.java,22,12,5,0,0,3,0,3,185,4,16,1,false
0.9.7,setUnique,openjpa-persistence-jdbc/src/main/java/org/apache/openjpa/persistence/jdbc/XMLPersistenceMappingParser.java,4,3,0,0,0,0,2,0,317,5,5,1,false
0.9.7,getPrimaryKeyValue,openjpa-jdbc/src/main/java/org/apache/openjpa/jdbc/meta/strats/RelationFieldStrategy.java,14,8,6,0,0,4,0,2,317,3,4,4,false
0.9.7,serializeTable,openjpa-persistence-jdbc/src/main/java/org/apache/openjpa/persistence/jdbc/XMLPersistenceMappingSerializer.java,22,15,5,1,0,0,1,3,317,3,3,1,false
1.1.0,flushAndUpdate,openjpa-jdbc/src/main/java/org/apache/openjpa/jdbc/kernel/BatchingPreparedStatementManagerImpl.java,26,6,3,0,0,0,0,2,142,2,5,1,true
0.9.6,getQueryExpressions,openjpa-kernel/src/main/java/org/apache/openjpa/kernel/jpql/JPQLExpressionBuilder.java,17,4,8,0,0,1,1,21,185,3,9,1,false
0.9.6,jjtGetChild,openjpa-kernel/src/main/java/org/apache/openjpa/kernel/jpql/JPQLExpressionBuilder.java,3,1,0,0,0,1,1,0,185,3,9,0,false
0.9.6,setOrphanedKeyAction,openjpa-kernel/src/main/java/org/apache/openjpa/conf/OpenJPAConfiguration.java,1,1,0,0,0,0,0,0,185,2,5,0,false
0.9.7,copy,openjpa-kernel/src/main/java/org/apache/openjpa/meta/ValueMetaDataImpl.java,13,4,9,0,0,0,0,1,334,2,3,0,false
0.9.6,setUseParentClassloader,openjpa-lib/src/main/java/org/apache/openjpa/lib/ant/AbstractTask.java,3,1,1,0,0,0,0,0,94,1,1,0,false
1.2.1,setRootInstances,openjpa-kernel/src/main/java/org/apache/openjpa/kernel/DelegatingFetchConfiguration.java,9,2,0,0,1,1,0,2,1022,1,3,1,false
0.9.6,resolveClassMetaData,openjpa-kernel/src/main/java/org/apache/openjpa/kernel/jpql/JPQLExpressionBuilder.java,10,3,3,0,0,3,2,5,185,3,9,1,false
0.9.6,addPrimaryKeyColumn,openjpa-jdbc/src/main/java/org/apache/openjpa/jdbc/kernel/ClassTableJDBCSeq.java,8,1,2,0,0,1,0,0,168,2,3,6,false
0.9.6,configureInstance,openjpa-lib/src/main/java/org/apache/openjpa/lib/conf/Configurations.java,31,15,11,0,0,1,2,0,94,4,7,5,false
2.0.0-M1,getKeyColumnIO,openjpa-jdbc/src/main/java/org/apache/openjpa/jdbc/meta/strats/HandlerRelationMapTableFieldStrategy.java,3,1,0,0,0,1,0,0,447,1,3,0,false
0.9.6,supportedOptions,openjpa-kernel/src/main/java/org/apache/openjpa/conf/OpenJPAConfiguration.java,1,1,0,0,0,0,0,0,185,2,5,0,false
0.9.6,getParsedQuery,openjpa-kernel/src/main/java/org/apache/openjpa/kernel/jpql/JPQLExpressionBuilder.java,3,1,0,0,0,1,0,1,185,3,9,1,false
1.0.0,getLog,openjpa-persistence/src/main/java/org/apache/openjpa/persistence/AnnotationPersistenceXMLMetaDataParser.java,3,1,0,0,0,1,0,0,27,3,6,0,false
0.9.6,getMetaDataFactory,openjpa-kernel/src/main/java/org/apache/openjpa/conf/OpenJPAConfiguration.java,1,1,0,0,0,0,0,0,185,2,5,0,false
0.9.6,instantiateAll,openjpa-kernel/src/main/java/org/apache/openjpa/conf/OpenJPAConfigurationImpl.java,5,1,0,0,0,0,0,2,185,3,10,0,false
0.9.6,evalFromClause,openjpa-kernel/src/main/java/org/apache/openjpa/kernel/jpql/JPQLExpressionBuilder.java,15,8,8,0,0,1,1,4,185,3,9,2,false
1.1.0,removeProvider,openjpa-lib/src/main/java/org/apache/openjpa/lib/util/Localizer.java,3,1,0,0,0,1,0,0,632,2,2,0,false
0.9.7,getFieldIndex,openjpa-jdbc/src/main/java/org/apache/openjpa/jdbc/meta/strats/RelationFieldStrategy.java,3,1,0,0,0,1,0,0,317,3,4,0,false
0.9.6,getSequenceMetaData,openjpa-kernel/src/main/java/org/apache/openjpa/meta/MetaDataRepository.java,22,7,4,1,2,3,0,1,185,4,16,0,false
0.9.6,setSequence,openjpa-kernel/src/main/java/org/apache/openjpa/conf/OpenJPAConfigurationImpl.java,4,1,0,0,0,0,0,1,185,3,10,0,false
0.9.6,getClassLoader,openjpa-kernel/src/main/java/org/apache/openjpa/kernel/jpql/JPQLExpressionBuilder.java,3,1,0,0,0,1,1,0,185,3,9,1,false
0.9.7,update,openjpa-jdbc/src/main/java/org/apache/openjpa/jdbc/meta/strats/RelationFieldStrategy.java,32,18,12,0,0,4,3,0,317,3,4,1,false
0.9.6,setConnectionPassword,openjpa-kernel/src/main/java/org/apache/openjpa/conf/OpenJPAConfiguration.java,1,1,0,0,0,0,0,0,185,2,5,0,false
0.9.6,setBrokerFactory,openjpa-kernel/src/main/java/org/apache/openjpa/conf/OpenJPAConfiguration.java,1,1,0,0,0,0,0,0,185,2,5,0,false
0.9.6,getDataCache,openjpa-kernel/src/main/java/org/apache/openjpa/conf/OpenJPAConfigurationImpl.java,3,1,0,0,0,1,0,0,185,3,10,0,false
0.9.6,setIgnoreChanges,openjpa-kernel/src/main/java/org/apache/openjpa/conf/OpenJPAConfigurationImpl.java,3,2,0,0,0,0,0,1,185,3,10,0,false
1.2.1,getQueryCacheEnabled,openjpa-kernel/src/main/java/org/apache/openjpa/kernel/DelegatingFetchConfiguration.java,8,2,0,0,1,1,0,2,1022,1,3,1,false
1.1.0,newPreparedStatementManager,openjpa-jdbc/src/main/java/org/apache/openjpa/jdbc/kernel/BatchingConstraintUpdateManager.java,4,1,1,0,0,1,0,1,142,1,1,0,true
0.9.6,loadPersistentTypes,openjpa-kernel/src/main/java/org/apache/openjpa/meta/MetaDataRepository.java,12,5,5,0,0,2,0,1,185,4,16,1,false
1.0.0,toString,openjpa-jdbc/src/main/java/org/apache/openjpa/jdbc/sql/DBDictionaryFactory.java,11,2,2,0,1,1,0,0,440,3,4,0,false
0.9.6,getLockTimeout,openjpa-kernel/src/main/java/org/apache/openjpa/conf/OpenJPAConfiguration.java,1,1,0,0,0,0,0,0,185,2,5,0,false
0.9.6,get,openjpa-kernel/src/main/java/org/apache/openjpa/conf/BrokerFactoryValue.java,10,3,4,1,0,2,0,0,185,2,6,0,false
1.0.3,flush,openjpa-jdbc/src/main/java/org/apache/openjpa/jdbc/kernel/BatchingOperationOrderUpdateManager.java,18,5,5,0,1,3,0,0,175,1,3,1,false
0.9.0,getNull,openjpa-kernel/src/main/java/org/apache/openjpa/kernel/exps/InMemoryExpressionFactory.java,3,1,0,0,0,1,0,0,45,3,6,0,false
2.0.0-M1,joinRelation,openjpa-jdbc/src/main/java/org/apache/openjpa/jdbc/meta/strats/RelationRelationMapTableFieldStrategy.java,10,4,2,0,0,3,0,0,447,1,3,3,false
0.9.6,newMetaDataFactoryInstance,openjpa-kernel/src/main/java/org/apache/openjpa/conf/OpenJPAConfigurationImpl.java,3,1,0,0,0,1,0,0,185,3,10,0,false
0.9.6,setAggregateListeners,openjpa-kernel/src/main/java/org/apache/openjpa/conf/OpenJPAConfiguration.java,1,1,0,0,0,0,0,0,185,2,5,0,false
0.9.6,assertSchemaAlias,openjpa-kernel/src/main/java/org/apache/openjpa/kernel/jpql/JPQLExpressionBuilder.java,5,2,1,0,0,1,2,1,185,3,9,2,false
0.9.6,getTypeValue,openjpa-kernel/src/main/java/org/apache/openjpa/kernel/jpql/JPQLExpressionBuilder.java,5,1,1,0,0,1,2,1,185,3,9,0,false
0.9.6,setConnectionPassword,openjpa-kernel/src/main/java/org/apache/openjpa/conf/OpenJPAConfigurationImpl.java,4,1,0,0,0,0,0,1,185,3,10,0,false
0.9.6,toEntityManagerFactory,openjpa-persistence/src/main/java/org/apache/openjpa/persistence/OpenJPAPersistence.java,18,4,2,0,1,2,1,1,185,3,10,1,false
0.9.6,getBrokerFactory,openjpa-kernel/src/main/java/org/apache/openjpa/kernel/Bootstrap.java,3,1,0,0,0,1,0,2,185,4,5,0,false
0.9.0,hasGrouping,openjpa-kernel/src/main/java/org/apache/openjpa/kernel/ExpressionStoreQuery.java,3,2,0,0,0,1,1,1,45,2,6,2,false
0.9.0,isEmpty,openjpa-kernel/src/main/java/org/apache/openjpa/kernel/exps/InMemoryExpressionFactory.java,3,1,0,0,0,1,1,0,45,3,6,0,false
0.9.6,getRemoteCommitEventManager,openjpa-kernel/src/main/java/org/apache/openjpa/conf/OpenJPAConfigurationImpl.java,7,2,1,0,0,1,1,0,185,3,10,0,false
1.1.0,isBatchDisabled,openjpa-jdbc/src/main/java/org/apache/openjpa/jdbc/kernel/BatchingPreparedStatementManagerImpl.java,14,5,9,0,0,1,1,0,142,2,5,3,true
0.9.7,appendIsNotNull,openjpa-jdbc/src/main/java/org/apache/openjpa/jdbc/meta/strats/RelationFieldStrategy.java,9,3,2,0,0,0,0,2,317,3,4,0,false
0.9.7,getHierarchyStrategy,openjpa-jdbc/src/main/java/org/apache/openjpa/jdbc/meta/ClassMappingInfo.java,3,1,0,0,0,1,1,0,317,4,7,0,false
0.9.7,serializeColumn,openjpa-persistence-jdbc/src/main/java/org/apache/openjpa/persistence/jdbc/XMLPersistenceMappingSerializer.java,21,22,1,2,0,0,2,0,317,3,3,0,false
1.0.2,setReadSchema,openjpa-jdbc/src/main/java/org/apache/openjpa/jdbc/ant/MappingToolTask.java,3,1,1,0,0,0,0,0,612,2,2,0,false
1.2.1,setQueryCacheEnabled,openjpa-kernel/src/main/java/org/apache/openjpa/kernel/DelegatingFetchConfiguration.java,9,2,0,0,1,1,0,2,1022,1,3,1,false
0.9.7,setAutoAssignedValue,openjpa-jdbc/src/main/java/org/apache/openjpa/jdbc/meta/strats/RelationFieldStrategy.java,3,1,0,0,0,0,0,0,317,3,4,0,false
0.9.6,setDataCache,openjpa-kernel/src/main/java/org/apache/openjpa/conf/OpenJPAConfiguration.java,1,1,0,0,0,0,0,0,185,2,5,0,false
0.9.6,setRetryClassRegistration,openjpa-kernel/src/main/java/org/apache/openjpa/conf/OpenJPAConfiguration.java,1,1,0,0,0,0,0,0,185,2,5,0,false
0.9.6,appendSelectRange,openjpa-jdbc/src/main/java/org/apache/openjpa/jdbc/sql/AbstractSQLServerDictionary.java,3,1,0,0,0,0,0,0,168,1,1,1,false
1.2.1,addFetchGroup,openjpa-kernel/src/main/java/org/apache/openjpa/kernel/DelegatingFetchConfiguration.java,9,2,0,0,1,1,0,2,1022,1,3,1,false
0.9.7,startClassMapping,openjpa-persistence-jdbc/src/main/java/org/apache/openjpa/persistence/jdbc/XMLPersistenceMappingParser.java,3,2,0,0,0,0,0,0,317,5,5,0,false
0.9.6,setConnection2URL,openjpa-kernel/src/main/java/org/apache/openjpa/conf/OpenJPAConfigurationImpl.java,4,1,0,0,0,0,0,1,185,3,10,0,false
0.9.0,asExpression,openjpa-kernel/src/main/java/org/apache/openjpa/kernel/exps/InMemoryExpressionFactory.java,3,1,0,0,0,1,0,0,45,3,6,0,false
0.9.6,setIgnoreUnmapped,openjpa-jdbc/src/main/java/org/apache/openjpa/jdbc/kernel/ClassTableJDBCSeq.java,3,1,1,0,0,0,1,0,168,2,3,0,false
2.0.0-M2,initialize,openjpa-jdbc/src/main/java/org/apache/openjpa/jdbc/kernel/exps/CoalesceExpression.java,10,3,6,0,0,1,0,1,218,1,1,0,false
0.9.6,getConfiguration,openjpa-lib/src/main/java/org/apache/openjpa/lib/ant/AbstractTask.java,4,2,1,0,0,1,1,1,94,1,1,0,false
0.9.6,endConfiguration,openjpa-persistence/src/main/java/org/apache/openjpa/persistence/PersistenceMetaDataFactory.java,4,2,1,0,0,0,0,0,185,3,5,0,false
0.9.6,getConnectionDriverName,openjpa-kernel/src/main/java/org/apache/openjpa/conf/OpenJPAConfiguration.java,1,1,0,0,0,0,0,0,185,2,5,0,false
0.9.6,processBuffer,openjpa-kernel/src/main/java/org/apache/openjpa/meta/MetaDataRepository.java,25,7,4,0,1,2,2,1,185,4,16,1,false
0.9.6,getSubclassFetchMode,openjpa-jdbc/src/main/java/org/apache/openjpa/jdbc/conf/JDBCConfigurationImpl.java,3,1,0,0,0,1,0,0,168,3,4,0,false
2.0.0-M1,toObjectValue,openjpa-jdbc/src/main/java/org/apache/openjpa/jdbc/meta/strats/EmbedValueHandler.java,3,1,0,0,0,0,0,1,957,1,2,0,false
0.9.6,getOptimistic,openjpa-kernel/src/main/java/org/apache/openjpa/conf/OpenJPAConfiguration.java,1,1,0,0,0,0,0,0,185,2,5,0,false
1.2.1,clearFields,openjpa-kernel/src/main/java/org/apache/openjpa/kernel/DelegatingFetchConfiguration.java,9,2,0,0,1,1,0,2,1022,1,3,1,false
2.0.0-M2,groupBy,openjpa-jdbc/src/main/java/org/apache/openjpa/jdbc/kernel/exps/CoalesceExpression.java,3,1,0,0,0,0,0,1,218,1,1,0,false
0.9.7,commit,openjpa-kernel/src/main/java/org/apache/openjpa/kernel/PDeletedState.java,4,1,0,0,0,1,0,0,334,2,2,0,false
0.9.0,project,openjpa-kernel/src/main/java/org/apache/openjpa/kernel/exps/InMemoryExpressionFactory.java,10,5,3,0,0,3,1,2,45,3,6,0,false
2.0.0-M1,getValueColumns,openjpa-jdbc/src/main/java/org/apache/openjpa/jdbc/meta/strats/HandlerRelationMapTableFieldStrategy.java,3,1,0,0,0,1,0,0,447,1,3,1,false
2.0.0-M1,toDataStoreValue,openjpa-jdbc/src/main/java/org/apache/openjpa/jdbc/meta/strats/HandlerRelationMapTableFieldStrategy.java,3,1,0,0,0,1,0,0,447,1,3,0,false
0.9.6,getClassLoader,openjpa-lib/src/main/java/org/apache/openjpa/lib/ant/AbstractTask.java,7,3,2,0,0,2,0,0,94,1,1,0,false
0.9.7,setCascadeDelete,openjpa-kernel/src/main/java/org/apache/openjpa/meta/ValueMetaDataImpl.java,3,1,1,0,0,0,0,0,334,2,3,0,false
0.9.7,setSyncMappingInfo,openjpa-persistence-jdbc/src/main/java/org/apache/openjpa/persistence/jdbc/XMLPersistenceMappingSerializer.java,3,1,1,0,0,0,0,0,317,3,3,0,false
0.9.7,eagerJoin,openjpa-jdbc/src/main/java/org/apache/openjpa/jdbc/meta/strats/RelationFieldStrategy.java,10,5,4,0,0,2,4,2,317,3,4,1,false
0.9.6,getIgnoreUnmapped,openjpa-jdbc/src/main/java/org/apache/openjpa/jdbc/kernel/ClassTableJDBCSeq.java,3,1,0,0,0,1,0,0,168,2,3,0,false
0.9.0,calculateEagerMode,openjpa-jdbc/src/main/java/org/apache/openjpa/jdbc/kernel/JDBCStoreQuery.java,5,5,0,1,0,3,2,0,37,2,5,0,false
0.9.6,setSpecification,openjpa-kernel/src/main/java/org/apache/openjpa/conf/OpenJPAConfigurationImpl.java,10,5,1,0,0,3,0,2,185,3,10,2,false
0.9.6,getMappingDefaults,openjpa-jdbc/src/main/java/org/apache/openjpa/jdbc/conf/JDBCConfigurationImpl.java,4,2,0,0,0,1,0,0,168,3,4,0,false
0.9.6,setFetchBatchSize,openjpa-kernel/src/main/java/org/apache/openjpa/conf/OpenJPAConfigurationImpl.java,3,2,0,0,0,0,0,1,185,3,10,0,false
0.9.6,getConnectionUserName,openjpa-kernel/src/main/java/org/apache/openjpa/conf/OpenJPAConfiguration.java,1,1,0,0,0,0,0,0,185,2,5,0,false
0.9.6,loadDefaults,openjpa-lib/src/main/java/org/apache/openjpa/lib/conf/MapConfigurationProvider.java,3,1,0,0,0,1,0,0,94,2,2,0,false
0.9.7,getSyncMappingInfo,openjpa-persistence-jdbc/src/main/java/org/apache/openjpa/persistence/jdbc/XMLPersistenceMappingSerializer.java,3,1,0,0,0,1,0,0,317,3,3,0,false
0.9.7,getQueryResultMappings,openjpa-persistence-jdbc/src/main/java/org/apache/openjpa/persistence/jdbc/XMLPersistenceMappingSerializer.java,11,10,4,1,0,2,2,0,317,3,3,3,false
0.9.0,newCompilationKey,openjpa-jdbc/src/main/java/org/apache/openjpa/jdbc/kernel/JDBCStoreQuery.java,4,1,1,0,0,1,0,0,37,2,5,1,false
0.9.6,getRetryClassRegistration,openjpa-kernel/src/main/java/org/apache/openjpa/conf/OpenJPAConfigurationImpl.java,3,1,0,0,0,1,0,0,185,3,10,0,false
0.9.6,newInverseManagerInstance,openjpa-kernel/src/main/java/org/apache/openjpa/conf/OpenJPAConfiguration.java,1,1,0,0,0,0,0,0,185,2,5,0,false
0.9.0,initializeJoins,openjpa-jdbc/src/main/java/org/apache/openjpa/jdbc/kernel/exps/SelectConstructor.java,32,10,16,0,0,0,1,0,37,2,8,4,false
0.9.7,get,openjpa-jdbc/src/main/java/org/apache/openjpa/jdbc/meta/ClassMappingInfo.java,3,1,0,0,0,1,0,0,317,4,7,2,false
0.9.7,map,openjpa-jdbc/src/main/java/org/apache/openjpa/jdbc/meta/strats/RelationFieldStrategy.java,56,24,11,0,0,1,0,1,317,3,4,15,false
0.9.7,serializeAttributeOverride,openjpa-persistence-jdbc/src/main/java/org/apache/openjpa/persistence/jdbc/XMLPersistenceMappingSerializer.java,26,17,9,0,0,12,0,0,317,3,3,12,false
0.9.6,close,openjpa-kernel/src/main/java/org/apache/openjpa/meta/MetaDataRepository.java,5,2,2,0,0,0,0,2,185,4,16,0,false
0.9.6,beforeConfigurationConstruct,openjpa-jdbc/src/main/java/org/apache/openjpa/jdbc/conf/JDBCProductDerivation.java,1,1,0,0,0,0,0,0,168,3,5,0,false
0.9.0,newInMemoryExecutor,openjpa-kernel/src/main/java/org/apache/openjpa/kernel/ExpressionStoreQuery.java,3,1,0,0,0,1,0,1,45,2,6,0,false
0.9.6,addNonMappedInterface,openjpa-kernel/src/main/java/org/apache/openjpa/meta/MetaDataRepository.java,11,5,1,0,0,3,0,1,185,4,16,0,false
0.9.7,loadElement,openjpa-jdbc/src/main/java/org/apache/openjpa/jdbc/meta/strats/RelationToManyTableFieldStrategy.java,5,2,2,0,0,1,0,0,317,2,2,1,false
0.9.6,getPersistenceAware,openjpa-kernel/src/main/java/org/apache/openjpa/meta/MetaDataRepository.java,3,1,0,0,0,1,0,0,185,4,16,0,false
0.9.6,getAutoDetach,openjpa-kernel/src/main/java/org/apache/openjpa/conf/OpenJPAConfiguration.java,1,1,0,0,0,0,0,0,185,2,5,0,false
0.9.6,createConnectionFactory,openjpa-jdbc/src/main/java/org/apache/openjpa/jdbc/conf/JDBCConfigurationImpl.java,7,3,3,0,0,2,2,1,168,3,4,0,false
0.9.6,getClassResolver,openjpa-kernel/src/main/java/org/apache/openjpa/conf/OpenJPAConfigurationImpl.java,4,2,0,0,0,1,0,0,185,3,10,0,false
0.9.6,getLockTimeout,openjpa-kernel/src/main/java/org/apache/openjpa/conf/OpenJPAConfigurationImpl.java,3,1,0,0,0,1,0,0,185,3,10,0,false
0.9.6,secondChild,openjpa-kernel/src/main/java/org/apache/openjpa/kernel/jpql/JPQLExpressionBuilder.java,3,1,0,0,0,1,1,0,185,3,9,0,false
0.9.6,setInterfaceImpl,openjpa-kernel/src/main/java/org/apache/openjpa/meta/MetaDataRepository.java,12,3,2,0,0,0,0,2,185,4,16,0,false
0.9.6,evalFromItem,openjpa-kernel/src/main/java/org/apache/openjpa/kernel/jpql/JPQLExpressionBuilder.java,25,5,7,0,0,2,1,12,185,3,9,6,false
0.9.6,getFactoryClass,openjpa-kernel/src/main/java/org/apache/openjpa/kernel/Bootstrap.java,15,5,4,0,1,2,3,1,185,4,5,1,false
0.9.7,startClassMappingElement,openjpa-persistence-jdbc/src/main/java/org/apache/openjpa/persistence/jdbc/XMLPersistenceMappingParser.java,67,23,21,0,0,2,0,15,317,5,5,0,false
0.9.6,getCompatibility,openjpa-kernel/src/main/java/org/apache/openjpa/conf/OpenJPAConfiguration.java,1,1,0,0,0,0,0,0,185,2,5,0,false
0.9.6,addPersistenceAware,openjpa-kernel/src/main/java/org/apache/openjpa/meta/MetaDataRepository.java,10,4,1,0,0,3,0,1,185,4,16,0,false
1.2.1,isKnownTable,openjpa-jdbc/src/main/java/org/apache/openjpa/jdbc/schema/DynamicSchemaFactory.java,3,2,0,0,0,1,0,0,1005,1,1,0,false
1.2.1,setFetchBatchSize,openjpa-kernel/src/main/java/org/apache/openjpa/kernel/DelegatingFetchConfiguration.java,9,2,0,0,1,1,0,2,1022,1,3,1,false
0.9.6,getMetaDataRepository,openjpa-kernel/src/main/java/org/apache/openjpa/conf/OpenJPAConfiguration.java,1,1,0,0,0,0,0,0,185,2,5,0,false
2.0.0-M2,initialize,openjpa-jdbc/src/main/java/org/apache/openjpa/jdbc/kernel/exps/NullIfExpression.java,5,1,2,0,0,1,0,0,218,1,1,0,false
0.9.6,getChildCount,openjpa-kernel/src/main/java/org/apache/openjpa/kernel/jpql/JPQLExpressionBuilder.java,3,1,0,0,0,1,12,1,185,3,9,0,false
2.0.0-M1,joinRelation,openjpa-jdbc/src/main/java/org/apache/openjpa/jdbc/meta/strats/HandlerRelationMapTableFieldStrategy.java,10,4,2,0,0,3,0,0,447,1,3,3,false
0.9.6,getAggregateListeners,openjpa-kernel/src/main/java/org/apache/openjpa/conf/OpenJPAConfiguration.java,1,1,0,0,0,0,0,0,185,2,5,0,false
0.9.6,newMetaDataFactoryInstance,openjpa-jdbc/src/main/java/org/apache/openjpa/jdbc/conf/JDBCConfigurationImpl.java,3,1,0,0,0,1,0,1,168,3,4,0,false
0.9.0,enter,openjpa-kernel/src/main/java/org/apache/openjpa/kernel/ExpressionStoreQuery.java,4,2,0,0,0,1,0,0,45,2,6,0,false
0.9.0,group,openjpa-kernel/src/main/java/org/apache/openjpa/kernel/exps/InMemoryExpressionFactory.java,27,9,12,0,0,2,1,1,45,3,6,0,false
0.9.6,getFieldType,openjpa-kernel/src/main/java/org/apache/openjpa/kernel/jpql/JPQLExpressionBuilder.java,10,7,8,0,0,2,6,0,185,3,9,2,false
0.9.0,getResultClass,openjpa-kernel/src/main/java/org/apache/openjpa/kernel/ExpressionStoreQuery.java,3,1,0,0,0,1,0,1,45,2,6,1,false
0.9.6,setSourceMode,openjpa-kernel/src/main/java/org/apache/openjpa/meta/MetaDataRepository.java,3,1,1,0,0,0,0,0,185,4,16,0,false
0.9.6,evalQueryOperation,openjpa-kernel/src/main/java/org/apache/openjpa/kernel/jpql/JPQLExpressionBuilder.java,6,5,3,0,0,0,1,1,185,3,9,4,false
1.2.1,hasFetchGroup,openjpa-kernel/src/main/java/org/apache/openjpa/kernel/DelegatingFetchConfiguration.java,8,2,0,0,1,1,0,2,1022,1,3,1,false
0.9.6,negative,openjpa-kernel/src/main/java/org/apache/openjpa/kernel/jpql/JPQLExpressionBuilder.java,4,4,0,0,0,2,1,1,185,3,9,1,false
0.9.6,setDynamicDataStructs,openjpa-kernel/src/main/java/org/apache/openjpa/conf/OpenJPAConfigurationImpl.java,3,1,0,0,0,0,0,1,185,3,10,0,false
0.9.7,delete,openjpa-jdbc/src/main/java/org/apache/openjpa/jdbc/meta/strats/RelationToManyInverseKeyFieldStrategy.java,19,8,8,0,0,3,1,2,317,2,2,7,false
0.9.7,setEmbedded,openjpa-kernel/src/main/java/org/apache/openjpa/meta/ValueMetaDataImpl.java,7,4,3,0,0,0,2,0,334,2,3,0,false
0.9.6,getConnection2Password,openjpa-kernel/src/main/java/org/apache/openjpa/conf/OpenJPAConfiguration.java,1,1,0,0,0,0,0,0,185,2,5,0,false
0.9.0,getStore,openjpa-jdbc/src/main/java/org/apache/openjpa/jdbc/kernel/JDBCStoreQuery.java,3,1,0,0,0,1,0,0,37,2,5,0,false
0.9.6,newMetaDataFilter,openjpa-persistence/src/main/java/org/apache/openjpa/persistence/PersistenceMetaDataFactory.java,3,1,0,0,0,1,0,0,185,3,5,0,false
0.9.7,setClassName,openjpa-jdbc/src/main/java/org/apache/openjpa/jdbc/meta/ClassMappingInfo.java,3,1,1,0,0,0,0,0,317,4,7,0,false
0.9.6,evalSelectClause,openjpa-kernel/src/main/java/org/apache/openjpa/kernel/jpql/JPQLExpressionBuilder.java,27,11,12,0,0,5,1,11,185,3,9,3,false
0.9.6,setHaltOnError,openjpa-lib/src/main/java/org/apache/openjpa/lib/ant/AbstractTask.java,3,1,1,0,0,0,0,0,94,1,1,0,false
0.9.7,getEnumType,openjpa-persistence-jdbc/src/main/java/org/apache/openjpa/persistence/jdbc/XMLPersistenceMappingSerializer.java,5,4,0,0,0,3,1,0,317,3,3,0,false
0.9.7,isDeleted,openjpa-kernel/src/main/java/org/apache/openjpa/kernel/PDeletedState.java,3,1,0,0,0,1,0,0,334,2,2,0,false
0.9.6,parse,openjpa-kernel/src/main/java/org/apache/openjpa/kernel/jpql/JPQLExpressionBuilder.java,11,3,0,0,1,1,1,0,185,3,9,0,false
1.0.0,setRepository,openjpa-persistence/src/main/java/org/apache/openjpa/persistence/AnnotationPersistenceXMLMetaDataParser.java,3,1,1,0,0,0,0,0,27,3,6,0,false
0.9.6,setFlushBeforeQueries,openjpa-kernel/src/main/java/org/apache/openjpa/conf/OpenJPAConfiguration.java,1,1,0,0,0,0,0,0,185,2,5,0,false
0.9.6,setMapping,openjpa-kernel/src/main/java/org/apache/openjpa/conf/OpenJPAConfiguration.java,1,1,0,0,0,0,0,0,185,2,5,0,false
2.0.0-M2,appendTo,openjpa-jdbc/src/main/java/org/apache/openjpa/jdbc/kernel/exps/CoalesceExpression.java,10,3,2,0,0,0,1,0,218,1,1,0,false
0.9.6,newMetaDataRepositoryInstance,openjpa-kernel/src/main/java/org/apache/openjpa/conf/OpenJPAConfigurationImpl.java,3,1,0,0,0,1,1,0,185,3,10,0,false
0.9.0,getTable,openjpa-jdbc/src/main/java/org/apache/openjpa/jdbc/kernel/JDBCStoreQuery.java,7,3,2,0,0,1,2,1,37,2,5,0,false
0.9.6,newMappingRepositoryInstance,openjpa-jdbc/src/main/java/org/apache/openjpa/jdbc/conf/JDBCConfigurationImpl.java,3,1,0,0,0,1,0,1,168,3,4,0,false
0.9.6,isTransactionModeManaged,openjpa-kernel/src/main/java/org/apache/openjpa/conf/OpenJPAConfiguration.java,1,1,0,0,0,0,0,0,185,2,5,0,false
2.0.0-M2,select,openjpa-jdbc/src/main/java/org/apache/openjpa/jdbc/kernel/exps/NullIfExpression.java,3,1,0,0,0,0,0,1,218,1,1,0,false
0.9.7,beforeWrite,openjpa-kernel/src/main/java/org/apache/openjpa/kernel/PDeletedState.java,3,1,0,0,0,1,0,0,334,2,2,0,false
0.9.6,setCompatibility,openjpa-kernel/src/main/java/org/apache/openjpa/conf/OpenJPAConfiguration.java,1,1,0,0,0,0,0,0,185,2,5,0,false
0.9.6,setConnection2DriverName,openjpa-kernel/src/main/java/org/apache/openjpa/conf/OpenJPAConfigurationImpl.java,4,1,0,0,0,0,0,1,185,3,10,0,false
1.2.1,setFlushBeforeQueries,openjpa-kernel/src/main/java/org/apache/openjpa/kernel/DelegatingFetchConfiguration.java,9,2,0,0,1,1,0,2,1022,1,3,1,false
0.9.6,getStoreCache,openjpa-persistence/src/main/java/org/apache/openjpa/persistence/EntityManagerFactoryImpl.java,13,2,2,0,1,1,0,1,185,2,6,1,false
0.9.6,isOpen,openjpa-persistence/src/main/java/org/apache/openjpa/persistence/EntityManagerFactoryImpl.java,3,1,0,0,0,1,0,0,185,2,6,0,false
0.9.6,setJDBCListeners,openjpa-jdbc/src/main/java/org/apache/openjpa/jdbc/conf/JDBCConfigurationImpl.java,4,1,0,0,0,0,0,1,168,3,4,0,false
0.9.6,run,openjpa-jdbc/src/main/java/org/apache/openjpa/jdbc/kernel/ClassTableJDBCSeq.java,6,3,1,0,0,2,1,2,168,2,3,0,false
0.9.6,newMetaDataRepositoryInstance,openjpa-kernel/src/main/java/org/apache/openjpa/conf/OpenJPAConfiguration.java,1,1,0,0,0,0,0,0,185,2,5,0,false
0.9.6,getManagedRuntime,openjpa-kernel/src/main/java/org/apache/openjpa/conf/OpenJPAConfigurationImpl.java,4,2,0,0,0,1,0,0,185,3,10,0,false
0.9.6,removePersistenceAware,openjpa-kernel/src/main/java/org/apache/openjpa/meta/MetaDataRepository.java,3,2,0,0,0,1,0,0,185,4,16,0,false
0.9.6,trimQuotes,openjpa-kernel/src/main/java/org/apache/openjpa/kernel/jpql/JPQLExpressionBuilder.java,7,6,4,5,0,2,1,0,185,3,9,2,false
0.9.6,getConnection2DriverName,openjpa-kernel/src/main/java/org/apache/openjpa/conf/OpenJPAConfiguration.java,1,1,0,0,0,0,0,0,185,2,5,0,false
0.9.6,getConnectionPassword,openjpa-kernel/src/main/java/org/apache/openjpa/conf/OpenJPAConfigurationImpl.java,3,1,0,0,0,1,1,0,185,3,10,0,false
1.2.1,getRootClasses,openjpa-kernel/src/main/java/org/apache/openjpa/kernel/DelegatingFetchConfiguration.java,8,2,0,0,1,1,0,2,1022,1,3,1,false
0.9.6,getConnectionDriverName,openjpa-kernel/src/main/java/org/apache/openjpa/conf/OpenJPAConfigurationImpl.java,3,1,0,0,0,1,1,0,185,3,10,0,false
0.9.6,jjtGetParent,openjpa-kernel/src/main/java/org/apache/openjpa/kernel/jpql/JPQLExpressionBuilder.java,3,1,0,0,0,1,0,0,185,3,9,0,false
0.9.7,setComments,openjpa-jdbc/src/main/java/org/apache/openjpa/jdbc/meta/ClassMappingInfo.java,3,1,1,0,0,0,0,0,317,4,7,0,false
1.1.0,removeTransactionListener,openjpa-persistence/src/main/java/org/apache/openjpa/persistence/EntityManagerFactoryImpl.java,3,1,0,0,0,0,0,0,723,1,1,0,false
0.9.6,getMultithreaded,openjpa-kernel/src/main/java/org/apache/openjpa/conf/OpenJPAConfiguration.java,1,1,0,0,0,0,0,0,185,2,5,0,false
0.9.7,isSerialized,openjpa-kernel/src/main/java/org/apache/openjpa/meta/ValueMetaDataImpl.java,3,1,0,0,0,1,0,0,334,2,3,0,false
0.9.6,getUserObject,openjpa-persistence/src/main/java/org/apache/openjpa/persistence/EntityManagerFactoryImpl.java,3,1,0,0,0,1,0,0,185,2,6,0,false
0.9.6,setSequence,openjpa-kernel/src/main/java/org/apache/openjpa/conf/OpenJPAConfiguration.java,1,1,0,0,0,0,0,0,185,2,5,0,false
0.9.7,nullInverse,openjpa-jdbc/src/main/java/org/apache/openjpa/jdbc/meta/strats/RelationFieldStrategy.java,11,4,3,0,0,2,2,0,317,3,4,2,false
0.9.7,getIndependentElementMappings,openjpa-jdbc/src/main/java/org/apache/openjpa/jdbc/meta/strats/RelationToManyInverseKeyFieldStrategy.java,3,1,0,0,0,1,0,0,317,2,2,1,false
0.9.6,getFetchBatchSize,openjpa-kernel/src/main/java/org/apache/openjpa/conf/OpenJPAConfigurationImpl.java,3,1,0,0,0,1,0,0,185,3,10,0,false
0.9.0,populateFromCompilation,openjpa-kernel/src/main/java/org/apache/openjpa/kernel/ExpressionStoreQuery.java,3,1,0,0,0,0,0,0,45,2,6,0,false
0.9.6,processRegisteredClass,openjpa-kernel/src/main/java/org/apache/openjpa/meta/MetaDataRepository.java,40,12,13,0,1,0,1,2,185,4,16,4,false
1.2.1,getWriteLockLevel,openjpa-kernel/src/main/java/org/apache/openjpa/kernel/DelegatingFetchConfiguration.java,8,2,0,0,1,1,0,2,1022,1,3,1,false
0.9.7,clear,openjpa-persistence-jdbc/src/main/java/org/apache/openjpa/persistence/jdbc/XMLPersistenceMappingSerializer.java,4,2,0,0,0,0,0,0,317,3,3,0,false
1.2.1,startConfiguration,openjpa-jdbc/src/main/java/org/apache/openjpa/jdbc/schema/DynamicSchemaFactory.java,2,1,0,0,0,0,0,0,1005,1,1,0,false
0.9.6,getNontransactionalWrite,openjpa-kernel/src/main/java/org/apache/openjpa/conf/OpenJPAConfiguration.java,1,1,0,0,0,0,0,0,185,2,5,0,false
1.2.1,setHint,openjpa-kernel/src/main/java/org/apache/openjpa/kernel/DelegatingFetchConfiguration.java,8,2,0,0,1,0,0,2,1022,1,3,1,false
0.9.6,toEntityManager,openjpa-persistence/src/main/java/org/apache/openjpa/persistence/OpenJPAPersistence.java,19,4,3,0,1,2,1,1,185,3,10,1,false
0.9.6,setConnectionFactoryName,openjpa-kernel/src/main/java/org/apache/openjpa/conf/OpenJPAConfiguration.java,1,1,0,0,0,0,0,0,185,2,5,0,false
0.9.6,getConnectionFactoryName,openjpa-kernel/src/main/java/org/apache/openjpa/conf/OpenJPAConfiguration.java,1,1,0,0,0,0,0,0,185,2,5,0,false
0.9.6,getQueryResultCache,openjpa-persistence/src/main/java/org/apache/openjpa/persistence/EntityManagerFactoryImpl.java,10,2,1,0,1,1,0,0,185,2,6,2,false
0.9.7,endClassMapping,openjpa-persistence-jdbc/src/main/java/org/apache/openjpa/persistence/jdbc/XMLPersistenceMappingParser.java,22,6,2,0,0,0,0,1,317,5,5,3,false
0.9.6,setConnection2Properties,openjpa-kernel/src/main/java/org/apache/openjpa/conf/OpenJPAConfiguration.java,1,1,0,0,0,0,0,0,185,2,5,0,false
0.9.6,removeNonMappedInterface,openjpa-kernel/src/main/java/org/apache/openjpa/meta/MetaDataRepository.java,3,2,0,0,0,1,0,0,185,4,16,0,false
0.9.6,setSubclassFetchMode,openjpa-jdbc/src/main/java/org/apache/openjpa/jdbc/conf/JDBCConfigurationImpl.java,4,1,0,0,0,0,0,1,168,3,4,0,false
1.2.1,equals,openjpa-kernel/src/main/java/org/apache/openjpa/kernel/DelegatingFetchConfiguration.java,5,3,1,0,0,2,0,1,1022,1,3,0,false
0.9.0,assertQueryExpression,openjpa-kernel/src/main/java/org/apache/openjpa/kernel/ExpressionStoreQuery.java,5,3,1,0,0,1,10,1,45,2,6,0,false
0.9.6,setAutoClear,openjpa-kernel/src/main/java/org/apache/openjpa/conf/OpenJPAConfigurationImpl.java,4,1,0,0,0,0,0,1,185,3,10,0,false
0.9.0,greaterThan,openjpa-kernel/src/main/java/org/apache/openjpa/kernel/exps/InMemoryExpressionFactory.java,3,1,0,0,0,1,0,0,45,3,6,0,false
2.0.0-M2,length,openjpa-jdbc/src/main/java/org/apache/openjpa/jdbc/kernel/exps/CoalesceExpression.java,3,1,0,0,0,1,0,0,218,1,1,0,false
1.2.1,getLockTimeout,openjpa-kernel/src/main/java/org/apache/openjpa/kernel/DelegatingFetchConfiguration.java,8,2,0,0,1,1,0,2,1022,1,3,1,false
2.0.0-M2,orderBy,openjpa-jdbc/src/main/java/org/apache/openjpa/jdbc/kernel/exps/CoalesceExpression.java,3,1,0,0,0,0,0,1,218,1,1,0,false
0.9.7,getTableName,openjpa-jdbc/src/main/java/org/apache/openjpa/jdbc/meta/ClassMappingInfo.java,3,1,0,0,0,1,1,0,317,4,7,0,false
1.2.1,getFetchBatchSize,openjpa-kernel/src/main/java/org/apache/openjpa/kernel/DelegatingFetchConfiguration.java,8,2,0,0,1,1,0,2,1022,1,3,1,false
0.9.7,isLob,openjpa-persistence-jdbc/src/main/java/org/apache/openjpa/persistence/jdbc/XMLPersistenceMappingSerializer.java,4,4,0,0,0,2,1,0,317,3,3,1,false
2.0.0-M2,getId,openjpa-jdbc/src/main/java/org/apache/openjpa/jdbc/kernel/exps/CoalesceExpression.java,3,1,0,0,0,1,0,0,218,1,1,0,false
0.9.6,afterSpecificationSet,openjpa-jdbc/src/main/java/org/apache/openjpa/jdbc/conf/JDBCProductDerivation.java,1,1,0,0,0,0,0,0,168,3,5,0,false
0.9.7,getAttributeOverride,openjpa-persistence-jdbc/src/main/java/org/apache/openjpa/persistence/jdbc/XMLPersistenceMappingParser.java,5,2,2,0,0,1,1,0,317,5,5,0,false
0.9.6,setAutoDetach,openjpa-kernel/src/main/java/org/apache/openjpa/conf/OpenJPAConfigurationImpl.java,3,1,0,0,0,0,0,1,185,3,10,0,false
2.0.0-M2,getType,openjpa-jdbc/src/main/java/org/apache/openjpa/jdbc/kernel/exps/CoalesceExpression.java,7,4,3,0,0,3,1,0,218,1,1,0,false
0.9.6,getMappingFactory,openjpa-jdbc/src/main/java/org/apache/openjpa/jdbc/conf/JDBCConfigurationImpl.java,3,1,0,0,0,1,0,0,168,3,4,0,false
0.9.0,getParameterTypes,openjpa-kernel/src/main/java/org/apache/openjpa/kernel/ExpressionStoreQuery.java,3,1,0,0,0,1,4,1,45,2,6,1,false
0.9.6,setText,openjpa-kernel/src/main/java/org/apache/openjpa/kernel/jpql/JPQLExpressionBuilder.java,3,1,1,0,0,0,1,0,185,3,9,0,false
1.2.1,setMaxFetchDepth,openjpa-kernel/src/main/java/org/apache/openjpa/kernel/DelegatingFetchConfiguration.java,9,2,0,0,1,1,0,2,1022,1,3,1,false
0.9.6,currentQuery,openjpa-kernel/src/main/java/org/apache/openjpa/kernel/jpql/JPQLExpressionBuilder.java,3,3,0,0,0,1,1,2,185,3,9,4,false
1.1.0,newConfigurationImpl,openjpa-persistence/src/main/java/org/apache/openjpa/persistence/PersistenceProviderImpl.java,3,1,0,0,0,1,1,0,723,1,1,0,false
0.9.6,getFilterListenerInstances,openjpa-kernel/src/main/java/org/apache/openjpa/conf/OpenJPAConfiguration.java,1,1,0,0,0,0,0,0,185,2,5,0,false
1.1.0,get,openjpa-lib/src/main/java/org/apache/openjpa/lib/util/Localizer.java,3,1,0,0,0,1,3,2,632,2,2,0,false
0.9.7,createTranslatingForeignKey,openjpa-jdbc/src/main/java/org/apache/openjpa/jdbc/meta/strats/RelationFieldStrategy.java,13,4,7,0,0,1,1,0,317,3,4,1,false
0.9.6,getQueryKey,openjpa-kernel/src/main/java/org/apache/openjpa/meta/MetaDataRepository.java,4,2,0,0,0,2,2,1,185,4,16,0,false
0.9.6,defaultXMLFile,openjpa-persistence/src/main/java/org/apache/openjpa/persistence/PersistenceMetaDataFactory.java,9,3,3,0,0,2,4,0,185,3,5,3,false
1.2.1,clone,openjpa-kernel/src/main/java/org/apache/openjpa/kernel/DelegatingFetchConfiguration.java,8,2,0,0,1,1,0,2,1022,1,3,1,false
0.9.7,isJoinedSubclass,openjpa-jdbc/src/main/java/org/apache/openjpa/jdbc/meta/ClassMappingInfo.java,3,1,0,0,0,1,0,0,317,4,7,0,false
0.9.6,setNull,openjpa-jdbc/src/main/java/org/apache/openjpa/jdbc/sql/AbstractSQLServerDictionary.java,5,3,0,0,0,0,0,0,168,1,1,0,false
0.9.6,newInstance,openjpa-kernel/src/main/java/org/apache/openjpa/meta/MetaDataRepository.java,7,1,1,0,0,1,0,4,185,4,16,0,false
2.0.0-M1,initialize,openjpa-jdbc/src/main/java/org/apache/openjpa/jdbc/meta/strats/HandlerRelationMapTableFieldStrategy.java,3,1,1,0,0,0,0,0,447,1,3,2,false
2.0.0-M1,select,openjpa-jdbc/src/main/java/org/apache/openjpa/jdbc/meta/strats/RelationRelationMapTableFieldStrategy.java,7,2,2,0,0,0,0,3,447,1,3,1,false
0.9.6,dump,openjpa-kernel/src/main/java/org/apache/openjpa/kernel/jpql/JPQLExpressionBuilder.java,3,1,0,0,0,0,1,1,185,3,9,0,false
0.9.0,getOperation,openjpa-kernel/src/main/java/org/apache/openjpa/kernel/ExpressionStoreQuery.java,3,1,0,0,0,1,0,1,45,2,6,1,false
0.9.0,set,openjpa-kernel/src/main/java/org/apache/openjpa/conf/AutoDetachValue.java,3,1,1,0,0,0,0,0,45,1,5,0,false
0.9.0,getIndependentExpressionCandidates,openjpa-jdbc/src/main/java/org/apache/openjpa/jdbc/kernel/JDBCStoreQuery.java,4,2,0,0,0,2,0,0,37,2,5,0,false
0.9.6,setTransactionMode,openjpa-kernel/src/main/java/org/apache/openjpa/conf/OpenJPAConfigurationImpl.java,4,1,0,0,0,0,0,1,185,3,10,0,false
2.0.0-M2,setImplicitType,openjpa-jdbc/src/main/java/org/apache/openjpa/jdbc/kernel/exps/NullIfExpression.java,3,1,1,0,0,0,0,0,218,1,1,0,false
1.2.1,requiresFetch,openjpa-kernel/src/main/java/org/apache/openjpa/kernel/DelegatingFetchConfiguration.java,8,2,0,0,1,1,0,2,1022,1,3,1,false
0.9.6,getCachedSequenceMetaData,openjpa-kernel/src/main/java/org/apache/openjpa/meta/MetaDataRepository.java,3,1,0,0,0,1,0,0,185,4,16,0,false
0.9.7,setCascadeRefresh,openjpa-kernel/src/main/java/org/apache/openjpa/meta/ValueMetaDataImpl.java,3,1,1,0,0,0,0,0,334,2,3,0,false
0.9.6,setDataCache,openjpa-kernel/src/main/java/org/apache/openjpa/conf/OpenJPAConfigurationImpl.java,4,1,0,0,0,0,0,1,185,3,10,0,false
0.9.7,toDataStoreValue,openjpa-jdbc/src/main/java/org/apache/openjpa/jdbc/meta/strats/RelationFieldStrategy.java,3,1,0,0,0,1,1,0,317,3,4,0,false
0.9.0,and,openjpa-kernel/src/main/java/org/apache/openjpa/kernel/exps/InMemoryExpressionFactory.java,4,2,0,0,0,2,0,0,45,3,6,0,false
0.9.7,setDeclaredType,openjpa-kernel/src/main/java/org/apache/openjpa/meta/ValueMetaDataImpl.java,6,2,3,0,0,0,0,0,334,2,3,0,false
0.9.6,clear,openjpa-kernel/src/main/java/org/apache/openjpa/meta/MetaDataRepository.java,14,2,0,0,0,0,1,0,185,4,16,0,false
0.9.6,setManagedRuntime,openjpa-kernel/src/main/java/org/apache/openjpa/conf/OpenJPAConfigurationImpl.java,4,1,0,0,0,0,0,1,185,3,10,0,false
0.9.6,isManagedType,openjpa-persistence/src/main/java/org/apache/openjpa/persistence/OpenJPAPersistence.java,8,2,0,0,1,1,0,0,185,3,10,1,false
0.9.7,startLob,openjpa-persistence-jdbc/src/main/java/org/apache/openjpa/persistence/jdbc/XMLPersistenceMappingParser.java,7,2,1,0,0,2,0,0,317,5,5,0,false
1.0.2,getValues,openjpa-jdbc/src/main/java/org/apache/openjpa/jdbc/ant/MappingToolTask.java,6,1,2,2,0,1,0,0,612,2,2,0,false
0.9.6,setNontransactionalRead,openjpa-kernel/src/main/java/org/apache/openjpa/conf/OpenJPAConfiguration.java,1,1,0,0,0,0,0,0,185,2,5,0,false
0.9.7,getSecondaryTableJoinColumns,openjpa-jdbc/src/main/java/org/apache/openjpa/jdbc/meta/ClassMappingInfo.java,12,6,4,1,0,2,0,1,317,4,7,0,false
0.9.0,exit,openjpa-kernel/src/main/java/org/apache/openjpa/kernel/ExpressionStoreQuery.java,3,2,1,0,0,0,0,0,45,2,6,0,false
0.9.7,startEntityResult,openjpa-persistence-jdbc/src/main/java/org/apache/openjpa/persistence/jdbc/XMLPersistenceMappingParser.java,9,2,4,0,0,1,2,1,317,5,5,2,false
0.9.6,getEagerFetchMode,openjpa-jdbc/src/main/java/org/apache/openjpa/jdbc/conf/JDBCConfigurationImpl.java,3,1,0,0,0,1,0,0,168,3,4,0,false
0.9.6,resolve,openjpa-kernel/src/main/java/org/apache/openjpa/meta/MetaDataRepository.java,17,6,3,0,1,2,1,2,185,4,16,1,false
0.9.6,getNonMappedInterface,openjpa-kernel/src/main/java/org/apache/openjpa/meta/MetaDataRepository.java,6,2,0,0,0,2,0,0,185,4,16,0,false
0.9.0,get,openjpa-kernel/src/main/java/org/apache/openjpa/conf/AutoDetachValue.java,8,3,4,0,0,1,0,0,45,1,5,0,false
0.9.6,getFlushBeforeQueries,openjpa-kernel/src/main/java/org/apache/openjpa/conf/OpenJPAConfigurationImpl.java,3,1,0,0,0,1,0,0,185,3,10,0,false
0.9.0,getProjectionAliases,openjpa-kernel/src/main/java/org/apache/openjpa/kernel/ExpressionStoreQuery.java,3,1,0,0,0,1,0,1,45,2,6,1,false
0.9.6,hasNamedQuery,openjpa-persistence/src/main/java/org/apache/openjpa/persistence/PersistenceMetaDataFactory.java,6,3,0,0,0,2,1,0,185,3,5,0,false
0.9.6,setLockTimeout,openjpa-kernel/src/main/java/org/apache/openjpa/conf/OpenJPAConfiguration.java,1,1,0,0,0,0,0,0,185,2,5,0,false
2.0.0-M1,loadKey,openjpa-jdbc/src/main/java/org/apache/openjpa/jdbc/meta/strats/RelationRelationMapTableFieldStrategy.java,5,2,2,0,0,1,0,0,447,1,3,1,false
0.9.6,getBrokerFactory,openjpa-kernel/src/main/java/org/apache/openjpa/conf/OpenJPAConfigurationImpl.java,3,1,0,0,0,1,0,0,185,3,10,0,false
0.9.6,getDetachState,openjpa-kernel/src/main/java/org/apache/openjpa/conf/OpenJPAConfigurationImpl.java,3,1,0,0,0,1,0,0,185,3,10,0,false
0.9.0,populateUnion,openjpa-jdbc/src/main/java/org/apache/openjpa/jdbc/kernel/JDBCStoreQuery.java,11,2,1,0,0,1,2,0,37,2,5,0,false
0.9.7,loadEagerParallel,openjpa-jdbc/src/main/java/org/apache/openjpa/jdbc/meta/strats/RelationFieldStrategy.java,7,2,2,0,0,1,0,1,317,3,4,0,false
0.9.6,isInvalidProperty,openjpa-jdbc/src/main/java/org/apache/openjpa/jdbc/conf/JDBCConfigurationImpl.java,3,1,0,0,0,1,0,0,168,3,4,0,false
0.9.6,getAnnotationParser,openjpa-persistence/src/main/java/org/apache/openjpa/persistence/PersistenceMetaDataFactory.java,7,2,1,0,0,1,2,1,185,3,5,0,false
0.9.6,setMapping,openjpa-kernel/src/main/java/org/apache/openjpa/conf/OpenJPAConfigurationImpl.java,4,1,0,0,0,0,0,1,185,3,10,0,false
0.9.0,isNotEmpty,openjpa-kernel/src/main/java/org/apache/openjpa/kernel/exps/InMemoryExpressionFactory.java,3,1,0,0,0,1,0,2,45,3,6,0,false
0.9.0,getExpressionFactory,openjpa-kernel/src/main/java/org/apache/openjpa/kernel/ExpressionStoreQuery.java,3,1,0,0,0,0,1,0,45,2,6,0,false
0.9.7,isTypePC,openjpa-kernel/src/main/java/org/apache/openjpa/meta/ValueMetaDataImpl.java,3,3,0,0,0,1,2,1,334,2,3,0,false
0.9.6,getConnectionFactoryMode,openjpa-kernel/src/main/java/org/apache/openjpa/conf/OpenJPAConfigurationImpl.java,3,1,0,0,0,1,0,0,185,3,10,0,false
0.9.0,getAscending,openjpa-kernel/src/main/java/org/apache/openjpa/kernel/ExpressionStoreQuery.java,3,1,0,0,0,1,0,1,45,2,6,1,false
2.0.0-M1,loadValue,openjpa-jdbc/src/main/java/org/apache/openjpa/jdbc/meta/strats/HandlerRelationMapTableFieldStrategy.java,5,2,2,0,0,1,0,0,447,1,3,1,false
2.0.0-M1,update,openjpa-jdbc/src/main/java/org/apache/openjpa/jdbc/meta/strats/RelationRelationMapTableFieldStrategy.java,73,23,30,0,0,2,0,2,447,1,3,15,false
0.9.0,getCurrentDate,openjpa-kernel/src/main/java/org/apache/openjpa/kernel/exps/InMemoryExpressionFactory.java,3,1,0,0,0,1,0,0,45,3,6,0,false
0.9.6,setIsolate,openjpa-lib/src/main/java/org/apache/openjpa/lib/ant/AbstractTask.java,3,1,1,0,0,0,0,0,94,1,1,0,false
0.9.6,setOptimistic,openjpa-kernel/src/main/java/org/apache/openjpa/conf/OpenJPAConfiguration.java,1,1,0,0,0,0,0,0,185,2,5,0,false
0.9.7,loadEagerJoin,openjpa-jdbc/src/main/java/org/apache/openjpa/jdbc/meta/strats/RelationFieldStrategy.java,4,1,1,0,0,0,0,1,317,3,4,0,false
0.9.0,getResolver,openjpa-kernel/src/main/java/org/apache/openjpa/kernel/ExpressionStoreQuery.java,17,1,0,0,0,1,0,0,45,2,6,1,false
0.9.7,parseColumn,openjpa-persistence-jdbc/src/main/java/org/apache/openjpa/persistence/jdbc/XMLPersistenceMappingParser.java,29,14,13,0,0,1,4,1,317,5,5,0,false
0.9.6,setDataCacheManager,openjpa-kernel/src/main/java/org/apache/openjpa/conf/OpenJPAConfigurationImpl.java,5,2,0,0,0,0,0,1,185,3,10,0,false
0.9.0,getProjectionTypes,openjpa-kernel/src/main/java/org/apache/openjpa/kernel/ExpressionStoreQuery.java,10,4,3,0,0,2,0,0,45,2,6,2,false
0.9.7,processEagerParallelResult,openjpa-jdbc/src/main/java/org/apache/openjpa/jdbc/meta/strats/RelationFieldStrategy.java,17,3,7,0,0,1,1,1,317,3,4,1,false
0.9.6,lastChild,openjpa-kernel/src/main/java/org/apache/openjpa/kernel/jpql/JPQLExpressionBuilder.java,3,1,0,0,0,1,6,1,185,3,9,0,false
1.2.1,removeFetchGroup,openjpa-kernel/src/main/java/org/apache/openjpa/kernel/DelegatingFetchConfiguration.java,9,2,0,0,1,1,0,2,1022,1,3,1,false
2.0.0-M2,getMetaData,openjpa-jdbc/src/main/java/org/apache/openjpa/jdbc/kernel/exps/NullIfExpression.java,3,1,0,0,0,1,0,0,218,1,1,0,false
0.9.6,supportedOptions,openjpa-kernel/src/main/java/org/apache/openjpa/conf/OpenJPAConfigurationImpl.java,3,1,0,0,0,1,1,0,185,3,10,0,false
0.9.6,newRemoteCommitProviderInstance,openjpa-kernel/src/main/java/org/apache/openjpa/conf/OpenJPAConfiguration.java,1,1,0,0,0,0,0,0,185,2,5,0,false
0.9.6,close,openjpa-jdbc/src/main/java/org/apache/openjpa/jdbc/conf/JDBCConfigurationImpl.java,11,3,0,0,0,0,0,1,168,3,4,2,false
0.9.6,getType,openjpa-jdbc/src/main/java/org/apache/openjpa/jdbc/conf/JDBCProductDerivation.java,1,1,0,0,0,0,0,0,168,3,5,0,false
0.9.7,insert,openjpa-jdbc/src/main/java/org/apache/openjpa/jdbc/meta/strats/RelationToManyTableFieldStrategy.java,18,5,9,0,0,1,1,0,317,2,2,3,false
0.9.7,removeAll,openjpa-persistence-jdbc/src/main/java/org/apache/openjpa/persistence/jdbc/XMLPersistenceMappingSerializer.java,5,2,2,0,0,1,0,1,317,3,3,0,false
2.0.0-M1,map,openjpa-jdbc/src/main/java/org/apache/openjpa/jdbc/meta/strats/EmbedValueHandler.java,26,10,9,0,0,0,1,1,957,1,2,3,false
2.0.0-M2,load,openjpa-jdbc/src/main/java/org/apache/openjpa/jdbc/kernel/exps/NullIfExpression.java,3,1,0,0,0,1,0,1,218,1,1,0,false
0.9.6,setConnectionDecorators,openjpa-jdbc/src/main/java/org/apache/openjpa/jdbc/conf/JDBCConfigurationImpl.java,4,1,0,0,0,0,0,1,168,3,4,0,false
1.2.1,newColumn,openjpa-jdbc/src/main/java/org/apache/openjpa/jdbc/schema/DynamicSchemaFactory.java,3,1,0,0,0,1,0,1,1005,1,1,0,false
0.9.7,selectEagerParallel,openjpa-jdbc/src/main/java/org/apache/openjpa/jdbc/meta/strats/RelationFieldStrategy.java,6,1,1,0,0,0,0,1,317,3,4,1,false
0.9.6,setBrokerFactory,openjpa-kernel/src/main/java/org/apache/openjpa/conf/OpenJPAConfigurationImpl.java,4,1,0,0,0,0,0,1,185,3,10,0,false
0.9.7,getValueMappedBy,openjpa-kernel/src/main/java/org/apache/openjpa/meta/ValueMetaDataImpl.java,10,6,3,0,0,1,0,1,334,2,3,3,false
0.9.6,newPath,openjpa-kernel/src/main/java/org/apache/openjpa/kernel/jpql/JPQLExpressionBuilder.java,5,3,1,0,0,1,2,0,185,3,9,0,false
0.9.7,setSource,openjpa-jdbc/src/main/java/org/apache/openjpa/jdbc/meta/ClassMappingInfo.java,4,1,2,0,0,0,0,0,317,4,7,0,false
0.9.6,getPersistentTypeNames,openjpa-kernel/src/main/java/org/apache/openjpa/meta/MetaDataRepository.java,3,1,0,0,0,1,2,0,185,4,16,0,false
0.9.7,startAttributeOverride,openjpa-persistence-jdbc/src/main/java/org/apache/openjpa/persistence/jdbc/XMLPersistenceMappingParser.java,4,1,1,0,0,1,1,1,317,5,5,0,false
0.9.6,hasChildID,openjpa-kernel/src/main/java/org/apache/openjpa/kernel/jpql/JPQLExpressionBuilder.java,3,2,0,0,0,1,2,1,185,3,9,0,false
0.9.7,rollback,openjpa-kernel/src/main/java/org/apache/openjpa/kernel/PDeletedState.java,4,1,0,0,0,1,0,0,334,2,2,0,false
0.9.7,endJoinTable,openjpa-persistence-jdbc/src/main/java/org/apache/openjpa/persistence/jdbc/XMLPersistenceMappingParser.java,6,3,1,0,0,0,1,1,317,5,5,5,false
0.9.6,setConnectionUserName,openjpa-kernel/src/main/java/org/apache/openjpa/conf/OpenJPAConfiguration.java,1,1,0,0,0,0,0,0,185,2,5,0,false
2.0.0-M1,map,openjpa-jdbc/src/main/java/org/apache/openjpa/jdbc/meta/strats/HandlerRelationMapTableFieldStrategy.java,24,6,8,0,0,0,0,1,447,1,3,6,false
0.9.7,join,openjpa-jdbc/src/main/java/org/apache/openjpa/jdbc/meta/strats/RelationFieldStrategy.java,7,4,1,0,0,3,3,0,317,3,4,0,false
0.9.6,getOrphanedKeyAction,openjpa-kernel/src/main/java/org/apache/openjpa/conf/OpenJPAConfiguration.java,1,1,0,0,0,0,0,0,185,2,5,0,false
0.9.6,setConnectionDriverName,openjpa-kernel/src/main/java/org/apache/openjpa/conf/OpenJPAConfigurationImpl.java,4,1,0,0,0,0,0,1,185,3,10,0,false
0.9.7,startTable,openjpa-persistence-jdbc/src/main/java/org/apache/openjpa/persistence/jdbc/XMLPersistenceMappingParser.java,5,2,1,0,0,1,1,2,317,5,5,0,false
1.0.2,setForeignKeys,openjpa-jdbc/src/main/java/org/apache/openjpa/jdbc/ant/MappingToolTask.java,3,1,1,0,0,0,0,0,612,2,2,0,false
0.9.7,isDirty,openjpa-kernel/src/main/java/org/apache/openjpa/kernel/PDeletedState.java,3,1,0,0,0,1,0,0,334,2,2,0,false
0.9.6,setRemoteCommitProvider,openjpa-kernel/src/main/java/org/apache/openjpa/conf/OpenJPAConfiguration.java,1,1,0,0,0,0,0,0,185,2,5,0,false
0.9.6,setSQLFactory,openjpa-jdbc/src/main/java/org/apache/openjpa/jdbc/conf/JDBCConfigurationImpl.java,4,1,0,0,0,0,0,1,168,3,4,0,false
0.9.7,addCommments,openjpa-persistence-jdbc/src/main/java/org/apache/openjpa/persistence/jdbc/XMLPersistenceMappingSerializer.java,7,5,2,0,0,0,0,0,317,3,3,0,false
1.2.1,translate,openjpa-kernel/src/main/java/org/apache/openjpa/kernel/DelegatingFetchConfiguration.java,3,2,0,0,0,1,46,0,1022,1,3,0,false
0.9.6,setReadLockLevel,openjpa-kernel/src/main/java/org/apache/openjpa/conf/OpenJPAConfiguration.java,1,1,0,0,0,0,0,0,185,2,5,0,false
0.9.6,setAutoDetach,openjpa-kernel/src/main/java/org/apache/openjpa/conf/OpenJPAConfiguration.java,1,1,0,0,0,0,0,0,185,2,5,0,false
0.9.7,setTableName,openjpa-jdbc/src/main/java/org/apache/openjpa/jdbc/meta/ClassMappingInfo.java,3,1,1,0,0,0,0,0,317,4,7,0,false
1.2.1,getInnermostDelegate,openjpa-kernel/src/main/java/org/apache/openjpa/kernel/DelegatingFetchConfiguration.java,3,2,0,0,0,1,3,1,1022,1,3,0,false
2.0.0-M1,initialize,openjpa-jdbc/src/main/java/org/apache/openjpa/jdbc/meta/strats/RelationRelationMapTableFieldStrategy.java,3,1,1,1,0,0,0,0,447,1,3,0,false
0.9.6,setInverseManager,openjpa-kernel/src/main/java/org/apache/openjpa/conf/OpenJPAConfigurationImpl.java,4,1,0,0,0,0,0,1,185,3,10,0,false
1.0.0,calculateDBDictionary,openjpa-jdbc/src/main/java/org/apache/openjpa/jdbc/sql/DBDictionaryFactory.java,6,3,2,0,0,2,0,2,440,3,4,0,false
0.9.7,nontransactional,openjpa-kernel/src/main/java/org/apache/openjpa/kernel/PDeletedState.java,3,1,0,0,0,1,0,0,334,2,2,0,false
0.9.6,getRemoteCommitProvider,openjpa-kernel/src/main/java/org/apache/openjpa/conf/OpenJPAConfigurationImpl.java,3,1,0,0,0,1,0,0,185,3,10,0,false
0.9.7,serializeFieldMappingContent,openjpa-persistence-jdbc/src/main/java/org/apache/openjpa/persistence/jdbc/XMLPersistenceMappingSerializer.java,49,16,5,1,0,4,0,4,317,3,3,14,false
1.2.1,isCompatible,openjpa-jdbc/src/main/java/org/apache/openjpa/jdbc/schema/DynamicSchemaFactory.java,9,6,1,0,0,2,0,0,1005,1,1,0,false
0.9.6,getConnectionFactory,openjpa-kernel/src/main/java/org/apache/openjpa/conf/OpenJPAConfiguration.java,1,1,0,0,0,0,0,0,185,2,5,0,false
0.9.6,getAggregateListeners,openjpa-kernel/src/main/java/org/apache/openjpa/conf/OpenJPAConfigurationImpl.java,3,1,0,0,0,1,0,0,185,3,10,0,false
0.9.6,setClasspath,openjpa-lib/src/main/java/org/apache/openjpa/lib/ant/AbstractTask.java,3,1,0,0,0,0,0,1,94,1,1,1,false
0.9.6,getConnection2UserName,openjpa-kernel/src/main/java/org/apache/openjpa/conf/OpenJPAConfiguration.java,1,1,0,0,0,0,0,0,185,2,5,0,false
0.9.6,removeSystemListener,openjpa-kernel/src/main/java/org/apache/openjpa/meta/MetaDataRepository.java,7,2,2,0,0,2,0,0,185,4,16,0,false
0.9.0,supportsDataStoreExecution,openjpa-jdbc/src/main/java/org/apache/openjpa/jdbc/kernel/JDBCStoreQuery.java,3,1,0,0,0,1,0,0,37,2,5,0,false
0.9.6,setSpecification,openjpa-kernel/src/main/java/org/apache/openjpa/conf/OpenJPAConfiguration.java,1,1,0,0,0,0,0,0,185,2,5,0,false
1.1.0,addProvider,openjpa-lib/src/main/java/org/apache/openjpa/lib/util/Localizer.java,3,1,0,0,0,0,0,0,632,2,2,0,false
0.9.6,addLifecycleListener,openjpa-persistence/src/main/java/org/apache/openjpa/persistence/EntityManagerFactoryImpl.java,3,1,0,0,0,0,0,0,185,2,6,0,false
0.9.6,getProperties,openjpa-lib/src/main/java/org/apache/openjpa/lib/conf/MapConfigurationProvider.java,3,2,0,0,0,1,1,0,94,2,2,0,false
0.9.7,endEnumerated,openjpa-persistence-jdbc/src/main/java/org/apache/openjpa/persistence/jdbc/XMLPersistenceMappingParser.java,8,3,4,1,0,1,1,0,317,5,5,0,false
0.9.7,type,openjpa-persistence-jdbc/src/main/java/org/apache/openjpa/persistence/jdbc/XMLPersistenceMappingSerializer.java,5,3,1,0,0,2,0,0,317,3,3,0,false
0.9.7,getClassName,openjpa-jdbc/src/main/java/org/apache/openjpa/jdbc/meta/ClassMappingInfo.java,3,1,0,0,0,1,0,0,317,4,7,0,false
1.0.2,setAction,openjpa-jdbc/src/main/java/org/apache/openjpa/jdbc/ant/MappingToolTask.java,3,1,1,0,0,0,0,0,612,2,2,0,false
0.9.6,newOrder,openjpa-kernel/src/main/java/org/apache/openjpa/meta/MetaDataRepository.java,3,1,0,0,0,1,1,0,185,4,16,0,false
0.9.6,setRetainState,openjpa-kernel/src/main/java/org/apache/openjpa/conf/OpenJPAConfiguration.java,1,1,0,0,0,0,0,0,185,2,5,0,false
0.9.6,setResolve,openjpa-kernel/src/main/java/org/apache/openjpa/meta/MetaDataRepository.java,3,1,1,0,0,0,0,0,185,4,16,0,false
0.9.6,parseProperties,openjpa-lib/src/main/java/org/apache/openjpa/lib/conf/Configurations.java,46,16,14,4,1,3,1,0,94,4,7,18,false
2.0.0-M1,joinKeyRelation,openjpa-jdbc/src/main/java/org/apache/openjpa/jdbc/meta/strats/RelationRelationMapTableFieldStrategy.java,4,1,1,0,0,1,1,0,447,1,3,2,false
1.2.1,setConfiguration,openjpa-jdbc/src/main/java/org/apache/openjpa/jdbc/schema/DynamicSchemaFactory.java,5,1,3,0,0,0,0,0,1005,1,1,2,false
0.9.6,getLockManager,openjpa-kernel/src/main/java/org/apache/openjpa/conf/OpenJPAConfigurationImpl.java,3,1,0,0,0,1,0,0,185,3,10,0,false
0.9.6,getConnection2URL,openjpa-kernel/src/main/java/org/apache/openjpa/conf/OpenJPAConfiguration.java,1,1,0,0,0,0,0,0,185,2,5,0,false
0.9.6,evalOrderingClauses,openjpa-kernel/src/main/java/org/apache/openjpa/kernel/jpql/JPQLExpressionBuilder.java,13,5,8,0,0,0,1,8,185,3,9,3,false
0.9.6,isTransactionModeManaged,openjpa-kernel/src/main/java/org/apache/openjpa/conf/OpenJPAConfigurationImpl.java,3,1,0,0,0,1,0,0,185,3,10,0,false
0.9.6,getConfiguration,openjpa-kernel/src/main/java/org/apache/openjpa/meta/MetaDataRepository.java,3,1,0,0,0,1,0,0,185,4,16,0,false
1.1.0,getClassLoader,openjpa-persistence/src/main/java/org/apache/openjpa/persistence/PersistenceProviderImpl.java,3,1,0,0,0,1,0,0,723,1,1,0,false
0.9.0,getVerticalMappings,openjpa-jdbc/src/main/java/org/apache/openjpa/jdbc/kernel/JDBCStoreQuery.java,7,5,1,0,0,3,1,2,37,2,5,0,false
0.9.6,getChild,openjpa-kernel/src/main/java/org/apache/openjpa/kernel/jpql/JPQLExpressionBuilder.java,3,1,0,0,0,1,7,1,185,3,9,0,false
0.9.6,setConnection2DriverName,openjpa-kernel/src/main/java/org/apache/openjpa/conf/OpenJPAConfiguration.java,1,1,0,0,0,0,0,0,185,2,5,0,false
0.9.6,setFilterListeners,openjpa-kernel/src/main/java/org/apache/openjpa/conf/OpenJPAConfiguration.java,1,1,0,0,0,0,0,0,185,2,5,0,false
0.9.6,newBrokerInstance,openjpa-kernel/src/main/java/org/apache/openjpa/conf/OpenJPAConfigurationImpl.java,5,2,1,0,0,1,0,0,185,3,10,1,false
0.9.7,delete,openjpa-jdbc/src/main/java/org/apache/openjpa/jdbc/meta/strats/RelationFieldStrategy.java,21,6,4,0,0,1,0,2,317,3,4,3,false
0.9.6,getMetaDataForAlias,openjpa-kernel/src/main/java/org/apache/openjpa/kernel/jpql/JPQLExpressionBuilder.java,7,3,2,1,0,2,4,0,185,3,9,0,false
0.9.6,isLeastDerivedImpl,openjpa-kernel/src/main/java/org/apache/openjpa/meta/MetaDataRepository.java,8,3,2,0,0,2,1,0,185,4,16,1,false
0.9.6,setDefaultAccessType,openjpa-persistence/src/main/java/org/apache/openjpa/persistence/PersistenceMetaDataFactory.java,5,3,2,0,0,1,0,0,185,3,5,0,false
1.1.0,executeUpdate,openjpa-jdbc/src/main/java/org/apache/openjpa/jdbc/kernel/PreparedStatementManagerImpl.java,3,1,0,0,0,1,1,0,706,1,1,0,false
1.0.2,setSequences,openjpa-jdbc/src/main/java/org/apache/openjpa/jdbc/ant/MappingToolTask.java,3,1,1,0,0,0,0,0,612,2,2,0,false
0.9.7,getSecondaryTableNames,openjpa-jdbc/src/main/java/org/apache/openjpa/jdbc/meta/ClassMappingInfo.java,4,2,0,0,0,2,0,0,317,4,7,0,false
0.9.0,executeQuery,openjpa-kernel/src/main/java/org/apache/openjpa/kernel/ExpressionStoreQuery.java,3,1,0,0,0,0,1,0,45,2,6,0,false
1.2.1,getHint,openjpa-kernel/src/main/java/org/apache/openjpa/kernel/DelegatingFetchConfiguration.java,8,2,0,0,1,1,0,2,1022,1,3,1,false
0.9.6,newAnnotationParser,openjpa-persistence/src/main/java/org/apache/openjpa/persistence/PersistenceMetaDataFactory.java,3,1,0,0,0,1,1,0,185,3,5,0,false
0.9.6,findChildByID,openjpa-kernel/src/main/java/org/apache/openjpa/kernel/jpql/JPQLExpressionBuilder.java,11,6,3,0,0,3,16,1,185,3,9,1,false
0.9.6,getRetainState,openjpa-kernel/src/main/java/org/apache/openjpa/conf/OpenJPAConfiguration.java,1,1,0,0,0,0,0,0,185,2,5,0,false
0.9.6,setOptimistic,openjpa-kernel/src/main/java/org/apache/openjpa/conf/OpenJPAConfigurationImpl.java,3,2,0,0,0,0,0,1,185,3,10,0,false
0.9.6,addToCollection,openjpa-kernel/src/main/java/org/apache/openjpa/meta/MetaDataRepository.java,15,3,4,0,0,0,4,0,185,4,16,0,false
0.9.6,newConfiguration,openjpa-lib/src/main/java/org/apache/openjpa/lib/ant/AbstractTask.java,1,1,0,0,0,0,2,0,94,1,1,0,false
0.9.7,setEmbeddedVariable,openjpa-jdbc/src/main/java/org/apache/openjpa/jdbc/meta/strats/RelationFieldStrategy.java,4,2,0,0,0,2,2,0,317,3,4,4,false
0.9.6,setSynchronizeMappings,openjpa-jdbc/src/main/java/org/apache/openjpa/jdbc/conf/JDBCConfigurationImpl.java,4,1,0,0,0,0,0,1,168,3,4,0,false
0.9.7,release,openjpa-kernel/src/main/java/org/apache/openjpa/kernel/PDeletedState.java,3,1,0,0,0,1,0,0,334,2,2,0,false
0.9.6,setQueryCache,openjpa-kernel/src/main/java/org/apache/openjpa/conf/OpenJPAConfigurationImpl.java,4,1,0,0,0,0,0,1,185,3,10,0,false
1.2.1,getFields,openjpa-kernel/src/main/java/org/apache/openjpa/kernel/DelegatingFetchConfiguration.java,8,2,0,0,1,1,0,2,1022,1,3,1,false
0.9.6,getConnectionPassword,openjpa-kernel/src/main/java/org/apache/openjpa/conf/OpenJPAConfiguration.java,1,1,0,0,0,0,0,0,185,2,5,0,false
0.9.0,newDataStoreExecutor,openjpa-kernel/src/main/java/org/apache/openjpa/kernel/ExpressionStoreQuery.java,3,1,0,0,0,1,0,1,45,2,6,0,false
1.0.0,getLifecycleListenerCallbackMode,openjpa-persistence/src/main/java/org/apache/openjpa/persistence/OpenJPAEntityManagerSPI.java,1,1,0,0,0,0,0,0,7,1,2,0,false
0.9.0,isAggregate,openjpa-kernel/src/main/java/org/apache/openjpa/kernel/ExpressionStoreQuery.java,3,1,0,0,0,1,1,2,45,2,6,1,false
0.9.7,getTemporal,openjpa-persistence-jdbc/src/main/java/org/apache/openjpa/persistence/jdbc/XMLPersistenceMappingSerializer.java,17,8,2,0,0,5,1,0,317,3,3,2,false
0.9.7,reset,openjpa-persistence-jdbc/src/main/java/org/apache/openjpa/persistence/jdbc/XMLPersistenceMappingParser.java,9,1,3,0,0,0,0,3,317,5,5,0,false
0.9.6,getCompatibility,openjpa-kernel/src/main/java/org/apache/openjpa/conf/OpenJPAConfigurationImpl.java,3,1,0,0,0,1,0,0,185,3,10,0,false
0.9.6,setClassResolver,openjpa-kernel/src/main/java/org/apache/openjpa/conf/OpenJPAConfiguration.java,1,1,0,0,0,0,0,0,185,2,5,0,false
1.1.0,forPackage,openjpa-lib/src/main/java/org/apache/openjpa/lib/util/Localizer.java,22,6,9,2,0,2,1,1,632,2,2,3,false
0.9.6,jjtClose,openjpa-kernel/src/main/java/org/apache/openjpa/kernel/jpql/JPQLExpressionBuilder.java,2,1,0,0,0,0,0,0,185,3,9,0,false
0.9.6,firstChild,openjpa-kernel/src/main/java/org/apache/openjpa/kernel/jpql/JPQLExpressionBuilder.java,4,3,0,0,0,1,13,0,185,3,9,0,false
1.2.1,endConfiguration,openjpa-jdbc/src/main/java/org/apache/openjpa/jdbc/schema/DynamicSchemaFactory.java,2,1,0,0,0,0,0,0,1005,1,1,0,false
0.9.6,setFetchGroups,openjpa-kernel/src/main/java/org/apache/openjpa/conf/OpenJPAConfigurationImpl.java,4,1,0,0,0,0,0,1,185,3,10,0,false
0.9.7,getTable,openjpa-jdbc/src/main/java/org/apache/openjpa/jdbc/meta/ClassMappingInfo.java,8,1,0,0,0,1,0,0,317,4,7,2,false
0.9.6,newXMLSerializer,openjpa-persistence/src/main/java/org/apache/openjpa/persistence/PersistenceMetaDataFactory.java,3,1,0,0,0,1,1,0,185,3,5,0,false
0.9.6,getConnectionDecoratorInstances,openjpa-jdbc/src/main/java/org/apache/openjpa/jdbc/conf/JDBCConfigurationImpl.java,6,2,0,0,0,1,0,0,168,3,4,0,false
0.9.6,newEntityManagerFactory,openjpa-persistence/src/main/java/org/apache/openjpa/persistence/OpenJPAPersistence.java,13,3,3,0,1,1,1,3,185,3,10,1,false
0.9.6,getStringValue,openjpa-kernel/src/main/java/org/apache/openjpa/kernel/jpql/JPQLExpressionBuilder.java,3,1,0,0,0,1,1,1,185,3,9,0,false
2.0.0-M1,map,openjpa-jdbc/src/main/java/org/apache/openjpa/jdbc/meta/strats/RelationRelationMapTableFieldStrategy.java,10,2,2,0,0,0,1,0,447,1,3,3,false
0.9.6,getSystemListeners,openjpa-kernel/src/main/java/org/apache/openjpa/meta/MetaDataRepository.java,3,1,0,0,0,1,0,0,185,4,16,0,false
0.9.7,insert,openjpa-jdbc/src/main/java/org/apache/openjpa/jdbc/meta/strats/RelationToManyInverseKeyFieldStrategy.java,8,7,4,0,0,2,1,1,317,2,2,2,false
0.9.6,getUseAliases,openjpa-jdbc/src/main/java/org/apache/openjpa/jdbc/kernel/ClassTableJDBCSeq.java,3,1,0,0,0,1,0,0,168,2,3,0,false
0.9.6,updateImpls,openjpa-kernel/src/main/java/org/apache/openjpa/meta/MetaDataRepository.java,16,9,3,0,0,1,2,3,185,4,16,3,false
0.9.0,emptyExpression,openjpa-kernel/src/main/java/org/apache/openjpa/kernel/exps/InMemoryExpressionFactory.java,3,1,0,0,0,1,0,0,45,3,6,0,false
0.9.7,isPersistent,openjpa-kernel/src/main/java/org/apache/openjpa/kernel/PDeletedState.java,3,1,0,0,0,1,0,0,334,2,2,0,false
0.9.6,getReadLockLevel,openjpa-kernel/src/main/java/org/apache/openjpa/conf/OpenJPAConfiguration.java,1,1,0,0,0,0,0,0,185,2,5,0,false
0.9.0,newPath,openjpa-kernel/src/main/java/org/apache/openjpa/kernel/exps/InMemoryExpressionFactory.java,3,1,0,0,0,1,0,0,45,3,6,0,false
0.9.6,getAggregateListenerInstances,openjpa-kernel/src/main/java/org/apache/openjpa/conf/OpenJPAConfigurationImpl.java,4,2,0,0,0,1,0,0,185,3,10,0,false
0.9.6,getPCSubclasses,openjpa-kernel/src/main/java/org/apache/openjpa/meta/MetaDataRepository.java,5,2,1,0,0,2,0,0,185,4,16,0,false
0.9.7,isDeclaredTypePC,openjpa-kernel/src/main/java/org/apache/openjpa/meta/ValueMetaDataImpl.java,3,3,0,0,0,1,4,0,334,2,3,0,false
0.9.0,executeUpdate,openjpa-kernel/src/main/java/org/apache/openjpa/kernel/ExpressionStoreQuery.java,3,1,0,0,0,1,1,0,45,2,6,0,false
1.0.0,parse,openjpa-persistence/src/main/java/org/apache/openjpa/persistence/AnnotationPersistenceXMLMetaDataParser.java,15,3,0,0,1,0,2,0,27,3,6,2,false
0.9.6,setConfiguration,openjpa-kernel/src/main/java/org/apache/openjpa/meta/MetaDataRepository.java,4,1,2,0,0,0,1,0,185,4,16,0,false
0.9.0,getAccessPathMetaDatas,openjpa-kernel/src/main/java/org/apache/openjpa/kernel/ExpressionStoreQuery.java,8,4,4,0,0,3,0,1,45,2,6,0,false
0.9.6,beforeConfigurationLoad,openjpa-persistence-jdbc/src/main/java/org/apache/openjpa/persistence/jdbc/JDBCPersistenceProductDerivation.java,14,3,3,0,0,2,0,1,168,3,6,2,false
0.9.6,hashCode,openjpa-kernel/src/main/java/org/apache/openjpa/meta/MetaDataRepository.java,5,3,2,1,0,1,0,0,185,4,16,0,false
0.9.7,startFieldResult,openjpa-persistence-jdbc/src/main/java/org/apache/openjpa/persistence/jdbc/XMLPersistenceMappingParser.java,7,1,3,0,0,1,2,1,317,5,5,1,false
0.9.6,getFetchGroups,openjpa-kernel/src/main/java/org/apache/openjpa/conf/OpenJPAConfigurationImpl.java,3,1,0,0,0,1,0,0,185,3,10,0,false
0.9.7,initialize,openjpa-jdbc/src/main/java/org/apache/openjpa/jdbc/meta/strats/RelationToManyInverseKeyFieldStrategy.java,11,5,6,0,0,0,0,0,317,2,2,6,false
0.9.6,addProperty,openjpa-lib/src/main/java/org/apache/openjpa/lib/conf/MapConfigurationProvider.java,4,2,1,0,0,1,0,0,94,2,2,0,false
0.9.6,getLRSSize,openjpa-jdbc/src/main/java/org/apache/openjpa/jdbc/conf/JDBCConfigurationImpl.java,3,1,0,0,0,1,0,0,168,3,4,0,false
0.9.6,setCompatibility,openjpa-kernel/src/main/java/org/apache/openjpa/conf/OpenJPAConfigurationImpl.java,3,1,0,0,0,0,0,0,185,3,10,0,false
0.9.6,setConnection2URL,openjpa-kernel/src/main/java/org/apache/openjpa/conf/OpenJPAConfiguration.java,1,1,0,0,0,0,0,0,185,2,5,0,false
2.0.0-M1,loadValue,openjpa-jdbc/src/main/java/org/apache/openjpa/jdbc/meta/strats/RelationRelationMapTableFieldStrategy.java,5,2,2,0,0,1,0,0,447,1,3,1,false
0.9.6,left,openjpa-kernel/src/main/java/org/apache/openjpa/kernel/jpql/JPQLExpressionBuilder.java,3,1,0,0,0,1,4,1,185,3,9,0,false
2.0.0-M2,setMetaData,openjpa-jdbc/src/main/java/org/apache/openjpa/jdbc/kernel/exps/CoalesceExpression.java,3,1,1,0,0,0,0,0,218,1,1,0,false
1.0.2,setSQLFile,openjpa-jdbc/src/main/java/org/apache/openjpa/jdbc/ant/MappingToolTask.java,3,1,1,0,0,0,0,0,612,2,2,0,false
0.9.6,getConnectionUserName,openjpa-kernel/src/main/java/org/apache/openjpa/conf/OpenJPAConfigurationImpl.java,3,1,0,0,0,1,1,0,185,3,10,0,false
2.0.0-M1,getKeyColumns,openjpa-jdbc/src/main/java/org/apache/openjpa/jdbc/meta/strats/RelationRelationMapTableFieldStrategy.java,3,1,0,0,0,1,0,0,447,1,3,1,false
0.9.0,invalidateCompilation,openjpa-kernel/src/main/java/org/apache/openjpa/kernel/ExpressionStoreQuery.java,3,1,1,0,0,0,0,0,45,2,6,0,false
0.9.6,getSpecification,openjpa-kernel/src/main/java/org/apache/openjpa/conf/OpenJPAConfiguration.java,1,1,0,0,0,0,0,0,185,2,5,0,false
0.9.6,setSavepointManager,openjpa-kernel/src/main/java/org/apache/openjpa/conf/OpenJPAConfiguration.java,1,1,0,0,0,0,0,0,185,2,5,0,false
0.9.6,getConnectionRetainMode,openjpa-kernel/src/main/java/org/apache/openjpa/conf/OpenJPAConfigurationImpl.java,3,1,0,0,0,1,0,0,185,3,10,0,false
0.9.6,toString,openjpa-kernel/src/main/java/org/apache/openjpa/kernel/jpql/JPQLExpressionBuilder.java,3,1,0,1,0,1,1,1,185,3,9,0,false
0.9.7,initialize,openjpa-jdbc/src/main/java/org/apache/openjpa/jdbc/meta/strats/RelationFieldStrategy.java,6,3,3,0,0,0,0,0,317,3,4,0,false
0.9.6,getJDBCListenerInstances,openjpa-jdbc/src/main/java/org/apache/openjpa/jdbc/conf/JDBCConfigurationImpl.java,4,2,0,0,0,1,0,0,168,3,4,0,false
0.9.6,getClassResolver,openjpa-kernel/src/main/java/org/apache/openjpa/conf/OpenJPAConfiguration.java,1,1,0,0,0,0,0,0,185,2,5,0,false
0.9.6,setMetaDataFactory,openjpa-kernel/src/main/java/org/apache/openjpa/conf/OpenJPAConfiguration.java,1,1,0,0,0,0,0,0,185,2,5,0,false
0.9.6,getType,openjpa-persistence-jdbc/src/main/java/org/apache/openjpa/persistence/jdbc/JDBCPersistenceProductDerivation.java,3,1,0,0,0,1,0,0,168,3,6,0,false
0.9.6,getCachedQueryMetaData,openjpa-kernel/src/main/java/org/apache/openjpa/meta/MetaDataRepository.java,3,1,0,0,0,1,0,1,185,4,16,0,false
0.9.6,getConnection2UserName,openjpa-kernel/src/main/java/org/apache/openjpa/conf/OpenJPAConfigurationImpl.java,3,1,0,0,0,1,1,0,185,3,10,0,false
0.9.6,fromOpenJPAObjectId,openjpa-persistence/src/main/java/org/apache/openjpa/persistence/OpenJPAPersistence.java,11,9,0,0,0,9,0,0,185,3,10,1,false
0.9.6,getAutoClear,openjpa-kernel/src/main/java/org/apache/openjpa/conf/OpenJPAConfiguration.java,1,1,0,0,0,0,0,0,185,2,5,0,false
0.9.6,getConnectionURL,openjpa-kernel/src/main/java/org/apache/openjpa/conf/OpenJPAConfigurationImpl.java,3,1,0,0,0,1,1,0,185,3,10,0,false
2.0.0-M1,update,openjpa-jdbc/src/main/java/org/apache/openjpa/jdbc/meta/strats/HandlerRelationMapTableFieldStrategy.java,68,23,25,0,0,2,0,2,447,1,3,14,false
0.9.6,evalGroupingClause,openjpa-kernel/src/main/java/org/apache/openjpa/kernel/jpql/JPQLExpressionBuilder.java,10,3,6,0,0,1,1,5,185,3,9,2,false
0.9.6,getConnectionProperties,openjpa-kernel/src/main/java/org/apache/openjpa/conf/OpenJPAConfigurationImpl.java,3,1,0,0,0,1,0,0,185,3,10,0,false
0.9.7,serializeQueryMappings,openjpa-persistence-jdbc/src/main/java/org/apache/openjpa/persistence/jdbc/XMLPersistenceMappingSerializer.java,3,2,0,0,0,0,0,2,317,3,3,0,false
0.9.6,getDynamicDataStructs,openjpa-kernel/src/main/java/org/apache/openjpa/conf/OpenJPAConfiguration.java,1,1,0,0,0,0,0,0,185,2,5,0,false
0.9.6,thirdChild,openjpa-kernel/src/main/java/org/apache/openjpa/kernel/jpql/JPQLExpressionBuilder.java,3,1,0,0,0,1,1,0,185,3,9,0,false
2.0.0-M2,calculateValue,openjpa-jdbc/src/main/java/org/apache/openjpa/jdbc/kernel/exps/CoalesceExpression.java,4,2,2,0,0,0,1,0,218,1,1,0,false
0.9.7,endSecondaryTable,openjpa-persistence-jdbc/src/main/java/org/apache/openjpa/persistence/jdbc/XMLPersistenceMappingParser.java,6,1,2,0,0,0,1,2,317,5,5,2,false
0.9.6,addSequenceMetaData,openjpa-kernel/src/main/java/org/apache/openjpa/meta/MetaDataRepository.java,5,1,1,0,0,1,0,1,185,4,16,0,false
0.9.7,toDataStoreValue,openjpa-jdbc/src/main/java/org/apache/openjpa/jdbc/meta/strats/RelationToManyInverseKeyFieldStrategy.java,4,1,1,0,0,1,0,0,317,2,2,3,false
1.2.1,validateMethodsForSameCallback,openjpa-persistence/src/main/java/org/apache/openjpa/persistence/MetaDataParsers.java,11,8,2,0,0,1,0,0,950,1,1,3,false
0.9.7,setValueMappedBy,openjpa-kernel/src/main/java/org/apache/openjpa/meta/ValueMetaDataImpl.java,7,3,2,0,0,0,0,0,334,2,3,0,false
0.9.6,addProperties,openjpa-lib/src/main/java/org/apache/openjpa/lib/conf/MapConfigurationProvider.java,5,4,1,0,0,1,2,0,94,2,2,0,false
0.9.6,executeOn,openjpa-lib/src/main/java/org/apache/openjpa/lib/ant/AbstractTask.java,1,1,0,0,0,0,1,0,94,1,1,0,false
0.9.6,getMultithreaded,openjpa-kernel/src/main/java/org/apache/openjpa/conf/OpenJPAConfigurationImpl.java,3,1,0,0,0,1,0,0,185,3,10,0,false
0.9.6,createClasspath,openjpa-lib/src/main/java/org/apache/openjpa/lib/ant/AbstractTask.java,4,2,1,0,0,1,1,0,94,1,1,0,false
0.9.0,select,openjpa-jdbc/src/main/java/org/apache/openjpa/jdbc/kernel/exps/SelectConstructor.java,34,16,11,0,0,0,0,0,37,2,8,1,false
0.9.6,getPluginComponent,openjpa-lib/src/main/java/org/apache/openjpa/lib/conf/Configurations.java,14,11,5,3,0,5,2,0,94,4,7,7,false
2.0.0-M1,toKeyDataStoreValue,openjpa-jdbc/src/main/java/org/apache/openjpa/jdbc/meta/strats/RelationRelationMapTableFieldStrategy.java,3,1,0,0,0,1,0,0,447,1,3,0,false
0.9.6,getPath,openjpa-kernel/src/main/java/org/apache/openjpa/kernel/jpql/JPQLExpressionBuilder.java,25,7,11,0,0,1,4,6,185,3,9,10,false
2.0.0-M1,selectKey,openjpa-jdbc/src/main/java/org/apache/openjpa/jdbc/meta/strats/HandlerRelationMapTableFieldStrategy.java,3,1,0,0,0,0,0,0,447,1,3,0,false
0.9.7,toEmbeddedDataStoreValue,openjpa-jdbc/src/main/java/org/apache/openjpa/jdbc/meta/strats/RelationFieldStrategy.java,3,1,0,0,0,1,0,1,317,3,4,0,false
0.9.6,getFetchGroups,openjpa-kernel/src/main/java/org/apache/openjpa/conf/OpenJPAConfiguration.java,1,1,0,0,0,0,0,0,185,2,5,0,false
0.9.6,newSerializer,openjpa-persistence/src/main/java/org/apache/openjpa/persistence/PersistenceMetaDataFactory.java,3,1,0,0,0,1,0,1,185,3,5,0,false
0.9.6,getReadLockLevel,openjpa-kernel/src/main/java/org/apache/openjpa/conf/OpenJPAConfigurationImpl.java,3,1,0,0,0,1,0,0,185,3,10,0,false
0.9.7,update,openjpa-jdbc/src/main/java/org/apache/openjpa/jdbc/meta/strats/RelationToManyTableFieldStrategy.java,42,12,17,0,0,2,0,2,317,2,2,8,false
0.9.6,setNontransactionalWrite,openjpa-kernel/src/main/java/org/apache/openjpa/conf/OpenJPAConfigurationImpl.java,3,2,0,0,0,0,0,1,185,3,10,0,false
0.9.0,lessThan,openjpa-kernel/src/main/java/org/apache/openjpa/kernel/exps/InMemoryExpressionFactory.java,3,1,0,0,0,1,0,0,45,3,6,0,false
0.9.6,getNontransactionalWrite,openjpa-kernel/src/main/java/org/apache/openjpa/conf/OpenJPAConfigurationImpl.java,3,1,0,0,0,1,0,0,185,3,10,0,false
0.9.6,getFiles,openjpa-lib/src/main/java/org/apache/openjpa/lib/ant/AbstractTask.java,14,4,8,0,0,1,1,0,94,1,1,3,false
0.9.6,setConnection2UserName,openjpa-kernel/src/main/java/org/apache/openjpa/conf/OpenJPAConfigurationImpl.java,4,1,0,0,0,0,0,1,185,3,10,0,false
0.9.6,toBrokerFactory,openjpa-persistence/src/main/java/org/apache/openjpa/persistence/OpenJPAPersistence.java,3,2,0,0,0,1,0,1,185,3,10,0,false
0.9.6,setConnectionFactoryName,openjpa-kernel/src/main/java/org/apache/openjpa/conf/OpenJPAConfigurationImpl.java,4,1,0,0,0,0,0,1,185,3,10,0,false
0.9.0,newUnboundVariable,openjpa-kernel/src/main/java/org/apache/openjpa/kernel/exps/InMemoryExpressionFactory.java,6,2,2,0,0,1,0,0,45,3,6,0,false
0.9.6,nextAlias,openjpa-kernel/src/main/java/org/apache/openjpa/kernel/jpql/JPQLExpressionBuilder.java,3,1,0,1,0,1,5,0,185,3,9,0,false
2.0.0-M1,selectValue,openjpa-jdbc/src/main/java/org/apache/openjpa/jdbc/meta/strats/RelationRelationMapTableFieldStrategy.java,3,1,0,0,0,0,0,0,447,1,3,1,false
0.9.6,createEntityManager,openjpa-persistence/src/main/java/org/apache/openjpa/persistence/EntityManagerFactoryImpl.java,3,1,0,0,0,1,0,1,185,2,6,0,false
0.9.0,executeUpdate,openjpa-jdbc/src/main/java/org/apache/openjpa/jdbc/kernel/JDBCStoreQuery.java,3,1,0,0,0,1,0,1,37,2,5,0,false
0.9.6,setConnection2Properties,openjpa-kernel/src/main/java/org/apache/openjpa/conf/OpenJPAConfigurationImpl.java,4,1,0,0,0,0,0,1,185,3,10,0,false
0.9.6,findXML,openjpa-persistence/src/main/java/org/apache/openjpa/persistence/PersistenceMetaDataFactory.java,4,5,0,0,0,2,1,0,185,3,5,1,false
0.9.6,newQueryMetaData,openjpa-kernel/src/main/java/org/apache/openjpa/meta/MetaDataRepository.java,5,1,1,0,0,1,1,0,185,4,16,0,false
0.9.6,onlyChild,openjpa-kernel/src/main/java/org/apache/openjpa/kernel/jpql/JPQLExpressionBuilder.java,5,2,1,0,0,1,11,1,185,3,9,0,false
0.9.6,setOrphanedKeyAction,openjpa-kernel/src/main/java/org/apache/openjpa/conf/OpenJPAConfigurationImpl.java,4,1,0,0,0,0,0,1,185,3,10,0,false
2.0.0-M1,toDataStoreValue,openjpa-jdbc/src/main/java/org/apache/openjpa/jdbc/meta/strats/EmbedValueHandler.java,35,10,14,0,0,1,2,1,957,1,2,2,false
0.9.6,setLockManager,openjpa-kernel/src/main/java/org/apache/openjpa/conf/OpenJPAConfigurationImpl.java,4,1,0,0,0,0,0,1,185,3,10,0,false
2.0.0-M1,toKeyDataStoreValue,openjpa-jdbc/src/main/java/org/apache/openjpa/jdbc/meta/strats/HandlerRelationMapTableFieldStrategy.java,3,1,0,0,0,1,0,0,447,1,3,0,false
0.9.6,getVariable,openjpa-kernel/src/main/java/org/apache/openjpa/kernel/jpql/JPQLExpressionBuilder.java,4,2,0,0,0,2,6,0,185,3,9,0,false
0.9.0,isPacking,openjpa-kernel/src/main/java/org/apache/openjpa/kernel/ExpressionStoreQuery.java,3,1,0,0,0,1,0,0,45,2,6,0,false
0.9.6,parse,openjpa-persistence/src/main/java/org/apache/openjpa/persistence/PersistenceMetaDataFactory.java,3,1,0,0,0,0,1,2,185,3,5,0,false
0.9.6,classForName,openjpa-kernel/src/main/java/org/apache/openjpa/meta/MetaDataRepository.java,13,7,0,0,1,2,1,0,185,4,16,1,false
0.9.6,getFullName,openjpa-jdbc/src/main/java/org/apache/openjpa/jdbc/sql/AbstractSQLServerDictionary.java,3,1,0,1,0,1,1,1,168,1,1,0,false
0.9.6,newBrokerInstance,openjpa-kernel/src/main/java/org/apache/openjpa/conf/OpenJPAConfiguration.java,1,1,0,0,0,0,0,0,185,2,5,0,false
0.9.6,setRetainState,openjpa-kernel/src/main/java/org/apache/openjpa/conf/OpenJPAConfigurationImpl.java,4,1,0,0,0,0,1,1,185,3,10,0,false
2.0.0-M1,select,openjpa-jdbc/src/main/java/org/apache/openjpa/jdbc/meta/strats/HandlerRelationMapTableFieldStrategy.java,8,2,3,0,0,0,0,1,447,1,3,2,false
1.2.1,setLockTimeout,openjpa-kernel/src/main/java/org/apache/openjpa/kernel/DelegatingFetchConfiguration.java,9,2,0,0,1,1,0,2,1022,1,3,1,false
0.9.6,getDriverDataSource,openjpa-jdbc/src/main/java/org/apache/openjpa/jdbc/conf/JDBCConfigurationImpl.java,3,1,0,0,0,1,0,0,168,3,4,0,false
0.9.6,set,openjpa-kernel/src/main/java/org/apache/openjpa/conf/BrokerFactoryValue.java,3,1,0,1,0,0,0,0,185,2,6,0,false
0.9.6,populate,openjpa-kernel/src/main/java/org/apache/openjpa/kernel/jpql/JPQLExpressionBuilder.java,4,2,1,0,0,0,0,2,185,3,9,0,false
0.9.7,startPrimaryKeyJoinColumn,openjpa-persistence-jdbc/src/main/java/org/apache/openjpa/persistence/jdbc/XMLPersistenceMappingParser.java,17,6,4,0,0,1,1,1,317,5,5,1,false
2.0.0-M2,getVal1,openjpa-jdbc/src/main/java/org/apache/openjpa/jdbc/kernel/exps/NullIfExpression.java,3,1,0,0,0,1,0,0,218,1,1,0,false
1.2.1,removeField,openjpa-kernel/src/main/java/org/apache/openjpa/kernel/DelegatingFetchConfiguration.java,9,2,0,0,1,1,0,2,1022,1,3,1,false
0.9.6,getSequence,openjpa-kernel/src/main/java/org/apache/openjpa/conf/OpenJPAConfiguration.java,1,1,0,0,0,0,0,0,185,2,5,0,false
0.9.7,endSystemMappingElement,openjpa-persistence-jdbc/src/main/java/org/apache/openjpa/persistence/jdbc/XMLPersistenceMappingParser.java,15,5,2,0,0,1,0,2,317,5,5,0,false
0.9.6,setConnectionFactory,openjpa-kernel/src/main/java/org/apache/openjpa/conf/OpenJPAConfiguration.java,1,1,0,0,0,0,0,0,185,2,5,0,false
0.9.6,getCandidateType,openjpa-kernel/src/main/java/org/apache/openjpa/kernel/jpql/JPQLExpressionBuilder.java,3,1,0,0,0,1,3,1,185,3,9,1,false
2.0.0-M2,groupBy,openjpa-jdbc/src/main/java/org/apache/openjpa/jdbc/kernel/exps/NullIfExpression.java,3,1,0,0,0,0,0,1,218,1,1,0,false
0.9.7,loadElement,openjpa-jdbc/src/main/java/org/apache/openjpa/jdbc/meta/strats/RelationToManyInverseKeyFieldStrategy.java,5,2,2,0,0,1,0,0,317,2,2,1,false
0.9.6,getRemoteCommitEventManager,openjpa-kernel/src/main/java/org/apache/openjpa/conf/OpenJPAConfiguration.java,1,1,0,0,0,0,0,0,185,2,5,0,false
0.9.6,setValidate,openjpa-kernel/src/main/java/org/apache/openjpa/meta/MetaDataRepository.java,3,1,1,0,0,0,0,0,185,4,16,0,false
0.9.6,loadGlobals,openjpa-lib/src/main/java/org/apache/openjpa/lib/conf/MapConfigurationProvider.java,3,1,0,0,0,1,0,0,94,2,2,0,false
0.9.6,getBrokerImpl,openjpa-kernel/src/main/java/org/apache/openjpa/conf/OpenJPAConfiguration.java,1,1,0,0,0,0,0,0,185,2,5,0,false
1.2.1,setContext,openjpa-kernel/src/main/java/org/apache/openjpa/kernel/DelegatingFetchConfiguration.java,8,2,0,0,1,0,0,2,1022,1,3,1,false
0.9.7,startJoinTable,openjpa-persistence-jdbc/src/main/java/org/apache/openjpa/persistence/jdbc/XMLPersistenceMappingParser.java,5,2,1,0,0,1,1,2,317,5,5,0,false
0.9.7,syncWith,openjpa-jdbc/src/main/java/org/apache/openjpa/jdbc/meta/ClassMappingInfo.java,10,12,3,0,0,0,0,1,317,4,7,4,false
0.9.6,setConnectionUserName,openjpa-kernel/src/main/java/org/apache/openjpa/conf/OpenJPAConfigurationImpl.java,4,1,0,0,0,0,0,1,185,3,10,0,false
0.9.0,supportsInMemoryExecution,openjpa-kernel/src/main/java/org/apache/openjpa/kernel/ExpressionStoreQuery.java,3,1,0,0,0,1,0,0,45,2,6,0,false
0.9.6,getBrokerFactory,openjpa-persistence/src/main/java/org/apache/openjpa/persistence/EntityManagerFactoryImpl.java,3,1,0,0,0,1,0,0,185,2,6,0,false
0.9.0,newJoinsSelect,openjpa-jdbc/src/main/java/org/apache/openjpa/jdbc/kernel/exps/SelectConstructor.java,28,15,4,0,0,1,1,2,37,2,8,1,false
1.2.1,copy,openjpa-kernel/src/main/java/org/apache/openjpa/kernel/DelegatingFetchConfiguration.java,8,2,0,0,1,0,0,2,1022,1,3,1,false
0.9.7,populate,openjpa-jdbc/src/main/java/org/apache/openjpa/jdbc/meta/ClassMappingInfo.java,3,1,0,0,0,0,0,0,317,4,7,2,false
0.9.0,order,openjpa-kernel/src/main/java/org/apache/openjpa/kernel/exps/InMemoryExpressionFactory.java,3,1,0,0,0,1,1,1,45,3,6,0,false
0.9.7,testInverseNull,openjpa-jdbc/src/main/java/org/apache/openjpa/jdbc/meta/strats/RelationFieldStrategy.java,9,3,2,0,0,0,2,0,317,3,4,3,false
0.9.6,setInto,openjpa-lib/src/main/java/org/apache/openjpa/lib/conf/MapConfigurationProvider.java,3,1,0,0,0,0,0,1,94,2,2,0,false
2.0.0-M2,getId,openjpa-jdbc/src/main/java/org/apache/openjpa/jdbc/kernel/exps/NullIfExpression.java,3,1,0,0,0,1,0,0,218,1,1,0,false
0.9.6,newXMLParser,openjpa-persistence/src/main/java/org/apache/openjpa/persistence/PersistenceMetaDataFactory.java,3,1,0,0,0,1,2,0,185,3,5,0,false
0.9.6,setTransactionMode,openjpa-kernel/src/main/java/org/apache/openjpa/conf/OpenJPAConfiguration.java,1,1,0,0,0,0,0,0,185,2,5,0,false
0.9.6,getDeclaredVariableType,openjpa-kernel/src/main/java/org/apache/openjpa/kernel/jpql/JPQLExpressionBuilder.java,6,4,1,0,0,3,0,3,185,3,9,2,false
0.9.6,createConfig,openjpa-lib/src/main/java/org/apache/openjpa/lib/ant/AbstractTask.java,3,1,0,0,0,1,0,1,94,1,1,0,false
0.9.6,getFieldOverride,openjpa-persistence/src/main/java/org/apache/openjpa/persistence/PersistenceMetaDataFactory.java,3,1,0,0,0,1,0,0,185,3,5,0,false
0.9.6,getUpdateManager,openjpa-jdbc/src/main/java/org/apache/openjpa/jdbc/conf/JDBCConfigurationImpl.java,4,2,0,0,0,1,0,0,168,3,4,0,false
2.0.0-M1,insert,openjpa-jdbc/src/main/java/org/apache/openjpa/jdbc/meta/strats/RelationRelationMapTableFieldStrategy.java,20,6,9,0,0,2,2,1,447,1,3,2,false
0.9.6,getTransactionIsolation,openjpa-jdbc/src/main/java/org/apache/openjpa/jdbc/conf/JDBCConfigurationImpl.java,3,1,0,0,0,1,0,0,168,3,4,0,false
0.9.7,startJoinColumn,openjpa-persistence-jdbc/src/main/java/org/apache/openjpa/persistence/jdbc/XMLPersistenceMappingParser.java,6,3,1,0,0,2,1,2,317,5,5,0,false
0.9.0,newLiteral,openjpa-kernel/src/main/java/org/apache/openjpa/kernel/exps/InMemoryExpressionFactory.java,3,1,0,0,0,1,0,0,45,3,6,0,false
0.9.6,and,openjpa-kernel/src/main/java/org/apache/openjpa/kernel/jpql/JPQLExpressionBuilder.java,3,3,0,0,0,1,6,0,185,3,9,0,false
0.9.6,getMaxFetchDepth,openjpa-kernel/src/main/java/org/apache/openjpa/conf/OpenJPAConfigurationImpl.java,3,1,0,0,0,1,0,0,185,3,10,0,false
2.0.0-M1,getResults,openjpa-jdbc/src/main/java/org/apache/openjpa/jdbc/meta/strats/HandlerRelationMapTableFieldStrategy.java,20,2,4,0,0,1,0,0,447,1,3,5,false
1.1.0,getBrokerFactory,openjpa-persistence/src/main/java/org/apache/openjpa/persistence/PersistenceProviderImpl.java,8,8,1,0,0,2,2,0,723,1,1,0,false
1.0.2,setSchemaAction,openjpa-jdbc/src/main/java/org/apache/openjpa/jdbc/ant/MappingToolTask.java,3,1,1,0,0,0,0,0,612,2,2,0,false
0.9.6,getPCPath,openjpa-kernel/src/main/java/org/apache/openjpa/kernel/jpql/JPQLExpressionBuilder.java,3,1,0,0,0,1,2,1,185,3,9,0,false
0.9.7,getColumns,openjpa-jdbc/src/main/java/org/apache/openjpa/jdbc/meta/strats/RelationFieldStrategy.java,3,1,0,0,0,1,2,0,317,3,4,0,false
0.9.6,getStoreFacadeTypeRegistry,openjpa-kernel/src/main/java/org/apache/openjpa/conf/OpenJPAConfigurationImpl.java,3,1,0,0,0,1,0,0,185,3,10,0,false
2.0.0-M1,joinKeyRelation,openjpa-jdbc/src/main/java/org/apache/openjpa/jdbc/meta/strats/HandlerRelationMapTableFieldStrategy.java,4,2,0,0,0,1,0,0,447,1,3,0,false
0.9.6,close,openjpa-persistence/src/main/java/org/apache/openjpa/persistence/OpenJPAPersistence.java,8,2,0,0,1,0,0,0,185,3,10,1,false
0.9.6,assertFiles,openjpa-lib/src/main/java/org/apache/openjpa/lib/ant/AbstractTask.java,3,2,0,0,0,0,0,0,94,1,1,1,false
0.9.6,getConnection2Password,openjpa-kernel/src/main/java/org/apache/openjpa/conf/OpenJPAConfigurationImpl.java,3,1,0,0,0,1,1,0,185,3,10,0,false
0.9.6,setEagerFetchMode,openjpa-jdbc/src/main/java/org/apache/openjpa/jdbc/conf/JDBCConfigurationImpl.java,4,1,0,0,0,0,0,1,168,3,4,0,false
0.9.6,getWriteLockLevel,openjpa-kernel/src/main/java/org/apache/openjpa/conf/OpenJPAConfiguration.java,1,1,0,0,0,0,0,0,185,2,5,0,false
0.9.6,setMetaDataFactory,openjpa-kernel/src/main/java/org/apache/openjpa/meta/MetaDataRepository.java,4,1,1,0,0,0,1,0,185,4,16,0,false
1.2.1,getDelegate,openjpa-kernel/src/main/java/org/apache/openjpa/kernel/DelegatingFetchConfiguration.java,3,1,0,0,0,1,0,0,1022,1,3,0,false
0.9.6,getFetchBatchSize,openjpa-kernel/src/main/java/org/apache/openjpa/conf/OpenJPAConfiguration.java,1,1,0,0,0,0,0,0,185,2,5,0,false
0.9.6,getDBDictionary,openjpa-jdbc/src/main/java/org/apache/openjpa/jdbc/conf/JDBCConfigurationImpl.java,24,6,9,0,0,1,5,5,168,3,4,3,false
0.9.6,newBrokerFactory,openjpa-kernel/src/main/java/org/apache/openjpa/kernel/Bootstrap.java,3,1,0,0,0,1,0,2,185,4,5,0,false
0.9.6,getConnectionProperties,openjpa-kernel/src/main/java/org/apache/openjpa/conf/OpenJPAConfiguration.java,1,1,0,0,0,0,0,0,185,2,5,0,false
0.9.6,prepareMapping,openjpa-kernel/src/main/java/org/apache/openjpa/meta/MetaDataRepository.java,3,1,0,0,0,0,1,0,185,4,16,0,false
0.9.6,jjtAddChild,openjpa-kernel/src/main/java/org/apache/openjpa/kernel/jpql/JPQLExpressionBuilder.java,11,3,4,2,0,0,0,0,185,3,9,0,false
0.9.6,evalSetClause,openjpa-kernel/src/main/java/org/apache/openjpa/kernel/jpql/JPQLExpressionBuilder.java,8,3,4,0,0,0,1,7,185,3,9,2,false
0.9.6,setMetaDataFactory,openjpa-kernel/src/main/java/org/apache/openjpa/conf/OpenJPAConfigurationImpl.java,4,1,0,0,0,0,0,1,185,3,10,0,false
0.9.6,getImplGenerator,openjpa-kernel/src/main/java/org/apache/openjpa/meta/MetaDataRepository.java,4,2,1,0,0,1,0,0,185,4,16,0,false
0.9.6,getMetaData,openjpa-persistence/src/main/java/org/apache/openjpa/persistence/OpenJPAPersistence.java,10,3,1,0,1,1,1,1,185,3,10,3,false
0.9.6,beforeConfigurationConstruct,openjpa-persistence-jdbc/src/main/java/org/apache/openjpa/persistence/jdbc/JDBCPersistenceProductDerivation.java,7,2,0,0,0,2,0,3,168,3,6,0,false
0.9.6,newFieldMetaData,openjpa-kernel/src/main/java/org/apache/openjpa/meta/MetaDataRepository.java,3,1,0,0,0,1,1,0,185,4,16,0,false
0.9.0,newCompilation,openjpa-kernel/src/main/java/org/apache/openjpa/kernel/ExpressionStoreQuery.java,4,2,0,0,0,2,0,0,45,2,6,0,false
1.2.1,getMaxFetchDepth,openjpa-kernel/src/main/java/org/apache/openjpa/kernel/DelegatingFetchConfiguration.java,8,2,0,0,1,1,0,2,1022,1,3,1,false
1.0.0,addLifecycleListener,openjpa-persistence/src/main/java/org/apache/openjpa/persistence/OpenJPAEntityManagerSPI.java,1,1,0,0,0,0,0,0,7,1,2,0,false
0.9.7,serializeInheritanceContent,openjpa-persistence-jdbc/src/main/java/org/apache/openjpa/persistence/jdbc/XMLPersistenceMappingSerializer.java,19,6,4,0,0,0,0,2,317,3,3,8,false
1.2.1,newTable,openjpa-jdbc/src/main/java/org/apache/openjpa/jdbc/schema/DynamicSchemaFactory.java,3,1,0,0,0,1,0,1,1005,1,1,0,false
0.9.7,newSerializationComparator,openjpa-persistence-jdbc/src/main/java/org/apache/openjpa/persistence/jdbc/XMLPersistenceMappingSerializer.java,3,1,0,0,0,1,0,1,317,3,3,0,false
0.9.7,serializeSystemMappingElement,openjpa-persistence-jdbc/src/main/java/org/apache/openjpa/persistence/jdbc/XMLPersistenceMappingSerializer.java,3,2,0,0,0,0,0,1,317,3,3,0,false
0.9.6,getResultSetType,openjpa-jdbc/src/main/java/org/apache/openjpa/jdbc/conf/JDBCConfigurationImpl.java,3,1,0,0,0,1,0,0,168,3,4,0,false
1.1.0,transform,openjpa-persistence/src/main/java/org/apache/openjpa/persistence/PersistenceProviderImpl.java,3,1,0,0,0,1,0,0,723,1,1,0,false
2.0.0-M1,joinValueRelation,openjpa-jdbc/src/main/java/org/apache/openjpa/jdbc/meta/strats/RelationRelationMapTableFieldStrategy.java,6,2,2,0,0,2,1,0,447,1,3,2,false
0.9.6,setDetachState,openjpa-kernel/src/main/java/org/apache/openjpa/conf/OpenJPAConfigurationImpl.java,4,1,0,0,0,0,0,1,185,3,10,0,false
2.0.0-M1,joinValueRelation,openjpa-jdbc/src/main/java/org/apache/openjpa/jdbc/meta/strats/HandlerRelationMapTableFieldStrategy.java,6,2,2,0,0,2,1,0,447,1,3,2,false
1.2.1,requiresLoad,openjpa-kernel/src/main/java/org/apache/openjpa/kernel/DelegatingFetchConfiguration.java,8,2,0,0,1,1,0,2,1022,1,3,1,false
0.9.6,getAutoClear,openjpa-kernel/src/main/java/org/apache/openjpa/conf/OpenJPAConfigurationImpl.java,3,1,0,0,0,1,0,0,185,3,10,0,false
0.9.7,getRepository,openjpa-kernel/src/main/java/org/apache/openjpa/meta/ValueMetaDataImpl.java,3,1,0,0,0,1,1,0,334,2,3,0,false
0.9.6,setUseAliases,openjpa-jdbc/src/main/java/org/apache/openjpa/jdbc/kernel/ClassTableJDBCSeq.java,3,1,1,0,0,0,0,0,168,2,3,0,false
0.9.6,getMetaDataFactory,openjpa-kernel/src/main/java/org/apache/openjpa/conf/OpenJPAConfigurationImpl.java,3,1,0,0,0,1,0,0,185,3,10,0,false
0.9.6,setMaxFetchDepth,openjpa-kernel/src/main/java/org/apache/openjpa/conf/OpenJPAConfigurationImpl.java,4,1,0,0,0,0,1,1,185,3,10,0,false
2.0.0-M2,getMetaData,openjpa-jdbc/src/main/java/org/apache/openjpa/jdbc/kernel/exps/CoalesceExpression.java,3,1,0,0,0,1,0,0,218,1,1,0,false
0.9.0,getAggregateListener,openjpa-kernel/src/main/java/org/apache/openjpa/kernel/ExpressionStoreQuery.java,3,1,0,0,0,1,0,0,45,2,6,0,false
0.9.6,setLRSSize,openjpa-jdbc/src/main/java/org/apache/openjpa/jdbc/conf/JDBCConfigurationImpl.java,4,1,0,0,0,0,0,1,168,3,4,0,false
0.9.6,setConnectionProperties,openjpa-kernel/src/main/java/org/apache/openjpa/conf/OpenJPAConfigurationImpl.java,4,1,0,0,0,0,0,1,185,3,10,0,false
2.0.0-M2,select,openjpa-jdbc/src/main/java/org/apache/openjpa/jdbc/kernel/exps/CoalesceExpression.java,3,1,0,0,0,0,0,1,218,1,1,0,false
1.0.0,getTransactionListenerCallbackMode,openjpa-persistence/src/main/java/org/apache/openjpa/persistence/OpenJPAEntityManagerSPI.java,1,1,0,0,0,0,0,0,7,1,2,0,false
0.9.6,toFetchPlan,openjpa-persistence/src/main/java/org/apache/openjpa/persistence/EntityManagerFactoryImpl.java,19,7,5,0,1,2,0,0,185,2,6,4,false
0.9.6,equals,openjpa-persistence/src/main/java/org/apache/openjpa/persistence/EntityManagerFactoryImpl.java,5,3,0,0,0,3,0,0,185,2,6,0,false
0.9.6,getCachedMetaData,openjpa-kernel/src/main/java/org/apache/openjpa/meta/MetaDataRepository.java,3,1,0,0,0,1,2,0,185,4,16,0,false
0.9.6,getExpression,openjpa-kernel/src/main/java/org/apache/openjpa/kernel/jpql/JPQLExpressionBuilder.java,5,2,1,0,0,2,3,1,185,3,9,0,false
0.9.7,resolve,openjpa-kernel/src/main/java/org/apache/openjpa/meta/ValueMetaDataImpl.java,5,3,3,0,0,0,1,1,334,2,3,2,false
0.9.6,getProperties,openjpa-persistence/src/main/java/org/apache/openjpa/persistence/EntityManagerFactoryImpl.java,3,1,0,0,0,1,0,0,185,2,6,0,false
0.9.6,newSequenceMetaData,openjpa-kernel/src/main/java/org/apache/openjpa/meta/MetaDataRepository.java,3,1,0,0,0,1,2,0,185,4,16,0,false
0.9.6,isConnectionFactoryModeManaged,openjpa-kernel/src/main/java/org/apache/openjpa/conf/OpenJPAConfiguration.java,1,1,0,0,0,0,0,0,185,2,5,0,false
0.9.7,toTableName,openjpa-persistence-jdbc/src/main/java/org/apache/openjpa/persistence/jdbc/XMLPersistenceMappingParser.java,6,4,1,1,0,3,4,0,317,5,5,0,false
0.9.7,startInheritance,openjpa-persistence-jdbc/src/main/java/org/apache/openjpa/persistence/jdbc/XMLPersistenceMappingParser.java,18,5,3,0,0,2,1,2,317,5,5,1,false
0.9.0,isExtent,openjpa-jdbc/src/main/java/org/apache/openjpa/jdbc/kernel/exps/SelectConstructor.java,3,1,0,0,0,1,0,0,37,2,8,0,false
0.9.6,getOrphanedKeyAction,openjpa-kernel/src/main/java/org/apache/openjpa/conf/OpenJPAConfigurationImpl.java,4,2,0,0,0,1,0,0,185,3,10,0,false
0.9.6,setMultithreaded,openjpa-kernel/src/main/java/org/apache/openjpa/conf/OpenJPAConfiguration.java,1,1,0,0,0,0,0,0,185,2,5,0,false
1.0.0,clear,openjpa-persistence/src/main/java/org/apache/openjpa/persistence/AnnotationPersistenceXMLMetaDataParser.java,4,1,2,0,0,0,0,0,27,3,6,0,false
0.9.6,getRetryClassRegistration,openjpa-kernel/src/main/java/org/apache/openjpa/conf/OpenJPAConfiguration.java,1,1,0,0,0,0,0,0,185,2,5,0,false
0.9.6,newInverseManagerInstance,openjpa-kernel/src/main/java/org/apache/openjpa/conf/OpenJPAConfigurationImpl.java,3,1,0,0,0,1,0,0,185,3,10,0,false
0.9.7,isTransactional,openjpa-kernel/src/main/java/org/apache/openjpa/kernel/PDeletedState.java,3,1,0,0,0,1,0,0,334,2,2,0,false
0.9.6,getFlushBeforeQueries,openjpa-kernel/src/main/java/org/apache/openjpa/conf/OpenJPAConfiguration.java,1,1,0,0,0,0,0,0,185,2,5,0,false
0.9.6,iterator,openjpa-kernel/src/main/java/org/apache/openjpa/kernel/jpql/JPQLExpressionBuilder.java,3,1,0,0,0,1,1,0,185,3,9,1,false
0.9.6,getRestoreState,openjpa-kernel/src/main/java/org/apache/openjpa/conf/OpenJPAConfigurationImpl.java,3,1,0,0,0,1,0,0,185,3,10,0,false
0.9.6,setProxyManager,openjpa-kernel/src/main/java/org/apache/openjpa/conf/OpenJPAConfiguration.java,1,1,0,0,0,0,0,0,185,2,5,0,false
0.9.6,jjtOpen,openjpa-kernel/src/main/java/org/apache/openjpa/kernel/jpql/JPQLExpressionBuilder.java,2,1,0,0,0,0,0,0,185,3,9,0,false
0.9.6,cast,openjpa-persistence/src/main/java/org/apache/openjpa/persistence/OpenJPAPersistence.java,4,2,0,0,0,2,0,0,185,3,10,0,false
0.9.6,setConnectionURL,openjpa-kernel/src/main/java/org/apache/openjpa/conf/OpenJPAConfiguration.java,1,1,0,0,0,0,0,0,185,2,5,0,false
0.9.7,startTableGenerator,openjpa-persistence-jdbc/src/main/java/org/apache/openjpa/persistence/jdbc/XMLPersistenceMappingParser.java,20,7,7,0,0,1,2,2,317,5,5,12,false
0.9.6,setFilterListeners,openjpa-kernel/src/main/java/org/apache/openjpa/conf/OpenJPAConfigurationImpl.java,4,1,0,0,0,0,0,1,185,3,10,0,false
2.0.0-M2,newSQLBuffer,openjpa-jdbc/src/main/java/org/apache/openjpa/jdbc/kernel/exps/CoalesceExpression.java,6,1,1,0,0,1,3,2,218,1,1,1,false
1.0.2,setDropTables,openjpa-jdbc/src/main/java/org/apache/openjpa/jdbc/ant/MappingToolTask.java,3,1,1,0,0,0,0,0,612,2,2,0,false
0.9.6,setRetryClassRegistration,openjpa-kernel/src/main/java/org/apache/openjpa/conf/OpenJPAConfigurationImpl.java,3,2,0,0,0,0,0,1,185,3,10,0,false
0.9.7,appendIsNull,openjpa-jdbc/src/main/java/org/apache/openjpa/jdbc/meta/strats/RelationFieldStrategy.java,9,3,2,0,0,0,0,2,317,3,4,0,false
0.9.6,setBrokerImpl,openjpa-kernel/src/main/java/org/apache/openjpa/conf/OpenJPAConfigurationImpl.java,4,1,0,0,0,0,0,1,185,3,10,0,false
2.0.0-M2,acceptVisit,openjpa-jdbc/src/main/java/org/apache/openjpa/jdbc/kernel/exps/CoalesceExpression.java,5,2,1,0,0,0,0,0,218,1,1,0,false
1.0.0,newDBDictionary,openjpa-jdbc/src/main/java/org/apache/openjpa/jdbc/sql/DBDictionaryFactory.java,36,11,8,1,3,1,2,0,440,3,4,10,false
0.9.6,setReadLockLevel,openjpa-kernel/src/main/java/org/apache/openjpa/conf/OpenJPAConfigurationImpl.java,4,1,0,0,0,0,0,1,185,3,10,0,false
0.9.6,getNontransactionalRead,openjpa-kernel/src/main/java/org/apache/openjpa/conf/OpenJPAConfiguration.java,1,1,0,0,0,0,0,0,185,2,5,0,false
0.9.6,getFilterListeners,openjpa-kernel/src/main/java/org/apache/openjpa/conf/OpenJPAConfigurationImpl.java,3,1,0,0,0,1,0,0,185,3,10,0,false
0.9.7,getStrategy,openjpa-persistence-jdbc/src/main/java/org/apache/openjpa/persistence/jdbc/XMLPersistenceMappingSerializer.java,17,13,6,0,0,4,0,0,317,3,3,5,false
0.9.6,newClassMetaData,openjpa-kernel/src/main/java/org/apache/openjpa/meta/MetaDataRepository.java,3,1,0,0,0,1,3,0,185,4,16,0,false
0.9.6,getLocalizer,openjpa-kernel/src/main/java/org/apache/openjpa/kernel/jpql/JPQLExpressionBuilder.java,3,1,0,0,0,1,0,0,185,3,9,0,false
0.9.0,hashCode,openjpa-kernel/src/main/java/org/apache/openjpa/kernel/exps/InMemoryExpressionFactory.java,5,3,3,2,0,1,0,0,45,3,6,0,false
1.0.0,getXMLMetaData,openjpa-persistence/src/main/java/org/apache/openjpa/persistence/AnnotationPersistenceXMLMetaDataParser.java,9,2,2,0,0,1,1,3,27,3,6,2,false
0.9.6,getSQLFactory,openjpa-jdbc/src/main/java/org/apache/openjpa/jdbc/conf/JDBCConfigurationImpl.java,3,1,0,0,0,1,0,0,168,3,4,0,false
0.9.7,serializeSequence,openjpa-persistence-jdbc/src/main/java/org/apache/openjpa/persistence/jdbc/XMLPersistenceMappingSerializer.java,25,13,3,3,0,2,0,0,317,3,3,8,false
0.9.6,getNumberValue,openjpa-kernel/src/main/java/org/apache/openjpa/kernel/jpql/JPQLExpressionBuilder.java,3,1,0,0,0,1,1,1,185,3,9,0,false
0.9.7,load,openjpa-jdbc/src/main/java/org/apache/openjpa/jdbc/meta/strats/RelationFieldStrategy.java,34,15,12,1,0,4,0,0,317,3,4,2,false
0.9.7,getResolve,openjpa-kernel/src/main/java/org/apache/openjpa/meta/ValueMetaDataImpl.java,3,1,0,0,0,1,0,0,334,2,3,0,false
1.0.0,getConfiguration,openjpa-persistence/src/main/java/org/apache/openjpa/persistence/OpenJPAEntityManagerSPI.java,1,1,0,0,0,0,0,0,7,1,2,0,false
0.9.6,setDetachState,openjpa-kernel/src/main/java/org/apache/openjpa/conf/OpenJPAConfiguration.java,1,1,0,0,0,0,0,0,185,2,5,0,false
1.1.0,checkUpdateCount,openjpa-jdbc/src/main/java/org/apache/openjpa/jdbc/kernel/BatchingPreparedStatementManagerImpl.java,21,11,7,1,0,0,1,0,142,2,5,5,true
0.9.6,getCreateException,openjpa-lib/src/main/java/org/apache/openjpa/lib/conf/Configurations.java,26,5,14,2,0,1,1,0,94,4,7,0,false
0.9.7,endSQLResultSetMapping,openjpa-persistence-jdbc/src/main/java/org/apache/openjpa/persistence/jdbc/XMLPersistenceMappingParser.java,3,1,0,0,0,0,2,0,317,5,5,0,false
2.0.0-M2,length,openjpa-jdbc/src/main/java/org/apache/openjpa/jdbc/kernel/exps/NullIfExpression.java,3,1,0,0,0,1,0,0,218,1,1,0,false
0.9.6,setTransactionIsolation,openjpa-jdbc/src/main/java/org/apache/openjpa/jdbc/conf/JDBCConfigurationImpl.java,4,1,0,0,0,0,0,1,168,3,4,0,false
0.9.6,getConnectionFactory,openjpa-jdbc/src/main/java/org/apache/openjpa/jdbc/conf/JDBCConfigurationImpl.java,7,2,2,0,0,1,1,2,168,3,4,0,false
1.1.0,newEntityManagerImpl,openjpa-persistence/src/main/java/org/apache/openjpa/persistence/EntityManagerFactoryImpl.java,3,1,0,0,0,1,1,0,723,1,1,0,false
0.9.6,setMappingFactory,openjpa-jdbc/src/main/java/org/apache/openjpa/jdbc/conf/JDBCConfigurationImpl.java,4,1,0,0,0,0,0,1,168,3,4,0,false
0.9.6,getJDBCListeners,openjpa-jdbc/src/main/java/org/apache/openjpa/jdbc/conf/JDBCConfigurationImpl.java,3,1,0,0,0,1,0,0,168,3,4,0,false
0.9.6,setQueryCache,openjpa-kernel/src/main/java/org/apache/openjpa/conf/OpenJPAConfiguration.java,1,1,0,0,0,0,0,0,185,2,5,0,false
0.9.6,toBroker,openjpa-persistence/src/main/java/org/apache/openjpa/persistence/OpenJPAPersistence.java,3,2,0,0,0,1,0,0,185,3,10,0,false
0.9.6,putUserObject,openjpa-persistence/src/main/java/org/apache/openjpa/persistence/EntityManagerFactoryImpl.java,3,1,0,0,0,1,0,0,185,2,6,0,false
2.0.0-M1,loadKey,openjpa-jdbc/src/main/java/org/apache/openjpa/jdbc/meta/strats/HandlerRelationMapTableFieldStrategy.java,3,1,0,0,0,1,0,0,447,1,3,0,false
0.9.7,getCascadePersist,openjpa-kernel/src/main/java/org/apache/openjpa/meta/ValueMetaDataImpl.java,6,5,0,0,0,4,0,2,334,2,3,0,false
0.9.6,lookup,openjpa-lib/src/main/java/org/apache/openjpa/lib/conf/Configurations.java,18,6,2,0,2,2,1,0,94,4,7,3,false
0.9.7,endDiscriminatorValue,openjpa-persistence-jdbc/src/main/java/org/apache/openjpa/persistence/jdbc/XMLPersistenceMappingParser.java,6,2,2,0,0,1,1,0,317,5,5,3,false
1.0.2,newConfiguration,openjpa-jdbc/src/main/java/org/apache/openjpa/jdbc/ant/MappingToolTask.java,3,1,0,0,0,1,0,0,612,2,2,0,false
1.2.1,setRootClasses,openjpa-kernel/src/main/java/org/apache/openjpa/kernel/DelegatingFetchConfiguration.java,9,2,0,0,1,1,0,2,1022,1,3,1,false
0.9.0,addSubclasses,openjpa-jdbc/src/main/java/org/apache/openjpa/jdbc/kernel/JDBCStoreQuery.java,6,4,2,0,0,1,2,2,37,2,5,0,false
0.9.6,getConnection2Properties,openjpa-kernel/src/main/java/org/apache/openjpa/conf/OpenJPAConfigurationImpl.java,3,1,0,0,0,1,0,0,185,3,10,0,false
0.9.6,equals,openjpa-kernel/src/main/java/org/apache/openjpa/meta/MetaDataRepository.java,6,3,1,0,0,3,0,0,185,4,16,0,false
1.1.0,prepareStatement,openjpa-jdbc/src/main/java/org/apache/openjpa/jdbc/kernel/PreparedStatementManagerImpl.java,3,1,0,0,0,1,1,0,706,1,1,0,false
0.9.6,setupConnectionFactory,openjpa-jdbc/src/main/java/org/apache/openjpa/jdbc/conf/JDBCConfigurationImpl.java,9,7,2,0,0,2,4,0,168,3,4,0,false
0.9.6,defaultSourceFile,openjpa-persistence/src/main/java/org/apache/openjpa/persistence/PersistenceMetaDataFactory.java,3,1,0,0,0,1,0,1,185,3,5,0,false
0.9.0,executeQuery,openjpa-jdbc/src/main/java/org/apache/openjpa/jdbc/kernel/JDBCStoreQuery.java,49,25,29,0,0,1,0,7,37,2,5,3,false
0.9.6,afterSpecificationSet,openjpa-persistence-jdbc/src/main/java/org/apache/openjpa/persistence/jdbc/JDBCPersistenceProductDerivation.java,9,3,2,0,0,3,0,1,168,3,6,3,false
0.9.6,startConfiguration,openjpa-kernel/src/main/java/org/apache/openjpa/meta/MetaDataRepository.java,2,1,0,0,0,0,1,0,185,4,16,0,false
0.9.6,setLockTimeout,openjpa-kernel/src/main/java/org/apache/openjpa/conf/OpenJPAConfigurationImpl.java,3,2,0,0,0,0,0,1,185,3,10,0,false
0.9.6,getXMLParser,openjpa-persistence/src/main/java/org/apache/openjpa/persistence/PersistenceMetaDataFactory.java,8,3,1,0,0,1,1,2,185,3,5,0,false
0.9.7,startSecondaryTable,openjpa-persistence-jdbc/src/main/java/org/apache/openjpa/persistence/jdbc/XMLPersistenceMappingParser.java,4,1,1,0,0,1,1,2,317,5,5,0,false
0.9.6,ctx,openjpa-kernel/src/main/java/org/apache/openjpa/kernel/jpql/JPQLExpressionBuilder.java,3,1,0,0,0,1,12,0,185,3,9,0,false
0.9.6,processRegisteredClasses,openjpa-kernel/src/main/java/org/apache/openjpa/meta/MetaDataRepository.java,26,8,4,0,1,2,4,1,185,4,16,0,false
2.0.0-M2,setImplicitType,openjpa-jdbc/src/main/java/org/apache/openjpa/jdbc/kernel/exps/CoalesceExpression.java,3,1,1,0,0,0,0,0,218,1,1,0,false
0.9.6,setConnectionProperties,openjpa-kernel/src/main/java/org/apache/openjpa/conf/OpenJPAConfiguration.java,1,1,0,0,0,0,0,0,185,2,5,0,false
0.9.6,getNontransactionalRead,openjpa-kernel/src/main/java/org/apache/openjpa/conf/OpenJPAConfigurationImpl.java,3,1,0,0,0,1,0,0,185,3,10,0,false
0.9.7,getDeclaredType,openjpa-kernel/src/main/java/org/apache/openjpa/meta/ValueMetaDataImpl.java,3,1,0,0,0,1,0,0,334,2,3,0,false
0.9.6,setSavepointManager,openjpa-kernel/src/main/java/org/apache/openjpa/conf/OpenJPAConfigurationImpl.java,4,1,0,0,0,0,0,1,185,3,10,0,false
0.9.6,getQueryCache,openjpa-kernel/src/main/java/org/apache/openjpa/conf/OpenJPAConfigurationImpl.java,3,1,0,0,0,1,0,0,185,3,10,0,false
0.9.6,getSavepointManager,openjpa-kernel/src/main/java/org/apache/openjpa/conf/OpenJPAConfiguration.java,1,1,0,0,0,0,0,0,185,2,5,0,false
0.9.6,addJoin,openjpa-kernel/src/main/java/org/apache/openjpa/kernel/jpql/JPQLExpressionBuilder.java,21,6,8,0,0,1,3,5,185,3,9,1,false
0.9.6,setConfiguration,openjpa-persistence/src/main/java/org/apache/openjpa/persistence/PersistenceMetaDataFactory.java,2,1,0,0,0,0,0,0,185,3,5,0,false
0.9.6,findChildrenByID,openjpa-kernel/src/main/java/org/apache/openjpa/kernel/jpql/JPQLExpressionBuilder.java,5,1,1,0,0,1,4,1,185,3,9,0,false
0.9.6,getConnectionFactoryProperties,openjpa-kernel/src/main/java/org/apache/openjpa/conf/OpenJPAConfigurationImpl.java,3,1,0,0,0,1,0,0,185,3,10,0,false
2.0.0-M1,toDataStoreValue,openjpa-jdbc/src/main/java/org/apache/openjpa/jdbc/meta/strats/RelationRelationMapTableFieldStrategy.java,3,1,0,0,0,1,0,0,447,1,3,0,false
1.1.0,getDefaultBrokerAlias,openjpa-persistence/src/main/java/org/apache/openjpa/persistence/PersistenceProviderImpl.java,3,1,0,0,0,1,1,0,723,1,1,0,false
0.9.7,getCascadeRefresh,openjpa-kernel/src/main/java/org/apache/openjpa/meta/ValueMetaDataImpl.java,4,3,0,0,0,2,0,1,334,2,3,0,false
1.0.0,setTransactionListenerCallbackMode,openjpa-persistence/src/main/java/org/apache/openjpa/persistence/OpenJPAEntityManagerSPI.java,1,1,0,0,0,0,0,0,7,1,2,0,false
2.0.0-M2,calculateValue,openjpa-jdbc/src/main/java/org/apache/openjpa/jdbc/kernel/exps/NullIfExpression.java,5,1,1,0,0,0,1,0,218,1,1,0,false
0.9.6,getQueryScope,openjpa-persistence/src/main/java/org/apache/openjpa/persistence/PersistenceMetaDataFactory.java,11,11,1,0,0,6,0,2,185,3,5,1,false
0.9.6,setNontransactionalWrite,openjpa-kernel/src/main/java/org/apache/openjpa/conf/OpenJPAConfiguration.java,1,1,0,0,0,0,0,0,185,2,5,0,false
0.9.0,isInstance,openjpa-kernel/src/main/java/org/apache/openjpa/kernel/exps/InMemoryExpressionFactory.java,3,1,0,0,0,1,0,0,45,3,6,0,false
0.9.6,newRelatedFieldOrder,openjpa-kernel/src/main/java/org/apache/openjpa/meta/MetaDataRepository.java,3,1,0,0,0,1,1,0,185,4,16,0,false
0.9.7,getJoinValue,openjpa-jdbc/src/main/java/org/apache/openjpa/jdbc/meta/strats/RelationFieldStrategy.java,3,1,0,0,0,1,0,1,317,3,4,0,false
0.9.0,createWhereSelects,openjpa-jdbc/src/main/java/org/apache/openjpa/jdbc/kernel/JDBCStoreQuery.java,20,8,6,1,0,1,2,1,37,2,5,0,false
0.9.7,getCascadeDelete,openjpa-kernel/src/main/java/org/apache/openjpa/meta/ValueMetaDataImpl.java,16,11,0,0,0,6,0,3,334,2,3,1,false
1.2.1,findTable,openjpa-jdbc/src/main/java/org/apache/openjpa/jdbc/schema/DynamicSchemaFactory.java,19,6,9,1,0,4,0,2,1005,1,1,0,false
0.9.6,getConnection2Properties,openjpa-kernel/src/main/java/org/apache/openjpa/conf/OpenJPAConfiguration.java,1,1,0,0,0,0,0,0,185,2,5,0,false
1.2.1,lock,openjpa-kernel/src/main/java/org/apache/openjpa/kernel/DelegatingFetchConfiguration.java,8,2,0,0,1,0,0,2,1022,1,3,1,false
0.9.0,executeSelect,openjpa-jdbc/src/main/java/org/apache/openjpa/jdbc/kernel/JDBCStoreQuery.java,5,3,0,1,0,3,1,0,37,2,5,0,false
0.9.6,getLockManager,openjpa-kernel/src/main/java/org/apache/openjpa/conf/OpenJPAConfiguration.java,1,1,0,0,0,0,0,0,185,2,5,0,false
0.9.6,serializeProperties,openjpa-lib/src/main/java/org/apache/openjpa/lib/conf/Configurations.java,15,6,4,0,0,2,0,0,94,4,7,1,false
0.9.6,getColumns,openjpa-jdbc/src/main/java/org/apache/openjpa/jdbc/sql/AbstractSQLServerDictionary.java,5,4,2,0,0,1,0,0,168,1,1,0,false
0.9.6,root,openjpa-kernel/src/main/java/org/apache/openjpa/kernel/jpql/JPQLExpressionBuilder.java,3,1,0,0,0,1,22,1,185,3,9,2,false
0.9.7,setSecondaryTableJoinColumns,openjpa-jdbc/src/main/java/org/apache/openjpa/jdbc/meta/ClassMappingInfo.java,5,3,2,0,0,0,0,0,317,4,7,0,false
1.1.0,getExceptions,openjpa-jdbc/src/main/java/org/apache/openjpa/jdbc/kernel/PreparedStatementManagerImpl.java,3,1,0,0,0,1,0,0,706,1,1,0,false
2.0.0-M1,insert,openjpa-jdbc/src/main/java/org/apache/openjpa/jdbc/meta/strats/HandlerRelationMapTableFieldStrategy.java,19,6,8,0,0,2,2,1,447,1,3,2,false
0.9.7,selectElement,openjpa-jdbc/src/main/java/org/apache/openjpa/jdbc/meta/strats/RelationToManyInverseKeyFieldStrategy.java,3,1,0,0,0,0,0,0,317,2,2,1,false
0.9.6,getConnectionURL,openjpa-kernel/src/main/java/org/apache/openjpa/conf/OpenJPAConfiguration.java,1,1,0,0,0,0,0,0,185,2,5,0,false
0.9.6,child,openjpa-kernel/src/main/java/org/apache/openjpa/kernel/jpql/JPQLExpressionBuilder.java,4,2,0,0,0,1,3,0,185,3,9,0,false
0.9.6,setMetaDataRepository,openjpa-kernel/src/main/java/org/apache/openjpa/conf/OpenJPAConfigurationImpl.java,4,1,0,0,0,0,0,1,185,3,10,0,false
0.9.0,equal,openjpa-kernel/src/main/java/org/apache/openjpa/kernel/exps/InMemoryExpressionFactory.java,3,1,0,0,0,1,0,0,45,3,6,0,false
0.9.6,getSchema,openjpa-jdbc/src/main/java/org/apache/openjpa/jdbc/conf/JDBCConfigurationImpl.java,3,1,0,0,0,1,0,0,168,3,4,0,false
0.9.0,executeDelete,openjpa-jdbc/src/main/java/org/apache/openjpa/jdbc/kernel/JDBCStoreQuery.java,3,1,0,0,0,1,0,1,37,2,5,0,false
0.9.6,getStore,openjpa-xmlstore/src/main/java/org/apache/openjpa/xmlstore/XMLConfiguration.java,4,2,1,0,0,1,0,0,185,1,1,0,false
0.9.6,getOptimistic,openjpa-kernel/src/main/java/org/apache/openjpa/conf/OpenJPAConfigurationImpl.java,3,1,0,0,0,1,0,0,185,3,10,0,false
1.2.1,storeSchema,openjpa-jdbc/src/main/java/org/apache/openjpa/jdbc/schema/DynamicSchemaFactory.java,2,1,0,0,0,0,0,0,1005,1,1,0,false
0.9.7,clearColumnInfo,openjpa-persistence-jdbc/src/main/java/org/apache/openjpa/persistence/jdbc/XMLPersistenceMappingParser.java,8,1,5,0,0,0,4,0,317,5,5,0,false
0.9.0,distinct,openjpa-kernel/src/main/java/org/apache/openjpa/kernel/exps/InMemoryExpressionFactory.java,3,1,0,0,0,1,0,0,45,3,6,0,false
0.9.0,getConfiguration,openjpa-kernel/src/main/java/org/apache/openjpa/kernel/ExpressionStoreQuery.java,3,1,0,0,0,1,0,0,45,2,6,1,false
0.9.6,startConfiguration,openjpa-persistence/src/main/java/org/apache/openjpa/persistence/PersistenceMetaDataFactory.java,2,1,0,0,0,0,0,0,185,3,5,0,false
0.9.6,getWriteLockLevel,openjpa-kernel/src/main/java/org/apache/openjpa/conf/OpenJPAConfigurationImpl.java,3,1,0,0,0,1,0,0,185,3,10,0,false
0.9.6,getTransactionMode,openjpa-kernel/src/main/java/org/apache/openjpa/conf/OpenJPAConfigurationImpl.java,3,1,0,0,0,1,0,0,185,3,10,0,false
0.9.6,setResultSetType,openjpa-jdbc/src/main/java/org/apache/openjpa/jdbc/conf/JDBCConfigurationImpl.java,4,1,0,0,0,0,0,1,168,3,4,0,false
0.9.7,join,openjpa-jdbc/src/main/java/org/apache/openjpa/jdbc/meta/strats/RelationToManyTableFieldStrategy.java,3,1,0,0,0,1,0,1,317,2,2,0,false
0.9.6,addDeclaredInterfaceImpl,openjpa-kernel/src/main/java/org/apache/openjpa/meta/MetaDataRepository.java,5,1,0,0,0,0,1,1,185,4,16,0,false
0.9.6,getValue,openjpa-kernel/src/main/java/org/apache/openjpa/kernel/jpql/JPQLExpressionBuilder.java,3,1,0,0,0,1,10,1,185,3,9,0,false
0.9.6,setConnectionDriverName,openjpa-kernel/src/main/java/org/apache/openjpa/conf/OpenJPAConfiguration.java,1,1,0,0,0,0,0,0,185,2,5,0,false
0.9.6,removeLifecycleListener,openjpa-persistence/src/main/java/org/apache/openjpa/persistence/EntityManagerFactoryImpl.java,3,1,0,0,0,0,0,0,185,2,6,0,false
0.9.6,newLockManagerInstance,openjpa-kernel/src/main/java/org/apache/openjpa/conf/OpenJPAConfiguration.java,1,1,0,0,0,0,0,0,185,2,5,0,false
1.1.0,setBrokerFactory,openjpa-persistence/src/main/java/org/apache/openjpa/persistence/EntityManagerFactoryImpl.java,3,1,1,0,0,0,1,0,723,1,1,0,false
1.1.0,flushBatch,openjpa-jdbc/src/main/java/org/apache/openjpa/jdbc/kernel/BatchingPreparedStatementManagerImpl.java,58,12,15,0,2,0,3,2,142,2,5,8,true
1.0.2,setDropSequences,openjpa-jdbc/src/main/java/org/apache/openjpa/jdbc/ant/MappingToolTask.java,3,1,1,0,0,0,0,0,612,2,2,0,false
0.9.6,getResolve,openjpa-kernel/src/main/java/org/apache/openjpa/meta/MetaDataRepository.java,3,1,0,0,0,1,0,0,185,4,16,0,false
0.9.0,evaluate,openjpa-jdbc/src/main/java/org/apache/openjpa/jdbc/kernel/exps/SelectConstructor.java,52,24,18,0,0,3,0,2,37,2,8,6,false
0.9.6,assignProjections,openjpa-kernel/src/main/java/org/apache/openjpa/kernel/jpql/JPQLExpressionBuilder.java,19,6,13,0,0,1,1,8,185,3,9,1,false
0.9.7,toDataStoreValue,openjpa-jdbc/src/main/java/org/apache/openjpa/jdbc/meta/strats/RelationToManyTableFieldStrategy.java,3,1,0,0,0,1,0,0,317,2,2,0,false
0.9.0,getExpressionFactory,openjpa-jdbc/src/main/java/org/apache/openjpa/jdbc/kernel/JDBCStoreQuery.java,3,1,0,0,0,1,0,0,37,2,5,0,false
0.9.6,setXMLParser,openjpa-persistence/src/main/java/org/apache/openjpa/persistence/PersistenceMetaDataFactory.java,5,3,1,0,0,0,0,0,185,3,5,0,false
1.2.1,readSchema,openjpa-jdbc/src/main/java/org/apache/openjpa/jdbc/schema/DynamicSchemaFactory.java,3,1,0,0,0,1,0,0,1005,1,1,0,false
1.0.0,getRepository,openjpa-persistence/src/main/java/org/apache/openjpa/persistence/AnnotationPersistenceXMLMetaDataParser.java,10,4,4,0,0,1,1,0,27,3,6,1,false
0.9.6,getRetainState,openjpa-kernel/src/main/java/org/apache/openjpa/conf/OpenJPAConfigurationImpl.java,3,1,0,0,0,1,0,0,185,3,10,0,false
0.9.7,setHierarchyStrategy,openjpa-jdbc/src/main/java/org/apache/openjpa/jdbc/meta/ClassMappingInfo.java,3,1,1,0,0,0,0,0,317,4,7,0,false
1.0.0,populateFromReflection,openjpa-persistence/src/main/java/org/apache/openjpa/persistence/AnnotationPersistenceXMLMetaDataParser.java,42,10,14,1,1,0,2,2,27,3,6,12,false
0.9.6,setFetchGroups,openjpa-kernel/src/main/java/org/apache/openjpa/conf/OpenJPAConfiguration.java,1,1,0,0,0,0,0,0,185,2,5,0,false
0.9.7,setSerialized,openjpa-kernel/src/main/java/org/apache/openjpa/meta/ValueMetaDataImpl.java,3,1,1,0,0,0,0,0,334,2,3,0,false
0.9.6,getConnection2URL,openjpa-kernel/src/main/java/org/apache/openjpa/conf/OpenJPAConfigurationImpl.java,3,1,0,0,0,1,0,0,185,3,10,0,false
0.9.6,isPath,openjpa-kernel/src/main/java/org/apache/openjpa/kernel/jpql/JPQLExpressionBuilder.java,10,6,2,0,0,6,2,4,185,3,9,1,false
0.9.6,setDriverDataSource,openjpa-jdbc/src/main/java/org/apache/openjpa/jdbc/conf/JDBCConfigurationImpl.java,4,1,0,0,0,0,0,1,168,3,4,0,false
0.9.6,getConfiguration,openjpa-persistence/src/main/java/org/apache/openjpa/persistence/EntityManagerFactoryImpl.java,3,1,0,0,0,1,1,0,185,2,6,0,false
1.2.1,setReadLockLevel,openjpa-kernel/src/main/java/org/apache/openjpa/kernel/DelegatingFetchConfiguration.java,9,2,0,0,1,1,0,2,1022,1,3,1,false
0.9.6,setRemoteCommitProvider,openjpa-kernel/src/main/java/org/apache/openjpa/conf/OpenJPAConfigurationImpl.java,4,1,0,0,0,0,0,1,185,3,10,0,false
1.0.2,setIndexes,openjpa-jdbc/src/main/java/org/apache/openjpa/jdbc/ant/MappingToolTask.java,3,1,1,0,0,0,0,0,612,2,2,0,false
0.9.6,newDriverDataSourceInstance,openjpa-jdbc/src/main/java/org/apache/openjpa/jdbc/conf/JDBCConfigurationImpl.java,3,1,0,0,0,1,0,0,168,3,4,0,false
0.9.6,execute,openjpa-lib/src/main/java/org/apache/openjpa/lib/ant/AbstractTask.java,19,6,4,0,1,0,0,7,94,1,1,2,false
0.9.6,setFieldOverride,openjpa-persistence/src/main/java/org/apache/openjpa/persistence/PersistenceMetaDataFactory.java,3,1,1,0,0,0,0,0,185,3,5,0,false
0.9.6,getProperties,openjpa-lib/src/main/java/org/apache/openjpa/lib/conf/Configurations.java,3,1,0,0,0,1,1,1,94,4,7,0,false
1.1.0,getBundle,openjpa-lib/src/main/java/org/apache/openjpa/lib/util/Localizer.java,8,4,2,0,0,1,2,0,632,2,2,0,false
0.9.0,executeUnion,openjpa-jdbc/src/main/java/org/apache/openjpa/jdbc/kernel/JDBCStoreQuery.java,5,5,1,0,0,3,1,0,37,2,5,0,false
0.9.6,getIgnoreChanges,openjpa-kernel/src/main/java/org/apache/openjpa/conf/OpenJPAConfiguration.java,1,1,0,0,0,0,0,0,185,2,5,0,false
0.9.0,getAlias,openjpa-kernel/src/main/java/org/apache/openjpa/kernel/ExpressionStoreQuery.java,3,1,0,0,0,1,0,1,45,2,6,1,false
0.9.6,evalHavingClause,openjpa-kernel/src/main/java/org/apache/openjpa/kernel/jpql/JPQLExpressionBuilder.java,5,2,2,0,0,1,1,4,185,3,9,1,false
0.9.7,copy,openjpa-jdbc/src/main/java/org/apache/openjpa/jdbc/meta/ClassMappingInfo.java,16,9,7,0,0,1,0,2,317,4,7,4,false
0.9.6,getEntityManager,openjpa-persistence/src/main/java/org/apache/openjpa/persistence/OpenJPAPersistence.java,9,3,0,0,1,2,1,1,185,3,10,1,false
0.9.7,toEmbeddedObjectValue,openjpa-jdbc/src/main/java/org/apache/openjpa/jdbc/meta/strats/RelationFieldStrategy.java,3,1,0,0,0,1,0,0,317,3,4,0,false
0.9.6,evalFetchJoins,openjpa-kernel/src/main/java/org/apache/openjpa/kernel/jpql/JPQLExpressionBuilder.java,10,8,9,0,0,1,1,4,185,3,9,3,false
1.1.0,flush,openjpa-jdbc/src/main/java/org/apache/openjpa/jdbc/kernel/BatchingPreparedStatementManagerImpl.java,9,4,2,0,0,0,1,0,142,2,5,1,false
0.9.0,getIndependentExpressionCandidates,openjpa-kernel/src/main/java/org/apache/openjpa/kernel/ExpressionStoreQuery.java,3,1,0,0,0,1,1,0,45,2,6,0,false
0.9.6,setDBDictionary,openjpa-jdbc/src/main/java/org/apache/openjpa/jdbc/conf/JDBCConfigurationImpl.java,4,1,0,0,0,0,0,1,168,3,4,0,false
1.2.1,addField,openjpa-kernel/src/main/java/org/apache/openjpa/kernel/DelegatingFetchConfiguration.java,9,2,0,0,1,1,0,2,1022,1,3,1,false
0.9.6,setConnectionFactoryMode,openjpa-kernel/src/main/java/org/apache/openjpa/conf/OpenJPAConfigurationImpl.java,4,1,0,0,0,0,0,1,185,3,10,0,false
0.9.0,getFilterListener,openjpa-kernel/src/main/java/org/apache/openjpa/kernel/ExpressionStoreQuery.java,3,1,0,0,0,1,0,0,45,2,6,0,false
0.9.7,getIndependentElementMappings,openjpa-jdbc/src/main/java/org/apache/openjpa/jdbc/meta/strats/RelationToManyTableFieldStrategy.java,3,2,0,0,0,1,0,0,317,2,2,1,false
0.9.6,getSynchronizeMappings,openjpa-jdbc/src/main/java/org/apache/openjpa/jdbc/conf/JDBCConfigurationImpl.java,3,1,0,0,0,1,0,0,168,3,4,0,false
0.9.7,selectElement,openjpa-jdbc/src/main/java/org/apache/openjpa/jdbc/meta/strats/RelationToManyTableFieldStrategy.java,3,1,0,0,0,0,0,0,317,2,2,1,false
0.9.6,main,openjpa-jdbc/src/main/java/org/apache/openjpa/jdbc/kernel/ClassTableJDBCSeq.java,11,2,3,0,1,0,0,2,168,2,3,0,false
0.9.6,close,openjpa-kernel/src/main/java/org/apache/openjpa/conf/OpenJPAConfigurationImpl.java,5,1,0,0,0,0,0,0,185,3,10,0,false
0.9.7,assertInversable,openjpa-jdbc/src/main/java/org/apache/openjpa/jdbc/meta/strats/RelationToManyInverseKeyFieldStrategy.java,4,2,1,0,0,0,2,0,317,2,2,2,false
0.9.6,setProxyManager,openjpa-kernel/src/main/java/org/apache/openjpa/conf/OpenJPAConfigurationImpl.java,4,1,0,0,0,0,0,1,185,3,10,0,false
0.9.6,parseXML,openjpa-persistence/src/main/java/org/apache/openjpa/persistence/PersistenceMetaDataFactory.java,13,3,2,0,1,0,1,1,185,3,5,5,false
0.9.7,endFieldMapping,openjpa-persistence-jdbc/src/main/java/org/apache/openjpa/persistence/jdbc/XMLPersistenceMappingParser.java,47,21,2,0,0,0,0,2,317,5,5,4,false
0.9.6,getRestoreState,openjpa-kernel/src/main/java/org/apache/openjpa/conf/OpenJPAConfiguration.java,1,1,0,0,0,0,0,0,185,2,5,0,false
0.9.7,startFieldMapping,openjpa-persistence-jdbc/src/main/java/org/apache/openjpa/persistence/jdbc/XMLPersistenceMappingParser.java,10,2,1,0,0,0,0,0,317,5,5,10,false
0.9.0,matches,openjpa-kernel/src/main/java/org/apache/openjpa/kernel/exps/InMemoryExpressionFactory.java,6,6,0,0,0,4,1,1,45,3,6,1,false
0.9.6,getMapping,openjpa-kernel/src/main/java/org/apache/openjpa/conf/OpenJPAConfiguration.java,1,1,0,0,0,0,0,0,185,2,5,0,false
0.9.7,serializeClass,openjpa-persistence-jdbc/src/main/java/org/apache/openjpa/persistence/jdbc/XMLPersistenceMappingSerializer.java,7,2,2,0,0,0,0,5,317,3,3,3,false
0.9.6,close,openjpa-persistence/src/main/java/org/apache/openjpa/persistence/EntityManagerFactoryImpl.java,3,1,0,0,0,0,0,0,185,2,6,0,false
0.9.6,getManagedRuntime,openjpa-kernel/src/main/java/org/apache/openjpa/conf/OpenJPAConfiguration.java,1,1,0,0,0,0,0,0,185,2,5,0,false
0.9.6,setIgnoreChanges,openjpa-kernel/src/main/java/org/apache/openjpa/conf/OpenJPAConfiguration.java,1,1,0,0,0,0,0,0,185,2,5,0,false
2.0.0-M2,load,openjpa-jdbc/src/main/java/org/apache/openjpa/jdbc/kernel/exps/CoalesceExpression.java,3,1,0,0,0,1,0,1,218,1,1,0,false
0.9.6,getDynamicDataStructs,openjpa-kernel/src/main/java/org/apache/openjpa/conf/OpenJPAConfigurationImpl.java,3,1,0,0,0,1,0,0,185,3,10,0,false
0.9.0,notEqual,openjpa-kernel/src/main/java/org/apache/openjpa/kernel/exps/InMemoryExpressionFactory.java,3,1,0,0,0,1,0,0,45,3,6,0,false
2.0.0-M2,getVal2,openjpa-jdbc/src/main/java/org/apache/openjpa/jdbc/kernel/exps/NullIfExpression.java,3,1,0,0,0,1,0,0,218,1,1,0,false
0.9.6,setRemoteCommitEventManager,openjpa-kernel/src/main/java/org/apache/openjpa/conf/OpenJPAConfigurationImpl.java,5,1,1,0,0,0,0,1,185,3,10,0,false
0.9.6,newValueOrder,openjpa-kernel/src/main/java/org/apache/openjpa/meta/MetaDataRepository.java,3,1,0,0,0,1,1,0,185,4,16,0,false
0.9.6,getConfigurationLog,openjpa-kernel/src/main/java/org/apache/openjpa/conf/OpenJPAConfigurationImpl.java,3,1,0,0,0,1,1,1,185,3,10,0,false
0.9.6,getMaxFetchDepth,openjpa-kernel/src/main/java/org/apache/openjpa/conf/OpenJPAConfiguration.java,1,1,0,0,0,0,0,0,185,2,5,0,false
1.2.1,hashCode,openjpa-kernel/src/main/java/org/apache/openjpa/kernel/DelegatingFetchConfiguration.java,3,1,0,0,0,1,0,1,1022,1,3,1,false
1.1.0,flushSingleRow,openjpa-jdbc/src/main/java/org/apache/openjpa/jdbc/kernel/BatchingPreparedStatementManagerImpl.java,9,4,2,0,0,0,1,0,142,2,5,1,true
1.1.0,assertQueryExtensions,openjpa-kernel/src/main/java/org/apache/openjpa/kernel/jpql/JPQLExpressionBuilder.java,24,8,7,2,0,0,1,1,723,4,8,12,false
1.1.0,toString,openjpa-lib/src/main/java/org/apache/openjpa/lib/util/Localizer.java,3,1,0,0,0,1,0,1,632,2,2,0,false
0.9.7,flush,openjpa-kernel/src/main/java/org/apache/openjpa/kernel/PDeletedState.java,3,1,0,0,0,1,0,0,334,2,2,0,false
0.9.6,getProxyManager,openjpa-kernel/src/main/java/org/apache/openjpa/conf/OpenJPAConfiguration.java,1,1,0,0,0,0,0,0,185,2,5,0,false
0.9.6,setNontransactionalRead,openjpa-kernel/src/main/java/org/apache/openjpa/conf/OpenJPAConfigurationImpl.java,4,1,0,0,0,0,1,1,185,3,10,0,false
2.0.0-M1,getKeyColumns,openjpa-jdbc/src/main/java/org/apache/openjpa/jdbc/meta/strats/HandlerRelationMapTableFieldStrategy.java,3,1,0,0,0,1,0,0,447,1,3,0,false
2.0.0-M2,selectColumns,openjpa-jdbc/src/main/java/org/apache/openjpa/jdbc/kernel/exps/CoalesceExpression.java,4,2,2,0,0,0,0,0,218,1,1,0,false
2.0.0-M2,selectColumns,openjpa-jdbc/src/main/java/org/apache/openjpa/jdbc/kernel/exps/NullIfExpression.java,5,1,1,0,0,0,0,0,218,1,1,0,false
0.9.7,clearClassInfo,openjpa-persistence-jdbc/src/main/java/org/apache/openjpa/persistence/jdbc/XMLPersistenceMappingParser.java,5,1,3,0,0,0,2,0,317,5,5,0,false
0.9.0,getUpdates,openjpa-kernel/src/main/java/org/apache/openjpa/kernel/ExpressionStoreQuery.java,3,1,0,0,0,1,0,1,45,2,6,1,false
0.9.7,supportsSelect,openjpa-jdbc/src/main/java/org/apache/openjpa/jdbc/meta/strats/RelationFieldStrategy.java,19,13,2,0,0,7,0,0,317,3,4,2,false
2.0.0-M2,getVal,openjpa-jdbc/src/main/java/org/apache/openjpa/jdbc/kernel/exps/CoalesceExpression.java,3,1,0,0,0,1,0,0,218,1,1,0,false
0.9.0,getQueryExpressions,openjpa-kernel/src/main/java/org/apache/openjpa/kernel/ExpressionStoreQuery.java,1,1,0,0,0,0,2,0,45,2,6,0,false
0.9.6,setUpdateManager,openjpa-jdbc/src/main/java/org/apache/openjpa/jdbc/conf/JDBCConfigurationImpl.java,4,1,0,0,0,0,0,1,168,3,4,0,false
0.9.7,insert,openjpa-jdbc/src/main/java/org/apache/openjpa/jdbc/meta/strats/RelationFieldStrategy.java,9,4,2,0,0,1,0,1,317,3,4,0,false
0.9.6,getQueryMetaData,openjpa-kernel/src/main/java/org/apache/openjpa/meta/MetaDataRepository.java,14,9,4,0,0,5,1,2,185,4,16,0,false
0.9.6,setInverseManager,openjpa-kernel/src/main/java/org/apache/openjpa/conf/OpenJPAConfiguration.java,1,1,0,0,0,0,0,0,185,2,5,0,false
0.9.7,join,openjpa-jdbc/src/main/java/org/apache/openjpa/jdbc/meta/strats/RelationToManyInverseKeyFieldStrategy.java,3,1,0,0,0,1,0,0,317,2,2,0,false
1.0.0,dictionaryClassForString,openjpa-jdbc/src/main/java/org/apache/openjpa/jdbc/sql/DBDictionaryFactory.java,34,30,3,0,0,29,2,0,440,3,4,25,false
2.0.0-M1,getValueColumns,openjpa-jdbc/src/main/java/org/apache/openjpa/jdbc/meta/strats/RelationRelationMapTableFieldStrategy.java,3,1,0,0,0,1,0,0,447,1,3,1,false
0.9.6,setRestoreState,openjpa-kernel/src/main/java/org/apache/openjpa/conf/OpenJPAConfigurationImpl.java,4,1,0,0,0,0,0,1,185,3,10,0,false
0.9.6,setConnection2UserName,openjpa-kernel/src/main/java/org/apache/openjpa/conf/OpenJPAConfiguration.java,1,1,0,0,0,0,0,0,185,2,5,0,false
1.1.0,flush,openjpa-jdbc/src/main/java/org/apache/openjpa/jdbc/kernel/PreparedStatementManagerImpl.java,2,1,0,0,0,0,0,0,706,1,1,0,false
0.9.6,getStatus,openjpa-jdbc/src/main/java/org/apache/openjpa/jdbc/kernel/ClassTableJDBCSeq.java,10,3,3,0,0,2,1,1,168,2,3,0,false
0.9.7,getResultArguments,openjpa-jdbc/src/main/java/org/apache/openjpa/jdbc/meta/strats/RelationFieldStrategy.java,3,1,0,0,0,1,0,0,317,3,4,0,false
0.9.0,newBoundVariable,openjpa-kernel/src/main/java/org/apache/openjpa/kernel/exps/InMemoryExpressionFactory.java,3,1,0,0,0,1,0,0,45,3,6,0,false
0.9.6,getParameter,openjpa-kernel/src/main/java/org/apache/openjpa/kernel/jpql/JPQLExpressionBuilder.java,23,6,6,1,1,1,1,0,185,3,9,0,false
1.2.1,getRootInstances,openjpa-kernel/src/main/java/org/apache/openjpa/kernel/DelegatingFetchConfiguration.java,8,2,0,0,1,1,0,2,1022,1,3,1,false
0.9.6,getMapping,openjpa-kernel/src/main/java/org/apache/openjpa/conf/OpenJPAConfigurationImpl.java,3,1,0,0,0,1,1,0,185,3,10,0,false
0.9.6,getDetachStateInstance,openjpa-kernel/src/main/java/org/apache/openjpa/conf/OpenJPAConfiguration.java,1,1,0,0,0,0,0,0,185,2,5,0,false
0.9.0,populateSelect,openjpa-jdbc/src/main/java/org/apache/openjpa/jdbc/kernel/JDBCStoreQuery.java,11,3,3,1,0,1,3,0,37,2,5,0,false
0.9.6,jjtSetParent,openjpa-kernel/src/main/java/org/apache/openjpa/kernel/jpql/JPQLExpressionBuilder.java,3,1,1,0,0,0,0,0,185,3,9,0,false
1.2.1,getEventTypes,openjpa-persistence/src/main/java/org/apache/openjpa/persistence/MetaDataParsers.java,21,9,1,0,0,8,0,0,950,1,1,1,false
0.9.6,newInstance,openjpa-lib/src/main/java/org/apache/openjpa/lib/conf/Configurations.java,3,1,0,0,0,1,0,1,94,4,7,0,false
2.0.0-M2,setMetaData,openjpa-jdbc/src/main/java/org/apache/openjpa/jdbc/kernel/exps/NullIfExpression.java,3,1,1,0,0,0,0,0,218,1,1,0,false
0.9.6,clear,openjpa-persistence/src/main/java/org/apache/openjpa/persistence/PersistenceMetaDataFactory.java,6,4,0,0,0,0,0,0,185,3,5,0,false
0.9.7,beforeOptimisticWrite,openjpa-kernel/src/main/java/org/apache/openjpa/kernel/PDeletedState.java,3,1,0,0,0,1,0,0,334,2,2,0,false
0.9.6,hasNamedNativeQuery,openjpa-persistence/src/main/java/org/apache/openjpa/persistence/PersistenceMetaDataFactory.java,6,3,0,0,0,2,1,0,185,3,5,0,false
0.9.6,setConnectionFactory,openjpa-jdbc/src/main/java/org/apache/openjpa/jdbc/conf/JDBCConfigurationImpl.java,9,3,2,0,0,1,0,3,168,3,4,0,false
0.9.6,validateStrategies,openjpa-persistence/src/main/java/org/apache/openjpa/persistence/PersistenceMetaDataFactory.java,11,5,2,0,0,0,1,0,185,3,5,0,false
0.9.0,compare,openjpa-kernel/src/main/java/org/apache/openjpa/kernel/exps/InMemoryExpressionFactory.java,26,14,7,1,1,6,0,0,45,3,6,2,false
0.9.6,newLockManagerInstance,openjpa-kernel/src/main/java/org/apache/openjpa/conf/OpenJPAConfigurationImpl.java,3,1,0,0,0,1,0,0,185,3,10,0,false
0.9.0,isSingleTableMapping,openjpa-jdbc/src/main/java/org/apache/openjpa/jdbc/kernel/JDBCStoreQuery.java,15,8,6,0,0,4,1,2,37,2,5,2,false
0.9.0,getOrderingValue,openjpa-kernel/src/main/java/org/apache/openjpa/kernel/ExpressionStoreQuery.java,15,5,5,0,0,2,0,1,45,2,6,3,false
1.2.1,getContext,openjpa-kernel/src/main/java/org/apache/openjpa/kernel/DelegatingFetchConfiguration.java,8,2,0,0,1,1,0,2,1022,1,3,1,false
2.0.0-M2,getType,openjpa-jdbc/src/main/java/org/apache/openjpa/jdbc/kernel/exps/NullIfExpression.java,8,3,3,0,0,3,1,0,218,1,1,0,false
0.9.6,getMetaData,openjpa-kernel/src/main/java/org/apache/openjpa/meta/MetaDataRepository.java,11,7,2,0,0,1,7,3,185,4,16,1,false
0.9.6,getInverseManager,openjpa-kernel/src/main/java/org/apache/openjpa/conf/OpenJPAConfiguration.java,1,1,0,0,0,0,0,0,185,2,5,0,false
0.9.6,setAutoClear,openjpa-kernel/src/main/java/org/apache/openjpa/conf/OpenJPAConfiguration.java,1,1,0,0,0,0,0,0,185,2,5,0,false
2.0.0-M2,acceptVisit,openjpa-jdbc/src/main/java/org/apache/openjpa/jdbc/kernel/exps/NullIfExpression.java,6,1,0,0,0,0,0,0,218,1,1,0,false
0.9.7,setJoinedSubclass,openjpa-jdbc/src/main/java/org/apache/openjpa/jdbc/meta/ClassMappingInfo.java,3,1,1,0,0,0,0,0,317,4,7,0,false
0.9.6,setMaxFetchDepth,openjpa-kernel/src/main/java/org/apache/openjpa/conf/OpenJPAConfiguration.java,1,1,0,0,0,0,0,0,185,2,5,0,false
0.9.0,getThis,openjpa-kernel/src/main/java/org/apache/openjpa/kernel/exps/InMemoryExpressionFactory.java,3,1,0,0,0,1,0,0,45,3,6,0,false
0.9.7,endEntityResult,openjpa-persistence-jdbc/src/main/java/org/apache/openjpa/persistence/jdbc/XMLPersistenceMappingParser.java,3,1,0,0,0,0,2,0,317,5,5,0,false
1.2.1,getReadLockLevel,openjpa-kernel/src/main/java/org/apache/openjpa/kernel/DelegatingFetchConfiguration.java,8,2,0,0,1,1,0,2,1022,1,3,1,false
0.9.7,setResolve,openjpa-kernel/src/main/java/org/apache/openjpa/meta/ValueMetaDataImpl.java,5,3,3,0,0,0,0,0,334,2,3,0,false
0.9.6,jjtGetNumChildren,openjpa-kernel/src/main/java/org/apache/openjpa/kernel/jpql/JPQLExpressionBuilder.java,3,2,0,0,0,1,1,0,185,3,9,0,false
1.0.0,getConfiguration,openjpa-persistence/src/main/java/org/apache/openjpa/persistence/AnnotationPersistenceXMLMetaDataParser.java,3,1,0,0,0,1,0,0,27,3,6,0,false
0.9.7,setCascadeAttach,openjpa-kernel/src/main/java/org/apache/openjpa/meta/ValueMetaDataImpl.java,4,2,1,0,0,0,0,0,334,2,3,0,false
0.9.0,getFilterListener,openjpa-jdbc/src/main/java/org/apache/openjpa/jdbc/kernel/JDBCStoreQuery.java,3,1,0,0,0,1,0,0,37,2,5,0,false
0.9.6,setConnection2Password,openjpa-kernel/src/main/java/org/apache/openjpa/conf/OpenJPAConfigurationImpl.java,4,1,0,0,0,0,0,1,185,3,10,0,false
0.9.7,isEmbedded,openjpa-kernel/src/main/java/org/apache/openjpa/meta/ValueMetaDataImpl.java,16,7,2,0,0,2,4,0,334,2,3,0,false
0.9.6,loadRegisteredClassMetaData,openjpa-kernel/src/main/java/org/apache/openjpa/meta/MetaDataRepository.java,11,4,2,0,1,0,1,2,185,4,16,0,false
0.9.7,map,openjpa-jdbc/src/main/java/org/apache/openjpa/jdbc/meta/strats/RelationToManyTableFieldStrategy.java,35,8,7,0,0,1,0,0,317,2,2,13,false
2.0.0-M2,orderBy,openjpa-jdbc/src/main/java/org/apache/openjpa/jdbc/kernel/exps/NullIfExpression.java,3,1,0,0,0,0,0,1,218,1,1,0,false
1.0.2,executeOn,openjpa-jdbc/src/main/java/org/apache/openjpa/jdbc/ant/MappingToolTask.java,14,5,7,0,0,0,0,0,612,2,2,2,false
0.9.6,getIdentifier,openjpa-kernel/src/main/java/org/apache/openjpa/kernel/jpql/JPQLExpressionBuilder.java,17,4,4,0,0,3,1,2,185,3,9,0,false
0.9.6,getValidate,openjpa-kernel/src/main/java/org/apache/openjpa/meta/MetaDataRepository.java,3,1,0,0,0,1,0,0,185,4,16,0,false
1.0.0,setLifecycleListenerCallbackMode,openjpa-persistence/src/main/java/org/apache/openjpa/persistence/OpenJPAEntityManagerSPI.java,1,1,0,0,0,0,0,0,7,1,2,0,false
0.9.6,setConnectionFactory,openjpa-kernel/src/main/java/org/apache/openjpa/conf/OpenJPAConfigurationImpl.java,4,1,0,0,0,0,0,1,185,3,10,0,false
0.9.7,delete,openjpa-jdbc/src/main/java/org/apache/openjpa/jdbc/meta/strats/RelationToManyTableFieldStrategy.java,5,1,1,0,0,0,1,0,317,2,2,1,false
0.9.7,getJoinForeignKey,openjpa-jdbc/src/main/java/org/apache/openjpa/jdbc/meta/strats/RelationToManyInverseKeyFieldStrategy.java,3,1,0,0,0,1,0,0,317,2,2,1,false
0.9.6,newClassArgParser,openjpa-persistence/src/main/java/org/apache/openjpa/persistence/PersistenceMetaDataFactory.java,5,1,1,0,0,1,0,0,185,3,5,0,false
0.9.6,toOpenJPAObjectId,openjpa-persistence/src/main/java/org/apache/openjpa/persistence/OpenJPAPersistence.java,11,5,4,0,0,3,0,1,185,3,10,0,false
0.9.6,getSourceMode,openjpa-kernel/src/main/java/org/apache/openjpa/meta/MetaDataRepository.java,3,1,0,0,0,1,0,0,185,4,16,0,false
0.9.7,endClassMappingElement,openjpa-persistence-jdbc/src/main/java/org/apache/openjpa/persistence/jdbc/XMLPersistenceMappingParser.java,36,12,1,0,0,1,0,10,317,5,5,0,false
0.9.6,setMultithreaded,openjpa-kernel/src/main/java/org/apache/openjpa/conf/OpenJPAConfigurationImpl.java,3,2,0,0,0,0,0,1,185,3,10,0,false
0.9.6,setAggregateListeners,openjpa-kernel/src/main/java/org/apache/openjpa/conf/OpenJPAConfigurationImpl.java,4,1,0,0,0,0,0,1,185,3,10,0,false
0.9.6,newRemoteCommitProviderInstance,openjpa-kernel/src/main/java/org/apache/openjpa/conf/OpenJPAConfigurationImpl.java,3,1,0,0,0,1,0,0,185,3,10,0,false
0.9.6,setFetchBatchSize,openjpa-kernel/src/main/java/org/apache/openjpa/conf/OpenJPAConfiguration.java,1,1,0,0,0,0,0,0,185,2,5,0,false
0.9.6,isDeclaredVariable,openjpa-kernel/src/main/java/org/apache/openjpa/kernel/jpql/JPQLExpressionBuilder.java,3,1,0,0,0,1,0,0,185,3,9,0,false
0.9.6,setConnectionURL,openjpa-kernel/src/main/java/org/apache/openjpa/conf/OpenJPAConfigurationImpl.java,4,1,0,0,0,0,0,1,185,3,10,0,false
0.9.0,assertNotContainer,openjpa-kernel/src/main/java/org/apache/openjpa/kernel/ExpressionStoreQuery.java,14,6,3,0,0,0,2,0,45,2,6,2,false
0.9.7,addUnique,openjpa-jdbc/src/main/java/org/apache/openjpa/jdbc/meta/ClassMappingInfo.java,5,3,1,0,0,1,0,0,317,4,7,0,false
0.9.0,newParameter,openjpa-kernel/src/main/java/org/apache/openjpa/kernel/exps/InMemoryExpressionFactory.java,3,1,0,0,0,1,0,0,45,3,6,0,false
0.9.7,endAttributeOverride,openjpa-persistence-jdbc/src/main/java/org/apache/openjpa/persistence/jdbc/XMLPersistenceMappingParser.java,13,4,4,0,0,0,1,3,317,5,5,2,false
0.9.6,getFilterListenerInstances,openjpa-kernel/src/main/java/org/apache/openjpa/conf/OpenJPAConfigurationImpl.java,4,2,0,0,0,1,0,0,185,3,10,0,false
0.9.0,or,openjpa-kernel/src/main/java/org/apache/openjpa/kernel/exps/InMemoryExpressionFactory.java,7,1,5,0,0,0,1,0,45,3,6,0,false
0.9.6,populateConfiguration,openjpa-lib/src/main/java/org/apache/openjpa/lib/conf/Configurations.java,27,9,12,3,0,0,1,4,94,4,7,8,false
0.9.0,setQuery,openjpa-kernel/src/main/java/org/apache/openjpa/kernel/ExpressionStoreQuery.java,4,1,1,0,0,1,0,0,45,2,6,0,false
0.9.6,setMappingDefaults,openjpa-jdbc/src/main/java/org/apache/openjpa/jdbc/conf/JDBCConfigurationImpl.java,4,1,0,0,0,0,0,1,168,3,4,0,false
0.9.6,load,openjpa-persistence/src/main/java/org/apache/openjpa/persistence/PersistenceMetaDataFactory.java,33,22,8,0,0,4,0,4,185,3,5,2,false
0.9.6,getConnectionRetainMode,openjpa-kernel/src/main/java/org/apache/openjpa/conf/OpenJPAConfiguration.java,1,1,0,0,0,0,0,0,185,2,5,0,false
0.9.6,getConnection2DriverName,openjpa-kernel/src/main/java/org/apache/openjpa/conf/OpenJPAConfigurationImpl.java,3,1,0,0,0,1,1,0,185,3,10,0,false
0.9.6,getSequence,openjpa-kernel/src/main/java/org/apache/openjpa/conf/OpenJPAConfigurationImpl.java,3,1,0,0,0,1,0,0,185,3,10,0,false
0.9.6,getFetchDirection,openjpa-jdbc/src/main/java/org/apache/openjpa/jdbc/conf/JDBCConfigurationImpl.java,3,1,0,0,0,1,0,0,168,3,4,0,false
1.2.1,getFetchGroups,openjpa-kernel/src/main/java/org/apache/openjpa/kernel/DelegatingFetchConfiguration.java,8,2,0,0,1,1,0,2,1022,1,3,1,false
1.0.0,addTransactionListener,openjpa-persistence/src/main/java/org/apache/openjpa/persistence/OpenJPAEntityManagerSPI.java,1,1,0,0,0,0,0,0,7,1,2,0,false
0.9.6,eval,openjpa-kernel/src/main/java/org/apache/openjpa/kernel/jpql/JPQLExpressionBuilder.java,212,81,61,2,0,56,6,27,185,3,9,14,false
0.9.6,getCandidateMetaData,openjpa-kernel/src/main/java/org/apache/openjpa/kernel/jpql/JPQLExpressionBuilder.java,37,11,9,0,0,4,2,8,185,3,9,1,false
2.0.0-M1,selectKey,openjpa-jdbc/src/main/java/org/apache/openjpa/jdbc/meta/strats/RelationRelationMapTableFieldStrategy.java,3,1,0,0,0,0,0,0,447,1,3,1,false
0.9.0,getCurrentTime,openjpa-kernel/src/main/java/org/apache/openjpa/kernel/exps/InMemoryExpressionFactory.java,3,1,0,0,0,1,0,0,45,3,6,0,false
0.9.6,createEntityManagerFactory,openjpa-persistence/src/main/java/org/apache/openjpa/persistence/OpenJPAPersistence.java,3,1,0,0,0,1,1,2,185,3,10,0,false
0.9.6,setImplicitTypes,openjpa-kernel/src/main/java/org/apache/openjpa/kernel/jpql/JPQLExpressionBuilder.java,13,12,5,0,0,4,1,0,185,3,9,2,false
0.9.7,getEmbeddedMetaData,openjpa-kernel/src/main/java/org/apache/openjpa/meta/ValueMetaDataImpl.java,4,3,0,0,0,1,2,2,334,2,3,0,false
0.9.7,addEmbeddedMetaData,openjpa-kernel/src/main/java/org/apache/openjpa/meta/ValueMetaDataImpl.java,8,1,2,0,0,1,1,1,334,2,3,4,false
0.9.6,getRemoteCommitProvider,openjpa-kernel/src/main/java/org/apache/openjpa/conf/OpenJPAConfiguration.java,1,1,0,0,0,0,0,0,185,2,5,0,false
0.9.6,removeQueryMetaData,openjpa-kernel/src/main/java/org/apache/openjpa/meta/MetaDataRepository.java,4,3,0,0,0,2,0,1,185,4,16,0,false
2.0.0-M2,newSQLBuffer,openjpa-jdbc/src/main/java/org/apache/openjpa/jdbc/kernel/exps/NullIfExpression.java,6,1,1,0,0,1,3,2,218,1,1,1,false
0.9.0,getDataStoreActions,openjpa-kernel/src/main/java/org/apache/openjpa/kernel/ExpressionStoreQuery.java,3,1,0,0,0,1,1,0,45,2,6,0,false
0.9.6,isSeendVariable,openjpa-kernel/src/main/java/org/apache/openjpa/kernel/jpql/JPQLExpressionBuilder.java,3,2,0,0,0,1,0,0,185,3,9,0,false
0.9.7,addQueryResultMapping,openjpa-persistence-jdbc/src/main/java/org/apache/openjpa/persistence/jdbc/XMLPersistenceMappingSerializer.java,4,2,1,0,0,0,1,0,317,3,3,0,false
0.9.0,hasVerticalSubclasses,openjpa-jdbc/src/main/java/org/apache/openjpa/jdbc/kernel/JDBCStoreQuery.java,5,3,2,0,0,2,3,0,37,2,5,0,false
0.9.6,hashCode,openjpa-persistence/src/main/java/org/apache/openjpa/persistence/EntityManagerFactoryImpl.java,3,1,0,0,0,1,0,0,185,2,6,0,false
0.9.6,getSubquery,openjpa-kernel/src/main/java/org/apache/openjpa/kernel/jpql/JPQLExpressionBuilder.java,17,1,6,0,1,1,1,5,185,3,9,0,false
2.0.0-M1,getResults,openjpa-jdbc/src/main/java/org/apache/openjpa/jdbc/meta/strats/RelationRelationMapTableFieldStrategy.java,45,6,10,0,1,1,0,0,447,1,3,11,false
0.9.6,setLockManager,openjpa-kernel/src/main/java/org/apache/openjpa/conf/OpenJPAConfiguration.java,1,1,0,0,0,0,0,0,185,2,5,0,false
0.9.6,getAutoDetach,openjpa-kernel/src/main/java/org/apache/openjpa/conf/OpenJPAConfigurationImpl.java,3,1,0,0,0,1,0,1,185,3,10,0,false
0.9.7,clearSecondaryTableInfo,openjpa-persistence-jdbc/src/main/java/org/apache/openjpa/persistence/jdbc/XMLPersistenceMappingParser.java,4,1,2,0,0,0,2,0,317,5,5,0,false
0.9.6,getPathOrConstant,openjpa-kernel/src/main/java/org/apache/openjpa/kernel/jpql/JPQLExpressionBuilder.java,21,4,5,0,1,2,1,3,185,3,9,3,false
0.9.6,getPrimaryKey,openjpa-jdbc/src/main/java/org/apache/openjpa/jdbc/kernel/ClassTableJDBCSeq.java,4,2,0,0,0,2,0,1,168,2,3,0,false
1.0.2,setFile,openjpa-jdbc/src/main/java/org/apache/openjpa/jdbc/ant/MappingToolTask.java,3,1,1,0,0,0,0,0,612,2,2,0,false
0.9.7,removeQueryResultMapping,openjpa-persistence-jdbc/src/main/java/org/apache/openjpa/persistence/jdbc/XMLPersistenceMappingSerializer.java,3,2,0,0,0,1,1,0,317,3,3,0,false
0.9.6,mapPersistentTypeNames,openjpa-persistence/src/main/java/org/apache/openjpa/persistence/PersistenceMetaDataFactory.java,7,5,2,0,0,1,0,0,185,3,5,1,false
0.9.7,update,openjpa-jdbc/src/main/java/org/apache/openjpa/jdbc/meta/strats/RelationToManyInverseKeyFieldStrategy.java,35,17,16,0,0,4,3,1,317,2,2,6,false
0.9.6,setIgnoreVirtual,openjpa-jdbc/src/main/java/org/apache/openjpa/jdbc/kernel/ClassTableJDBCSeq.java,3,1,0,0,0,0,0,1,168,2,3,0,false
0.9.0,buildWhere,openjpa-jdbc/src/main/java/org/apache/openjpa/jdbc/kernel/exps/SelectConstructor.java,8,3,2,0,0,2,1,0,37,2,8,1,false
0.9.6,setDynamicDataStructs,openjpa-kernel/src/main/java/org/apache/openjpa/conf/OpenJPAConfiguration.java,1,1,0,0,0,0,0,0,185,2,5,0,false
0.9.6,right,openjpa-kernel/src/main/java/org/apache/openjpa/kernel/jpql/JPQLExpressionBuilder.java,3,1,0,0,0,1,5,1,185,3,9,0,false
0.9.6,newBrokerInstance,openjpa-jdbc/src/main/java/org/apache/openjpa/jdbc/conf/JDBCConfigurationImpl.java,8,4,3,0,0,1,0,0,168,3,4,0,false
1.1.0,addTransactionListener,openjpa-persistence/src/main/java/org/apache/openjpa/persistence/EntityManagerFactoryImpl.java,3,1,0,0,0,0,0,0,723,1,1,0,false
1.2.1,hasField,openjpa-kernel/src/main/java/org/apache/openjpa/kernel/DelegatingFetchConfiguration.java,8,2,0,0,1,1,0,2,1022,1,3,1,false
0.9.6,getEntityManagerFactory,openjpa-persistence/src/main/java/org/apache/openjpa/persistence/OpenJPAPersistence.java,9,2,1,0,1,1,1,3,185,3,10,1,false
0.9.6,getConnectionFactoryName,openjpa-kernel/src/main/java/org/apache/openjpa/conf/OpenJPAConfigurationImpl.java,3,1,0,0,0,1,1,0,185,3,10,0,false
0.9.7,startSQLResultSetMapping,openjpa-persistence-jdbc/src/main/java/org/apache/openjpa/persistence/jdbc/XMLPersistenceMappingParser.java,16,5,7,0,0,1,2,1,317,5,5,7,false
0.9.6,getTransactionMode,openjpa-kernel/src/main/java/org/apache/openjpa/conf/OpenJPAConfiguration.java,1,1,0,0,0,0,0,0,185,2,5,0,false
0.9.6,getConnectionDecorators,openjpa-jdbc/src/main/java/org/apache/openjpa/jdbc/conf/JDBCConfigurationImpl.java,3,1,0,0,0,1,0,0,168,3,4,0,false
0.9.7,endTemporal,openjpa-persistence-jdbc/src/main/java/org/apache/openjpa/persistence/jdbc/XMLPersistenceMappingParser.java,4,2,2,0,0,0,1,0,317,5,5,0,false
0.9.6,addQueryMetaData,openjpa-kernel/src/main/java/org/apache/openjpa/meta/MetaDataRepository.java,5,1,1,0,0,1,0,2,185,4,16,0,false
0.9.6,getStoreFacadeTypeRegistry,openjpa-kernel/src/main/java/org/apache/openjpa/conf/OpenJPAConfiguration.java,1,1,0,0,0,0,0,0,185,2,5,0,false
0.9.6,removeSequenceMetaData,openjpa-kernel/src/main/java/org/apache/openjpa/meta/MetaDataRepository.java,4,3,0,0,0,2,0,0,185,4,16,0,false
0.9.6,getPlugin,openjpa-lib/src/main/java/org/apache/openjpa/lib/conf/Configurations.java,5,5,0,1,0,3,0,0,94,4,7,0,false
0.9.6,setConnection2Password,openjpa-kernel/src/main/java/org/apache/openjpa/conf/OpenJPAConfiguration.java,1,1,0,0,0,0,0,0,185,2,5,0,false
0.9.7,isTypeUnjoinedSubclass,openjpa-jdbc/src/main/java/org/apache/openjpa/jdbc/meta/strats/RelationFieldStrategy.java,5,3,2,0,0,2,1,0,317,3,4,0,false
0.9.7,getColumnIO,openjpa-jdbc/src/main/java/org/apache/openjpa/jdbc/meta/strats/RelationFieldStrategy.java,3,1,0,0,0,1,0,0,317,3,4,0,false
0.9.6,getClassMetaData,openjpa-kernel/src/main/java/org/apache/openjpa/kernel/jpql/JPQLExpressionBuilder.java,11,6,6,0,0,2,2,1,185,3,9,2,false
0.9.6,getDataCache,openjpa-kernel/src/main/java/org/apache/openjpa/conf/OpenJPAConfiguration.java,1,1,0,0,0,0,0,0,185,2,5,0,false
0.9.6,setWriteLockLevel,openjpa-kernel/src/main/java/org/apache/openjpa/conf/OpenJPAConfigurationImpl.java,4,1,0,0,0,0,0,1,185,3,10,0,false
0.9.6,addMetaData,openjpa-kernel/src/main/java/org/apache/openjpa/meta/MetaDataRepository.java,3,1,0,0,0,1,0,1,185,4,16,0,false
0.9.6,assertSchemaName,openjpa-kernel/src/main/java/org/apache/openjpa/kernel/jpql/JPQLExpressionBuilder.java,4,2,0,0,0,1,2,1,185,3,9,0,false
0.9.0,executeDelete,openjpa-kernel/src/main/java/org/apache/openjpa/kernel/ExpressionStoreQuery.java,3,1,0,0,0,1,1,0,45,2,6,0,false
0.9.0,select,openjpa-jdbc/src/main/java/org/apache/openjpa/jdbc/kernel/JDBCStoreQuery.java,4,2,2,0,0,0,0,1,37,2,5,0,false
0.9.6,getLog,openjpa-kernel/src/main/java/org/apache/openjpa/meta/MetaDataRepository.java,3,1,0,0,0,1,0,0,185,4,16,0,false
0.9.7,compareUnknown,openjpa-persistence-jdbc/src/main/java/org/apache/openjpa/persistence/jdbc/XMLPersistenceMappingSerializer.java,13,7,6,1,0,5,0,0,317,3,3,2,false
0.9.6,getMetaDataFactory,openjpa-kernel/src/main/java/org/apache/openjpa/meta/MetaDataRepository.java,3,1,0,0,0,1,0,0,185,4,16,0,false
0.9.6,getBrokerImpl,openjpa-kernel/src/main/java/org/apache/openjpa/conf/OpenJPAConfigurationImpl.java,3,1,0,0,0,1,0,0,185,3,10,0,false
0.9.6,setSchema,openjpa-jdbc/src/main/java/org/apache/openjpa/jdbc/conf/JDBCConfigurationImpl.java,4,1,0,0,0,0,0,1,168,3,4,0,false
1.2.1,clearFetchGroups,openjpa-kernel/src/main/java/org/apache/openjpa/kernel/DelegatingFetchConfiguration.java,9,2,0,0,1,1,0,2,1022,1,3,1,false
0.9.0,classForName,openjpa-kernel/src/main/java/org/apache/openjpa/kernel/ExpressionStoreQuery.java,3,1,0,0,0,1,0,0,45,2,6,0,false
0.9.6,getSavepointManager,openjpa-kernel/src/main/java/org/apache/openjpa/conf/OpenJPAConfigurationImpl.java,4,2,0,0,0,1,0,0,185,3,10,0,false
0.9.6,isConnectionFactoryModeManaged,openjpa-kernel/src/main/java/org/apache/openjpa/conf/OpenJPAConfigurationImpl.java,3,1,0,0,0,1,0,0,185,3,10,0,false
0.9.6,getAggregateListenerInstances,openjpa-kernel/src/main/java/org/apache/openjpa/conf/OpenJPAConfiguration.java,1,1,0,0,0,0,0,0,185,2,5,0,false
