release,method,path,className,loc,wmc,assignmentsQty,mathOperationsQty,qtyTryCatch,qtyReturn,fanin,fanout,age,nAuth,nr,nSmell,buggy
4.1.0,getRegion,hedwig-protocol/src/main/java/org/apache/hedwig/protocol/PubSubProtocol.java,null,3,1,0,0,0,1,0,1,196,1,1,0,false
4.1.0,asyncProcessLevelNodes,bookkeeper-server/src/main/java/org/apache/bookkeeper/meta/HierarchicalLedgerManager.java,null,24,1,0,0,0,0,2,0,204,2,4,4,false
4.1.0,safeRun,bookkeeper-server/src/main/java/org/apache/bookkeeper/proto/PerChannelBookieClient.java,null,10,3,3,2,0,0,0,22,196,3,10,1,false
4.1.0,retryErroredSubscribers,hedwig-server/src/main/java/org/apache/hedwig/server/delivery/FIFODeliveryManager.java,null,11,3,2,1,0,1,1,2,196,1,2,0,false
4.0.0,getFromTable,bookkeeper-server/src/main/java/org/apache/bookkeeper/bookie/LedgerCache.java,null,7,2,1,0,0,2,1,0,4,2,6,0,false
4.1.0,gc,bookkeeper-server/src/main/java/org/apache/bookkeeper/bookie/GarbageCollectorThread.java,null,8,2,0,0,1,0,0,1,96,3,6,0,false
4.1.0,doConnect,hedwig-client/src/main/java/org/apache/hedwig/client/netty/HedwigClientImpl.java,null,9,2,2,1,0,0,1,1,226,1,1,0,false
4.0.0,operationFinished,hedwig-client/src/main/java/org/apache/hedwig/client/handlers/SubscribeReconnectCallback.java,null,12,4,0,2,1,0,0,3,4,1,3,0,false
4.0.0,writeBuffers,bookkeeper-server/src/main/java/org/apache/bookkeeper/bookie/LedgerCache.java,null,26,8,6,12,0,1,1,4,4,2,6,4,false
4.0.0,releasePage,bookkeeper-server/src/main/java/org/apache/bookkeeper/bookie/LedgerEntryPage.java,null,6,2,0,0,0,0,4,0,4,2,2,0,false
4.0.0,notifySubscribe,hedwig-server/src/main/java/org/apache/hedwig/server/subscriptions/AbstractSubscriptionManager.java,null,6,2,1,0,0,0,2,0,4,2,3,0,false
4.0.0,getPercentile,hedwig-client/src/main/java/org/apache/hedwig/client/benchmark/BenchmarkUtils.java,null,11,3,4,6,0,2,1,0,4,1,2,0,false
4.1.0,removeActiveLedger,bookkeeper-server/src/main/java/org/apache/bookkeeper/meta/HierarchicalLedgerManager.java,null,3,1,0,0,0,0,0,1,204,2,4,0,false
4.0.0,doAsyncGetLedgersInSingleNode,bookkeeper-server/src/main/java/org/apache/bookkeeper/meta/AbstractZkLedgerManager.java,null,29,1,0,0,0,0,1,0,8,1,1,2,false
4.1.0,writeComplete,bookkeeper-server/src/main/java/org/apache/bookkeeper/client/BookKeeperAdmin.java,null,11,3,0,2,0,0,0,1,268,2,4,1,false
4.0.0,hashCode,bookkeeper-server/src/main/java/org/apache/bookkeeper/bookie/LedgerEntryPage.java,null,3,1,0,0,0,1,0,2,4,2,2,0,false
4.1.0,warmUp,bookkeeper-benchmark/src/main/java/org/apache/bookkeeper/benchmark/BenchThroughputLatency.java,null,34,3,8,2,1,1,1,4,0,3,4,1,false
4.0.0,read,bookkeeper-server/src/main/java/org/apache/bookkeeper/bookie/FileInfo.java,null,3,1,0,1,0,1,2,1,4,2,4,0,false
4.1.0,operationFinished,hedwig-server/src/main/java/org/apache/hedwig/server/handlers/SubscribeHandler.java,null,22,3,3,2,0,2,0,2,196,1,1,1,false
4.1.0,getTopics,hedwig-server/src/main/java/org/apache/hedwig/admin/HedwigAdmin.java,null,3,1,0,0,0,1,1,0,0,2,2,0,false
4.0.0,operationFinished,hedwig-client/src/main/java/org/apache/hedwig/client/netty/HedwigSubscriber.java,null,3,1,0,0,0,0,0,11,4,1,3,0,false
4.1.0,amIResponsibleForTopic,hedwig-client/src/main/java/org/apache/hedwig/client/benchmark/HedwigBenchmark.java,null,3,2,0,1,0,1,0,0,196,1,1,0,false
4.1.0,setFenced,bookkeeper-server/src/main/java/org/apache/bookkeeper/bookie/LedgerDescriptorImpl.java,null,3,1,1,0,0,0,0,0,84,1,1,0,false
4.0.0,main,hedwig-server/src/main/java/org/apache/hedwig/server/benchmark/BookieBenchmark.java,null,4,1,1,0,0,0,0,2,4,2,4,0,false
4.0.0,getFailureException,hedwig-client/src/main/java/org/apache/hedwig/client/handlers/PubSubCallback.java,null,3,1,0,0,0,1,3,0,4,1,2,0,false
4.1.0,clearMessageBound,hedwig-server/src/main/java/org/apache/hedwig/server/persistence/BookkeeperPersistenceManager.java,null,3,1,0,0,0,0,0,1,196,1,3,0,false
4.1.0,hasRegion,hedwig-protocol/src/main/java/org/apache/hedwig/protocol/PubSubProtocol.java,null,3,1,0,0,0,1,1,1,196,1,1,0,false
4.0.0,asyncPublish,hedwig-client/src/main/java/org/apache/hedwig/client/netty/HedwigPublisher.java,null,21,5,3,1,0,1,1,7,4,2,4,2,false
4.1.0,main,bookkeeper-benchmark/src/main/java/org/apache/bookkeeper/benchmark/BenchReadThroughputLatency.java,null,120,8,13,2,1,0,0,3,0,1,1,16,false
4.1.0,compare,bookkeeper-server/src/main/java/org/apache/bookkeeper/bookie/GarbageCollectorThread.java,null,13,3,2,2,0,3,0,0,96,3,6,0,false
4.1.0,handleReadResponse,bookkeeper-server/src/main/java/org/apache/bookkeeper/proto/PerChannelBookieClient.java,null,28,8,7,3,0,1,1,2,196,3,10,0,false
4.1.0,run,hedwig-server/src/main/java/org/apache/hedwig/server/subscriptions/AbstractSubscriptionManager.java,null,17,9,5,0,0,0,0,5,196,1,4,5,false
4.1.0,serveSubscribeRequest,hedwig-server/src/main/java/org/apache/hedwig/server/subscriptions/AbstractSubscriptionManager.java,null,1,1,0,0,0,0,0,0,196,1,4,0,false
4.1.0,setProtocolVersion,hedwig-protocol/src/main/java/org/apache/hedwig/protocol/PubSubProtocol.java,null,8,2,2,0,0,1,6,0,196,1,1,0,false
4.1.0,calcTp,hedwig-client/src/main/java/org/apache/hedwig/client/benchmark/BenchmarkUtils.java,null,3,1,0,3,0,1,2,0,196,1,1,0,false
4.1.0,hasSrcRegion,hedwig-protocol/src/main/java/org/apache/hedwig/protocol/PubSubProtocol.java,null,3,1,0,0,0,1,4,0,196,1,1,0,false
4.1.0,hasSeqId,hedwig-protocol/src/main/java/org/apache/hedwig/protocol/PubSubProtocol.java,null,3,1,0,0,0,1,1,1,196,1,1,0,false
4.1.0,extractMetaFromEntryLogs,bookkeeper-server/src/main/java/org/apache/bookkeeper/bookie/EntryLogger.java,null,20,4,4,3,1,1,1,3,196,3,12,0,false
4.1.0,operationFailed,hedwig-client/src/main/java/org/apache/hedwig/client/benchmark/BenchmarkUtils.java,null,3,1,0,0,0,0,0,1,196,1,1,0,false
4.1.0,readLastConfirmedDataComplete,bookkeeper-server/src/main/java/org/apache/bookkeeper/client/ReadLastConfirmedOp.java,null,1,1,0,0,0,0,1,0,450,2,5,0,false
4.1.0,getStopDeliveryRequest,hedwig-protocol/src/main/java/org/apache/hedwig/protocol/PubSubProtocol.java,null,3,1,0,0,0,1,2,1,196,1,1,0,false
4.1.0,getSerializedSize,hedwig-protocol/src/main/java/org/apache/hedwig/protocol/PubSubProtocol.java,null,11,3,5,0,0,2,1,2,196,1,1,2,false
4.1.0,containsActiveLedger,bookkeeper-server/src/main/java/org/apache/bookkeeper/meta/FlatLedgerManager.java,null,1,1,0,0,0,0,0,0,204,2,2,0,false
4.1.0,hasUnsubscribeRequest,hedwig-protocol/src/main/java/org/apache/hedwig/protocol/PubSubProtocol.java,null,3,1,0,0,0,1,2,1,196,1,1,0,false
4.1.0,getDefaultInstance,hedwig-protocol/src/main/java/org/apache/hedwig/protocol/PubSubProtocol.java,null,3,1,0,0,0,1,7,0,196,1,1,0,false
4.0.0,start,bookkeeper-server/src/main/java/org/apache/bookkeeper/proto/BookieServer.java,null,6,1,3,0,0,0,1,1,4,3,10,0,false
4.1.0,getBufferedChannel,bookkeeper-server/src/main/java/org/apache/bookkeeper/bookie/JournalChannel.java,null,6,2,0,0,0,1,2,0,125,1,2,0,false
4.1.0,build,hedwig-protocol/src/main/java/org/apache/hedwig/protocol/PubSubProtocol.java,null,6,2,0,0,0,1,2,3,196,1,1,1,false
4.1.0,getCurrentSeqIdForTopic,hedwig-server/src/main/java/org/apache/hedwig/server/persistence/BookkeeperPersistenceManager.java,null,7,2,1,0,0,1,0,0,196,1,3,0,false
4.0.0,initializeZookeper,bookkeeper-server/src/main/java/org/apache/bookkeeper/util/LocalBookKeeper.java,null,17,4,1,0,1,0,1,1,4,3,5,0,false
4.1.0,doGcEntryLogs,bookkeeper-server/src/main/java/org/apache/bookkeeper/bookie/EntryLogger.java,null,32,8,3,2,2,0,1,1,196,3,12,7,false
4.1.0,getSocketAddress,hedwig-client/src/main/java/org/apache/hedwig/util/HedwigSocketAddress.java,null,3,1,0,0,0,1,0,0,196,1,1,0,false
4.0.0,asyncGetLedgersInSingleNode,bookkeeper-server/src/main/java/org/apache/bookkeeper/meta/AbstractZkLedgerManager.java,null,16,1,0,0,0,0,2,0,8,1,1,2,false
4.1.0,setRegion,hedwig-protocol/src/main/java/org/apache/hedwig/protocol/PubSubProtocol.java,null,8,2,2,0,0,1,2,0,196,1,1,0,false
4.1.0,addEntry,bookkeeper-server/src/main/java/org/apache/bookkeeper/bookie/LedgerDescriptorImpl.java,null,8,2,1,1,0,1,0,1,84,1,1,0,false
4.1.0,run,bookkeeper-server/src/main/java/org/apache/bookkeeper/bookie/Journal.java,null,64,12,17,2,1,0,0,6,56,1,2,9,false
4.0.0,safeRun,bookkeeper-server/src/main/java/org/apache/bookkeeper/client/BookieWatcher.java,null,3,1,0,0,0,0,0,18,4,1,3,0,false
4.1.0,process,bookkeeper-benchmark/src/main/java/org/apache/bookkeeper/benchmark/BenchThroughputLatency.java,null,5,2,0,0,0,0,0,2,0,3,4,0,false
4.1.0,doGcLedgers,bookkeeper-server/src/main/java/org/apache/bookkeeper/bookie/EntryLogger.java,null,13,1,0,0,0,0,1,0,196,3,12,1,false
4.1.0,getCmdArgument,hedwig-server/src/main/java/org/apache/hedwig/admin/console/HedwigConsole.java,null,3,1,0,0,0,1,0,0,0,1,1,0,false
4.0.0,isRunning,bookkeeper-server/src/main/java/org/apache/bookkeeper/proto/NIOServerFactory.java,null,3,1,0,0,0,1,2,0,4,3,7,1,false
4.1.0,run,hedwig-client/src/main/java/org/apache/hedwig/client/benchmark/BenchmarkUtils.java,null,13,4,4,1,1,0,0,9,196,1,1,2,false
4.1.0,getOutstandingRequests,bookkeeper-server/src/main/java/org/apache/bookkeeper/proto/NIOServerFactory.java,null,3,1,0,0,0,1,1,0,196,1,4,0,false
4.1.0,readEntry,bookkeeper-server/src/main/java/org/apache/bookkeeper/proto/PerChannelBookieClient.java,null,30,2,4,2,1,0,0,3,196,3,10,5,false
4.1.0,operationFailed,hedwig-client/src/main/java/org/apache/hedwig/client/handlers/SubscribeReconnectCallback.java,null,4,1,0,1,0,0,0,1,196,1,1,0,false
4.1.0,deliver,hedwig-server/src/main/java/org/apache/hedwig/server/regions/RegionManager.java,null,16,2,0,0,0,0,0,0,196,1,3,1,false
4.1.0,getType,hedwig-protocol/src/main/java/org/apache/hedwig/protocol/PubSubProtocol.java,null,3,1,0,0,0,1,0,1,196,1,1,0,false
4.0.0,processResult,bookkeeper-server/src/main/java/org/apache/bookkeeper/client/LedgerOpenOp.java,null,67,9,2,5,2,6,0,11,4,2,8,6,false
4.1.0,getHostname,hedwig-client/src/main/java/org/apache/hedwig/util/HedwigSocketAddress.java,null,3,1,0,0,0,1,0,0,196,1,1,0,false
4.0.0,getAvailableBookies,bookkeeper-server/src/main/java/org/apache/bookkeeper/tools/BookKeeperTools.java,null,29,2,1,0,0,0,1,1,4,2,5,2,false
4.1.0,deliver,hedwig-server/src/main/java/org/apache/hedwig/server/proxy/ProxyStartDeliveryHandler.java,null,13,1,2,0,0,0,0,0,196,1,1,0,false
4.0.0,sendBuffers,bookkeeper-server/src/main/java/org/apache/bookkeeper/proto/NIOServerFactory.java,null,21,6,5,1,0,0,1,1,4,3,7,2,false
4.0.0,setClean,bookkeeper-server/src/main/java/org/apache/bookkeeper/bookie/LedgerEntryPage.java,null,3,2,1,0,0,0,1,0,4,2,2,0,false
4.1.0,isEmpty,bookkeeper-server/src/main/java/org/apache/bookkeeper/bookie/EntryLogger.java,null,3,1,0,0,0,1,1,0,196,3,12,0,false
4.1.0,toBuilder,hedwig-protocol/src/main/java/org/apache/hedwig/protocol/PubSubProtocol.java,null,3,1,0,0,0,1,0,1,196,1,1,1,false
4.0.0,submit,bookkeeper-server/src/main/java/org/apache/bookkeeper/util/OrderedSafeExecutor.java,null,3,1,0,0,0,0,0,1,4,1,1,1,false
4.1.0,putTopicInRetryMap,hedwig-server/src/main/java/org/apache/hedwig/server/regions/RegionManager.java,null,13,3,2,1,0,0,1,0,196,1,3,0,false
4.1.0,readTopic,hedwig-server/src/main/java/org/apache/hedwig/admin/console/ReadTopic.java,null,19,4,1,3,1,0,1,1,0,1,1,2,false
4.0.0,getPacketsSent,bookkeeper-server/src/main/java/org/apache/bookkeeper/proto/NIOServerFactory.java,null,3,1,0,0,0,1,1,0,4,3,7,0,false
4.0.0,toInt,bookkeeper-server/src/main/java/org/apache/bookkeeper/proto/BookieProtocol.java,null,8,2,0,2,0,2,0,0,4,2,3,0,false
4.1.0,getResponseForException,hedwig-protocol/src/main/java/org/apache/hedwig/protoextensions/PubSubResponseUtils.java,null,3,1,0,0,0,1,0,1,196,1,1,0,false
4.1.0,hasLedgerId,hedwig-protocol/src/main/java/org/apache/hedwig/protocol/PubSubProtocol.java,null,3,1,0,0,0,1,5,0,196,1,1,0,false
4.0.0,writeComplete,bookkeeper-server/src/main/java/org/apache/bookkeeper/client/PendingAddOp.java,null,27,7,3,3,0,3,0,4,4,2,3,3,false
4.0.0,lostTopic,hedwig-server/src/main/java/org/apache/hedwig/server/subscriptions/AbstractSubscriptionManager.java,null,5,3,1,0,0,0,0,1,4,2,3,1,false
4.1.0,close,hedwig-client/src/main/java/org/apache/hedwig/client/netty/HedwigClientImpl.java,null,13,2,1,0,0,0,0,2,226,1,1,0,false
4.1.0,stopServingSubscriber,hedwig-server/src/main/java/org/apache/hedwig/server/delivery/FIFODeliveryManager.java,null,3,1,0,0,0,0,3,2,196,1,2,0,false
4.0.0,setCode,bookkeeper-server/src/main/java/org/apache/bookkeeper/client/BKException.java,null,3,1,1,0,0,0,0,0,4,2,3,0,false
4.1.0,getHandle,bookkeeper-server/src/main/java/org/apache/bookkeeper/bookie/HandleFactoryImpl.java,null,12,2,3,0,0,1,0,2,84,1,1,0,false
4.1.0,getCode,bookkeeper-server/src/main/java/org/apache/bookkeeper/bookie/BookieException.java,null,3,1,0,0,0,1,0,0,196,2,2,0,false
4.1.0,createLogId,bookkeeper-server/src/main/java/org/apache/bookkeeper/bookie/EntryLogger.java,null,14,3,3,2,0,0,4,2,196,3,12,1,false
4.1.0,addSubCommand,hedwig-server/src/main/java/org/apache/hedwig/admin/console/HedwigCommands.java,null,3,1,0,0,0,0,1,0,0,1,1,0,false
4.1.0,topicSubscribersPath,hedwig-server/src/main/java/org/apache/hedwig/admin/HedwigAdmin.java,null,3,1,0,0,0,1,2,0,0,2,2,1,false
4.1.0,getZkLedgersRootPath,bookkeeper-server/src/main/java/org/apache/bookkeeper/conf/AbstractConfiguration.java,null,3,1,0,0,0,1,2,0,225,2,2,0,false
4.1.0,readComplete,bookkeeper-server/src/main/java/org/apache/bookkeeper/client/BookKeeperAdmin.java,null,24,2,3,1,0,1,0,7,268,2,4,5,false
4.0.0,submitCallback,bookkeeper-server/src/main/java/org/apache/bookkeeper/client/PendingReadOp.java,null,3,1,0,0,0,0,2,1,4,2,3,0,false
4.1.0,getZkServers,bookkeeper-server/src/main/java/org/apache/bookkeeper/conf/ClientConfiguration.java,null,3,1,0,0,0,1,1,0,225,2,3,0,false
4.1.0,tokenize,bookkeeper-server/src/main/java/org/apache/bookkeeper/jmx/BKMBeanRegistry.java,null,8,3,1,0,0,1,1,0,0,1,1,0,false
4.1.0,getSubscriptionState,hedwig-server/src/main/java/org/apache/hedwig/server/subscriptions/InMemorySubscriptionState.java,null,3,1,0,0,0,1,6,0,196,1,1,0,false
4.1.0,verify,bookkeeper-server/src/main/java/org/apache/bookkeeper/bookie/Cookie.java,null,5,6,0,0,0,0,1,1,91,1,1,3,false
4.0.0,close,bookkeeper-server/src/main/java/org/apache/bookkeeper/meta/AbstractZkLedgerManager.java,null,2,1,0,0,0,0,0,0,8,1,1,0,false
4.0.0,getEntriesPerPage,bookkeeper-server/src/main/java/org/apache/bookkeeper/bookie/LedgerCache.java,null,3,1,0,0,0,1,1,0,4,2,6,0,false
4.1.0,getName,bookkeeper-server/src/main/java/org/apache/bookkeeper/bookie/LedgerCacheImpl.java,null,3,1,0,0,0,1,0,0,84,3,6,0,false
4.1.0,addRemoteComponents,hedwig-protocol/src/main/java/org/apache/hedwig/protocol/PubSubProtocol.java,null,10,3,1,0,0,1,1,1,196,1,1,2,false
4.0.0,multinCallback,hedwig-client/src/main/java/org/apache/hedwig/util/CallbackUtils.java,null,3,1,0,0,0,1,0,1,4,2,3,0,false
4.1.0,doGcByLevel,bookkeeper-server/src/main/java/org/apache/bookkeeper/meta/HierarchicalLedgerManager.java,null,14,2,6,2,0,0,1,4,204,2,4,0,false
4.1.0,getReadAheadSizeBytes,hedwig-server/src/main/java/org/apache/hedwig/server/common/ServerConfiguration.java,null,3,1,0,1,0,1,0,0,196,1,2,0,false
4.0.0,instantiateZookeeperClient,hedwig-server/src/main/java/org/apache/hedwig/server/netty/PubSubServer.java,null,17,3,2,7,0,0,1,0,4,2,5,2,false
4.1.0,scanFailed,hedwig-server/src/main/java/org/apache/hedwig/server/delivery/FIFODeliveryManager.java,null,6,2,0,0,0,1,0,1,196,1,2,0,false
4.1.0,process,hedwig-server/src/main/java/org/apache/hedwig/server/topics/ZkTopicManager.java,null,18,6,2,0,0,0,0,0,196,1,2,5,false
4.1.0,addCommand,hedwig-server/src/main/java/org/apache/hedwig/admin/console/HedwigCommands.java,null,3,1,0,0,0,0,1,1,0,1,1,0,false
4.0.0,doIO,bookkeeper-server/src/main/java/org/apache/bookkeeper/proto/NIOServerFactory.java,null,81,20,8,2,2,1,1,6,4,3,7,8,false
4.0.0,run,bookkeeper-server/src/main/java/org/apache/bookkeeper/util/SafeRunnable.java,null,8,2,0,0,1,0,0,1,4,1,2,0,false
4.0.0,enableRecv,bookkeeper-server/src/main/java/org/apache/bookkeeper/proto/NIOServerFactory.java,null,8,4,1,0,0,0,1,0,4,3,7,0,false
4.0.0,openComplete,bookkeeper-server/src/main/java/org/apache/bookkeeper/tools/BookKeeperTools.java,null,64,8,7,2,1,3,0,13,4,2,5,5,false
4.0.0,moveDeliveryPtrForward,hedwig-server/src/main/java/org/apache/hedwig/server/delivery/FIFODeliveryManager.java,null,3,1,0,0,0,0,1,2,4,2,3,0,false
4.1.0,extractMetaFromEntryLogs,bookkeeper-server/src/main/java/org/apache/bookkeeper/bookie/GarbageCollectorThread.java,null,17,4,3,2,1,1,1,1,96,3,6,0,false
4.1.0,persistMessage,hedwig-server/src/main/java/org/apache/hedwig/server/persistence/BookkeeperPersistenceManager.java,null,3,1,0,0,0,0,0,1,196,1,3,0,false
4.1.0,scanFinished,hedwig-server/src/main/java/org/apache/hedwig/server/delivery/FIFODeliveryManager.java,null,2,1,0,0,0,0,0,0,196,1,2,0,false
4.1.0,hasMessage,hedwig-protocol/src/main/java/org/apache/hedwig/protocol/PubSubProtocol.java,null,3,1,0,0,0,1,7,0,196,1,1,0,false
4.0.0,doGcEntryLogs,bookkeeper-server/src/main/java/org/apache/bookkeeper/bookie/EntryLogger.java,null,32,8,3,2,2,0,1,1,4,2,8,7,false
4.1.0,hasShouldClaim,hedwig-protocol/src/main/java/org/apache/hedwig/protocol/PubSubProtocol.java,null,3,1,0,0,0,1,0,1,196,1,1,0,false
4.1.0,computeDigestAndPackageForSending,bookkeeper-server/src/main/java/org/apache/bookkeeper/client/DigestManager.java,null,17,1,3,1,0,1,2,2,196,2,3,11,false
4.0.0,operationFinished,hedwig-server/src/main/java/org/apache/hedwig/server/subscriptions/AbstractSubscriptionManager.java,null,4,1,0,0,0,0,0,9,4,2,3,0,false
4.0.0,getSubscribeReconnectRetryWaitTime,hedwig-client/src/main/java/org/apache/hedwig/client/conf/ClientConfiguration.java,null,3,1,0,0,0,1,0,0,4,1,2,0,false
4.0.0,process,bookkeeper-server/src/main/java/org/apache/bookkeeper/client/BookKeeperAdmin.java,null,8,2,0,0,0,1,0,12,40,2,5,2,false
4.1.0,getOSType,bookkeeper-server/src/main/java/org/apache/bookkeeper/util/HardLink.java,null,15,11,1,0,0,4,1,0,90,1,1,11,false
4.1.0,channelConnected,hedwig-server/src/main/java/org/apache/hedwig/server/netty/UmbrellaHandler.java,null,18,2,0,0,0,0,0,0,196,1,1,1,false
4.1.0,setRemoteComponents,hedwig-protocol/src/main/java/org/apache/hedwig/protocol/PubSubProtocol.java,null,4,1,0,0,0,1,0,2,196,1,1,1,false
4.1.0,update,bookkeeper-server/src/main/java/org/apache/bookkeeper/client/MacDigestManager.java,null,3,1,0,0,0,0,0,0,196,1,1,1,false
4.0.0,shutdown,hedwig-server/src/main/java/org/apache/hedwig/server/netty/PubSubServer.java,null,23,7,0,0,1,0,0,4,4,2,5,0,false
4.0.0,getTopic,hedwig-server/src/main/java/org/apache/hedwig/server/delivery/FIFODeliveryManager.java,null,3,1,0,0,0,1,3,0,4,2,3,0,false
4.0.0,shutdown,hedwig-server/src/main/java/org/apache/hedwig/server/proxy/HedwigProxy.java,null,5,1,0,0,0,0,0,1,4,1,3,1,false
4.1.0,getRemoteAddress,bookkeeper-server/src/main/java/org/apache/bookkeeper/proto/NIOServerFactory.java,null,3,1,0,0,0,1,0,0,196,1,4,1,false
4.1.0,readLastConfirmedDataComplete,bookkeeper-server/src/main/java/org/apache/bookkeeper/client/LedgerRecoveryOp.java,null,13,3,3,0,0,0,0,1,196,3,6,0,false
4.1.0,setCreateOrAttach,hedwig-protocol/src/main/java/org/apache/hedwig/protocol/PubSubProtocol.java,null,8,2,2,0,0,1,6,0,196,1,1,0,false
4.0.0,ding,hedwig-client/src/main/java/org/apache/hedwig/client/benchmark/BenchmarkUtils.java,null,9,5,1,1,0,0,2,0,4,1,2,0,false
4.1.0,doGc,bookkeeper-server/src/main/java/org/apache/bookkeeper/meta/FlatLedgerManager.java,null,8,3,0,0,0,0,1,0,204,2,2,0,false
4.0.0,shutdown,bookkeeper-server/src/main/java/org/apache/bookkeeper/proto/BookieServer.java,null,8,2,1,0,0,1,1,0,4,3,10,0,false
4.1.0,getCreateOrAttach,hedwig-protocol/src/main/java/org/apache/hedwig/protocol/PubSubProtocol.java,null,3,1,0,0,0,1,0,1,196,1,1,0,false
4.0.0,run,hedwig-server/src/main/java/org/apache/hedwig/server/proxy/HedwigProxy.java,null,7,1,2,0,0,0,0,4,4,1,3,0,false
4.1.0,setMasterKey,bookkeeper-server/src/main/java/org/apache/bookkeeper/bookie/InterleavedLedgerStorage.java,null,3,1,0,0,0,0,0,1,56,2,3,0,false
4.0.0,inUse,bookkeeper-server/src/main/java/org/apache/bookkeeper/bookie/LedgerEntryPage.java,null,3,2,0,0,0,1,1,0,4,2,2,0,false
4.1.0,setSubscribeRequest,hedwig-protocol/src/main/java/org/apache/hedwig/protocol/PubSubProtocol.java,null,5,1,2,0,0,1,1,1,196,1,1,0,false
4.1.0,fullRead,bookkeeper-server/src/main/java/org/apache/bookkeeper/bookie/Journal.java,null,11,3,3,0,0,2,1,1,56,1,2,0,false
4.0.0,setCode,bookkeeper-server/src/main/java/org/apache/bookkeeper/bookie/BookieException.java,null,3,1,1,0,0,0,0,0,4,2,2,0,false
4.1.0,handleRequestAtOwner,hedwig-server/src/main/java/org/apache/hedwig/server/handlers/PublishHandler.java,null,21,2,3,0,0,1,0,2,196,1,1,1,false
4.0.0,stop,hedwig-server/src/main/java/org/apache/hedwig/server/subscriptions/AbstractSubscriptionManager.java,null,3,1,0,0,0,0,1,0,4,2,3,0,false
4.0.0,addEntry,bookkeeper-server/src/main/java/org/apache/bookkeeper/proto/PerChannelBookieClient.java,null,25,1,6,3,0,0,1,2,4,3,8,4,false
4.1.0,addRanges,hedwig-protocol/src/main/java/org/apache/hedwig/protocol/PubSubProtocol.java,null,10,3,1,0,0,1,3,1,196,1,1,2,false
4.1.0,subscribe,hedwig-client/src/main/java/org/apache/hedwig/client/netty/HedwigSubscriber.java,null,4,1,1,0,0,0,0,2,196,1,4,0,false
4.1.0,lostTopic,hedwig-server/src/main/java/org/apache/hedwig/server/persistence/BookkeeperPersistenceManager.java,null,3,1,0,0,0,0,1,1,196,1,3,0,false
4.1.0,getVersion,bookkeeper-server/src/main/java/org/apache/bookkeeper/proto/BookieProtocol.java,null,3,1,0,0,0,1,2,0,196,2,3,0,false
4.1.0,getSSLSocketAddress,hedwig-client/src/main/java/org/apache/hedwig/util/HedwigSocketAddress.java,null,3,1,0,0,0,1,0,0,196,1,1,0,false
4.1.0,internalGetFieldAccessorTable,hedwig-protocol/src/main/java/org/apache/hedwig/protocol/PubSubProtocol.java,null,3,1,0,0,0,1,0,0,196,1,1,0,false
4.1.0,asyncSubscribe,hedwig-client/src/main/java/org/apache/hedwig/client/netty/HedwigSubscriber.java,null,3,1,0,0,0,0,0,1,196,1,4,0,false
4.0.0,onLastLocalUnsubscribe,hedwig-server/src/main/java/org/apache/hedwig/server/regions/RegionManager.java,null,19,1,0,0,0,0,0,0,4,1,3,0,false
4.0.0,process,bookkeeper-server/src/main/java/org/apache/bookkeeper/client/BookieWatcher.java,null,21,4,3,1,1,1,1,1,4,1,3,1,false
4.1.0,getActiveLedgers,bookkeeper-server/src/main/java/org/apache/bookkeeper/client/BookKeeperAdmin.java,null,18,1,1,0,0,0,2,2,268,2,4,0,false
4.1.0,getPrintWatches,hedwig-server/src/main/java/org/apache/hedwig/admin/console/HedwigConsole.java,null,3,1,0,0,0,1,1,0,0,1,1,0,false
4.0.0,operationComplete,bookkeeper-server/src/main/java/org/apache/bookkeeper/client/LedgerOpenOp.java,null,8,2,0,0,0,0,0,8,4,2,8,0,false
4.1.0,getZkRegionPrefix,hedwig-server/src/main/java/org/apache/hedwig/server/common/ServerConfiguration.java,null,3,1,0,0,0,1,2,2,196,1,2,0,false
4.0.0,process,bookkeeper-server/src/main/java/org/apache/bookkeeper/util/LocalBookKeeper.java,null,2,1,0,0,0,0,0,0,4,3,5,0,false
4.1.0,getTriedServers,hedwig-protocol/src/main/java/org/apache/hedwig/protocol/PubSubProtocol.java,null,3,1,0,0,0,1,0,1,196,1,1,0,false
4.0.0,flushLedger,bookkeeper-server/src/main/java/org/apache/bookkeeper/bookie/LedgerCache.java,null,97,24,17,6,2,1,2,10,4,2,6,9,false
4.1.0,mergeStopDeliveryRequest,hedwig-protocol/src/main/java/org/apache/hedwig/protocol/PubSubProtocol.java,null,10,3,3,0,0,1,1,5,196,1,1,2,false
4.0.0,run,hedwig-server/src/main/java/org/apache/hedwig/server/regions/RegionManager.java,null,6,2,1,0,0,0,0,0,4,1,3,1,false
4.1.0,getActiveLedgers,bookkeeper-server/src/main/java/org/apache/bookkeeper/bookie/LedgerCacheImpl.java,null,19,9,1,1,0,0,1,0,84,3,6,3,false
4.1.0,operationFinished,hedwig-client/src/main/java/org/apache/hedwig/client/benchmark/BenchmarkUtils.java,null,3,1,0,0,0,0,0,1,196,1,1,0,false
4.0.0,getPipeline,hedwig-client/src/main/java/org/apache/hedwig/client/netty/ClientChannelPipelineFactory.java,null,12,2,1,0,0,1,0,3,4,1,2,3,false
4.0.0,doOps,hedwig-server/src/main/java/org/apache/hedwig/server/benchmark/AbstractBenchmark.java,null,1,1,0,0,0,0,1,0,4,1,2,0,false
4.1.0,getCurrentLogId,bookkeeper-server/src/main/java/org/apache/bookkeeper/bookie/EntryLogger.java,null,3,1,0,0,0,1,0,0,196,3,12,0,false
4.1.0,getConsumeInterval,hedwig-server/src/main/java/org/apache/hedwig/server/common/ServerConfiguration.java,null,3,1,0,0,0,1,1,0,196,1,2,0,false
4.1.0,parseDelimitedFrom,hedwig-protocol/src/main/java/org/apache/hedwig/protocol/PubSubProtocol.java,null,9,2,1,0,0,2,0,2,196,1,1,0,false
4.0.0,getLedgerDigestType,bookkeeper-server/src/main/java/org/apache/bookkeeper/tools/BookKeeperTools.java,null,3,1,0,0,0,1,1,0,4,2,5,0,false
4.0.0,doConsume,hedwig-client/src/main/java/org/apache/hedwig/client/netty/HedwigSubscriber.java,null,22,2,4,1,0,0,2,2,4,1,3,1,false
4.1.0,stop,hedwig-server/src/main/java/org/apache/hedwig/server/regions/RegionManager.java,null,6,2,0,0,0,0,1,0,196,1,3,0,false
4.1.0,safeOpenComplete,hedwig-server/src/main/java/org/apache/hedwig/server/persistence/BookkeeperPersistenceManager.java,null,41,3,2,5,0,2,0,8,196,1,3,1,false
4.1.0,operationComplete,hedwig-client/src/main/java/org/apache/hedwig/client/netty/ConnectCallback.java,null,34,10,2,4,0,2,0,8,196,1,1,5,false
4.1.0,startDelivery,hedwig-client/src/main/java/org/apache/hedwig/client/netty/HedwigSubscriber.java,null,3,1,0,0,0,0,0,1,196,1,4,0,false
4.1.0,linkMult,bookkeeper-server/src/main/java/org/apache/bookkeeper/util/HardLink.java,null,13,1,7,3,0,1,0,0,90,1,1,0,false
4.1.0,finish,hedwig-client/src/main/java/org/apache/hedwig/client/benchmark/BenchmarkUtils.java,null,5,1,0,1,0,0,2,2,196,1,1,2,false
4.0.0,getOrigSubData,hedwig-client/src/main/java/org/apache/hedwig/client/handlers/SubscribeResponseHandler.java,null,3,1,0,0,0,1,1,0,4,3,5,0,false
4.1.0,sendErrorResponseToMalformedRequest,hedwig-server/src/main/java/org/apache/hedwig/server/netty/UmbrellaHandler.java,null,8,2,2,1,0,0,5,0,196,1,1,0,false
4.0.0,realGetOwner,hedwig-server/src/main/java/org/apache/hedwig/server/topics/AbstractTopicManager.java,null,1,1,0,0,0,0,1,0,4,2,3,0,false
4.0.0,main,bookkeeper-server/src/main/java/org/apache/bookkeeper/util/LocalBookKeeper.java,null,13,3,1,0,0,0,0,5,4,3,5,0,false
4.0.0,equals,bookkeeper-server/src/main/java/org/apache/bookkeeper/bookie/LedgerEntryPage.java,null,4,3,1,0,0,1,0,2,4,2,2,2,false
4.1.0,getBookieRecoveryPasswd,bookkeeper-server/src/main/java/org/apache/bookkeeper/conf/ClientConfiguration.java,null,3,1,0,0,0,1,0,0,225,2,3,0,false
4.0.0,processResult,bookkeeper-server/src/main/java/org/apache/bookkeeper/client/LedgerCreateOp.java,null,4,1,1,0,0,0,0,1,4,2,7,0,false
4.1.0,isRunning,bookkeeper-server/src/main/java/org/apache/bookkeeper/proto/NIOServerFactory.java,null,3,1,0,0,0,1,2,0,196,1,4,1,false
4.1.0,read,hedwig-server/src/main/java/org/apache/hedwig/server/topics/ZkTopicManager.java,null,37,1,0,0,0,0,3,0,196,1,2,4,false
4.0.0,updateZnodeStatus,bookkeeper-server/src/main/java/org/apache/bookkeeper/client/LedgerMetadata.java,null,3,1,1,0,0,0,4,0,4,3,6,0,false
4.0.0,addDirToDelete,hedwig-client/src/main/java/org/apache/hedwig/util/FileUtils.java,null,3,1,0,0,0,0,1,0,4,1,1,0,false
4.1.0,operationFinished,hedwig-server/src/main/java/org/apache/hedwig/server/handlers/PublishHandler.java,null,4,1,0,1,0,0,0,1,196,1,1,0,false
4.0.0,readComplete,bookkeeper-server/src/main/java/org/apache/bookkeeper/client/LedgerRecoveryOp.java,null,29,4,3,2,0,3,0,11,4,2,5,3,false
4.1.0,setNumWorkerThreads,bookkeeper-server/src/main/java/org/apache/bookkeeper/conf/ClientConfiguration.java,null,4,1,0,0,0,1,0,0,225,2,3,0,false
4.1.0,getPublisher,hedwig-client/src/main/java/org/apache/hedwig/client/netty/HedwigClientImpl.java,null,3,1,0,0,0,1,1,0,226,1,1,0,false
4.1.0,close,bookkeeper-server/src/main/java/org/apache/bookkeeper/client/BookKeeperAdmin.java,null,4,1,0,0,0,0,1,1,268,2,4,0,false
4.0.0,run,hedwig-server/src/main/java/org/apache/hedwig/server/benchmark/AbstractBenchmark.java,null,10,1,2,0,0,0,1,2,4,1,2,0,false
4.0.0,newInstance,hedwig-server/src/main/java/org/apache/hedwig/server/delivery/FIFODeliveryManager.java,null,3,1,0,0,0,1,0,0,4,2,3,0,false
4.1.0,nextElement,bookkeeper-server/src/main/java/org/apache/bookkeeper/client/PendingReadOp.java,null,3,1,0,0,0,1,0,0,196,2,3,0,false
4.1.0,containsActiveLedger,bookkeeper-server/src/main/java/org/apache/bookkeeper/meta/HierarchicalLedgerManager.java,null,3,1,0,0,0,1,0,1,204,2,4,0,false
4.1.0,removeLedger,bookkeeper-server/src/main/java/org/apache/bookkeeper/bookie/GarbageCollectorThread.java,null,7,2,2,0,0,1,1,0,96,3,6,0,false
4.0.0,handleReadResponse,bookkeeper-server/src/main/java/org/apache/bookkeeper/proto/PerChannelBookieClient.java,null,28,8,7,3,0,1,1,2,4,3,8,0,false
4.0.0,amIResponsibleForTopic,hedwig-client/src/main/java/org/apache/hedwig/client/benchmark/HedwigBenchmark.java,null,3,2,0,1,0,1,3,0,4,2,4,0,false
4.1.0,getStats,bookkeeper-server/src/main/java/org/apache/bookkeeper/proto/NIOServerFactory.java,null,3,1,0,0,0,1,0,0,196,1,4,0,false
4.1.0,setLedger,bookkeeper-server/src/main/java/org/apache/bookkeeper/bookie/LedgerEntryPage.java,null,3,1,1,0,0,0,1,0,196,2,2,0,false
4.1.0,isPinned,bookkeeper-server/src/main/java/org/apache/bookkeeper/bookie/LedgerEntryPage.java,null,3,1,0,0,0,1,0,0,196,2,2,0,false
4.0.0,close,bookkeeper-server/src/main/java/org/apache/bookkeeper/proto/NIOServerFactory.java,null,40,8,2,1,5,1,2,0,4,3,7,5,false
4.1.0,close,hedwig-server/src/main/java/org/apache/hedwig/admin/HedwigAdmin.java,null,4,1,0,0,0,0,1,0,0,2,2,0,false
4.1.0,percentile,bookkeeper-benchmark/src/main/java/org/apache/bookkeeper/benchmark/BenchThroughputLatency.java,null,11,2,6,4,0,1,1,0,0,3,4,0,false
4.0.0,initializeNetty,hedwig-server/src/main/java/org/apache/hedwig/server/proxy/HedwigProxy.java,null,13,1,4,0,0,0,1,0,4,1,3,0,false
4.1.0,getSynchronous,hedwig-protocol/src/main/java/org/apache/hedwig/protocol/PubSubProtocol.java,null,3,1,0,0,0,1,5,0,196,1,1,0,false
4.1.0,getBkEnsembleSize,hedwig-server/src/main/java/org/apache/hedwig/server/common/ServerConfiguration.java,null,3,1,0,0,0,1,2,0,196,1,2,0,false
4.1.0,operationFinished,hedwig-client/src/main/java/org/apache/hedwig/client/netty/HedwigSubscriber.java,null,3,1,0,0,0,0,0,16,196,1,4,0,false
4.1.0,getOpCode,bookkeeper-server/src/main/java/org/apache/bookkeeper/proto/BookieProtocol.java,null,3,1,0,0,0,1,3,0,196,2,3,0,false
4.1.0,getRangesCount,hedwig-protocol/src/main/java/org/apache/hedwig/protocol/PubSubProtocol.java,null,3,1,0,0,0,1,2,0,196,1,1,0,false
4.0.0,updatePage,bookkeeper-server/src/main/java/org/apache/bookkeeper/bookie/LedgerCache.java,null,21,4,3,1,1,0,2,8,4,2,6,2,false
4.1.0,waitForServerUp,bookkeeper-server/src/main/java/org/apache/bookkeeper/util/LocalBookKeeper.java,null,41,8,9,2,3,2,1,0,196,2,3,4,false
4.0.0,run,hedwig-server/src/main/java/org/apache/hedwig/server/subscriptions/AbstractSubscriptionManager.java,null,22,3,1,0,0,2,0,5,4,2,3,1,false
4.1.0,compare,bookkeeper-benchmark/src/main/java/org/apache/bookkeeper/benchmark/BenchReadThroughputLatency.java,null,15,4,2,1,1,3,0,0,0,1,1,4,false
4.1.0,startReadingFrom,hedwig-server/src/main/java/org/apache/hedwig/server/persistence/BookkeeperPersistenceManager.java,null,14,3,2,1,0,1,2,4,196,1,3,2,false
4.1.0,buildMyCommands,hedwig-server/src/main/java/org/apache/hedwig/admin/console/HedwigConsole.java,null,22,1,2,0,0,1,1,16,0,1,1,0,false
4.1.0,getLedgerManagerType,bookkeeper-server/src/main/java/org/apache/bookkeeper/conf/AbstractConfiguration.java,null,3,1,0,0,0,1,1,0,225,2,2,0,false
4.0.0,nextElement,bookkeeper-server/src/main/java/org/apache/bookkeeper/client/PendingReadOp.java,null,3,1,0,0,0,1,0,0,4,2,3,0,false
4.0.0,getConsumedMessagesBufferSize,hedwig-client/src/main/java/org/apache/hedwig/client/conf/ClientConfiguration.java,null,3,1,0,0,0,1,2,0,4,1,2,0,false
4.1.0,getPassword,hedwig-server/src/main/java/org/apache/hedwig/server/common/ServerConfiguration.java,null,3,1,0,0,0,1,1,0,196,1,2,0,false
4.1.0,addEntry,bookkeeper-server/src/main/java/org/apache/bookkeeper/bookie/EntryLogger.java,null,13,2,3,2,0,1,1,2,196,3,12,2,false
4.0.0,tick,bookkeeper-server/src/main/java/org/apache/bookkeeper/tools/BookKeeperTools.java,null,10,3,0,0,0,0,1,0,4,2,5,1,false
4.1.0,channelDisconnected,hedwig-server/src/main/java/org/apache/hedwig/server/handlers/SubscribeHandler.java,null,8,2,1,0,0,0,0,0,196,1,1,0,false
4.0.0,openNewChannel,bookkeeper-server/src/main/java/org/apache/bookkeeper/bookie/EntryLogger.java,null,3,1,0,0,0,0,1,1,4,2,8,0,false
4.0.0,toString,hedwig-server/src/main/java/org/apache/hedwig/server/delivery/FIFODeliveryManager.java,null,8,1,1,0,0,1,0,0,4,2,3,0,false
4.1.0,stop,hedwig-server/src/main/java/org/apache/hedwig/server/subscriptions/AbstractSubscriptionManager.java,null,1,1,0,0,0,0,1,0,196,1,4,0,false
4.0.0,decRef,bookkeeper-server/src/main/java/org/apache/bookkeeper/bookie/LedgerDescriptor.java,null,3,1,0,0,0,0,1,0,4,2,4,0,false
4.1.0,readLayout,bookkeeper-server/src/main/java/org/apache/bookkeeper/meta/LedgerLayout.java,null,17,3,3,1,2,2,1,1,204,1,1,0,false
4.1.0,setZkServers,bookkeeper-server/src/main/java/org/apache/bookkeeper/conf/ClientConfiguration.java,null,4,1,0,0,0,1,1,0,225,2,3,0,false
4.1.0,validate,hedwig-server/src/main/java/org/apache/hedwig/server/common/ServerConfiguration.java,null,14,7,1,3,0,0,1,7,196,1,2,3,false
4.1.0,doAsyncGetLedgersInSingleNode,bookkeeper-server/src/main/java/org/apache/bookkeeper/meta/AbstractZkLedgerManager.java,null,29,1,0,0,0,0,1,0,204,3,4,2,false
4.1.0,getEntriesPerPage,bookkeeper-server/src/main/java/org/apache/bookkeeper/bookie/LedgerCacheImpl.java,null,3,1,0,0,0,1,1,0,84,3,6,0,false
4.1.0,getMacCodeLength,bookkeeper-server/src/main/java/org/apache/bookkeeper/client/MacDigestManager.java,null,3,1,0,0,0,1,0,0,196,1,1,0,false
4.0.0,main,hedwig-client/src/main/java/org/apache/hedwig/client/benchmark/HedwigBenchmark.java,null,16,3,3,0,1,0,0,5,4,2,4,1,false
4.1.0,close,bookkeeper-server/src/main/java/org/apache/bookkeeper/meta/AbstractZkLedgerManager.java,null,2,1,0,0,0,0,0,0,204,3,4,0,false
4.0.0,writeSameEntry,bookkeeper-benchmark/src/main/java/org/apache/bookkeeper/benchmark/MySqlClient.java,null,11,2,3,4,0,0,1,0,4,2,3,0,false
4.1.0,deliveredUntil,hedwig-server/src/main/java/org/apache/hedwig/server/persistence/BookkeeperPersistenceManager.java,null,2,1,0,0,0,0,0,0,196,1,3,0,false
4.0.0,operationFailed,hedwig-client/src/main/java/org/apache/hedwig/client/benchmark/BenchmarkUtils.java,null,3,1,0,0,0,0,0,1,4,1,2,0,false
4.0.0,getLedger,bookkeeper-server/src/main/java/org/apache/bookkeeper/bookie/LedgerEntryPage.java,null,3,1,0,0,0,1,8,0,4,2,2,0,false
4.0.0,asyncSubUnsub,hedwig-client/src/main/java/org/apache/hedwig/client/netty/HedwigSubscriber.java,null,16,5,2,1,0,0,3,6,4,1,3,6,false
4.1.0,setMsg,hedwig-protocol/src/main/java/org/apache/hedwig/protocol/PubSubProtocol.java,null,8,2,2,0,0,1,2,0,196,1,1,0,false
4.1.0,checkAccess,bookkeeper-server/src/main/java/org/apache/bookkeeper/bookie/LedgerDescriptorImpl.java,null,5,2,0,0,0,0,0,0,84,1,1,0,false
4.0.0,instantiateTopicManager,hedwig-server/src/main/java/org/apache/hedwig/server/netty/PubSubServer.java,null,16,3,2,0,1,1,1,1,4,2,5,0,false
4.0.0,handleAddResponse,bookkeeper-server/src/main/java/org/apache/bookkeeper/proto/PerChannelBookieClient.java,null,27,6,5,3,0,1,1,2,4,3,8,0,false
4.0.0,hashCode,bookkeeper-server/src/main/java/org/apache/bookkeeper/proto/PerChannelBookieClient.java,null,3,1,0,1,0,1,0,0,4,3,8,0,false
4.1.0,getZkPrefix,hedwig-server/src/main/java/org/apache/hedwig/server/common/ServerConfiguration.java,null,3,1,0,0,0,1,2,0,196,1,2,0,false
4.1.0,startServingSubscription,hedwig-server/src/main/java/org/apache/hedwig/server/delivery/DeliveryManager.java,null,1,1,0,0,0,0,0,0,196,1,2,0,false
4.0.0,getEntryOffset,bookkeeper-server/src/main/java/org/apache/bookkeeper/bookie/LedgerCache.java,null,20,3,4,3,1,1,1,6,4,2,6,0,false
4.0.0,getFile,bookkeeper-server/src/main/java/org/apache/bookkeeper/bookie/FileInfo.java,null,3,1,0,0,0,1,1,0,4,2,4,0,false
4.1.0,makeObjectName,bookkeeper-server/src/main/java/org/apache/bookkeeper/jmx/BKMBeanRegistry.java,null,15,3,3,3,1,2,0,2,0,1,1,2,false
4.1.0,mergeSubscribeRequest,hedwig-protocol/src/main/java/org/apache/hedwig/protocol/PubSubProtocol.java,null,10,3,3,0,0,1,1,5,196,1,1,2,false
4.0.0,asyncSubscribe,hedwig-server/src/main/java/org/apache/hedwig/server/regions/HedwigHubSubscriber.java,null,3,1,0,0,0,0,0,1,4,1,2,0,false
4.0.0,setLastScanErrorTime,hedwig-server/src/main/java/org/apache/hedwig/server/delivery/FIFODeliveryManager.java,null,3,1,1,0,0,0,1,0,4,2,3,0,false
4.1.0,readEntryAndFenceLedger,bookkeeper-server/src/main/java/org/apache/bookkeeper/proto/PerChannelBookieClient.java,null,25,1,4,2,0,0,0,2,196,3,10,6,false
4.1.0,scanSingleMessage,hedwig-server/src/main/java/org/apache/hedwig/server/persistence/BookkeeperPersistenceManager.java,null,3,1,0,0,0,0,0,0,196,1,3,1,false
4.0.0,processPacket,bookkeeper-server/src/main/java/org/apache/bookkeeper/proto/BookieServer.java,null,78,17,17,10,2,1,0,1,4,3,10,5,false
4.0.0,removeDeliveryPtr,hedwig-server/src/main/java/org/apache/hedwig/server/delivery/FIFODeliveryManager.java,null,17,9,2,2,0,1,2,1,4,2,3,0,false
4.1.0,shutdown,bookkeeper-server/src/main/java/org/apache/bookkeeper/bookie/GarbageCollectorThread.java,null,7,2,1,0,0,0,1,0,96,3,6,0,false
4.1.0,newBuilder,hedwig-protocol/src/main/java/org/apache/hedwig/protocol/PubSubProtocol.java,null,3,1,0,0,0,1,15,1,196,1,1,0,false
4.1.0,initiate,bookkeeper-server/src/main/java/org/apache/bookkeeper/client/LedgerCreateOp.java,null,13,2,1,0,1,1,1,3,196,1,2,1,false
4.0.0,getMacCodeLength,bookkeeper-server/src/main/java/org/apache/bookkeeper/client/MacDigestManager.java,null,3,1,0,0,0,1,0,0,4,2,3,0,false
4.0.0,addrToString,bookkeeper-server/src/main/java/org/apache/bookkeeper/util/StringUtils.java,null,3,1,0,0,0,1,1,0,4,2,2,1,false
4.1.0,adjustTopicSeqIdForPublish,hedwig-server/src/main/java/org/apache/hedwig/server/persistence/LocalDBPersistenceManager.java,null,18,3,4,1,0,1,1,9,196,1,2,0,false
4.1.0,writeBuffers,bookkeeper-server/src/main/java/org/apache/bookkeeper/bookie/LedgerCacheImpl.java,null,26,8,6,12,0,1,1,0,84,3,6,4,false
4.0.0,doRecoveryRead,bookkeeper-server/src/main/java/org/apache/bookkeeper/client/LedgerRecoveryOp.java,null,4,1,0,0,0,0,2,2,4,2,5,0,false
4.1.0,subUnsub,hedwig-client/src/main/java/org/apache/hedwig/client/netty/HedwigSubscriber.java,null,35,11,4,1,1,0,2,1,196,1,4,0,false
4.1.0,getHostForTopic,hedwig-client/src/main/java/org/apache/hedwig/client/netty/HedwigClientImpl.java,null,3,1,0,0,0,1,0,0,226,1,1,0,false
4.1.0,getQueueLength,bookkeeper-server/src/main/java/org/apache/bookkeeper/bookie/BookieBean.java,null,3,1,0,0,0,1,0,1,132,1,1,1,false
4.1.0,scanMessages,hedwig-server/src/main/java/org/apache/hedwig/server/persistence/LocalDBPersistenceManager.java,null,4,1,0,0,0,1,0,1,196,1,2,0,false
4.1.0,updateMessageBound,hedwig-server/src/main/java/org/apache/hedwig/server/subscriptions/AbstractSubscriptionManager.java,null,22,5,4,0,0,1,2,0,196,1,4,4,false
4.0.0,doSubUnsub,hedwig-client/src/main/java/org/apache/hedwig/client/netty/HedwigSubscriber.java,null,30,5,7,1,0,0,4,6,4,1,3,3,false
4.1.0,addLedgerSize,bookkeeper-server/src/main/java/org/apache/bookkeeper/bookie/EntryLogger.java,null,10,2,5,0,0,0,1,0,196,3,12,0,false
4.1.0,compare,bookkeeper-server/src/main/java/org/apache/bookkeeper/bookie/LedgerCacheImpl.java,null,3,1,0,1,0,1,0,1,84,3,6,0,false
4.1.0,loadConf,hedwig-server/src/main/java/org/apache/hedwig/server/common/ServerConfiguration.java,null,4,1,0,0,0,0,1,1,196,1,2,0,false
4.1.0,messageConsumed,hedwig-client/src/main/java/org/apache/hedwig/client/handlers/SubscribeResponseHandler.java,null,18,9,3,3,0,0,0,0,196,1,1,3,false
4.1.0,mergeStartDeliveryRequest,hedwig-protocol/src/main/java/org/apache/hedwig/protocol/PubSubProtocol.java,null,10,3,3,0,0,1,1,5,196,1,1,2,false
4.0.0,makeSpace,bookkeeper-server/src/main/java/org/apache/bookkeeper/streaming/LedgerOutputStream.java,null,10,3,0,0,0,2,3,1,4,1,2,0,false
4.0.0,create,bookkeeper-server/src/main/java/org/apache/bookkeeper/bookie/BookieException.java,null,10,3,0,0,0,3,3,3,4,2,2,0,false
4.1.0,recoverLastTopicLedgerAndOpenNewOne,hedwig-server/src/main/java/org/apache/hedwig/server/persistence/BookkeeperPersistenceManager.java,null,46,1,0,0,0,0,1,0,196,1,3,1,false
4.1.0,setZkTimeout,bookkeeper-server/src/main/java/org/apache/bookkeeper/conf/ClientConfiguration.java,null,4,1,0,0,0,1,0,0,225,2,3,0,false
4.0.0,hasSubscription,hedwig-client/src/main/java/org/apache/hedwig/client/netty/HedwigSubscriber.java,null,3,1,0,0,0,1,0,1,4,1,3,0,false
4.1.0,getMinSeqIdForTopic,hedwig-server/src/main/java/org/apache/hedwig/server/persistence/BookkeeperPersistenceManager.java,null,9,3,1,2,0,2,3,0,196,1,3,1,false
4.1.0,getLocalComponent,hedwig-protocol/src/main/java/org/apache/hedwig/protocol/PubSubProtocol.java,null,3,1,0,0,0,1,0,1,196,1,1,0,false
4.1.0,setLocalComponent,hedwig-protocol/src/main/java/org/apache/hedwig/protocol/PubSubProtocol.java,null,5,1,2,0,0,1,6,0,196,1,1,0,false
4.1.0,getAvailableBookies,bookkeeper-server/src/main/java/org/apache/bookkeeper/client/BookKeeperAdmin.java,null,29,2,1,0,0,0,1,1,268,2,4,2,false
4.1.0,printHelp,bookkeeper-server/src/main/java/org/apache/bookkeeper/bookie/FileSystemUpgrade.java,null,4,1,1,0,0,0,1,0,0,2,3,0,false
4.1.0,getLedgerIdFromGenPath,bookkeeper-server/src/main/java/org/apache/bookkeeper/meta/HierarchicalLedgerManager.java,null,11,2,2,1,1,1,1,0,204,2,4,0,false
4.1.0,getOwner,hedwig-server/src/main/java/org/apache/hedwig/server/topics/AbstractTopicManager.java,null,3,1,0,0,0,0,0,1,196,1,1,0,false
4.1.0,hasStopDeliveryRequest,hedwig-protocol/src/main/java/org/apache/hedwig/protocol/PubSubProtocol.java,null,3,1,0,0,0,1,2,1,196,1,1,0,false
4.1.0,run,hedwig-client/src/main/java/org/apache/hedwig/client/handlers/SubscribeReconnectCallback.java,null,5,2,0,1,0,0,0,2,196,1,1,0,false
4.1.0,accept,bookkeeper-server/src/main/java/org/apache/bookkeeper/bookie/Journal.java,null,6,2,0,0,0,2,0,0,56,1,2,0,false
4.1.0,garbageCollectLedgers,bookkeeper-server/src/main/java/org/apache/bookkeeper/meta/HierarchicalLedgerManager.java,null,22,6,2,2,2,0,0,5,204,2,4,2,false
4.1.0,getPageSize,bookkeeper-server/src/main/java/org/apache/bookkeeper/bookie/LedgerCacheImpl.java,null,3,1,0,0,0,1,2,0,84,3,6,0,false
4.0.0,markLedgerInRecovery,bookkeeper-server/src/main/java/org/apache/bookkeeper/client/LedgerMetadata.java,null,3,1,1,0,0,0,1,0,4,3,6,0,false
4.1.0,compactEntryLog,bookkeeper-server/src/main/java/org/apache/bookkeeper/bookie/GarbageCollectorThread.java,null,21,4,1,3,1,2,1,2,96,3,6,0,false
4.0.0,getZKStringId,bookkeeper-server/src/main/java/org/apache/bookkeeper/util/StringUtils.java,null,3,1,0,0,0,1,3,0,4,2,2,0,false
4.0.0,releaseTopic,hedwig-server/src/main/java/org/apache/hedwig/server/topics/AbstractTopicManager.java,null,3,1,0,0,0,0,1,1,4,2,3,0,false
4.1.0,isValidSubscriberId,hedwig-client/src/main/java/org/apache/hedwig/client/netty/HedwigSubscriber.java,null,4,5,0,0,0,2,9,1,196,1,4,0,false
4.1.0,setSubscriberId,hedwig-protocol/src/main/java/org/apache/hedwig/protocol/PubSubProtocol.java,null,8,2,2,0,0,1,4,0,196,1,1,0,false
4.0.0,removeChannelForTopic,hedwig-client/src/main/java/org/apache/hedwig/client/netty/HedwigSubscriber.java,null,3,1,0,0,0,0,0,0,4,1,3,0,false
4.1.0,internalGetValueMap,hedwig-protocol/src/main/java/org/apache/hedwig/protocol/PubSubProtocol.java,null,3,1,0,0,0,1,0,0,196,1,1,0,false
4.1.0,getZkTopicPath,hedwig-server/src/main/java/org/apache/hedwig/server/common/ServerConfiguration.java,null,3,1,0,0,0,1,2,1,196,1,2,2,false
4.1.0,run,bookkeeper-benchmark/src/main/java/org/apache/bookkeeper/benchmark/BenchReadThroughputLatency.java,null,3,1,0,0,0,0,0,36,0,1,1,0,false
4.0.0,getMinimumSeqId,hedwig-server/src/main/java/org/apache/hedwig/server/delivery/FIFODeliveryManager.java,null,7,3,1,1,0,2,1,0,4,2,3,2,false
4.0.0,publish,hedwig-client/src/main/java/org/apache/hedwig/client/netty/HedwigPublisher.java,null,31,8,3,2,1,0,0,7,4,2,4,1,false
4.1.0,hubPath,hedwig-server/src/main/java/org/apache/hedwig/admin/HedwigAdmin.java,null,3,1,0,0,0,1,1,0,0,2,2,0,false
4.1.0,readEntry,bookkeeper-server/src/main/java/org/apache/bookkeeper/bookie/EntryLogger.java,null,40,7,13,8,1,1,1,1,196,3,12,9,false
4.1.0,summarize,hedwig-client/src/main/java/org/apache/hedwig/client/benchmark/BenchmarkUtils.java,null,4,1,1,6,0,1,2,2,196,1,1,0,false
4.1.0,getSslFactory,hedwig-client/src/main/java/org/apache/hedwig/client/netty/HedwigClientImpl.java,null,3,1,0,0,0,1,0,0,226,1,1,0,false
4.0.0,getPeerName,bookkeeper-server/src/main/java/org/apache/bookkeeper/proto/NIOServerFactory.java,null,6,2,1,0,0,1,1,0,4,3,7,1,false
4.1.0,flushLedger,bookkeeper-server/src/main/java/org/apache/bookkeeper/bookie/LedgerCacheImpl.java,null,74,18,16,5,1,2,1,4,84,3,6,7,false
4.0.0,runBookies,bookkeeper-server/src/main/java/org/apache/bookkeeper/util/LocalBookKeeper.java,null,12,2,5,3,0,0,1,2,4,3,5,1,false
4.1.0,getSubscriberId,hedwig-protocol/src/main/java/org/apache/hedwig/protocol/PubSubProtocol.java,null,3,1,0,0,0,1,5,0,196,1,1,0,false
4.0.0,shutdown,bookkeeper-server/src/main/java/org/apache/bookkeeper/bookie/EntryLogger.java,null,11,2,1,0,1,0,1,1,4,2,8,0,false
4.1.0,stopServingSubscriber,hedwig-server/src/main/java/org/apache/hedwig/server/delivery/DeliveryManager.java,null,1,1,0,0,0,0,0,0,196,1,2,0,false
4.1.0,equals,hedwig-server/src/main/java/org/apache/hedwig/server/delivery/ChannelEndPoint.java,null,9,2,1,0,0,2,0,0,196,1,1,0,false
4.1.0,main,bookkeeper-server/src/main/java/org/apache/bookkeeper/util/LocalBookKeeper.java,null,24,5,3,2,1,0,0,7,196,2,3,1,false
4.1.0,getStatusMsg,hedwig-protocol/src/main/java/org/apache/hedwig/protocol/PubSubProtocol.java,null,3,1,0,0,0,1,5,0,196,1,1,0,false
4.1.0,run,hedwig-server/src/main/java/org/apache/hedwig/admin/console/HedwigConsole.java,null,114,20,37,1,3,0,1,7,0,1,1,27,false
4.1.0,update,bookkeeper-server/src/main/java/org/apache/bookkeeper/client/CRC32DigestManager.java,null,3,1,0,0,0,0,0,0,196,1,1,1,false
4.1.0,uncaughtException,hedwig-server/src/main/java/org/apache/hedwig/server/proxy/HedwigProxy.java,null,3,1,0,0,0,0,0,0,196,1,2,0,false
4.1.0,size,bookkeeper-server/src/main/java/org/apache/bookkeeper/bookie/FileInfo.java,null,8,2,2,1,0,1,4,1,196,1,4,0,false
4.0.0,getRefCnt,bookkeeper-server/src/main/java/org/apache/bookkeeper/bookie/LedgerDescriptor.java,null,3,1,0,0,0,1,0,0,4,2,4,0,false
4.1.0,operationFinished,hedwig-server/src/main/java/org/apache/hedwig/server/subscriptions/AbstractSubscriptionManager.java,null,2,1,0,0,0,0,0,0,196,1,4,0,false
4.1.0,setSrcRegion,hedwig-protocol/src/main/java/org/apache/hedwig/protocol/PubSubProtocol.java,null,8,2,2,0,0,1,2,0,196,1,1,0,false
4.0.0,getMessageHandler,hedwig-client/src/main/java/org/apache/hedwig/client/handlers/SubscribeResponseHandler.java,null,3,1,0,0,0,1,1,0,4,3,5,0,false
4.0.0,setMessageHandler,hedwig-client/src/main/java/org/apache/hedwig/client/handlers/SubscribeResponseHandler.java,null,13,7,1,2,0,0,0,2,4,3,5,2,false
4.0.0,doPublish,hedwig-client/src/main/java/org/apache/hedwig/client/netty/HedwigPublisher.java,null,21,4,6,1,0,0,4,6,4,2,4,2,false
4.0.0,run,hedwig-client/src/main/java/org/apache/hedwig/client/handlers/MessageConsumeCallback.java,null,4,1,1,0,0,0,0,6,4,1,3,3,false
4.1.0,equals,bookkeeper-server/src/main/java/org/apache/bookkeeper/bookie/LedgerEntryPage.java,null,9,2,1,0,0,2,0,2,196,2,2,2,false
4.1.0,setClientTcpNoDelay,bookkeeper-server/src/main/java/org/apache/bookkeeper/conf/ClientConfiguration.java,null,4,1,0,0,0,1,0,0,225,2,3,0,false
4.1.0,rollLog,bookkeeper-server/src/main/java/org/apache/bookkeeper/bookie/Journal.java,null,21,4,4,2,1,0,1,2,56,1,2,4,false
4.0.0,genDigest,bookkeeper-server/src/main/java/org/apache/bookkeeper/client/MacDigestManager.java,null,6,1,1,0,0,1,2,0,4,2,3,3,false
4.1.0,doCompactEntryLogs,bookkeeper-server/src/main/java/org/apache/bookkeeper/bookie/GarbageCollectorThread.java,null,34,5,2,2,0,1,1,3,96,3,6,0,false
4.1.0,pin,bookkeeper-server/src/main/java/org/apache/bookkeeper/bookie/LedgerEntryPage.java,null,3,1,1,0,0,0,0,0,196,2,2,0,false
4.0.0,initiate,bookkeeper-server/src/main/java/org/apache/bookkeeper/client/LedgerCreateOp.java,null,3,1,0,0,0,0,2,1,4,2,7,0,false
4.1.0,getNewBookies,bookkeeper-server/src/main/java/org/apache/bookkeeper/client/BookieWatcher.java,null,3,1,0,0,0,1,1,1,196,1,3,0,false
4.0.0,operationFinished,hedwig-client/src/main/java/org/apache/hedwig/client/handlers/PubSubCallback.java,null,8,2,2,1,0,0,0,0,4,1,2,0,false
4.1.0,readLength,bookkeeper-server/src/main/java/org/apache/bookkeeper/proto/NIOServerFactory.java,null,7,3,2,1,0,0,1,0,196,1,4,0,false
4.1.0,getFormatVersion,bookkeeper-server/src/main/java/org/apache/bookkeeper/bookie/JournalChannel.java,null,3,1,0,0,0,1,1,0,125,1,2,0,false
4.1.0,hasSubscriberId,hedwig-protocol/src/main/java/org/apache/hedwig/protocol/PubSubProtocol.java,null,3,1,0,0,0,1,5,0,196,1,1,0,false
4.1.0,asyncClose,bookkeeper-server/src/main/java/org/apache/bookkeeper/client/ReadOnlyLedgerHandle.java,null,3,1,0,0,0,0,0,1,229,1,1,0,false
4.1.0,evictFileInfoIfNecessary,bookkeeper-server/src/main/java/org/apache/bookkeeper/bookie/LedgerCacheImpl.java,null,7,2,1,0,0,0,2,0,84,3,6,1,false
4.1.0,storeHost2ChannelMapping,hedwig-client/src/main/java/org/apache/hedwig/client/netty/HedwigPublisher.java,null,12,5,2,2,0,0,1,4,196,1,1,0,false
4.1.0,markLedgerInRecovery,bookkeeper-server/src/main/java/org/apache/bookkeeper/client/LedgerMetadata.java,null,3,1,1,0,0,0,1,0,196,3,5,0,false
4.1.0,updateLoadInformation,hedwig-server/src/main/java/org/apache/hedwig/server/topics/ZkTopicManager.java,null,7,2,1,1,0,0,1,1,196,1,2,0,false
4.1.0,process,bookkeeper-server/src/main/java/org/apache/bookkeeper/meta/HierarchicalLedgerManager.java,null,14,2,1,1,0,1,0,4,204,2,4,0,false
4.1.0,exceptionCaught,hedwig-server/src/main/java/org/apache/hedwig/server/netty/UmbrellaHandler.java,null,13,5,2,0,0,0,0,0,196,1,1,1,false
4.1.0,scanEntryLog,bookkeeper-server/src/main/java/org/apache/bookkeeper/bookie/EntryLogger.java,null,47,9,12,5,1,0,4,3,196,3,12,1,false
4.0.0,refill,bookkeeper-server/src/main/java/org/apache/bookkeeper/streaming/LedgerInputStream.java,null,25,6,7,2,1,2,3,3,4,1,2,2,false
4.0.0,recoverBookieData,bookkeeper-server/src/main/java/org/apache/bookkeeper/client/BookKeeperAdmin.java,null,23,3,1,0,0,0,0,2,40,2,5,0,false
4.1.0,warmup,hedwig-client/src/main/java/org/apache/hedwig/client/benchmark/BenchmarkSubscriber.java,null,3,1,0,1,0,0,0,1,196,1,1,0,false
4.0.0,enableRecoveryAdd,bookkeeper-server/src/main/java/org/apache/bookkeeper/client/PendingAddOp.java,null,4,1,1,0,0,1,1,0,4,2,3,0,false
4.0.0,multiSub,hedwig-client/src/main/java/org/apache/hedwig/client/benchmark/BenchmarkSubscriber.java,null,13,4,4,3,0,0,1,5,4,1,3,1,false
4.0.0,isClosed,bookkeeper-server/src/main/java/org/apache/bookkeeper/client/LedgerMetadata.java,null,3,3,0,0,0,1,5,0,4,3,6,0,false
4.1.0,getShouldClaim,hedwig-protocol/src/main/java/org/apache/hedwig/protocol/PubSubProtocol.java,null,3,1,0,0,0,1,0,1,196,1,1,0,false
4.1.0,hasSubscribeRequest,hedwig-protocol/src/main/java/org/apache/hedwig/protocol/PubSubProtocol.java,null,3,1,0,0,0,1,2,1,196,1,1,0,false
4.0.0,serveSubscribeRequest,hedwig-server/src/main/java/org/apache/hedwig/server/subscriptions/AbstractSubscriptionManager.java,null,3,1,0,0,0,0,0,1,4,2,3,0,false
4.1.0,addCnxn,bookkeeper-server/src/main/java/org/apache/bookkeeper/proto/NIOServerFactory.java,null,5,1,0,0,0,0,1,0,196,1,4,0,false
4.1.0,shutdown,hedwig-server/src/main/java/org/apache/hedwig/server/proxy/HedwigProxy.java,null,5,1,0,0,0,0,0,0,196,1,2,1,false
4.0.0,scanFinished,hedwig-server/src/main/java/org/apache/hedwig/server/delivery/FIFODeliveryManager.java,null,2,1,0,0,0,0,0,0,4,2,3,0,false
4.1.0,getChannelTracker,hedwig-server/src/main/java/org/apache/hedwig/server/proxy/HedwigProxy.java,null,3,1,0,0,0,1,0,0,196,1,2,0,false
4.1.0,setLastConsumeSeqId,hedwig-server/src/main/java/org/apache/hedwig/server/subscriptions/InMemorySubscriptionState.java,null,8,2,2,1,0,2,2,0,196,1,1,1,false
4.1.0,getTopicLedgers,hedwig-server/src/main/java/org/apache/hedwig/admin/console/ReadTopic.java,null,21,6,6,2,0,2,1,2,0,1,1,6,false
4.1.0,shutdown,bookkeeper-server/src/main/java/org/apache/bookkeeper/proto/NIOServerFactory.java,null,14,3,0,0,1,0,1,1,196,1,4,1,false
4.1.0,getCertPath,hedwig-server/src/main/java/org/apache/hedwig/server/common/ServerConfiguration.java,null,3,1,0,0,0,1,1,0,196,1,2,0,false
4.1.0,getLedgerId,bookkeeper-server/src/main/java/org/apache/bookkeeper/meta/HierarchicalLedgerManager.java,null,12,3,3,3,0,1,0,2,204,2,4,1,false
4.0.0,recoverBookieData,bookkeeper-server/src/main/java/org/apache/bookkeeper/tools/BookKeeperTools.java,null,19,2,1,0,0,0,1,4,4,2,5,0,false
4.1.0,printUsage,hedwig-server/src/main/java/org/apache/hedwig/admin/console/HedwigCommands.java,null,7,2,0,1,0,0,0,0,0,1,1,0,false
4.1.0,refreshDerivedAttributes,hedwig-server/src/main/java/org/apache/hedwig/server/common/ServerConfiguration.java,null,5,1,0,0,0,0,1,3,196,1,2,0,false
4.1.0,toString,hedwig-client/src/main/java/org/apache/hedwig/client/data/PubSubData.java,null,31,17,1,10,0,1,0,2,196,1,1,5,false
4.1.0,addTopicOwnershipChangeListener,hedwig-server/src/main/java/org/apache/hedwig/server/topics/TopicManager.java,null,1,1,0,0,0,0,1,0,196,1,1,0,false
4.1.0,getZnodeVersion,bookkeeper-server/src/main/java/org/apache/bookkeeper/client/LedgerMetadata.java,null,3,1,0,0,0,1,1,0,196,3,5,0,false
4.1.0,setUncaughtExceptionHandler,hedwig-server/src/main/java/org/apache/hedwig/zookeeper/SafeAsyncCallback.java,null,3,1,1,0,0,0,1,0,196,1,1,0,false
4.1.0,operationComplete,hedwig-server/src/main/java/org/apache/hedwig/server/delivery/ChannelEndPoint.java,null,13,3,1,0,0,0,0,0,196,1,1,0,false
4.0.0,getAdditionalBookie,bookkeeper-server/src/main/java/org/apache/bookkeeper/client/BookieWatcher.java,null,22,5,2,0,0,2,2,1,4,1,3,0,false
4.1.0,getClientTcpNoDelay,bookkeeper-server/src/main/java/org/apache/bookkeeper/conf/ClientConfiguration.java,null,3,1,0,0,0,1,1,0,225,2,3,0,false
4.1.0,operationComplete,hedwig-server/src/main/java/org/apache/hedwig/server/proxy/ProxyStartDeliveryHandler.java,null,6,2,0,0,0,1,0,1,196,1,1,0,false
4.1.0,sendRead,bookkeeper-server/src/main/java/org/apache/bookkeeper/client/PendingReadOp.java,null,10,2,1,0,0,1,2,1,196,2,3,2,false
4.0.0,getLedgerName,bookkeeper-server/src/main/java/org/apache/bookkeeper/bookie/LedgerCache.java,null,12,1,3,1,0,1,1,0,4,2,6,0,false
4.0.0,uncaughtException,hedwig-server/src/main/java/org/apache/hedwig/server/netty/PubSubServer.java,null,3,1,0,0,0,0,0,0,4,2,5,0,false
4.1.0,sendWriteRequest,bookkeeper-server/src/main/java/org/apache/bookkeeper/client/PendingAddOp.java,null,4,2,1,0,0,0,2,1,196,2,2,2,false
4.0.0,processPacket,bookkeeper-server/src/main/java/org/apache/bookkeeper/proto/NIOServerFactory.java,null,1,1,0,0,0,0,1,0,4,3,7,0,false
4.1.0,operationComplete,hedwig-client/src/main/java/org/apache/hedwig/client/netty/HedwigSubscriber.java,null,5,2,0,1,0,0,0,5,196,1,4,0,false
4.1.0,parseConfig,bookkeeper-server/src/main/java/org/apache/bookkeeper/client/LedgerMetadata.java,null,45,10,15,4,1,1,1,2,196,3,5,1,false
4.1.0,closeComplete,bookkeeper-server/src/main/java/org/apache/bookkeeper/client/LedgerRecoveryOp.java,null,10,2,0,2,0,0,0,1,196,3,6,1,false
4.1.0,toString,bookkeeper-server/src/main/java/org/apache/bookkeeper/bookie/LedgerEntryPage.java,null,9,2,1,0,0,1,0,2,196,2,2,0,false
4.0.0,getDefaultServerHost,hedwig-client/src/main/java/org/apache/hedwig/client/conf/ClientConfiguration.java,null,4,2,0,0,0,2,8,2,4,1,2,2,false
4.1.0,safeProcessResult,hedwig-server/src/main/java/org/apache/hedwig/server/persistence/BookkeeperPersistenceManager.java,null,8,2,1,1,0,1,0,0,196,1,3,1,false
4.1.0,getVersion,bookkeeper-server/src/main/java/org/apache/bookkeeper/bookie/LedgerEntryPage.java,null,3,1,0,0,0,1,1,0,196,2,2,0,false
4.1.0,mergePublishRequest,hedwig-protocol/src/main/java/org/apache/hedwig/protocol/PubSubProtocol.java,null,10,3,3,0,0,1,1,5,196,1,1,2,false
4.1.0,isClosed,bookkeeper-server/src/main/java/org/apache/bookkeeper/client/LedgerMetadata.java,null,3,3,0,0,0,1,7,0,196,3,5,0,false
4.1.0,handleRequest,hedwig-server/src/main/java/org/apache/hedwig/server/proxy/ProxyStopDeliveryHandler.java,null,22,4,2,0,2,2,0,1,196,1,1,1,false
4.1.0,refreshLastLedgerRange,hedwig-server/src/main/java/org/apache/hedwig/admin/HedwigAdmin.java,null,6,1,3,1,0,1,1,0,0,2,2,1,false
4.1.0,handleAddResponse,bookkeeper-server/src/main/java/org/apache/bookkeeper/proto/PerChannelBookieClient.java,null,27,6,5,3,0,1,1,2,196,3,10,0,false
4.1.0,operationFailed,hedwig-server/src/main/java/org/apache/hedwig/server/regions/RegionManager.java,null,7,3,0,1,0,0,0,2,196,1,3,0,false
4.1.0,realReleaseTopic,hedwig-server/src/main/java/org/apache/hedwig/server/topics/AbstractTopicManager.java,null,5,2,0,0,0,0,2,1,196,1,1,0,false
4.0.0,safeRun,bookkeeper-server/src/main/java/org/apache/bookkeeper/util/SafeRunnable.java,null,1,1,0,0,0,0,1,0,4,1,2,0,false
4.0.0,compare,bookkeeper-server/src/main/java/org/apache/bookkeeper/bookie/LedgerCache.java,null,3,1,0,1,0,1,0,1,4,2,6,0,false
4.1.0,removeActiveLedger,bookkeeper-server/src/main/java/org/apache/bookkeeper/meta/FlatLedgerManager.java,null,1,1,0,0,0,0,0,0,204,2,2,0,false
4.0.0,run,hedwig-server/src/main/java/org/apache/hedwig/server/topics/AbstractTopicManager.java,null,11,1,0,0,0,0,0,1,4,2,3,0,false
4.0.0,pickDirs,bookkeeper-server/src/main/java/org/apache/bookkeeper/bookie/LedgerCache.java,null,3,1,0,0,0,1,1,0,4,2,6,0,false
4.0.0,recoverComplete,bookkeeper-server/src/main/java/org/apache/bookkeeper/client/BookKeeperAdmin.java,null,9,1,3,1,0,0,0,0,40,2,5,0,false
4.0.0,writeComplete,bookkeeper-server/src/main/java/org/apache/bookkeeper/proto/BookkeeperInternalCallbacks.java,null,1,1,0,0,0,0,4,0,4,2,2,0,false
4.0.0,getPacketsReceived,bookkeeper-server/src/main/java/org/apache/bookkeeper/proto/NIOServerFactory.java,null,3,1,0,0,0,1,1,0,4,3,7,0,false
4.0.0,getOpCode,bookkeeper-server/src/main/java/org/apache/bookkeeper/proto/BookieProtocol.java,null,3,1,0,0,0,1,0,0,4,2,3,0,false
4.1.0,process,hedwig-server/src/main/java/org/apache/hedwig/admin/HedwigAdmin.java,null,2,1,0,0,0,0,0,0,0,2,2,0,false
4.0.0,shutdown,bookkeeper-server/src/main/java/org/apache/bookkeeper/tools/BookKeeperTools.java,null,4,1,0,0,0,0,1,1,4,2,5,0,false
4.0.0,errorMsgAndExit,hedwig-server/src/main/java/org/apache/hedwig/server/netty/PubSubServer.java,null,5,1,0,0,0,0,2,0,4,2,5,0,false
4.1.0,makeWritable,bookkeeper-server/src/main/java/org/apache/bookkeeper/proto/NIOServerFactory.java,null,12,3,0,0,1,0,1,0,196,1,4,1,false
4.1.0,setBookieRecoveryPasswd,bookkeeper-server/src/main/java/org/apache/bookkeeper/conf/ClientConfiguration.java,null,4,1,0,0,0,1,0,0,225,2,3,0,false
4.0.0,toString,bookkeeper-server/src/main/java/org/apache/bookkeeper/bookie/LedgerEntryPage.java,null,9,2,1,0,0,1,0,2,4,2,2,0,false
4.1.0,run,hedwig-server/src/main/java/org/apache/hedwig/server/proxy/HedwigProxy.java,null,7,1,2,0,0,0,0,20,196,1,2,0,false
4.1.0,getConsumeRequest,hedwig-protocol/src/main/java/org/apache/hedwig/protocol/PubSubProtocol.java,null,3,1,0,0,0,1,2,1,196,1,1,0,false
4.0.0,writeComplete,hedwig-server/src/main/java/org/apache/hedwig/server/benchmark/BookieBenchmark.java,null,3,2,0,0,0,0,0,5,4,2,4,0,false
4.0.0,transientErrorOnSend,hedwig-server/src/main/java/org/apache/hedwig/server/delivery/FIFODeliveryManager.java,null,3,1,0,0,0,0,0,1,4,2,3,0,false
4.1.0,sockAddrStr,hedwig-client/src/main/java/org/apache/hedwig/util/HedwigSocketAddress.java,null,3,1,0,1,0,1,0,0,196,1,1,1,false
4.1.0,deliver,hedwig-client/src/main/java/org/apache/hedwig/client/benchmark/BenchmarkPublisher.java,null,3,1,0,0,0,0,0,0,196,1,1,0,false
4.0.0,sendResponse,bookkeeper-server/src/main/java/org/apache/bookkeeper/proto/NIOServerFactory.java,null,13,3,0,0,0,1,2,2,4,3,7,1,false
4.0.0,tick,hedwig-client/src/main/java/org/apache/hedwig/util/CallbackUtils.java,null,10,3,0,0,0,0,3,3,4,2,3,0,false
4.1.0,readEntryComplete,bookkeeper-server/src/main/java/org/apache/bookkeeper/client/LedgerRecoveryOp.java,null,33,9,11,2,1,2,0,1,196,3,6,2,false
4.1.0,getSeqIdAfterSkipping,hedwig-server/src/main/java/org/apache/hedwig/server/persistence/BookkeeperPersistenceManager.java,null,3,1,0,1,0,1,0,1,196,1,3,0,false
4.1.0,consumedUntil,hedwig-server/src/main/java/org/apache/hedwig/server/persistence/LocalDBPersistenceManager.java,null,1,1,0,0,0,0,1,0,196,1,2,0,false
4.1.0,setRanges,hedwig-protocol/src/main/java/org/apache/hedwig/protocol/PubSubProtocol.java,null,4,1,0,0,0,1,0,2,196,1,1,1,false
4.1.0,readLastLogId,bookkeeper-server/src/main/java/org/apache/bookkeeper/bookie/EntryLogger.java,null,27,5,3,0,3,4,1,0,196,3,12,2,false
4.0.0,close,bookkeeper-server/src/main/java/org/apache/bookkeeper/proto/PerChannelBookieClient.java,null,5,2,0,0,0,0,1,0,4,3,8,1,false
4.1.0,clearMessageBound,hedwig-server/src/main/java/org/apache/hedwig/server/persistence/LocalDBPersistenceManager.java,null,2,1,0,0,0,0,0,0,196,1,2,0,false
4.1.0,initiate,bookkeeper-server/src/main/java/org/apache/bookkeeper/client/ReadLastConfirmedOp.java,null,5,2,1,0,0,0,1,1,450,2,5,3,false
4.0.0,getDefaultServerHedwigSocketAddress,hedwig-client/src/main/java/org/apache/hedwig/client/conf/ClientConfiguration.java,null,4,2,1,0,0,1,2,0,4,1,2,0,false
4.0.0,isBookieRunning,bookkeeper-server/src/main/java/org/apache/bookkeeper/proto/BookieServer.java,null,3,1,0,0,0,1,1,0,4,3,10,0,false
4.1.0,toString,bookkeeper-server/src/main/java/org/apache/bookkeeper/bookie/Journal.java,null,5,1,1,0,0,1,0,0,56,1,2,0,false
4.1.0,addEntry,bookkeeper-server/src/main/java/org/apache/bookkeeper/bookie/LedgerDescriptorReadOnlyImpl.java,null,4,1,0,0,0,0,0,0,84,1,1,0,false
4.1.0,process,hedwig-server/src/main/java/org/apache/hedwig/admin/console/HedwigConsole.java,null,6,2,0,0,0,0,0,2,0,1,1,0,false
4.0.0,setLh,bookkeeper-server/src/main/java/org/apache/bookkeeper/client/SyncCounter.java,null,3,1,1,0,0,0,2,0,4,1,1,0,false
4.1.0,initiate,bookkeeper-server/src/main/java/org/apache/bookkeeper/client/LedgerOpenOp.java,null,3,1,0,0,0,0,3,4,196,1,1,0,false
4.1.0,getValueDescriptor,hedwig-protocol/src/main/java/org/apache/hedwig/protocol/PubSubProtocol.java,null,3,1,0,0,0,1,0,1,196,1,1,2,false
4.1.0,asyncCloseSubscription,hedwig-client/src/main/java/org/apache/hedwig/client/netty/HedwigSubscriber.java,null,26,3,4,2,0,0,2,3,196,1,4,2,false
4.1.0,operationComplete,hedwig-client/src/main/java/org/apache/hedwig/client/netty/WriteCallback.java,null,26,9,3,4,0,1,0,6,196,1,1,5,false
4.1.0,getPageLimit,bookkeeper-server/src/main/java/org/apache/bookkeeper/bookie/LedgerCacheImpl.java,null,3,1,0,0,0,1,1,0,84,3,6,0,false
4.1.0,usePage,bookkeeper-server/src/main/java/org/apache/bookkeeper/bookie/LedgerEntryPage.java,null,3,1,0,0,0,0,3,0,196,2,2,0,false
4.0.0,safeRun,bookkeeper-server/src/main/java/org/apache/bookkeeper/proto/PerChannelBookieClient.java,null,7,2,1,1,0,0,0,19,4,3,8,0,false
4.1.0,parse,bookkeeper-server/src/main/java/org/apache/bookkeeper/bookie/Cookie.java,null,15,3,5,0,0,1,2,1,91,1,1,0,false
4.1.0,recoverComplete,bookkeeper-server/src/main/java/org/apache/bookkeeper/client/BookKeeperAdmin.java,null,9,1,3,1,0,0,0,0,268,2,4,0,false
4.1.0,setSubscriber,hedwig-client/src/main/java/org/apache/hedwig/client/netty/HedwigClientImpl.java,null,3,1,1,0,0,0,0,0,226,1,1,0,false
4.0.0,operationFailed,hedwig-client/src/main/java/org/apache/hedwig/util/CallbackUtils.java,null,3,1,0,0,0,0,0,1,4,2,3,0,false
4.0.0,operationFailed,hedwig-client/src/main/java/org/apache/hedwig/client/handlers/PubSubCallback.java,null,9,2,3,1,0,0,0,0,4,1,2,0,false
4.1.0,executeLine,hedwig-server/src/main/java/org/apache/hedwig/admin/console/HedwigConsole.java,null,8,2,0,0,0,0,1,3,0,1,1,0,false
4.1.0,getReadOnlyHandle,bookkeeper-server/src/main/java/org/apache/bookkeeper/bookie/HandleFactoryImpl.java,null,11,2,3,0,0,1,0,1,84,1,1,0,false
4.1.0,run,bookkeeper-server/src/main/java/org/apache/bookkeeper/bookie/EntryLogger.java,null,24,7,0,0,2,0,0,3,196,3,12,1,false
4.1.0,channelOpen,hedwig-server/src/main/java/org/apache/hedwig/server/netty/UmbrellaHandler.java,null,5,2,0,0,0,0,0,0,196,1,1,0,false
4.0.0,usage,bookkeeper-server/src/main/java/org/apache/bookkeeper/util/Main.java,null,3,1,0,0,0,0,1,0,4,2,2,0,false
4.1.0,getMasterKey,bookkeeper-server/src/main/java/org/apache/bookkeeper/bookie/FileInfo.java,null,4,1,0,0,0,1,2,1,196,1,4,0,false
4.0.0,processResult,bookkeeper-server/src/main/java/org/apache/bookkeeper/client/LedgerDeleteOp.java,null,3,1,0,0,0,0,0,1,4,2,3,0,false
4.1.0,getNumDirtyLedgers,bookkeeper-server/src/main/java/org/apache/bookkeeper/bookie/LedgerCacheImpl.java,null,3,1,0,0,0,1,0,0,84,3,6,0,false
4.1.0,fromInt,bookkeeper-server/src/main/java/org/apache/bookkeeper/proto/BookieProtocol.java,null,13,2,6,2,0,1,3,1,196,2,3,0,false
4.0.0,readSubscriptions,hedwig-server/src/main/java/org/apache/hedwig/server/subscriptions/AbstractSubscriptionManager.java,null,1,1,0,0,0,0,1,0,4,2,3,0,false
4.1.0,setStatusMsg,hedwig-protocol/src/main/java/org/apache/hedwig/protocol/PubSubProtocol.java,null,8,2,2,0,0,1,2,0,196,1,1,0,false
4.0.0,addDeliveryPtr,hedwig-server/src/main/java/org/apache/hedwig/server/delivery/FIFODeliveryManager.java,null,4,1,1,0,0,0,2,1,4,2,3,0,false
4.0.0,deliverNextMessage,hedwig-server/src/main/java/org/apache/hedwig/server/delivery/FIFODeliveryManager.java,null,8,2,2,0,0,1,3,1,4,2,3,0,false
4.1.0,removeChannelForTopic,hedwig-client/src/main/java/org/apache/hedwig/client/netty/HedwigSubscriber.java,null,3,1,0,0,0,0,0,0,196,1,4,0,false
4.1.0,runJLineConsole,hedwig-server/src/main/java/org/apache/hedwig/admin/console/HedwigConsole.java,HedwigConsole,11,2,1,0,1,0,1,4,0,1,1,1,false
4.1.0,hasPublishRequest,hedwig-protocol/src/main/java/org/apache/hedwig/protocol/PubSubProtocol.java,null,3,1,0,0,0,1,2,1,196,1,1,0,false
4.1.0,writeLedgerConfig,bookkeeper-server/src/main/java/org/apache/bookkeeper/client/BookKeeperAdmin.java,null,7,1,2,0,0,0,2,4,268,2,4,3,false
4.1.0,accept,bookkeeper-server/src/main/java/org/apache/bookkeeper/bookie/InterleavedLedgerStorage.java,null,3,1,0,0,0,1,0,0,56,2,3,0,false
4.1.0,retrySubscribeRequest,hedwig-client/src/main/java/org/apache/hedwig/client/handlers/SubscribeReconnectCallback.java,null,4,2,0,0,0,1,2,4,196,1,1,0,false
4.1.0,describeTopic,hedwig-server/src/main/java/org/apache/hedwig/admin/console/HedwigConsole.java,null,13,2,4,2,0,1,1,5,0,1,1,0,false
4.1.0,getHostFromChannel,hedwig-client/src/main/java/org/apache/hedwig/client/netty/HedwigClientImpl.java,null,3,1,0,0,0,1,2,0,226,1,1,0,false
4.1.0,setSeqId,hedwig-protocol/src/main/java/org/apache/hedwig/protocol/PubSubProtocol.java,null,5,1,2,0,0,1,2,0,196,1,1,0,false
4.1.0,getRandomLedger,bookkeeper-benchmark/src/main/java/org/apache/bookkeeper/benchmark/BenchThroughputLatency.java,null,3,1,0,0,0,1,1,0,0,3,4,0,false
4.1.0,run,bookkeeper-benchmark/src/main/java/org/apache/bookkeeper/benchmark/BenchThroughputLatency.java,null,11,3,0,0,1,0,0,9,0,3,4,0,false
4.1.0,verifyDigest,bookkeeper-server/src/main/java/org/apache/bookkeeper/client/DigestManager.java,null,3,1,0,0,0,0,1,1,196,2,3,0,false
4.0.0,handleRequest,hedwig-server/src/main/java/org/apache/hedwig/server/proxy/ProxyStartDeliveryHandler.java,null,39,4,4,0,1,2,0,3,4,1,3,1,false
4.1.0,close,bookkeeper-server/src/main/java/org/apache/bookkeeper/client/ReadOnlyLedgerHandle.java,null,2,1,0,0,0,0,0,0,229,1,1,0,false
4.1.0,sendBuffers,bookkeeper-server/src/main/java/org/apache/bookkeeper/proto/NIOServerFactory.java,null,21,6,5,1,0,0,1,1,196,1,4,2,false
4.0.0,main,hedwig-server/src/main/java/org/apache/hedwig/server/benchmark/BookkeeperBenchmark.java,null,4,1,1,0,0,0,0,2,4,2,3,0,false
4.1.0,uncaughtException,hedwig-server/src/main/java/org/apache/hedwig/server/common/TerminateJVMExceptionHandler.java,null,4,1,0,1,0,0,0,0,196,1,1,1,false
4.1.0,ledgersPath,hedwig-server/src/main/java/org/apache/hedwig/admin/HedwigAdmin.java,null,3,1,0,0,0,1,1,0,0,2,2,0,false
4.0.0,toString,bookkeeper-server/src/main/java/org/apache/bookkeeper/proto/PerChannelBookieClient.java,null,3,1,0,0,0,1,0,0,4,3,8,0,false
4.1.0,consumedUntil,hedwig-server/src/main/java/org/apache/hedwig/server/persistence/BookkeeperPersistenceManager.java,null,3,1,0,0,0,0,0,2,196,1,3,0,false
4.1.0,getServerAddr,hedwig-server/src/main/java/org/apache/hedwig/server/common/ServerConfiguration.java,null,6,2,0,0,0,1,2,1,196,1,2,0,false
4.0.0,tick,bookkeeper-server/src/main/java/org/apache/bookkeeper/client/BookKeeperAdmin.java,null,10,3,0,0,0,0,1,0,40,2,5,1,false
4.1.0,operationFailed,hedwig-server/src/main/java/org/apache/hedwig/server/topics/ZkTopicManager.java,null,4,1,0,0,0,0,0,2,196,1,2,0,false
4.1.0,isSpecialZnode,bookkeeper-server/src/main/java/org/apache/bookkeeper/meta/AbstractZkLedgerManager.java,null,6,4,0,0,0,2,5,0,204,3,4,1,false
4.0.0,grabCleanPage,bookkeeper-server/src/main/java/org/apache/bookkeeper/bookie/LedgerCache.java,null,52,12,6,2,0,2,2,9,4,2,6,18,false
4.0.0,writeComplete,bookkeeper-server/src/main/java/org/apache/bookkeeper/tools/BookKeeperTools.java,null,9,2,0,1,0,0,0,4,4,2,5,1,false
4.0.0,unsetSuccessAndSendWriteRequest,bookkeeper-server/src/main/java/org/apache/bookkeeper/client/PendingAddOp.java,null,20,6,2,2,0,2,1,2,4,2,3,1,false
4.1.0,close,bookkeeper-benchmark/src/main/java/org/apache/bookkeeper/benchmark/BenchThroughputLatency.java,null,6,2,1,0,0,0,3,0,0,3,4,0,false
4.1.0,getSubscription,hedwig-server/src/main/java/org/apache/hedwig/admin/HedwigAdmin.java,null,14,3,4,0,1,2,1,1,0,2,2,1,false
4.0.0,loadConf,hedwig-client/src/main/java/org/apache/hedwig/conf/AbstractConfiguration.java,null,4,1,1,0,0,0,2,0,4,2,2,0,false
4.0.0,getLastLogId,bookkeeper-server/src/main/java/org/apache/bookkeeper/bookie/EntryLogger.java,null,27,5,3,0,3,4,1,0,4,2,8,2,false
4.1.0,setupCompletor,src/main/java/org/apache/hedwig/admin/console/HedwigConsole.java,HedwigConsole$ConsoleHandler,6,1,3,0,0,0,1,0,0,0,0,4,false
4.1.0,getStartDeliveryRequest,hedwig-protocol/src/main/java/org/apache/hedwig/protocol/PubSubProtocol.java,null,3,1,0,0,0,1,2,1,196,1,1,0,false
4.1.0,containsLedger,bookkeeper-server/src/main/java/org/apache/bookkeeper/bookie/EntryLogger.java,null,3,1,0,0,0,1,1,0,196,3,12,0,false
4.0.0,asyncCloseSubscription,hedwig-client/src/main/java/org/apache/hedwig/client/netty/HedwigSubscriber.java,null,26,3,4,2,0,0,2,3,4,1,3,2,false
4.1.0,setMessageBound,hedwig-server/src/main/java/org/apache/hedwig/server/persistence/BookkeeperPersistenceManager.java,null,3,1,0,0,0,0,0,1,196,1,3,0,false
4.1.0,start,bookkeeper-server/src/main/java/org/apache/bookkeeper/bookie/InterleavedLedgerStorage.java,null,3,1,0,0,0,0,0,0,56,2,3,0,false
4.1.0,linkIndexDirectories,bookkeeper-server/src/main/java/org/apache/bookkeeper/bookie/FileSystemUpgrade.java,null,21,6,2,1,1,1,2,2,0,2,3,1,false
4.0.0,readEntryComplete,bookkeeper-server/src/main/java/org/apache/bookkeeper/client/LedgerRecoveryOp.java,null,33,9,11,2,1,2,0,4,4,2,5,2,false
4.1.0,main,bookkeeper-server/src/main/java/org/apache/bookkeeper/bookie/FileSystemUpgrade.java,null,52,8,8,2,1,1,0,4,0,2,3,11,false
4.1.0,getScanBackoffPeriodMs,hedwig-server/src/main/java/org/apache/hedwig/server/common/ServerConfiguration.java,null,3,1,0,0,0,1,1,0,196,1,2,0,false
4.0.0,size,bookkeeper-server/src/main/java/org/apache/bookkeeper/bookie/FileInfo.java,null,7,2,2,1,0,1,2,0,4,2,4,0,false
4.0.0,release,bookkeeper-server/src/main/java/org/apache/bookkeeper/bookie/FileInfo.java,null,11,4,0,0,1,0,5,0,4,2,4,0,false
4.0.0,handleSubscribeResponse,hedwig-client/src/main/java/org/apache/hedwig/client/handlers/SubscribeResponseHandler.java,null,31,7,5,4,0,0,1,11,4,3,5,3,false
4.1.0,mergeMessage,hedwig-protocol/src/main/java/org/apache/hedwig/protocol/PubSubProtocol.java,null,10,3,3,0,0,1,1,5,196,1,1,2,false
4.1.0,setLastLogId,bookkeeper-server/src/main/java/org/apache/bookkeeper/bookie/EntryLogger.java,null,16,2,2,1,2,0,2,0,196,3,12,2,false
4.1.0,resolveConflict,bookkeeper-server/src/main/java/org/apache/bookkeeper/client/LedgerMetadata.java,null,23,10,7,0,0,5,1,1,196,3,5,2,false
4.1.0,isSSLEnabled,hedwig-server/src/main/java/org/apache/hedwig/server/common/ServerConfiguration.java,null,3,1,0,0,0,1,1,0,196,1,2,0,false
4.1.0,operationFailed,hedwig-server/src/main/java/org/apache/hedwig/server/handlers/BaseHandler.java,null,4,1,0,0,0,0,0,2,196,1,1,2,false
4.1.0,releasePage,bookkeeper-server/src/main/java/org/apache/bookkeeper/bookie/LedgerEntryPage.java,null,6,2,0,0,0,0,5,0,196,2,2,0,false
4.1.0,getCurrentSeqIdForTopic,hedwig-server/src/main/java/org/apache/hedwig/server/persistence/LocalDBPersistenceManager.java,null,1,1,0,0,0,0,0,0,196,1,2,0,false
4.0.0,initiate,bookkeeper-server/src/main/java/org/apache/bookkeeper/client/LedgerOpenOp.java,null,3,1,0,0,0,0,4,2,4,2,8,0,false
4.1.0,doIO,bookkeeper-server/src/main/java/org/apache/bookkeeper/proto/NIOServerFactory.java,null,81,20,8,2,2,1,1,3,196,1,4,8,false
4.1.0,getNumber,hedwig-protocol/src/main/java/org/apache/hedwig/protocol/PubSubProtocol.java,null,3,1,0,0,0,1,4,0,196,1,1,0,false
4.0.0,summarize,hedwig-client/src/main/java/org/apache/hedwig/client/benchmark/BenchmarkUtils.java,null,4,1,1,6,0,1,2,2,4,1,2,0,false
4.0.0,addTopicOwnershipChangeListener,hedwig-server/src/main/java/org/apache/hedwig/server/topics/AbstractTopicManager.java,null,3,1,0,0,0,0,0,0,4,2,3,0,false
4.0.0,operationFailed,hedwig-client/src/main/java/org/apache/hedwig/client/netty/HedwigSubscriber.java,null,3,1,0,0,0,0,0,0,4,1,3,0,false
4.1.0,setStatusCode,hedwig-protocol/src/main/java/org/apache/hedwig/protocol/PubSubProtocol.java,null,8,2,2,0,0,1,2,0,196,1,1,0,false
4.0.0,isConnected,hedwig-server/src/main/java/org/apache/hedwig/server/delivery/FIFODeliveryManager.java,null,3,1,0,0,0,1,2,0,4,2,3,0,false
4.1.0,setNotConnected,hedwig-server/src/main/java/org/apache/hedwig/server/delivery/FIFODeliveryManager.java,null,4,1,1,0,0,0,1,0,196,1,2,0,false
4.1.0,internalForceInit,hedwig-protocol/src/main/java/org/apache/hedwig/protocol/PubSubProtocol.java,null,2,1,0,0,0,0,15,0,196,1,1,0,false
4.1.0,acquiredTopic,hedwig-server/src/main/java/org/apache/hedwig/server/persistence/BookkeeperPersistenceManager.java,null,3,1,0,0,0,0,0,1,196,1,3,0,false
4.0.0,makeWritable,bookkeeper-server/src/main/java/org/apache/bookkeeper/proto/NIOServerFactory.java,null,12,3,0,0,1,0,1,0,4,3,7,1,false
4.1.0,getNumCleanLedgers,bookkeeper-server/src/main/java/org/apache/bookkeeper/bookie/LedgerCacheImpl.java,null,3,1,0,0,0,1,0,0,84,3,6,0,false
4.1.0,readRequest,bookkeeper-server/src/main/java/org/apache/bookkeeper/proto/NIOServerFactory.java,null,4,1,1,0,0,0,1,1,196,1,4,0,false
4.1.0,setCode,bookkeeper-server/src/main/java/org/apache/bookkeeper/client/BKException.java,null,3,1,1,0,0,0,0,0,196,1,1,0,false
4.1.0,close,bookkeeper-server/src/main/java/org/apache/bookkeeper/bookie/JournalChannel.java,null,3,1,0,0,0,0,4,0,125,1,2,0,false
4.0.0,getActiveLedgers,bookkeeper-server/src/main/java/org/apache/bookkeeper/tools/BookKeeperTools.java,null,25,1,0,0,0,0,2,0,4,2,5,2,false
4.0.0,recoverLedger,bookkeeper-server/src/main/java/org/apache/bookkeeper/tools/BookKeeperTools.java,null,90,4,4,3,1,3,1,5,4,2,5,5,false
4.0.0,getMaximumServerRedirects,hedwig-client/src/main/java/org/apache/hedwig/client/conf/ClientConfiguration.java,null,3,1,0,0,0,1,2,0,4,1,2,0,false
4.1.0,getThroughput,bookkeeper-benchmark/src/main/java/org/apache/bookkeeper/benchmark/BenchThroughputLatency.java,null,3,1,0,0,0,1,2,0,0,3,4,0,false
4.0.0,operationFinished,hedwig-server/src/main/java/org/apache/hedwig/server/regions/RegionManager.java,null,30,5,0,3,1,0,0,0,4,1,3,1,false
4.1.0,operationFailed,hedwig-server/src/main/java/org/apache/hedwig/server/subscriptions/AbstractSubscriptionManager.java,null,3,1,0,0,0,0,0,0,196,1,4,0,false
4.1.0,getSuccessResponse,hedwig-protocol/src/main/java/org/apache/hedwig/protoextensions/PubSubResponseUtils.java,null,3,1,0,0,0,1,0,1,196,1,1,0,false
4.0.0,dec,bookkeeper-server/src/main/java/org/apache/bookkeeper/client/SyncCounter.java,null,4,1,0,0,0,0,6,0,4,1,1,0,false
4.0.0,isPinned,bookkeeper-server/src/main/java/org/apache/bookkeeper/bookie/LedgerEntryPage.java,null,3,1,0,0,0,1,0,0,4,2,2,0,false
4.1.0,channelDisconnected,hedwig-server/src/main/java/org/apache/hedwig/server/netty/UmbrellaHandler.java,null,5,1,1,0,0,0,0,0,196,1,1,1,false
4.1.0,addAllTriedServers,hedwig-protocol/src/main/java/org/apache/hedwig/protocol/PubSubProtocol.java,null,7,2,1,0,0,1,2,1,196,1,1,1,false
4.1.0,setMessageBound,hedwig-server/src/main/java/org/apache/hedwig/server/persistence/LocalDBPersistenceManager.java,null,2,1,0,0,0,0,0,0,196,1,2,0,false
4.0.0,messageScanned,hedwig-server/src/main/java/org/apache/hedwig/server/delivery/FIFODeliveryManager.java,null,11,4,1,0,0,2,0,1,4,2,3,1,false
4.1.0,realGetOwner,hedwig-server/src/main/java/org/apache/hedwig/server/topics/AbstractTopicManager.java,null,1,1,0,0,0,0,1,0,196,1,1,0,false
4.0.0,addEntry,bookkeeper-server/src/main/java/org/apache/bookkeeper/bookie/EntryLogger.java,null,13,2,3,2,0,1,0,3,4,2,8,2,false
4.1.0,asyncProcessLedgersInSingleNode,bookkeeper-server/src/main/java/org/apache/bookkeeper/meta/AbstractZkLedgerManager.java,null,22,1,0,0,0,0,2,2,204,3,4,1,false
4.1.0,getChannelForHost,hedwig-client/src/main/java/org/apache/hedwig/client/netty/HedwigPublisher.java,null,3,1,0,0,0,1,0,0,196,1,1,0,false
4.0.0,stopServingSubscriber,hedwig-server/src/main/java/org/apache/hedwig/server/delivery/FIFODeliveryManager.java,null,3,1,0,0,0,0,3,2,4,2,3,0,false
4.1.0,flush,bookkeeper-server/src/main/java/org/apache/bookkeeper/bookie/EntryLogger.java,null,5,2,0,0,0,0,3,0,196,3,12,0,false
4.0.0,tearDown,hedwig-server/src/main/java/org/apache/hedwig/server/benchmark/BookieBenchmark.java,null,5,1,0,0,0,0,0,1,4,2,4,0,false
4.1.0,toInt,bookkeeper-server/src/main/java/org/apache/bookkeeper/proto/BookieProtocol.java,null,8,2,0,2,0,2,6,0,196,2,3,0,false
4.1.0,getFlags,bookkeeper-server/src/main/java/org/apache/bookkeeper/proto/BookieProtocol.java,null,3,1,0,0,0,1,1,0,196,2,3,0,false
4.1.0,getValidLedgerId,bookkeeper-benchmark/src/main/java/org/apache/bookkeeper/benchmark/BenchBookie.java,null,19,3,6,0,1,1,1,0,0,1,2,0,false
4.0.0,handle,hedwig-server/src/main/java/org/apache/hedwig/server/benchmark/AbstractBenchmark.java,null,15,5,1,3,0,1,1,1,4,1,2,0,false
4.1.0,getBkQuorumSize,hedwig-server/src/main/java/org/apache/hedwig/server/common/ServerConfiguration.java,null,3,1,0,0,0,1,2,0,196,1,2,0,false
4.0.0,process,bookkeeper-server/src/main/java/org/apache/bookkeeper/tools/BookKeeperTools.java,null,3,1,0,0,0,0,0,12,4,2,5,0,false
4.1.0,getSrcRegion,hedwig-protocol/src/main/java/org/apache/hedwig/protocol/PubSubProtocol.java,null,3,1,0,0,0,1,5,0,196,1,1,0,false
4.0.0,consume,hedwig-client/src/main/java/org/apache/hedwig/client/netty/HedwigSubscriber.java,null,9,3,2,2,0,0,0,2,4,1,3,0,false
4.1.0,releaseTopic,hedwig-server/src/main/java/org/apache/hedwig/server/topics/TopicManager.java,null,1,1,0,0,0,0,0,0,196,1,1,0,false
4.0.0,getLocalAddress,bookkeeper-server/src/main/java/org/apache/bookkeeper/proto/NIOServerFactory.java,null,3,1,0,0,0,1,1,0,4,3,7,1,false
4.1.0,doGcEntryLogs,bookkeeper-server/src/main/java/org/apache/bookkeeper/bookie/GarbageCollectorThread.java,null,14,5,1,1,0,0,1,3,96,3,6,3,false
4.1.0,addEnsemble,bookkeeper-server/src/main/java/org/apache/bookkeeper/client/LedgerMetadata.java,null,5,2,1,0,0,0,8,0,196,3,5,0,false
4.0.0,size,bookkeeper-server/src/main/java/org/apache/bookkeeper/client/PendingReadOp.java,null,3,1,0,0,0,1,0,0,4,2,3,0,false
4.1.0,asyncProcessLedgers,bookkeeper-server/src/main/java/org/apache/bookkeeper/meta/FlatLedgerManager.java,null,1,1,0,0,0,0,0,0,204,2,2,0,false
4.1.0,loadConf,bookkeeper-server/src/main/java/org/apache/bookkeeper/conf/AbstractConfiguration.java,null,4,1,1,0,0,0,1,0,225,2,2,0,false
4.1.0,getLedgerName,bookkeeper-server/src/main/java/org/apache/bookkeeper/bookie/LedgerCacheImpl.java,null,12,1,3,1,0,1,2,0,84,3,6,0,false
4.1.0,openNewChannel,bookkeeper-server/src/main/java/org/apache/bookkeeper/bookie/EntryLogger.java,null,3,1,0,0,0,0,1,1,196,3,12,0,false
4.0.0,main,bookkeeper-server/src/main/java/org/apache/bookkeeper/proto/BookieServer.java,null,23,4,9,2,0,1,0,3,4,3,10,0,false
4.0.0,parseAddr,bookkeeper-server/src/main/java/org/apache/bookkeeper/util/StringUtils.java,null,15,3,3,2,1,1,2,0,4,2,2,0,false
4.1.0,setLastLogMark,bookkeeper-server/src/main/java/org/apache/bookkeeper/bookie/Journal.java,null,4,1,2,0,0,0,1,0,56,1,2,0,false
4.1.0,setFenced,bookkeeper-server/src/main/java/org/apache/bookkeeper/bookie/LedgerDescriptorReadOnlyImpl.java,null,4,1,0,0,0,0,0,0,84,1,1,0,false
4.0.0,getNewBookies,bookkeeper-server/src/main/java/org/apache/bookkeeper/client/BookieWatcher.java,null,3,1,0,0,0,1,1,1,4,1,3,0,false
4.1.0,getLastLocalSeqIdDelivered,hedwig-server/src/main/java/org/apache/hedwig/server/delivery/FIFODeliveryManager.java,null,3,1,0,0,0,1,0,0,196,1,2,0,false
4.0.0,getLastScanErrorTime,hedwig-server/src/main/java/org/apache/hedwig/server/delivery/FIFODeliveryManager.java,null,3,1,0,0,0,1,1,0,4,2,3,0,false
4.0.0,setEntryId,bookkeeper-server/src/main/java/org/apache/bookkeeper/client/PendingAddOp.java,null,3,1,1,0,0,0,1,0,4,2,3,0,false
4.1.0,getPrompt,hedwig-server/src/main/java/org/apache/hedwig/admin/console/HedwigConsole.java,null,5,1,1,0,0,1,1,0,0,1,1,0,false
4.1.0,use,bookkeeper-server/src/main/java/org/apache/bookkeeper/bookie/FileInfo.java,null,3,1,0,0,0,0,1,0,196,1,4,0,false
4.1.0,process,bookkeeper-server/src/main/java/org/apache/bookkeeper/bookie/FileSystemUpgrade.java,null,5,2,0,0,0,0,0,2,0,2,3,1,false
4.0.0,getServerAckResponseTimeout,hedwig-client/src/main/java/org/apache/hedwig/client/conf/ClientConfiguration.java,null,3,1,0,0,0,1,1,0,4,1,2,0,false
4.1.0,stopDelivery,hedwig-client/src/main/java/org/apache/hedwig/client/netty/HedwigSubscriber.java,null,20,3,3,3,0,0,0,4,196,1,4,2,false
4.0.0,calcTp,hedwig-client/src/main/java/org/apache/hedwig/client/benchmark/BenchmarkUtils.java,null,3,1,0,3,0,1,2,0,4,1,2,0,false
4.1.0,consumeToBound,hedwig-server/src/main/java/org/apache/hedwig/server/persistence/BookkeeperPersistenceManager.java,null,7,3,1,0,0,1,0,2,196,1,3,0,false
4.1.0,getUsage,bookkeeper-server/src/main/java/org/apache/bookkeeper/bookie/EntryLogger.java,null,6,2,0,1,0,2,1,0,196,3,12,0,false
4.0.0,getVersion,bookkeeper-server/src/main/java/org/apache/bookkeeper/proto/BookieProtocol.java,null,3,1,0,0,0,1,0,0,4,2,3,0,false
4.1.0,logErrorAndReattemptRead,bookkeeper-server/src/main/java/org/apache/bookkeeper/client/PendingReadOp.java,null,7,1,2,2,0,1,1,2,196,2,3,3,false
4.1.0,connect,bookkeeper-server/src/main/java/org/apache/bookkeeper/proto/PerChannelBookieClient.java,null,6,1,1,1,0,0,0,1,196,3,10,0,false
4.1.0,setPublishRequest,hedwig-protocol/src/main/java/org/apache/hedwig/protocol/PubSubProtocol.java,null,8,2,2,0,0,1,2,0,196,1,1,0,false
4.1.0,getLinkMultArgLength,bookkeeper-server/src/main/java/org/apache/bookkeeper/util/HardLink.java,null,3,1,0,0,0,1,1,1,90,1,1,0,false
4.1.0,zeroPage,bookkeeper-server/src/main/java/org/apache/bookkeeper/bookie/LedgerEntryPage.java,null,6,1,1,0,0,0,2,1,196,2,2,0,false
4.1.0,deliverNextMessage,hedwig-server/src/main/java/org/apache/hedwig/server/delivery/FIFODeliveryManager.java,null,8,2,2,0,0,1,3,1,196,1,2,0,false
4.1.0,pressKeyToContinue,hedwig-server/src/main/java/org/apache/hedwig/admin/console/ReadTopic.java,null,9,3,2,0,0,2,1,0,0,1,1,1,false
4.1.0,getConsumeCallback,hedwig-client/src/main/java/org/apache/hedwig/client/netty/HedwigClientImpl.java,null,3,1,0,0,0,1,0,0,226,1,1,0,false
4.0.0,getMessage,bookkeeper-server/src/main/java/org/apache/bookkeeper/bookie/BookieException.java,null,12,4,0,0,0,4,0,0,4,2,2,0,false
4.1.0,handleRequest,hedwig-server/src/main/java/org/apache/hedwig/server/handlers/BaseHandler.java,null,17,1,0,0,0,0,0,0,196,1,1,3,false
4.1.0,addLedgerSize,bookkeeper-server/src/main/java/org/apache/bookkeeper/bookie/GarbageCollectorThread.java,null,10,2,5,0,0,0,1,0,96,3,6,0,false
4.0.0,getLastEntry,bookkeeper-server/src/main/java/org/apache/bookkeeper/bookie/LedgerEntryPage.java,null,8,3,1,3,0,2,1,1,4,2,2,0,false
4.1.0,accept,bookkeeper-server/src/main/java/org/apache/bookkeeper/bookie/GarbageCollectorThread.java,null,3,1,0,0,0,1,0,0,96,3,6,0,false
4.1.0,reset,hedwig-server/src/main/java/org/apache/hedwig/server/persistence/LocalDBPersistenceManager.java,null,4,1,0,0,0,0,0,0,196,1,2,0,false
4.1.0,setMessage,hedwig-protocol/src/main/java/org/apache/hedwig/protocol/PubSubProtocol.java,null,5,1,2,0,0,1,3,0,196,1,1,0,false
4.1.0,enableRecoveryAdd,bookkeeper-server/src/main/java/org/apache/bookkeeper/client/PendingAddOp.java,null,4,1,1,0,0,1,1,0,196,2,2,0,false
4.1.0,processTopicLedgersNodeData,hedwig-server/src/main/java/org/apache/hedwig/server/persistence/BookkeeperPersistenceManager.java,null,33,5,9,3,1,3,2,11,196,1,3,6,false
4.1.0,getDescription,hedwig-server/src/main/java/org/apache/hedwig/admin/console/HedwigCommands.java,null,3,1,0,0,0,1,0,0,0,1,1,0,false
4.1.0,readEntryComplete,bookkeeper-server/src/main/java/org/apache/bookkeeper/client/PendingReadOp.java,null,33,9,4,3,1,3,0,2,196,2,3,2,false
4.1.0,equals,bookkeeper-server/src/main/java/org/apache/bookkeeper/proto/PerChannelBookieClient.java,null,7,5,1,0,0,2,0,0,196,3,10,0,false
4.0.0,setConsumeSeqIdForSubscriber,hedwig-server/src/main/java/org/apache/hedwig/server/subscriptions/AbstractSubscriptionManager.java,null,3,1,0,0,0,0,0,1,4,2,3,0,false
4.1.0,getLedger,bookkeeper-server/src/main/java/org/apache/bookkeeper/bookie/LedgerEntryPage.java,null,3,1,0,0,0,1,8,0,196,2,2,0,false
4.1.0,getBkHandle,hedwig-server/src/main/java/org/apache/hedwig/admin/HedwigAdmin.java,null,3,1,0,0,0,1,1,0,0,2,2,0,false
4.0.0,run,bookkeeper-server/src/main/java/org/apache/bookkeeper/proto/BookieServer.java,null,19,6,1,0,2,0,0,3,4,3,10,0,false
4.1.0,safeCreateComplete,hedwig-server/src/main/java/org/apache/hedwig/server/persistence/BookkeeperPersistenceManager.java,null,34,5,6,2,0,3,0,17,196,1,3,7,false
4.1.0,getUsage,bookkeeper-server/src/main/java/org/apache/bookkeeper/bookie/GarbageCollectorThread.java,null,6,2,0,1,0,2,1,0,96,3,6,0,false
4.1.0,isStandalone,hedwig-server/src/main/java/org/apache/hedwig/server/common/ServerConfiguration.java,null,3,1,0,0,0,1,4,0,196,1,2,0,false
4.1.0,initializeCommandMethods,src/main/java/org/apache/hedwig/admin/console/HedwigConsole.java,HedwigConsole$ConsoleHandler,4,1,2,0,0,0,1,0,0,0,0,2,false
4.1.0,getBasicBuilder,hedwig-protocol/src/main/java/org/apache/hedwig/protoextensions/PubSubResponseUtils.java,null,3,1,0,0,0,1,2,0,196,1,1,0,false
4.1.0,setTopic,hedwig-protocol/src/main/java/org/apache/hedwig/protocol/PubSubProtocol.java,null,8,2,2,0,0,1,6,0,196,1,1,0,false
4.1.0,asyncMessageConsume,hedwig-client/src/main/java/org/apache/hedwig/client/handlers/SubscribeResponseHandler.java,null,10,5,1,2,0,0,2,0,196,1,1,3,false
4.0.0,reportLatency,hedwig-client/src/main/java/org/apache/hedwig/client/benchmark/BenchmarkUtils.java,null,11,2,2,1,0,0,1,0,4,1,2,0,false
4.1.0,getClientTimer,hedwig-client/src/main/java/org/apache/hedwig/client/netty/HedwigClientImpl.java,null,3,1,0,0,0,1,0,0,226,1,1,0,false
4.1.0,asyncGetLedgersInSingleNode,bookkeeper-server/src/main/java/org/apache/bookkeeper/meta/AbstractZkLedgerManager.java,null,16,1,0,0,0,0,2,0,204,3,4,2,false
4.0.0,getOutstandingRequests,bookkeeper-server/src/main/java/org/apache/bookkeeper/proto/NIOServerFactory.java,null,3,1,0,0,0,1,1,0,4,3,7,0,false
4.1.0,getLedgerPasswd,bookkeeper-server/src/main/java/org/apache/bookkeeper/client/BookKeeperAdmin.java,null,3,1,0,0,0,1,1,0,268,2,4,0,false
4.0.0,readEntry,bookkeeper-server/src/main/java/org/apache/bookkeeper/bookie/LedgerDescriptor.java,null,40,9,12,7,1,1,1,8,4,2,4,8,false
4.1.0,getDuration,bookkeeper-benchmark/src/main/java/org/apache/bookkeeper/benchmark/BenchThroughputLatency.java,null,3,1,0,0,0,1,2,0,0,3,4,0,false
4.1.0,setBody,hedwig-protocol/src/main/java/org/apache/hedwig/protocol/PubSubProtocol.java,null,8,2,2,0,0,1,2,0,196,1,1,0,false
4.1.0,instance,hedwig-server/src/main/java/org/apache/hedwig/server/persistence/LocalDBPersistenceManager.java,null,3,1,0,0,0,1,1,0,196,1,2,0,false
4.1.0,gcJournals,bookkeeper-server/src/main/java/org/apache/bookkeeper/bookie/Journal.java,null,14,4,5,3,0,0,1,4,56,1,2,0,false
4.1.0,persistMessage,hedwig-server/src/main/java/org/apache/hedwig/server/persistence/LocalDBPersistenceManager.java,null,1,1,0,0,0,0,0,0,196,1,2,0,false
4.1.0,readBookies,bookkeeper-server/src/main/java/org/apache/bookkeeper/client/BookieWatcher.java,null,3,1,0,0,0,0,2,1,196,1,3,1,false
4.0.0,closeHandle,bookkeeper-benchmark/src/main/java/org/apache/bookkeeper/benchmark/MySqlClient.java,null,3,1,0,0,0,0,1,0,4,2,3,0,false
4.0.0,operationComplete,bookkeeper-server/src/main/java/org/apache/bookkeeper/meta/AbstractZkLedgerManager.java,null,9,2,2,0,0,0,0,0,8,1,1,1,false
4.0.0,getReplicaIndex,bookkeeper-server/src/main/java/org/apache/bookkeeper/client/RoundRobinDistributionSchedule.java,null,4,2,1,1,0,1,0,1,4,1,1,0,false
4.1.0,getUnsubscribeRequest,hedwig-protocol/src/main/java/org/apache/hedwig/protocol/PubSubProtocol.java,null,3,1,0,0,0,1,2,1,196,1,1,0,false
4.1.0,hasTopic,hedwig-protocol/src/main/java/org/apache/hedwig/protocol/PubSubProtocol.java,null,3,1,0,0,0,1,4,0,196,1,1,0,false
4.0.0,isSpecialZnode,bookkeeper-server/src/main/java/org/apache/bookkeeper/meta/AbstractZkLedgerManager.java,null,6,3,0,0,0,2,1,0,8,1,1,1,false
4.0.0,setLedger,bookkeeper-server/src/main/java/org/apache/bookkeeper/bookie/LedgerEntryPage.java,null,3,1,1,0,0,0,1,0,4,2,2,0,false
4.0.0,retryErroredSubscriberAfterDelay,hedwig-server/src/main/java/org/apache/hedwig/server/delivery/FIFODeliveryManager.java,null,6,2,0,0,0,0,2,1,4,2,3,0,false
4.1.0,getLastLogId,bookkeeper-server/src/main/java/org/apache/bookkeeper/bookie/EntryLogger.java,null,27,5,3,0,3,4,5,2,196,3,12,2,false
4.0.0,createTempDirectory,hedwig-client/src/main/java/org/apache/hedwig/util/FileUtils.java,null,3,1,0,0,0,1,0,1,4,1,1,0,false
4.1.0,addEntry,bookkeeper-server/src/main/java/org/apache/bookkeeper/client/ReadOnlyLedgerHandle.java,null,4,1,0,1,0,0,1,0,229,1,1,0,false
4.1.0,setShouldClaim,hedwig-protocol/src/main/java/org/apache/hedwig/protocol/PubSubProtocol.java,null,5,1,2,0,0,1,4,0,196,1,1,0,false
4.1.0,notifySubscribe,hedwig-server/src/main/java/org/apache/hedwig/server/subscriptions/AbstractSubscriptionManager.java,null,6,2,1,0,0,0,2,0,196,1,4,0,false
4.1.0,getManagerType,bookkeeper-server/src/main/java/org/apache/bookkeeper/meta/LedgerLayout.java,null,3,1,0,0,0,1,1,0,204,1,1,0,false
4.1.0,run,hedwig-client/src/main/java/org/apache/hedwig/client/netty/HedwigClientImpl.java,null,17,6,4,0,0,0,0,2,226,1,1,2,false
4.0.0,warmup,hedwig-client/src/main/java/org/apache/hedwig/client/benchmark/BenchmarkPublisher.java,null,19,3,5,1,0,0,0,2,4,1,2,0,false
4.1.0,processResult,bookkeeper-server/src/main/java/org/apache/bookkeeper/meta/AbstractZkLedgerManager.java,null,11,3,0,1,0,1,0,6,204,3,4,2,false
4.1.0,setOffset,bookkeeper-server/src/main/java/org/apache/bookkeeper/bookie/LedgerEntryPage.java,null,6,1,1,0,0,0,1,1,196,2,2,0,false
4.1.0,main,bookkeeper-server/src/main/java/org/apache/bookkeeper/tools/BookKeeperTools.java,null,25,5,7,2,0,3,0,3,196,1,1,0,false
4.1.0,runZookeeper,bookkeeper-server/src/main/java/org/apache/bookkeeper/util/LocalBookKeeper.java,null,18,4,4,2,1,0,1,1,196,2,3,1,false
4.1.0,getStatusCode,hedwig-protocol/src/main/java/org/apache/hedwig/protocol/PubSubProtocol.java,null,3,1,0,0,0,1,8,0,196,1,1,0,false
4.1.0,writeToDirectory,bookkeeper-server/src/main/java/org/apache/bookkeeper/bookie/Cookie.java,null,15,2,4,0,1,0,2,1,91,1,1,0,false
4.1.0,readComplete,bookkeeper-server/src/main/java/org/apache/bookkeeper/client/LedgerRecoveryOp.java,null,31,4,3,3,0,3,0,2,196,3,6,3,false
4.1.0,grabLedgerEntryPage,bookkeeper-server/src/main/java/org/apache/bookkeeper/bookie/LedgerCacheImpl.java,null,17,2,1,0,1,1,2,3,84,3,6,0,false
4.0.0,connect,bookkeeper-server/src/main/java/org/apache/bookkeeper/proto/PerChannelBookieClient.java,null,44,4,3,1,0,1,3,0,4,3,8,1,false
4.1.0,instance,hedwig-server/src/main/java/org/apache/hedwig/server/subscriptions/TrueFilter.java,null,3,1,0,0,0,1,0,0,196,1,1,0,false
4.1.0,getProtocolVersion,hedwig-protocol/src/main/java/org/apache/hedwig/protocol/PubSubProtocol.java,null,3,1,0,0,0,1,4,0,196,1,1,0,false
4.1.0,registerAllExtensions,hedwig-protocol/src/main/java/org/apache/hedwig/protocol/PubSubProtocol.java,null,2,1,0,0,0,0,0,0,196,1,1,0,false
4.0.0,getLedgerNodePath,bookkeeper-server/src/main/java/org/apache/bookkeeper/util/StringUtils.java,null,3,1,0,1,0,1,3,1,4,2,2,0,false
4.1.0,clearAllTopicsForHost,hedwig-client/src/main/java/org/apache/hedwig/client/netty/HedwigClientImpl.java,null,10,5,0,2,0,0,0,0,226,1,1,0,false
4.0.0,runPhase,hedwig-server/src/main/java/org/apache/hedwig/server/benchmark/AbstractBenchmark.java,null,11,2,1,8,0,0,1,1,4,1,2,1,false
4.0.0,process,hedwig-server/src/main/java/org/apache/hedwig/server/netty/PubSubServer.java,null,5,2,0,0,0,0,0,0,4,2,5,1,false
4.1.0,findIndexFile,bookkeeper-server/src/main/java/org/apache/bookkeeper/bookie/LedgerCacheImpl.java,null,10,3,2,0,0,2,3,1,84,3,6,0,false
4.1.0,addEntry,bookkeeper-server/src/main/java/org/apache/bookkeeper/bookie/InterleavedLedgerStorage.java,null,9,1,4,0,0,1,1,2,56,2,3,0,false
4.1.0,report,bookkeeper-server/src/main/java/org/apache/bookkeeper/util/HardLink.java,null,3,1,0,2,0,1,0,0,90,1,1,0,false
4.0.0,main,hedwig-server/src/main/java/org/apache/hedwig/server/netty/PubSubServer.java,null,25,5,4,3,2,0,0,2,4,2,5,0,false
4.1.0,removeLedger,bookkeeper-server/src/main/java/org/apache/bookkeeper/bookie/EntryLogger.java,null,7,2,2,0,0,1,1,0,196,3,12,0,false
4.1.0,getThrottleValue,bookkeeper-server/src/main/java/org/apache/bookkeeper/conf/ClientConfiguration.java,null,3,1,0,0,0,1,0,0,225,2,3,0,false
4.1.0,getName,bookkeeper-server/src/main/java/org/apache/bookkeeper/bookie/BookieBean.java,null,3,1,0,0,0,1,0,0,132,1,1,0,false
4.1.0,getNumArguments,hedwig-server/src/main/java/org/apache/hedwig/admin/console/HedwigConsole.java,null,3,1,0,0,0,1,0,0,0,1,1,0,false
4.0.0,run,bookkeeper-server/src/main/java/org/apache/bookkeeper/proto/NIOServerFactory.java,null,33,9,6,1,1,0,0,4,4,3,7,9,false
4.1.0,isInRecovery,bookkeeper-server/src/main/java/org/apache/bookkeeper/client/LedgerMetadata.java,null,3,2,0,0,0,1,2,0,196,3,5,0,false
4.1.0,choose,hedwig-server/src/main/java/org/apache/hedwig/server/topics/ZkTopicManager.java,null,14,1,1,0,0,0,1,0,196,1,2,1,false
4.1.0,initiate,bookkeeper-server/src/main/java/org/apache/bookkeeper/client/PendingAddOp.java,null,7,2,3,0,0,0,1,2,196,2,2,1,false
4.1.0,getServerPort,hedwig-server/src/main/java/org/apache/hedwig/server/common/ServerConfiguration.java,null,3,1,0,0,0,1,2,0,196,1,2,0,false
4.0.0,canProceedWithRecovery,bookkeeper-server/src/main/java/org/apache/bookkeeper/client/RoundRobinDistributionSchedule.java,null,20,6,5,1,0,3,0,1,4,1,1,0,false
4.1.0,addActiveLedger,bookkeeper-server/src/main/java/org/apache/bookkeeper/meta/FlatLedgerManager.java,null,1,1,0,0,0,0,0,0,204,2,2,0,false
4.0.0,acquiredTopic,hedwig-server/src/main/java/org/apache/hedwig/server/subscriptions/AbstractSubscriptionManager.java,null,3,1,0,0,0,0,0,1,4,2,3,0,false
4.1.0,parseFrom,hedwig-protocol/src/main/java/org/apache/hedwig/protocol/PubSubProtocol.java,null,3,1,0,0,0,1,0,2,196,1,1,0,false
4.1.0,getPort,hedwig-client/src/main/java/org/apache/hedwig/util/HedwigSocketAddress.java,null,3,1,0,0,0,1,0,0,196,1,1,0,false
4.0.0,getEnsemble,bookkeeper-server/src/main/java/org/apache/bookkeeper/client/LedgerMetadata.java,null,3,1,0,1,0,1,2,0,4,3,6,1,false
4.1.0,process,bookkeeper-benchmark/src/main/java/org/apache/bookkeeper/benchmark/BenchReadThroughputLatency.java,null,5,3,0,0,0,0,0,3,0,1,1,0,false
4.1.0,setChannelForTopic,hedwig-client/src/main/java/org/apache/hedwig/client/netty/HedwigSubscriber.java,null,12,3,1,0,0,1,1,0,196,1,4,0,false
4.1.0,getFromTable,bookkeeper-server/src/main/java/org/apache/bookkeeper/bookie/LedgerCacheImpl.java,null,7,2,1,0,0,2,1,0,84,3,6,0,false
4.1.0,process,bookkeeper-server/src/main/java/org/apache/bookkeeper/bookie/InterleavedLedgerStorage.java,null,3,1,0,0,0,0,0,1,56,2,3,0,false
4.1.0,hasSynchronous,hedwig-protocol/src/main/java/org/apache/hedwig/protocol/PubSubProtocol.java,null,3,1,0,0,0,1,4,0,196,1,1,0,false
4.1.0,getOwner,hedwig-server/src/main/java/org/apache/hedwig/server/topics/TopicManager.java,null,1,1,0,0,0,0,0,0,196,1,1,0,false
4.1.0,getMessage,hedwig-protocol/src/main/java/org/apache/hedwig/protocol/PubSubProtocol.java,null,3,1,0,0,0,1,7,0,196,1,1,0,false
4.1.0,read,bookkeeper-server/src/main/java/org/apache/bookkeeper/bookie/FileInfo.java,null,3,1,0,1,0,1,1,1,196,1,4,0,false
4.1.0,updateLedgerRangesNode,hedwig-server/src/main/java/org/apache/hedwig/server/persistence/BookkeeperPersistenceManager.java,null,14,1,1,0,0,0,2,1,196,1,3,1,false
4.1.0,closeSubscription,hedwig-client/src/main/java/org/apache/hedwig/client/netty/HedwigSubscriber.java,null,16,4,2,1,1,0,3,7,196,1,4,0,false
4.1.0,getSubscriptionList,hedwig-client/src/main/java/org/apache/hedwig/client/netty/HedwigSubscriber.java,null,3,1,0,0,0,1,0,0,196,1,4,0,false
4.1.0,resetComplete,bookkeeper-benchmark/src/main/java/org/apache/bookkeeper/benchmark/BenchBookie.java,null,3,1,1,0,0,0,1,0,0,1,2,0,false
4.0.0,operationFailed,hedwig-server/src/main/java/org/apache/hedwig/server/regions/RegionManager.java,null,4,2,0,1,0,0,0,0,4,1,3,0,false
4.1.0,deliver,hedwig-client/src/main/java/org/apache/hedwig/client/benchmark/BenchmarkSubscriber.java,null,15,4,3,3,0,0,0,2,196,1,1,1,false
4.1.0,addTopicOwnershipChangeListener,hedwig-server/src/main/java/org/apache/hedwig/server/topics/AbstractTopicManager.java,null,3,1,0,0,0,0,0,0,196,1,1,0,false
4.1.0,initiate,bookkeeper-server/src/main/java/org/apache/bookkeeper/client/LedgerRecoveryOp.java,null,19,1,1,0,0,0,2,3,196,3,6,0,false
4.1.0,addComplete,bookkeeper-server/src/main/java/org/apache/bookkeeper/client/LedgerRecoveryOp.java,null,8,2,0,2,0,1,0,1,196,3,6,0,false
4.1.0,readMasterKey,bookkeeper-server/src/main/java/org/apache/bookkeeper/bookie/InterleavedLedgerStorage.java,null,3,1,0,0,0,1,0,1,56,2,3,0,false
4.1.0,doGcLedgers,bookkeeper-server/src/main/java/org/apache/bookkeeper/bookie/GarbageCollectorThread.java,null,13,1,0,0,0,0,1,0,96,3,6,0,false
4.0.0,flush,bookkeeper-server/src/main/java/org/apache/bookkeeper/bookie/EntryLogger.java,null,5,2,0,0,0,0,2,1,4,2,8,0,false
4.1.0,showHubs,hedwig-server/src/main/java/org/apache/hedwig/admin/console/HedwigConsole.java,null,7,2,1,1,0,0,1,1,0,1,1,0,false
4.1.0,run_refactored,hedwig-server/src/main/java/org/apache/hedwig/admin/console/HedwigConsole.java,HedwigConsole,7,2,0,0,0,0,0,4,0,1,1,1,false
4.0.0,readEntryComplete,bookkeeper-server/src/main/java/org/apache/bookkeeper/proto/BookkeeperInternalCallbacks.java,null,1,1,0,0,0,0,3,0,4,2,2,0,false
4.1.0,getBody,hedwig-protocol/src/main/java/org/apache/hedwig/protocol/PubSubProtocol.java,null,3,1,0,0,0,1,9,0,196,1,1,0,false
4.1.0,sendingFinished,hedwig-server/src/main/java/org/apache/hedwig/server/delivery/FIFODeliveryManager.java,null,13,3,3,1,0,1,1,4,196,1,2,0,false
4.1.0,getPageCount,bookkeeper-server/src/main/java/org/apache/bookkeeper/bookie/LedgerCacheImpl.java,null,3,1,0,0,0,1,0,1,84,3,6,2,false
4.1.0,setSynchronous,hedwig-protocol/src/main/java/org/apache/hedwig/protocol/PubSubProtocol.java,null,5,1,2,0,0,1,4,0,196,1,1,0,false
4.0.0,create,bookkeeper-server/src/main/java/org/apache/bookkeeper/client/BKException.java,null,40,18,0,0,0,18,11,18,4,2,3,1,false
4.1.0,isClean,bookkeeper-server/src/main/java/org/apache/bookkeeper/bookie/LedgerEntryPage.java,null,3,1,0,0,0,1,4,0,196,2,2,0,false
4.0.0,createLogId,bookkeeper-server/src/main/java/org/apache/bookkeeper/bookie/EntryLogger.java,null,15,3,3,2,0,0,2,5,4,2,8,1,false
4.1.0,getPercentile,hedwig-client/src/main/java/org/apache/hedwig/client/benchmark/BenchmarkUtils.java,null,11,3,4,6,0,2,1,0,196,1,1,0,false
4.1.0,getStartDeliveryHandler,hedwig-server/src/main/java/org/apache/hedwig/server/proxy/HedwigProxy.java,null,3,1,0,0,0,1,0,0,196,1,2,0,false
4.1.0,disableRecv,bookkeeper-server/src/main/java/org/apache/bookkeeper/proto/NIOServerFactory.java,null,3,1,0,0,0,0,0,0,196,1,4,0,false
4.0.0,stop,hedwig-server/src/main/java/org/apache/hedwig/server/regions/RegionManager.java,null,5,2,0,0,0,0,0,1,4,1,3,0,false
4.0.0,doOps,hedwig-server/src/main/java/org/apache/hedwig/server/benchmark/BookieBenchmark.java,null,26,2,10,0,0,0,0,1,4,2,4,3,false
4.0.0,writeSameEntryBatch,bookkeeper-benchmark/src/main/java/org/apache/bookkeeper/benchmark/MySqlClient.java,null,14,2,4,6,0,0,1,0,4,2,3,0,false
4.1.0,run,hedwig-server/src/main/java/org/apache/hedwig/server/regions/RegionManager.java,null,49,9,7,1,1,1,0,1,196,1,3,3,false
4.1.0,finalizeUpgrade,bookkeeper-server/src/main/java/org/apache/bookkeeper/bookie/FileSystemUpgrade.java,null,29,7,3,0,1,0,1,3,0,2,3,0,false
4.1.0,store,bookkeeper-server/src/main/java/org/apache/bookkeeper/meta/LedgerLayout.java,null,4,1,1,1,0,0,1,1,204,1,1,0,false
4.0.0,processResult,bookkeeper-server/src/main/java/org/apache/bookkeeper/bookie/EntryLogger.java,null,76,18,7,8,5,2,0,3,4,2,8,12,false
4.1.0,getRetentionSecs,hedwig-server/src/main/java/org/apache/hedwig/server/common/ServerConfiguration.java,null,3,1,0,0,0,1,1,0,196,1,2,0,false
4.1.0,safeReadComplete,hedwig-server/src/main/java/org/apache/hedwig/server/persistence/BookkeeperPersistenceManager.java,null,23,5,5,4,1,2,0,21,196,1,3,4,false
4.0.0,permanentErrorOnSend,hedwig-server/src/main/java/org/apache/hedwig/server/delivery/FIFODeliveryManager.java,null,3,1,0,0,0,0,0,1,4,2,3,0,false
4.0.0,operationFinished,hedwig-server/src/main/java/org/apache/hedwig/server/topics/AbstractTopicManager.java,null,3,1,0,0,0,0,0,4,4,2,3,0,false
4.0.0,addEntry,bookkeeper-server/src/main/java/org/apache/bookkeeper/bookie/LedgerDescriptor.java,null,11,2,3,1,0,1,3,2,4,2,4,0,false
4.1.0,postReleaseCleanup,hedwig-server/src/main/java/org/apache/hedwig/server/topics/AbstractTopicManager.java,null,1,1,0,0,0,0,1,0,196,1,1,0,false
4.1.0,shutdown,bookkeeper-server/src/main/java/org/apache/bookkeeper/bookie/EntryLogger.java,null,11,2,1,0,1,0,3,2,196,3,12,0,false
4.1.0,retrySubscribe,hedwig-server/src/main/java/org/apache/hedwig/server/regions/RegionManager.java,null,16,2,0,1,0,0,1,0,196,1,3,0,false
4.1.0,getInstance,bookkeeper-server/src/main/java/org/apache/bookkeeper/jmx/BKMBeanRegistry.java,null,3,1,0,0,0,1,0,0,0,1,1,0,false
4.0.0,isValidSubscriberId,hedwig-client/src/main/java/org/apache/hedwig/client/netty/HedwigSubscriber.java,null,4,5,0,0,0,2,8,1,4,1,3,0,false
4.1.0,finalize,hedwig-server/src/main/java/org/apache/hedwig/server/persistence/LocalDBPersistenceManager.java,null,20,5,2,0,1,0,0,0,196,1,2,2,false
4.0.0,errorOutAddKey,bookkeeper-server/src/main/java/org/apache/bookkeeper/proto/PerChannelBookieClient.java,null,15,1,0,0,0,0,2,2,4,3,8,2,false
4.0.0,sendWriteRequest,bookkeeper-server/src/main/java/org/apache/bookkeeper/client/PendingAddOp.java,null,4,2,1,0,0,0,2,2,4,2,3,2,false
4.0.0,initializeHandlers,hedwig-server/src/main/java/org/apache/hedwig/server/proxy/HedwigProxy.java,null,10,1,2,0,0,0,1,3,4,1,3,0,false
4.1.0,executeShutdownSequence,hedwig-server/src/main/java/org/apache/hedwig/admin/console/HedwigConsole.java,HedwigConsole,10,2,1,0,1,0,1,2,0,1,1,1,false
4.1.0,run,bookkeeper-server/src/main/java/org/apache/bookkeeper/meta/HierarchicalLedgerManager.java,null,3,1,0,0,0,0,0,61,204,2,4,0,false
4.0.0,getLocalAddress,bookkeeper-server/src/main/java/org/apache/bookkeeper/proto/BookieServer.java,null,8,2,0,0,1,2,0,1,4,3,10,1,false
4.1.0,getMaximumMessageSize,hedwig-server/src/main/java/org/apache/hedwig/server/proxy/ProxyConfiguration.java,null,3,1,0,0,0,1,1,0,196,1,1,0,false
4.1.0,getName,hedwig-server/src/main/java/org/apache/hedwig/admin/console/HedwigCommands.java,null,3,1,0,0,0,1,1,0,0,1,1,0,false
4.0.0,waitForServerUp,bookkeeper-server/src/main/java/org/apache/bookkeeper/util/LocalBookKeeper.java,null,41,8,9,2,3,2,1,0,4,3,5,4,false
4.1.0,addActiveLedger,bookkeeper-server/src/main/java/org/apache/bookkeeper/meta/HierarchicalLedgerManager.java,null,3,1,0,0,0,0,0,1,204,2,4,0,false
4.1.0,operationFinished,hedwig-server/src/main/java/org/apache/hedwig/server/persistence/BookkeeperPersistenceManager.java,null,7,2,1,0,0,0,0,0,196,1,3,1,false
4.1.0,setZkLedgersRootPath,bookkeeper-server/src/main/java/org/apache/bookkeeper/conf/AbstractConfiguration.java,null,3,1,0,0,0,0,0,0,225,2,2,0,false
4.0.0,readComplete,bookkeeper-server/src/main/java/org/apache/bookkeeper/tools/BookKeeperTools.java,null,22,2,3,1,0,1,0,15,4,2,5,5,false
4.1.0,getMsg,hedwig-client/src/main/java/org/apache/hedwig/client/benchmark/BenchmarkPublisher.java,null,9,2,4,0,0,1,2,0,196,1,1,0,false
4.1.0,getLastConsumeSeqId,hedwig-server/src/main/java/org/apache/hedwig/server/subscriptions/InMemorySubscriptionState.java,null,3,1,0,0,0,1,2,0,196,1,1,0,false
4.0.0,operationComplete,hedwig-client/src/main/java/org/apache/hedwig/client/netty/WriteCallback.java,null,22,9,3,4,0,1,0,10,4,1,3,3,false
4.1.0,replay,bookkeeper-server/src/main/java/org/apache/bookkeeper/bookie/Journal.java,null,27,7,4,2,0,0,1,5,56,1,2,0,false
4.0.0,operationFinished,hedwig-client/src/main/java/org/apache/hedwig/client/benchmark/BenchmarkUtils.java,null,3,1,0,0,0,0,0,1,4,1,2,0,false
4.1.0,findValueByNumber,hedwig-protocol/src/main/java/org/apache/hedwig/protocol/PubSubProtocol.java,null,3,1,0,0,0,1,0,0,196,1,1,0,false
4.1.0,getZkTopicsPrefix,hedwig-server/src/main/java/org/apache/hedwig/server/common/ServerConfiguration.java,null,3,1,0,0,0,1,1,1,196,1,2,1,false
4.0.0,readEntry,bookkeeper-server/src/main/java/org/apache/bookkeeper/proto/PerChannelBookieClient.java,null,24,1,4,2,0,0,1,2,4,3,8,5,false
4.1.0,openComplete,bookkeeper-server/src/main/java/org/apache/bookkeeper/client/BookKeeperAdmin.java,null,72,15,12,4,3,4,0,16,268,2,4,13,false
4.0.0,readEntryComplete,bookkeeper-server/src/main/java/org/apache/bookkeeper/client/ReadLastConfirmedOp.java,null,30,10,5,2,1,1,0,0,131,2,5,2,false
4.1.0,setClean,bookkeeper-server/src/main/java/org/apache/bookkeeper/bookie/LedgerEntryPage.java,null,3,2,1,0,0,0,1,0,196,2,2,0,false
4.0.0,deleteSubscriptionState,hedwig-server/src/main/java/org/apache/hedwig/server/subscriptions/AbstractSubscriptionManager.java,null,1,1,0,0,0,0,1,0,4,2,3,0,false
4.1.0,serialize,bookkeeper-server/src/main/java/org/apache/bookkeeper/meta/LedgerLayout.java,null,8,2,1,1,0,1,1,0,204,1,1,0,false
4.1.0,operationFinished,hedwig-server/src/main/java/org/apache/hedwig/server/handlers/BaseHandler.java,null,8,2,0,0,0,1,0,3,196,1,1,1,false
4.1.0,generateCookie,bookkeeper-server/src/main/java/org/apache/bookkeeper/bookie/Cookie.java,null,14,2,7,1,0,1,2,1,91,1,1,1,false
4.1.0,createIOException,bookkeeper-server/src/main/java/org/apache/bookkeeper/util/HardLink.java,null,5,3,2,2,0,1,1,0,90,1,1,0,false
4.1.0,inUse,bookkeeper-server/src/main/java/org/apache/bookkeeper/bookie/LedgerEntryPage.java,null,3,2,0,0,0,1,1,0,196,2,2,0,false
4.0.0,postReleaseCleanup,hedwig-server/src/main/java/org/apache/hedwig/server/topics/AbstractTopicManager.java,null,1,1,0,0,0,0,1,0,4,2,3,0,false
4.0.0,chooseThread,bookkeeper-server/src/main/java/org/apache/bookkeeper/util/OrderedSafeExecutor.java,null,6,2,0,0,0,2,1,1,4,1,1,0,false
4.1.0,setUnsubscribeRequest,hedwig-protocol/src/main/java/org/apache/hedwig/protocol/PubSubProtocol.java,null,5,1,2,0,0,1,1,1,196,1,1,0,false
4.1.0,setMasterKey,bookkeeper-server/src/main/java/org/apache/bookkeeper/bookie/LedgerCacheImpl.java,null,11,2,2,0,1,0,0,1,84,3,6,0,false
4.0.0,errorOutReadKey,bookkeeper-server/src/main/java/org/apache/bookkeeper/proto/PerChannelBookieClient.java,null,12,1,0,0,0,0,2,2,4,3,8,1,false
4.1.0,readLastConfirmedComplete,bookkeeper-server/src/main/java/org/apache/bookkeeper/client/LedgerOpenOp.java,null,9,2,2,0,0,0,0,0,196,1,1,0,false
4.0.0,findFile,bookkeeper-server/src/main/java/org/apache/bookkeeper/bookie/EntryLogger.java,null,9,3,1,2,0,1,2,0,4,2,8,0,false
4.0.0,shutdown,bookkeeper-server/src/main/java/org/apache/bookkeeper/util/OrderedSafeExecutor.java,null,5,2,1,0,0,0,2,0,4,1,1,0,false
4.0.0,size,bookkeeper-server/src/main/java/org/apache/bookkeeper/bookie/BufferedChannel.java,null,3,1,0,0,0,1,1,0,4,2,3,0,false
4.0.0,readRequest,bookkeeper-server/src/main/java/org/apache/bookkeeper/proto/NIOServerFactory.java,null,4,1,1,0,0,0,1,1,4,3,7,0,false
4.0.0,getMessage,bookkeeper-server/src/main/java/org/apache/bookkeeper/client/BKException.java,null,42,19,0,0,0,19,3,0,4,2,3,1,false
4.1.0,checkPubSubDataToTimeOut,hedwig-client/src/main/java/org/apache/hedwig/client/netty/HedwigClientImpl.java,null,7,2,0,2,0,0,1,0,226,1,1,1,false
4.1.0,processResult,bookkeeper-server/src/main/java/org/apache/bookkeeper/client/LedgerOpenOp.java,null,70,9,2,5,2,6,0,7,196,1,1,7,false
4.0.0,getLh,bookkeeper-server/src/main/java/org/apache/bookkeeper/client/SyncCounter.java,null,3,1,0,0,0,1,3,0,4,1,1,0,false
4.1.0,waitForComplete,bookkeeper-benchmark/src/main/java/org/apache/bookkeeper/benchmark/BenchBookie.java,null,5,2,0,0,0,0,1,0,0,1,2,0,false
4.1.0,hasStartDeliveryRequest,hedwig-protocol/src/main/java/org/apache/hedwig/protocol/PubSubProtocol.java,null,3,1,0,0,0,1,2,1,196,1,1,0,false
4.1.0,getLinkCount,bookkeeper-server/src/main/java/org/apache/bookkeeper/util/HardLink.java,null,43,10,13,1,1,2,0,2,90,1,1,2,false
4.1.0,pickDirs,bookkeeper-server/src/main/java/org/apache/bookkeeper/bookie/LedgerCacheImpl.java,null,3,1,0,0,0,1,1,0,84,3,6,0,false
4.0.0,run,bookkeeper-server/src/main/java/org/apache/bookkeeper/bookie/EntryLogger.java,null,95,7,0,0,1,0,0,0,4,2,8,15,false
4.0.0,halt,bookkeeper-server/src/main/java/org/apache/bookkeeper/client/BookieWatcher.java,null,3,1,0,0,0,0,1,0,4,1,3,0,false
4.0.0,logger,hedwig-client/src/main/java/org/apache/hedwig/util/CallbackUtils.java,null,3,1,0,0,0,1,0,2,4,2,3,0,false
4.0.0,initiate,bookkeeper-server/src/main/java/org/apache/bookkeeper/client/PendingReadOp.java,null,19,4,6,1,0,0,2,4,4,2,3,3,false
4.1.0,writeComplete,bookkeeper-server/src/main/java/org/apache/bookkeeper/client/PendingAddOp.java,null,31,8,3,4,0,4,0,4,196,2,2,3,false
4.1.0,getTriedServersCount,hedwig-protocol/src/main/java/org/apache/hedwig/protocol/PubSubProtocol.java,null,3,1,0,0,0,1,0,1,196,1,1,0,false
4.1.0,setupJLineConsole,src/main/java/org/apache/hedwig/admin/console/HedwigConsole.java,HedwigConsole$ConsoleHandler,6,1,0,0,0,0,1,4,0,0,0,0,false
4.0.0,main,bookkeeper-benchmark/src/main/java/org/apache/bookkeeper/benchmark/MySqlClient.java,null,22,5,3,0,1,0,0,4,4,2,3,0,false
4.0.0,main,bookkeeper-server/src/main/java/org/apache/bookkeeper/tools/BookKeeperTools.java,null,25,5,7,2,0,3,0,6,4,2,5,0,false
4.1.0,getCommand,hedwig-server/src/main/java/org/apache/hedwig/admin/console/HedwigConsole.java,null,3,1,0,0,0,1,4,0,0,1,1,0,false
4.1.0,onFirstLocalSubscribe,hedwig-server/src/main/java/org/apache/hedwig/server/regions/RegionManager.java,null,14,1,0,0,0,0,0,0,196,1,3,0,false
4.1.0,getBookieRecoveryDigestType,bookkeeper-server/src/main/java/org/apache/bookkeeper/conf/ClientConfiguration.java,null,3,1,0,0,0,1,0,1,225,2,3,1,false
4.1.0,ledgerExists,bookkeeper-server/src/main/java/org/apache/bookkeeper/bookie/InterleavedLedgerStorage.java,null,3,1,0,0,0,1,0,1,56,2,3,0,false
4.1.0,call,hedwig-client/src/main/java/org/apache/hedwig/client/benchmark/BenchmarkPublisher.java,null,36,7,13,14,0,1,0,6,196,1,1,0,false
4.0.0,warmup,hedwig-client/src/main/java/org/apache/hedwig/client/benchmark/BenchmarkSubscriber.java,null,3,1,0,1,0,0,1,1,4,1,3,0,false
4.0.0,call,hedwig-client/src/main/java/org/apache/hedwig/client/benchmark/HedwigBenchmark.java,null,32,4,15,2,0,1,1,6,4,2,4,1,false
4.1.0,getMacCodeLength,bookkeeper-server/src/main/java/org/apache/bookkeeper/client/CRC32DigestManager.java,null,3,1,0,0,0,1,0,0,196,1,1,0,false
4.1.0,processPacket,bookkeeper-server/src/main/java/org/apache/bookkeeper/proto/NIOServerFactory.java,null,1,1,0,0,0,0,1,0,196,1,4,0,false
4.0.0,getFlags,bookkeeper-server/src/main/java/org/apache/bookkeeper/proto/BookieProtocol.java,null,3,1,0,0,0,1,0,0,4,2,3,0,false
4.1.0,refreshMyRegionByteString,hedwig-server/src/main/java/org/apache/hedwig/server/common/ServerConfiguration.java,null,3,1,1,0,0,0,2,1,196,1,2,0,false
4.1.0,realGetOwner,hedwig-server/src/main/java/org/apache/hedwig/server/topics/TrivialOwnAllTopicManager.java,null,7,2,0,0,0,1,0,1,196,1,1,0,false
4.1.0,operationComplete,hedwig-server/src/main/java/org/apache/hedwig/server/netty/UmbrellaHandler.java,null,11,3,0,0,0,0,0,0,196,1,1,1,false
4.1.0,refreshRegionList,hedwig-server/src/main/java/org/apache/hedwig/server/common/ServerConfiguration.java,null,9,2,3,0,0,0,2,0,196,1,2,1,false
4.1.0,release,bookkeeper-server/src/main/java/org/apache/bookkeeper/bookie/FileInfo.java,null,11,5,0,0,1,0,5,0,196,1,4,0,false
4.0.0,shutdown,bookkeeper-server/src/main/java/org/apache/bookkeeper/proto/NIOServerFactory.java,null,14,3,0,0,1,0,1,1,4,3,7,1,false
4.1.0,close,hedwig-server/src/main/java/org/apache/hedwig/server/delivery/ChannelEndPoint.java,null,3,1,0,0,0,0,0,0,196,1,1,0,false
4.1.0,runInteractiveMode,hedwig-server/src/main/java/org/apache/hedwig/admin/console/HedwigConsole.java,HedwigConsole,8,2,0,0,0,0,1,3,0,1,1,0,false
4.0.0,startServingSubscription,hedwig-server/src/main/java/org/apache/hedwig/server/delivery/FIFODeliveryManager.java,null,4,1,1,1,0,0,0,2,4,2,3,0,false
4.1.0,getNewBookie,bookkeeper-server/src/main/java/org/apache/bookkeeper/client/BookKeeperAdmin.java,null,9,2,1,0,0,1,1,1,268,2,4,0,false
4.1.0,getMaxAllowedCmdArgLength,bookkeeper-server/src/main/java/org/apache/bookkeeper/util/HardLink.java,null,3,1,0,0,0,1,0,1,90,1,1,0,false
4.1.0,clear,hedwig-protocol/src/main/java/org/apache/hedwig/protocol/PubSubProtocol.java,null,5,1,2,0,0,1,0,0,196,1,1,0,false
4.1.0,warmup,hedwig-client/src/main/java/org/apache/hedwig/client/benchmark/BenchmarkPublisher.java,null,20,3,5,1,0,0,0,4,196,1,1,0,false
4.1.0,hasTxnId,hedwig-protocol/src/main/java/org/apache/hedwig/protocol/PubSubProtocol.java,null,3,1,0,0,0,1,5,0,196,1,1,0,false
4.1.0,create,hedwig-client/src/main/java/org/apache/hedwig/client/netty/HedwigClientImpl.java,null,3,1,0,0,0,1,0,1,226,1,1,0,false
4.1.0,detectPreviousVersion,bookkeeper-server/src/main/java/org/apache/bookkeeper/bookie/FileSystemUpgrade.java,null,25,6,3,2,1,3,3,1,0,2,3,0,false
4.1.0,notifyUnsubcribe,hedwig-server/src/main/java/org/apache/hedwig/server/subscriptions/AbstractSubscriptionManager.java,null,3,2,0,0,0,0,3,0,196,1,4,0,false
4.1.0,readEntry,bookkeeper-server/src/main/java/org/apache/bookkeeper/bookie/LedgerDescriptorImpl.java,null,3,1,0,0,0,1,0,1,84,1,1,0,false
4.1.0,getDescriptor,hedwig-protocol/src/main/java/org/apache/hedwig/protocol/PubSubProtocol.java,null,3,1,0,0,0,1,1,0,196,1,1,0,false
4.1.0,close,bookkeeper-server/src/main/java/org/apache/bookkeeper/proto/NIOServerFactory.java,null,40,8,2,1,5,1,2,0,196,1,4,5,false
4.1.0,getMinimumSeqId,hedwig-server/src/main/java/org/apache/hedwig/server/delivery/FIFODeliveryManager.java,null,7,3,1,1,0,2,1,0,196,1,2,2,false
4.1.0,safeRun,bookkeeper-server/src/main/java/org/apache/bookkeeper/client/BookieWatcher.java,null,3,1,0,0,0,0,0,21,196,1,3,0,false
4.1.0,getSubscribeRequest,hedwig-protocol/src/main/java/org/apache/hedwig/protocol/PubSubProtocol.java,null,3,1,0,0,0,1,2,1,196,1,1,0,false
4.1.0,writeComplete,bookkeeper-benchmark/src/main/java/org/apache/bookkeeper/benchmark/BenchBookie.java,null,9,3,0,1,0,0,0,0,0,1,2,0,false
4.0.0,messageReceived,bookkeeper-server/src/main/java/org/apache/bookkeeper/proto/PerChannelBookieClient.java,null,35,3,5,1,1,2,0,2,4,3,8,1,false
4.0.0,isSSLEnabled,hedwig-client/src/main/java/org/apache/hedwig/client/conf/ClientConfiguration.java,null,3,1,0,0,0,1,6,0,4,1,2,0,false
4.1.0,getZkPath,bookkeeper-server/src/main/java/org/apache/bookkeeper/bookie/Cookie.java,null,4,1,1,2,0,1,3,0,91,1,1,1,false
4.0.0,operationComplete,bookkeeper-server/src/main/java/org/apache/bookkeeper/proto/BookkeeperInternalCallbacks.java,null,1,1,0,0,0,0,0,0,4,2,2,0,false
4.1.0,publish,hedwig-client/src/main/java/org/apache/hedwig/client/netty/HedwigPublisher.java,null,31,8,3,2,1,0,0,2,196,1,1,1,false
4.0.0,asyncMessageConsume,hedwig-client/src/main/java/org/apache/hedwig/client/handlers/SubscribeResponseHandler.java,null,10,5,1,2,0,0,3,6,4,3,5,3,false
4.0.0,getMaximumOutstandingMessages,hedwig-client/src/main/java/org/apache/hedwig/client/conf/ClientConfiguration.java,null,3,1,0,0,0,1,4,0,4,1,2,0,false
4.1.0,instantiate,bookkeeper-server/src/main/java/org/apache/bookkeeper/client/DigestManager.java,null,10,3,0,1,0,2,1,0,196,2,3,0,false
4.1.0,getEntryOffset,bookkeeper-server/src/main/java/org/apache/bookkeeper/bookie/LedgerCacheImpl.java,null,16,3,4,3,1,1,0,2,84,3,6,0,false
4.1.0,isJLineAvailable,hedwig-server/src/main/java/org/apache/hedwig/admin/console/HedwigConsole.java,HedwigConsole,11,2,0,0,1,2,1,0,0,1,1,0,false
4.1.0,mergeMsg,hedwig-protocol/src/main/java/org/apache/hedwig/protocol/PubSubProtocol.java,null,10,3,3,0,0,1,1,5,196,1,1,2,false
4.1.0,getReadAheadCount,hedwig-server/src/main/java/org/apache/hedwig/server/common/ServerConfiguration.java,null,3,1,0,0,0,1,0,0,196,1,2,0,false
4.1.0,runBookies,bookkeeper-server/src/main/java/org/apache/bookkeeper/util/LocalBookKeeper.java,null,19,4,7,4,0,0,1,2,196,2,3,1,false
4.0.0,read,bookkeeper-server/src/main/java/org/apache/bookkeeper/streaming/LedgerInputStream.java,null,14,3,4,1,0,2,0,1,4,1,2,0,false
4.1.0,hasType,hedwig-protocol/src/main/java/org/apache/hedwig/protocol/PubSubProtocol.java,null,3,1,0,0,0,1,1,1,196,1,1,0,false
4.1.0,hasLocalComponent,hedwig-protocol/src/main/java/org/apache/hedwig/protocol/PubSubProtocol.java,null,3,1,0,0,0,1,0,1,196,1,1,0,false
4.1.0,getLeastSubscription,hedwig-server/src/main/java/org/apache/hedwig/admin/console/ReadTopic.java,null,17,5,5,0,0,2,1,1,0,1,1,3,false
4.1.0,runSimpleConsole,hedwig-server/src/main/java/org/apache/hedwig/admin/console/HedwigConsole.java,HedwigConsole,7,2,2,0,0,0,2,1,0,1,1,1,false
4.0.0,getEnsembles,bookkeeper-server/src/main/java/org/apache/bookkeeper/client/LedgerMetadata.java,null,3,1,0,0,0,1,5,0,4,3,6,0,false
4.1.0,preAllocIfNeeded,bookkeeper-server/src/main/java/org/apache/bookkeeper/bookie/JournalChannel.java,null,7,2,1,4,0,0,2,0,125,1,2,0,false
4.0.0,notifyListenersAndAddToOwnedTopics,hedwig-server/src/main/java/org/apache/hedwig/server/topics/AbstractTopicManager.java,null,42,2,2,0,0,0,0,0,4,2,3,0,false
4.1.0,enableRecv,bookkeeper-server/src/main/java/org/apache/bookkeeper/proto/NIOServerFactory.java,null,8,4,1,0,0,0,1,0,196,1,4,0,false
4.1.0,usage,bookkeeper-server/src/main/java/org/apache/bookkeeper/util/LocalBookKeeper.java,null,3,1,0,0,0,0,1,0,196,2,3,0,false
4.1.0,updatePage,bookkeeper-server/src/main/java/org/apache/bookkeeper/bookie/LedgerCacheImpl.java,null,21,4,3,1,1,0,1,1,84,3,6,0,false
4.0.0,exceptionCaught,bookkeeper-server/src/main/java/org/apache/bookkeeper/proto/PerChannelBookieClient.java,null,11,4,1,1,0,2,0,0,4,3,8,1,false
4.0.0,getOwner,hedwig-server/src/main/java/org/apache/hedwig/server/topics/AbstractTopicManager.java,null,3,1,0,0,0,0,0,1,4,2,3,0,false
4.0.0,getOffset,bookkeeper-server/src/main/java/org/apache/bookkeeper/bookie/LedgerEntryPage.java,null,4,1,0,0,0,1,2,1,4,2,2,1,false
4.1.0,newLedgerManager,bookkeeper-server/src/main/java/org/apache/bookkeeper/meta/LedgerManagerFactory.java,null,43,14,6,5,1,3,1,6,204,1,1,3,false
4.1.0,storeTopic2HostMapping,hedwig-client/src/main/java/org/apache/hedwig/client/netty/HedwigClientImpl.java,null,16,5,2,1,0,1,0,1,226,1,1,2,false
4.1.0,readSubscriptions,hedwig-server/src/main/java/org/apache/hedwig/server/subscriptions/AbstractSubscriptionManager.java,null,1,1,0,0,0,0,1,0,196,1,4,0,false
4.0.0,consume,hedwig-client/src/main/java/org/apache/hedwig/client/benchmark/BenchmarkSubscriber.java,null,15,4,3,3,0,0,0,2,4,1,3,1,false
4.0.0,printUsage,bookkeeper-server/src/main/java/org/apache/bookkeeper/proto/BookieServer.java,null,4,1,1,1,0,0,1,0,4,3,10,0,false
4.0.0,getLedgerDigestType,bookkeeper-server/src/main/java/org/apache/bookkeeper/client/BookKeeperAdmin.java,null,3,1,0,0,0,1,1,0,40,2,5,0,false
4.1.0,getQueueLength,bookkeeper-server/src/main/java/org/apache/bookkeeper/bookie/BookieMXBean.java,null,1,1,0,0,0,0,0,0,132,1,1,0,false
4.0.0,checkPage,bookkeeper-server/src/main/java/org/apache/bookkeeper/bookie/LedgerEntryPage.java,null,5,2,0,0,0,0,5,0,4,2,2,0,false
4.1.0,getEntry,bookkeeper-server/src/main/java/org/apache/bookkeeper/bookie/InterleavedLedgerStorage.java,null,11,3,2,0,0,1,0,3,56,2,3,0,false
4.0.0,setOffset,bookkeeper-server/src/main/java/org/apache/bookkeeper/bookie/LedgerEntryPage.java,null,6,1,1,0,0,0,1,1,4,2,2,0,false
4.1.0,setStopDeliveryRequest,hedwig-protocol/src/main/java/org/apache/hedwig/protocol/PubSubProtocol.java,null,5,1,2,0,0,1,0,1,196,1,1,0,false
4.1.0,getTriedServersList,hedwig-protocol/src/main/java/org/apache/hedwig/protocol/PubSubProtocol.java,null,3,1,0,0,0,1,0,0,196,1,1,1,false
4.0.0,run,hedwig-server/src/main/java/org/apache/hedwig/server/netty/PubSubServer.java,null,25,3,10,0,1,1,0,12,4,2,5,0,false
4.0.0,getCode,bookkeeper-server/src/main/java/org/apache/bookkeeper/bookie/BookieException.java,null,3,1,0,0,0,1,0,0,4,2,2,0,false
4.1.0,getMacCodeLength,bookkeeper-server/src/main/java/org/apache/bookkeeper/client/DigestManager.java,null,1,1,0,0,0,0,1,0,196,2,3,0,false
4.1.0,addDeliveryPtr,hedwig-server/src/main/java/org/apache/hedwig/server/delivery/FIFODeliveryManager.java,null,4,1,1,0,0,0,2,1,196,1,2,0,false
4.0.0,getLedgerId,bookkeeper-server/src/main/java/org/apache/bookkeeper/util/StringUtils.java,null,11,2,2,1,1,1,1,0,4,2,2,0,false
4.0.0,closeComplete,bookkeeper-server/src/main/java/org/apache/bookkeeper/client/LedgerRecoveryOp.java,null,10,2,0,2,0,0,0,1,4,2,5,1,false
4.1.0,runCommandLoop,src/main/java/org/apache/hedwig/admin/console/HedwigConsole.java,HedwigConsole$ConsoleHandler,7,2,1,0,0,0,1,2,0,0,0,0,false
4.0.0,run,hedwig-client/src/main/java/org/apache/hedwig/client/handlers/SubscribeReconnectCallback.java,null,5,2,0,1,0,0,0,5,4,1,3,0,false
4.0.0,isFenced,bookkeeper-server/src/main/java/org/apache/bookkeeper/bookie/LedgerDescriptor.java,null,3,1,0,0,0,1,1,0,4,2,4,0,false
4.1.0,getSSLServerPort,hedwig-server/src/main/java/org/apache/hedwig/server/common/ServerConfiguration.java,null,3,1,0,0,0,1,2,0,196,1,2,0,false
4.0.0,update,bookkeeper-server/src/main/java/org/apache/bookkeeper/client/MacDigestManager.java,null,3,1,0,0,0,0,0,0,4,2,3,0,false
4.0.0,asyncRecoverBookieData,bookkeeper-server/src/main/java/org/apache/bookkeeper/client/BookKeeperAdmin.java,null,13,1,0,0,0,0,1,0,40,2,5,2,false
4.0.0,getLedgersInSingleNode,bookkeeper-server/src/main/java/org/apache/bookkeeper/meta/AbstractZkLedgerManager.java,null,25,4,1,2,0,1,0,2,8,1,1,2,false
4.1.0,isConnected,hedwig-server/src/main/java/org/apache/hedwig/server/delivery/FIFODeliveryManager.java,null,3,1,0,0,0,1,2,0,196,1,2,0,false
4.1.0,getNumWorkerThreads,bookkeeper-server/src/main/java/org/apache/bookkeeper/conf/ClientConfiguration.java,null,3,1,0,0,0,1,2,0,225,2,3,1,false
4.1.0,hashCode,bookkeeper-server/src/main/java/org/apache/bookkeeper/proto/PerChannelBookieClient.java,null,3,1,0,1,0,1,0,0,196,3,10,0,false
4.0.0,writeMasterKey,bookkeeper-server/src/main/java/org/apache/bookkeeper/bookie/FileInfo.java,null,12,3,2,3,0,0,1,0,4,2,4,2,false
4.0.0,gc,bookkeeper-server/src/main/java/org/apache/bookkeeper/bookie/EntryLogger.java,null,8,2,0,0,1,0,0,0,4,2,8,1,false
4.0.0,deleteLedger,bookkeeper-server/src/main/java/org/apache/bookkeeper/bookie/LedgerCache.java,null,22,2,1,1,0,0,1,3,4,2,6,3,false
4.0.0,close,bookkeeper-server/src/main/java/org/apache/bookkeeper/client/LedgerMetadata.java,null,3,1,1,0,0,0,1,0,4,3,6,0,false
4.1.0,getSSLPort,hedwig-client/src/main/java/org/apache/hedwig/util/HedwigSocketAddress.java,null,3,1,0,0,0,1,0,0,196,1,1,0,false
4.1.0,getRetryRemoteSubscribeThreadRunInterval,hedwig-server/src/main/java/org/apache/hedwig/server/common/ServerConfiguration.java,null,3,1,0,0,0,1,0,0,196,1,2,0,false
4.0.0,stopDelivery,hedwig-client/src/main/java/org/apache/hedwig/client/netty/HedwigSubscriber.java,null,19,3,3,3,0,0,0,4,4,1,3,2,false
4.0.0,handlePublishResponse,hedwig-client/src/main/java/org/apache/hedwig/client/handlers/PublishResponseHandler.java,null,18,5,0,3,0,0,1,4,4,1,3,1,false
4.1.0,ledgersPath,hedwig-server/src/main/java/org/apache/hedwig/server/persistence/BookkeeperPersistenceManager.java,null,3,1,0,0,0,1,4,0,196,1,3,0,false
4.1.0,asyncSubUnsub,hedwig-client/src/main/java/org/apache/hedwig/client/netty/HedwigSubscriber.java,null,22,6,3,0,0,0,3,3,196,1,4,4,false
4.1.0,hubPath,hedwig-server/src/main/java/org/apache/hedwig/server/topics/ZkTopicManager.java,null,3,1,0,0,0,1,3,0,196,1,2,0,false
4.0.0,getZnodeVersion,bookkeeper-server/src/main/java/org/apache/bookkeeper/client/LedgerMetadata.java,null,3,1,0,0,0,1,1,0,4,3,6,0,false
4.0.0,getReplicaIndex,bookkeeper-server/src/main/java/org/apache/bookkeeper/client/DistributionSchedule.java,null,1,1,0,0,0,0,0,0,4,2,2,0,false
4.1.0,getRangesList,hedwig-protocol/src/main/java/org/apache/hedwig/protocol/PubSubProtocol.java,null,3,1,0,0,0,1,4,0,196,1,1,0,false
4.1.0,readLedger,bookkeeper-benchmark/src/main/java/org/apache/bookkeeper/benchmark/BenchReadThroughputLatency.java,null,68,12,20,5,2,0,3,0,0,1,1,6,false
4.1.0,checkOpen,bookkeeper-server/src/main/java/org/apache/bookkeeper/bookie/FileInfo.java,null,34,9,3,2,1,1,6,3,196,1,4,1,false
4.1.0,enqueueWithoutFailure,hedwig-server/src/main/java/org/apache/hedwig/server/delivery/FIFODeliveryManager.java,null,5,2,0,1,0,0,4,0,196,1,2,0,false
4.1.0,getLedgerId,hedwig-protocol/src/main/java/org/apache/hedwig/protocol/PubSubProtocol.java,null,3,1,0,0,0,1,10,0,196,1,1,0,false
4.1.0,getSubCommands,hedwig-server/src/main/java/org/apache/hedwig/admin/console/HedwigCommands.java,null,3,1,0,0,0,1,1,0,0,1,1,0,false
4.1.0,prefixes,hedwig-client/src/main/java/org/apache/hedwig/util/PathUtils.java,null,11,3,2,0,0,1,0,0,196,1,1,0,false
4.0.0,canProceedWithRecovery,bookkeeper-server/src/main/java/org/apache/bookkeeper/client/DistributionSchedule.java,null,1,1,0,0,0,0,0,0,4,2,2,0,false
4.1.0,deleteSubscriptionState,hedwig-server/src/main/java/org/apache/hedwig/server/subscriptions/AbstractSubscriptionManager.java,null,1,1,0,0,0,0,2,0,196,1,4,0,false
4.0.0,consume,hedwig-client/src/main/java/org/apache/hedwig/client/benchmark/BenchmarkPublisher.java,null,3,1,0,0,0,0,0,0,4,1,2,0,false
4.1.0,getLastSeqIdCommunicatedExternally,hedwig-server/src/main/java/org/apache/hedwig/server/delivery/FIFODeliveryManager.java,null,3,1,0,0,0,1,1,0,196,1,2,0,false
4.0.0,getFileInfo,bookkeeper-server/src/main/java/org/apache/bookkeeper/bookie/LedgerCache.java,null,38,9,8,1,0,1,6,7,4,2,6,4,false
4.1.0,upgrade,bookkeeper-server/src/main/java/org/apache/bookkeeper/bookie/FileSystemUpgrade.java,null,58,8,8,1,4,0,1,11,0,2,3,2,false
4.1.0,getReadTimeout,bookkeeper-server/src/main/java/org/apache/bookkeeper/conf/ClientConfiguration.java,null,3,1,0,0,0,1,1,0,225,2,3,0,false
4.1.0,getStartLedgerIdByLevel,bookkeeper-server/src/main/java/org/apache/bookkeeper/meta/HierarchicalLedgerManager.java,null,3,1,0,0,0,1,3,1,204,2,4,0,false
4.0.0,getCode,bookkeeper-server/src/main/java/org/apache/bookkeeper/client/BKException.java,null,3,1,0,0,0,1,2,0,4,2,3,0,false
4.1.0,setStartDeliveryRequest,hedwig-protocol/src/main/java/org/apache/hedwig/protocol/PubSubProtocol.java,null,5,1,2,0,0,1,0,1,196,1,1,0,false
4.0.0,write,bookkeeper-server/src/main/java/org/apache/bookkeeper/streaming/LedgerOutputStream.java,null,5,1,1,0,0,0,0,1,4,1,2,0,false
4.0.0,onFirstLocalSubscribe,hedwig-server/src/main/java/org/apache/hedwig/server/regions/RegionManager.java,null,50,1,0,0,0,0,0,0,4,1,3,2,false
4.1.0,refreshMyServerAddress,hedwig-server/src/main/java/org/apache/hedwig/server/common/ServerConfiguration.java,null,8,2,1,0,1,0,2,3,196,1,2,2,false
4.1.0,containsIndexFiles,bookkeeper-server/src/main/java/org/apache/bookkeeper/bookie/FileSystemUpgrade.java,null,21,6,2,0,1,4,2,1,0,2,3,0,false
4.1.0,getValueAndReset,bookkeeper-server/src/main/java/org/apache/bookkeeper/client/DigestManager.java,null,1,1,0,0,0,0,2,0,196,2,3,0,false
4.1.0,linkCount,bookkeeper-server/src/main/java/org/apache/bookkeeper/util/HardLink.java,null,6,1,2,1,0,1,0,0,90,1,1,0,false
4.0.0,recoverComplete,bookkeeper-server/src/main/java/org/apache/bookkeeper/tools/BookKeeperTools.java,null,8,1,2,1,0,0,0,0,4,2,5,0,false
4.0.0,handleSubscribeMessage,hedwig-client/src/main/java/org/apache/hedwig/client/handlers/SubscribeResponseHandler.java,null,14,5,2,2,0,0,1,1,4,3,5,2,false
4.1.0,toString,bookkeeper-server/src/main/java/org/apache/bookkeeper/bookie/EntryLogger.java,null,5,1,1,0,0,1,0,0,196,3,12,0,false
4.1.0,isSpecialZnode,bookkeeper-server/src/main/java/org/apache/bookkeeper/meta/HierarchicalLedgerManager.java,null,3,1,0,0,0,1,4,0,204,2,4,0,false
4.1.0,getAllDirectories,bookkeeper-server/src/main/java/org/apache/bookkeeper/bookie/FileSystemUpgrade.java,null,8,2,1,0,0,1,3,0,0,2,3,0,false
4.1.0,scanJournal,bookkeeper-server/src/main/java/org/apache/bookkeeper/bookie/Journal.java,null,40,7,8,1,1,0,1,6,56,1,2,9,false
4.1.0,messageReceived,bookkeeper-server/src/main/java/org/apache/bookkeeper/proto/PerChannelBookieClient.java,null,35,3,5,1,1,2,0,3,196,3,10,1,false
4.1.0,isInterRegionSSLEnabled,hedwig-server/src/main/java/org/apache/hedwig/server/common/ServerConfiguration.java,null,3,1,0,0,0,1,2,0,196,1,2,0,false
4.1.0,getRemoteComponentsList,hedwig-protocol/src/main/java/org/apache/hedwig/protocol/PubSubProtocol.java,null,3,1,0,0,0,1,0,0,196,1,1,1,false
4.1.0,realGetOwner,hedwig-server/src/main/java/org/apache/hedwig/server/topics/ZkTopicManager.java,null,11,3,0,0,0,2,0,2,196,1,2,0,false
4.0.0,getrc,bookkeeper-server/src/main/java/org/apache/bookkeeper/client/SyncCounter.java,null,3,1,0,0,0,1,7,0,4,1,1,0,false
4.0.0,tearDown,hedwig-server/src/main/java/org/apache/hedwig/server/benchmark/BookkeeperBenchmark.java,null,3,1,0,0,0,0,0,1,4,2,3,0,false
4.1.0,getHedwigCommands,hedwig-server/src/main/java/org/apache/hedwig/admin/console/HedwigCommands.java,null,3,1,0,0,0,1,0,0,0,1,1,0,false
4.0.0,initiate,bookkeeper-server/src/main/java/org/apache/bookkeeper/client/PendingAddOp.java,null,7,2,3,0,0,0,1,2,4,2,3,1,false
4.1.0,getResponseHandlerFromChannel,hedwig-client/src/main/java/org/apache/hedwig/client/netty/HedwigClientImpl.java,null,3,1,0,0,0,1,1,0,226,1,1,1,false
4.0.0,readBookies,bookkeeper-server/src/main/java/org/apache/bookkeeper/client/BookieWatcher.java,null,20,2,2,0,0,0,1,1,4,1,3,4,false
4.1.0,toString,bookkeeper-server/src/main/java/org/apache/bookkeeper/bookie/Cookie.java,null,5,1,1,0,0,1,2,0,91,1,1,0,false
4.1.0,claimOrChoose,hedwig-server/src/main/java/org/apache/hedwig/server/topics/ZkTopicManager.java,null,4,2,0,0,0,0,2,2,196,1,2,0,false
4.1.0,initiate,bookkeeper-server/src/main/java/org/apache/bookkeeper/client/PendingReadOp.java,null,19,4,6,1,0,0,1,3,196,2,3,3,false
4.1.0,submitCallback,bookkeeper-server/src/main/java/org/apache/bookkeeper/client/PendingReadOp.java,null,3,1,0,0,0,0,2,0,196,2,3,0,false
4.1.0,formatMessage,hedwig-server/src/main/java/org/apache/hedwig/admin/console/ReadTopic.java,null,47,7,7,3,0,0,1,0,0,1,1,7,false
4.1.0,checkAccess,bookkeeper-server/src/main/java/org/apache/bookkeeper/bookie/LedgerDescriptorReadOnlyImpl.java,null,4,1,0,0,0,0,0,0,84,1,1,0,false
4.0.0,readEntryComplete,bookkeeper-server/src/main/java/org/apache/bookkeeper/client/PendingReadOp.java,null,26,6,4,3,1,2,0,4,4,2,3,1,false
4.0.0,isAutoSendConsumeMessageEnabled,hedwig-client/src/main/java/org/apache/hedwig/client/conf/ClientConfiguration.java,null,3,1,0,0,0,1,2,0,4,1,2,0,false
4.1.0,isEmpty,bookkeeper-server/src/main/java/org/apache/bookkeeper/bookie/GarbageCollectorThread.java,null,3,1,0,0,0,1,1,0,96,3,6,0,false
4.1.0,getZkAvailableBookiesPath,bookkeeper-server/src/main/java/org/apache/bookkeeper/conf/AbstractConfiguration.java,null,3,1,0,1,0,1,0,1,225,2,2,0,false
4.0.0,setChannelForTopic,hedwig-client/src/main/java/org/apache/hedwig/client/netty/HedwigSubscriber.java,null,3,1,0,0,0,0,1,0,4,1,3,0,false
4.1.0,postReleaseCleanup,hedwig-server/src/main/java/org/apache/hedwig/server/topics/ZkTopicManager.java,null,34,1,0,0,0,0,0,1,196,1,2,4,false
4.1.0,initializeConsole,hedwig-server/src/main/java/org/apache/hedwig/admin/console/HedwigConsole.java,HedwigConsole,5,1,2,0,0,0,1,1,0,1,1,0,false
4.0.0,asyncProcessLedgersInSingleNode,bookkeeper-server/src/main/java/org/apache/bookkeeper/meta/AbstractZkLedgerManager.java,null,22,1,0,0,0,0,0,1,8,1,1,1,false
4.1.0,getCode,bookkeeper-server/src/main/java/org/apache/bookkeeper/client/BKException.java,null,3,1,0,0,0,1,2,0,196,1,1,0,false
4.1.0,makeShellPath,bookkeeper-server/src/main/java/org/apache/bookkeeper/util/HardLink.java,null,27,5,6,2,1,2,4,0,90,1,1,3,false
4.1.0,initializeHandlers,hedwig-server/src/main/java/org/apache/hedwig/server/proxy/HedwigProxy.java,null,10,1,2,0,0,0,1,0,196,1,2,0,false
4.0.0,zeroPage,bookkeeper-server/src/main/java/org/apache/bookkeeper/bookie/LedgerEntryPage.java,null,6,1,1,0,0,0,2,1,4,2,2,0,false
4.0.0,createSubscriptionState,hedwig-server/src/main/java/org/apache/hedwig/server/subscriptions/AbstractSubscriptionManager.java,null,1,1,0,0,0,0,1,0,4,2,3,0,false
4.1.0,hasMsgId,hedwig-protocol/src/main/java/org/apache/hedwig/protocol/PubSubProtocol.java,null,3,1,0,0,0,1,6,0,196,1,1,0,false
4.0.0,getValueAndReset,bookkeeper-server/src/main/java/org/apache/bookkeeper/client/CRC32DigestManager.java,null,1,1,0,0,0,0,3,0,4,1,1,0,false
4.1.0,asyncProcessLedgers,bookkeeper-server/src/main/java/org/apache/bookkeeper/meta/HierarchicalLedgerManager.java,null,19,1,0,0,0,0,0,1,204,2,4,0,false
4.1.0,main,bookkeeper-benchmark/src/main/java/org/apache/bookkeeper/benchmark/BenchThroughputLatency.java,null,133,14,38,13,0,0,0,10,0,3,4,18,false
4.1.0,putIntoTable,bookkeeper-server/src/main/java/org/apache/bookkeeper/bookie/LedgerCacheImpl.java,null,8,2,2,0,0,0,1,0,84,3,6,0,false
4.0.0,getPageToWrite,bookkeeper-server/src/main/java/org/apache/bookkeeper/bookie/LedgerEntryPage.java,null,5,1,0,0,0,1,1,1,4,2,2,0,false
4.1.0,removeEntryLog,bookkeeper-server/src/main/java/org/apache/bookkeeper/bookie/GarbageCollectorThread.java,null,5,2,0,0,0,0,2,0,96,3,6,0,false
4.1.0,getSeqId,hedwig-protocol/src/main/java/org/apache/hedwig/protocol/PubSubProtocol.java,null,3,1,0,0,0,1,0,1,196,1,1,0,false
4.1.0,getLastEntry,bookkeeper-server/src/main/java/org/apache/bookkeeper/bookie/LedgerCacheImpl.java,null,52,12,14,11,1,1,0,3,84,3,6,4,false
4.1.0,getSessionTimeout,bookkeeper-server/src/main/java/org/apache/bookkeeper/proto/NIOServerFactory.java,null,3,1,0,0,0,1,0,0,196,1,4,0,false
4.0.0,readLastConfirmedComplete,bookkeeper-server/src/main/java/org/apache/bookkeeper/client/LedgerOpenOp.java,null,9,2,2,0,0,0,0,0,4,2,8,0,false
4.0.0,enqueueWithoutFailure,hedwig-server/src/main/java/org/apache/hedwig/server/delivery/FIFODeliveryManager.java,null,5,2,0,1,0,0,4,0,4,2,3,0,false
4.1.0,unsetSuccessAndSendWriteRequest,bookkeeper-server/src/main/java/org/apache/bookkeeper/client/PendingAddOp.java,null,20,6,2,2,0,2,1,2,196,2,2,1,false
4.0.0,operationFailed,hedwig-server/src/main/java/org/apache/hedwig/server/topics/AbstractTopicManager.java,null,4,1,0,0,0,0,0,1,4,2,3,0,false
4.1.0,toString,hedwig-server/src/main/java/org/apache/hedwig/server/delivery/FIFODeliveryManager.java,null,8,1,1,0,0,1,0,0,196,1,2,0,false
4.1.0,writeHeader,bookkeeper-server/src/main/java/org/apache/bookkeeper/bookie/FileInfo.java,null,10,1,1,0,0,0,1,0,196,1,4,5,false
4.1.0,removeEntryLog,bookkeeper-server/src/main/java/org/apache/bookkeeper/bookie/EntryLogger.java,null,21,4,2,1,2,2,1,1,196,3,12,2,false
4.0.0,close,bookkeeper-server/src/main/java/org/apache/bookkeeper/streaming/LedgerInputStream.java,null,2,1,0,0,0,0,0,0,4,1,2,0,false
4.1.0,update,bookkeeper-server/src/main/java/org/apache/bookkeeper/client/DigestManager.java,null,1,1,0,0,0,0,3,0,196,2,3,0,false
4.0.0,retrySubscribeRequest,hedwig-client/src/main/java/org/apache/hedwig/client/handlers/SubscribeReconnectCallback.java,null,4,2,0,0,0,1,3,8,4,1,3,0,false
4.1.0,hasMsg,hedwig-protocol/src/main/java/org/apache/hedwig/protocol/PubSubProtocol.java,null,3,1,0,0,0,1,2,1,196,1,1,0,false
4.0.0,messageConsumed,hedwig-client/src/main/java/org/apache/hedwig/client/handlers/SubscribeResponseHandler.java,null,18,9,3,3,0,0,0,5,4,3,5,3,false
4.1.0,addAllRemoteComponents,hedwig-protocol/src/main/java/org/apache/hedwig/protocol/PubSubProtocol.java,null,7,2,1,0,0,1,2,1,196,1,1,1,false
4.1.0,readEntryComplete,bookkeeper-server/src/main/java/org/apache/bookkeeper/client/ReadLastConfirmedOp.java,null,36,14,8,2,1,1,0,4,450,2,5,2,false
4.1.0,process,bookkeeper-server/src/main/java/org/apache/bookkeeper/client/BookKeeperAdmin.java,null,27,3,0,3,0,1,0,4,268,2,4,5,false
4.1.0,call,hedwig-client/src/main/java/org/apache/hedwig/client/benchmark/HedwigBenchmark.java,null,32,4,15,2,0,1,1,0,196,1,1,1,false
4.0.0,setNotConnected,hedwig-server/src/main/java/org/apache/hedwig/server/delivery/FIFODeliveryManager.java,null,4,1,1,0,0,0,1,0,4,2,3,0,false
4.1.0,process,bookkeeper-server/src/main/java/org/apache/bookkeeper/bookie/GarbageCollectorThread.java,null,3,1,0,1,0,0,0,1,96,3,6,0,false
4.0.0,getStats,bookkeeper-server/src/main/java/org/apache/bookkeeper/proto/NIOServerFactory.java,null,3,1,0,0,0,1,0,0,4,3,7,0,false
4.0.0,isNioServerRunning,bookkeeper-server/src/main/java/org/apache/bookkeeper/proto/BookieServer.java,null,3,1,0,0,0,1,1,0,4,3,10,0,false
4.1.0,serialize,bookkeeper-server/src/main/java/org/apache/bookkeeper/client/LedgerMetadata.java,null,19,5,1,1,0,1,8,16,196,3,5,0,false
4.1.0,performRequest,hedwig-server/src/main/java/org/apache/hedwig/server/delivery/FIFODeliveryManager.java,null,1,1,0,0,0,0,1,0,196,1,2,0,false
4.0.0,getLastEntry,bookkeeper-server/src/main/java/org/apache/bookkeeper/bookie/LedgerCache.java,null,20,5,4,1,0,1,1,4,4,2,6,1,false
4.1.0,updateSubscriptionStates,hedwig-server/src/main/java/org/apache/hedwig/server/subscriptions/AbstractSubscriptionManager.java,null,24,5,4,0,0,0,2,4,196,1,4,3,false
4.0.0,addEnsemble,bookkeeper-server/src/main/java/org/apache/bookkeeper/client/LedgerMetadata.java,null,5,2,1,0,0,0,4,0,4,3,6,0,false
4.1.0,getRemoteComponents,hedwig-protocol/src/main/java/org/apache/hedwig/protocol/PubSubProtocol.java,null,3,1,0,0,0,1,1,1,196,1,1,0,false
4.0.0,notifyUnsubcribe,hedwig-server/src/main/java/org/apache/hedwig/server/subscriptions/AbstractSubscriptionManager.java,null,3,2,0,0,0,0,2,0,4,2,3,0,false
4.1.0,putEntryOffset,bookkeeper-server/src/main/java/org/apache/bookkeeper/bookie/LedgerCacheImpl.java,null,13,3,4,3,0,1,0,2,84,3,6,0,false
4.0.0,operationFinished,hedwig-client/src/main/java/org/apache/hedwig/util/CallbackUtils.java,null,3,1,0,0,0,0,0,11,4,2,3,0,false
4.0.0,instantiatePersistenceManager,hedwig-server/src/main/java/org/apache/hedwig/server/netty/PubSubServer.java,null,21,4,5,0,1,1,1,4,4,2,5,0,false
4.1.0,isInitialized,hedwig-protocol/src/main/java/org/apache/hedwig/protocol/PubSubProtocol.java,null,4,2,0,0,0,2,5,1,196,1,1,0,false
4.0.0,operationFinished,hedwig-client/src/main/java/org/apache/hedwig/client/handlers/MessageConsumeCallback.java,null,6,1,3,0,0,0,0,7,4,1,3,3,false
4.0.0,operationComplete,hedwig-client/src/main/java/org/apache/hedwig/client/netty/HedwigSubscriber.java,null,9,2,0,2,0,0,0,5,4,1,3,0,false
4.1.0,extractMetaFromEntryLog,bookkeeper-server/src/main/java/org/apache/bookkeeper/bookie/EntryLogger.java,null,12,2,2,2,1,1,0,3,196,3,12,0,false
4.0.0,setrc,bookkeeper-server/src/main/java/org/apache/bookkeeper/client/SyncCounter.java,null,3,1,1,0,0,0,6,0,4,1,1,0,false
4.1.0,getEnsembles,bookkeeper-server/src/main/java/org/apache/bookkeeper/client/LedgerMetadata.java,null,3,1,0,0,0,1,5,0,196,3,5,0,false
4.1.0,read,hedwig-server/src/main/java/org/apache/hedwig/server/persistence/BookkeeperPersistenceManager.java,null,67,3,1,8,0,1,2,3,196,1,3,6,false
4.1.0,operationFailed,hedwig-server/src/main/java/org/apache/hedwig/server/persistence/BookkeeperPersistenceManager.java,null,3,1,0,0,0,0,0,1,196,1,3,0,false
4.1.0,notifyListenersAndAddToOwnedTopics,hedwig-server/src/main/java/org/apache/hedwig/server/topics/AbstractTopicManager.java,null,42,2,2,0,0,0,2,0,196,1,1,0,false
4.1.0,getZkTimeout,hedwig-server/src/main/java/org/apache/hedwig/server/common/ServerConfiguration.java,null,3,1,0,0,0,1,1,0,196,1,2,0,false
4.1.0,getNumUsedPages,bookkeeper-server/src/main/java/org/apache/bookkeeper/bookie/LedgerCacheImpl.java,null,3,1,0,0,0,1,1,0,84,3,6,0,false
4.1.0,toString,hedwig-client/src/main/java/org/apache/hedwig/util/HedwigSocketAddress.java,null,5,1,1,0,0,1,0,0,196,1,1,0,false
4.1.0,getMessage,bookkeeper-server/src/main/java/org/apache/bookkeeper/client/BKException.java,null,44,20,0,0,0,20,3,0,196,1,1,1,false
4.1.0,getOffset,bookkeeper-server/src/main/java/org/apache/bookkeeper/bookie/LedgerEntryPage.java,null,4,1,0,0,0,1,2,1,196,2,2,1,false
4.0.0,validate,hedwig-client/src/main/java/org/apache/hedwig/client/conf/ClientConfiguration.java,null,5,3,0,0,0,0,0,2,4,1,2,1,false
4.1.0,getSrcSeqId,hedwig-client/src/main/java/org/apache/hedwig/client/benchmark/BenchmarkSubscriber.java,null,9,4,0,0,0,3,1,0,196,1,1,4,false
4.1.0,safeAddComplete,hedwig-server/src/main/java/org/apache/hedwig/server/persistence/BookkeeperPersistenceManager.java,null,26,4,3,4,0,1,0,3,196,1,3,3,false
4.0.0,getStartDeliveryHandler,hedwig-server/src/main/java/org/apache/hedwig/server/proxy/HedwigProxy.java,null,3,1,0,0,0,1,0,0,4,1,3,0,false
4.0.0,putIntoTable,bookkeeper-server/src/main/java/org/apache/bookkeeper/bookie/LedgerCache.java,null,8,2,2,0,0,0,2,2,4,2,6,0,false
4.1.0,setThrottleValue,bookkeeper-server/src/main/java/org/apache/bookkeeper/conf/ClientConfiguration.java,null,4,1,0,0,0,1,0,0,225,2,3,0,false
4.0.0,flush,bookkeeper-server/src/main/java/org/apache/bookkeeper/streaming/LedgerOutputStream.java,null,17,4,1,2,1,0,2,1,4,1,2,1,false
4.1.0,setFirstEntry,bookkeeper-server/src/main/java/org/apache/bookkeeper/bookie/LedgerEntryPage.java,null,6,2,1,2,0,0,1,0,196,2,2,0,false
4.1.0,getChannelForLogId,bookkeeper-server/src/main/java/org/apache/bookkeeper/bookie/EntryLogger.java,null,19,3,5,0,0,3,3,1,196,3,12,1,false
4.1.0,getBookieIndex,bookkeeper-server/src/main/java/org/apache/bookkeeper/client/DistributionSchedule.java,null,1,1,0,0,0,0,0,0,196,1,1,0,false
4.1.0,ensureSeqIdExistsForTopic,hedwig-server/src/main/java/org/apache/hedwig/server/persistence/LocalDBPersistenceManager.java,null,12,3,3,0,0,3,3,3,196,1,2,0,false
4.1.0,doRecoveryRead,bookkeeper-server/src/main/java/org/apache/bookkeeper/client/LedgerRecoveryOp.java,null,4,1,0,0,0,0,4,1,196,3,6,0,false
4.1.0,getTopicSubscriptions,hedwig-server/src/main/java/org/apache/hedwig/admin/HedwigAdmin.java,null,21,4,8,0,1,1,2,2,0,2,2,1,false
4.0.0,setLastLogId,bookkeeper-server/src/main/java/org/apache/bookkeeper/bookie/EntryLogger.java,null,16,2,2,1,2,0,1,0,4,2,8,2,false
4.0.0,instantiateSubscriptionManager,hedwig-server/src/main/java/org/apache/hedwig/server/netty/PubSubServer.java,null,8,2,0,0,0,2,1,1,4,2,5,0,false
4.0.0,disableRecv,bookkeeper-server/src/main/java/org/apache/bookkeeper/proto/NIOServerFactory.java,null,3,1,0,0,0,0,0,0,4,3,7,0,false
4.1.0,operationComplete,bookkeeper-server/src/main/java/org/apache/bookkeeper/client/LedgerOpenOp.java,null,11,3,0,0,0,0,0,11,196,1,1,0,false
4.0.0,fromInt,bookkeeper-server/src/main/java/org/apache/bookkeeper/proto/BookieProtocol.java,null,13,2,6,2,0,1,0,1,4,2,3,0,false
4.1.0,operationComplete,bookkeeper-server/src/main/java/org/apache/bookkeeper/meta/AbstractZkLedgerManager.java,null,9,2,2,0,0,0,0,0,204,3,4,1,false
4.1.0,submitCallback,bookkeeper-server/src/main/java/org/apache/bookkeeper/client/PendingAddOp.java,null,4,1,0,0,0,0,2,1,196,2,2,1,false
4.1.0,getMessageHandler,hedwig-client/src/main/java/org/apache/hedwig/client/handlers/SubscribeResponseHandler.java,null,3,1,0,0,0,1,0,0,196,1,1,0,false
4.1.0,getMaximumCacheSize,hedwig-server/src/main/java/org/apache/hedwig/server/common/ServerConfiguration.java,null,3,1,0,2,0,1,0,0,196,1,2,1,false
4.1.0,setMessageHandler,hedwig-client/src/main/java/org/apache/hedwig/client/handlers/SubscribeResponseHandler.java,null,15,7,1,1,0,0,0,2,196,1,1,4,false
4.1.0,linkOne,bookkeeper-server/src/main/java/org/apache/bookkeeper/util/HardLink.java,null,7,1,3,0,0,1,0,0,90,1,1,0,false
4.1.0,writeTopicLedgersNode,hedwig-server/src/main/java/org/apache/hedwig/server/persistence/BookkeeperPersistenceManager.java,null,15,1,1,0,0,0,1,1,196,1,3,1,false
4.1.0,getHistoryFile,src/main/java/org/apache/hedwig/admin/console/HedwigConsole.java,HedwigConsole$ConsoleHandler,6,1,2,0,0,1,1,0,0,0,0,0,false
4.1.0,getLedgerPath,bookkeeper-server/src/main/java/org/apache/bookkeeper/meta/HierarchicalLedgerManager.java,null,6,1,2,0,0,1,1,1,204,2,4,2,false
4.1.0,finish,hedwig-server/src/main/java/org/apache/hedwig/server/regions/RegionManager.java,null,3,1,0,0,0,0,3,1,196,1,3,0,false
4.1.0,writeTo,hedwig-protocol/src/main/java/org/apache/hedwig/protocol/PubSubProtocol.java,null,7,2,0,0,0,0,0,3,196,1,1,1,false
4.1.0,run,hedwig-server/src/main/java/org/apache/hedwig/server/persistence/BookkeeperPersistenceManager.java,null,39,5,6,0,0,1,0,7,196,1,3,5,false
4.1.0,mergeUnsubscribeRequest,hedwig-protocol/src/main/java/org/apache/hedwig/protocol/PubSubProtocol.java,null,10,3,3,0,0,1,1,5,196,1,1,2,false
4.0.0,consume,hedwig-client/src/main/java/org/apache/hedwig/client/api/MessageHandler.java,null,1,1,0,0,0,0,0,0,4,1,2,0,false
4.1.0,usage,hedwig-server/src/main/java/org/apache/hedwig/admin/console/HedwigConsole.java,null,9,2,0,1,0,0,2,1,0,1,1,1,false
4.0.0,writeComplete,bookkeeper-server/src/main/java/org/apache/bookkeeper/proto/BookieServer.java,null,13,2,2,1,0,0,0,0,4,3,10,4,false
4.1.0,grabCleanPage,bookkeeper-server/src/main/java/org/apache/bookkeeper/bookie/LedgerCacheImpl.java,null,60,14,8,2,0,2,1,1,84,3,6,14,false
4.1.0,checkPage,bookkeeper-server/src/main/java/org/apache/bookkeeper/bookie/LedgerEntryPage.java,null,5,2,0,0,0,0,5,0,196,2,2,0,false
4.1.0,doGc,bookkeeper-server/src/main/java/org/apache/bookkeeper/meta/AbstractZkLedgerManager.java,null,8,3,0,0,0,0,2,0,204,3,4,0,false
4.1.0,main,hedwig-server/src/main/java/org/apache/hedwig/admin/console/HedwigConsole.java,null,4,1,1,0,0,0,0,2,0,1,1,0,false
4.0.0,total,bookkeeper-server/src/main/java/org/apache/bookkeeper/client/SyncCounter.java,null,3,1,0,0,0,1,0,0,4,1,1,0,false
4.0.0,operationFailed,hedwig-server/src/main/java/org/apache/hedwig/server/subscriptions/AbstractSubscriptionManager.java,null,4,1,0,1,0,0,0,0,4,2,3,0,false
4.0.0,getSubscriptionList,hedwig-client/src/main/java/org/apache/hedwig/client/netty/HedwigSubscriber.java,null,3,1,0,0,0,1,0,0,4,1,3,0,false
4.1.0,parseOptions,hedwig-server/src/main/java/org/apache/hedwig/admin/console/HedwigConsole.java,null,26,5,5,1,1,3,1,0,0,1,1,3,false
4.0.0,getMsg,hedwig-client/src/main/java/org/apache/hedwig/client/benchmark/BenchmarkPublisher.java,null,9,2,4,0,0,1,2,0,4,1,2,0,false
4.0.0,runZookeeper,bookkeeper-server/src/main/java/org/apache/bookkeeper/util/LocalBookKeeper.java,null,17,2,4,1,1,0,1,1,4,3,5,1,false
4.0.0,addListener,hedwig-server/src/main/java/org/apache/hedwig/server/subscriptions/AbstractSubscriptionManager.java,null,3,1,0,0,0,0,0,0,4,2,3,0,false
4.0.0,getBookieIndex,bookkeeper-server/src/main/java/org/apache/bookkeeper/client/DistributionSchedule.java,null,1,1,0,0,0,0,0,0,4,2,2,0,false
4.1.0,operationFinished,hedwig-client/src/main/java/org/apache/hedwig/client/handlers/SubscribeReconnectCallback.java,null,12,4,0,2,1,0,0,2,196,1,1,1,false
4.1.0,getNumSubscriptionChannels,hedwig-server/src/main/java/org/apache/hedwig/server/handlers/NettyHandlerBean.java,null,3,1,0,0,0,1,0,0,75,1,1,1,false
4.1.0,getStopDeliveryHandler,hedwig-server/src/main/java/org/apache/hedwig/server/proxy/HedwigProxy.java,null,3,1,0,0,0,1,0,0,196,1,2,0,false
4.1.0,close,bookkeeper-server/src/main/java/org/apache/bookkeeper/bookie/FileInfo.java,null,7,3,1,0,0,0,3,1,196,1,4,0,false
4.1.0,runCmd,hedwig-server/src/main/java/org/apache/hedwig/admin/console/HedwigConsole.java,null,24,5,5,1,1,2,0,0,0,1,1,1,false
4.0.0,getMessageConsumeRetryWaitTime,hedwig-client/src/main/java/org/apache/hedwig/client/conf/ClientConfiguration.java,null,3,1,0,0,0,1,1,0,4,1,2,0,false
4.1.0,addEntry,bookkeeper-server/src/main/java/org/apache/bookkeeper/proto/PerChannelBookieClient.java,null,31,2,6,3,1,0,1,4,196,3,10,4,false
4.0.0,initiate,bookkeeper-server/src/main/java/org/apache/bookkeeper/client/LedgerRecoveryOp.java,null,6,2,2,0,0,0,3,2,4,2,5,0,false
4.1.0,create,bookkeeper-server/src/main/java/org/apache/bookkeeper/bookie/BookieException.java,null,14,5,0,0,0,5,2,5,196,2,2,0,false
4.1.0,shutdown,bookkeeper-server/src/main/java/org/apache/bookkeeper/bookie/Journal.java,null,13,3,1,0,1,1,1,0,56,1,2,0,false
4.0.0,sendingFinished,hedwig-server/src/main/java/org/apache/hedwig/server/delivery/FIFODeliveryManager.java,null,12,3,3,1,0,1,1,2,4,2,3,0,false
4.0.0,isRunning,bookkeeper-server/src/main/java/org/apache/bookkeeper/proto/BookieServer.java,null,3,1,0,0,0,1,0,0,4,3,10,0,false
4.0.0,hasMoreElements,bookkeeper-server/src/main/java/org/apache/bookkeeper/client/PendingReadOp.java,null,3,1,0,0,0,1,0,0,4,2,3,0,false
4.0.0,getAvailableBookies,bookkeeper-server/src/main/java/org/apache/bookkeeper/client/BookKeeperAdmin.java,null,29,2,1,0,0,0,1,1,40,2,5,2,false
4.1.0,handleRequest,hedwig-server/src/main/java/org/apache/hedwig/server/proxy/ProxyStartDeliveryHandler.java,null,43,5,4,0,1,2,0,4,196,1,1,1,false
4.1.0,executeLine,hedwig-server/src/main/java/org/apache/hedwig/admin/console/HedwigConsole.java,HedwigConsole,8,2,0,0,0,0,3,3,0,1,1,0,false
4.1.0,errorOutAddKey,bookkeeper-server/src/main/java/org/apache/bookkeeper/proto/PerChannelBookieClient.java,null,15,1,0,0,0,0,4,2,196,3,10,2,false
4.1.0,getTopic,hedwig-protocol/src/main/java/org/apache/hedwig/protocol/PubSubProtocol.java,null,3,1,0,0,0,1,7,0,196,1,1,0,false
4.1.0,setType,hedwig-protocol/src/main/java/org/apache/hedwig/protocol/PubSubProtocol.java,null,8,2,2,0,0,1,6,0,196,1,1,0,false
4.1.0,getValueAndReset,bookkeeper-server/src/main/java/org/apache/bookkeeper/client/CRC32DigestManager.java,null,7,1,2,0,0,1,0,0,196,1,1,3,false
4.0.0,addComplete,bookkeeper-server/src/main/java/org/apache/bookkeeper/client/LedgerRecoveryOp.java,null,8,2,0,1,0,1,0,3,4,2,5,0,false
4.1.0,setLedgerId,hedwig-protocol/src/main/java/org/apache/hedwig/protocol/PubSubProtocol.java,null,5,1,2,0,0,1,4,0,196,1,1,0,false
4.1.0,hashCode,bookkeeper-server/src/main/java/org/apache/bookkeeper/bookie/LedgerEntryPage.java,null,3,1,0,0,0,1,0,2,196,2,2,0,false
4.0.0,equals,bookkeeper-server/src/main/java/org/apache/bookkeeper/proto/PerChannelBookieClient.java,null,7,5,1,0,0,2,0,0,4,3,8,0,false
4.0.0,close,bookkeeper-server/src/main/java/org/apache/bookkeeper/streaming/LedgerOutputStream.java,null,3,1,0,0,0,0,0,1,4,1,2,0,false
4.0.0,performRequest,hedwig-server/src/main/java/org/apache/hedwig/server/delivery/FIFODeliveryManager.java,null,3,1,1,0,0,0,0,0,4,2,3,0,false
4.1.0,getPacketsReceived,bookkeeper-server/src/main/java/org/apache/bookkeeper/proto/NIOServerFactory.java,null,3,1,0,0,0,1,1,0,196,1,4,0,false
4.0.0,operationComplete,hedwig-client/src/main/java/org/apache/hedwig/client/netty/ConnectCallback.java,null,30,10,2,4,0,2,0,11,4,1,3,3,false
4.1.0,scanSingleMessage,hedwig-server/src/main/java/org/apache/hedwig/server/persistence/LocalDBPersistenceManager.java,null,1,1,0,0,0,0,0,0,196,1,2,0,false
4.1.0,getLedgerEntryPage,bookkeeper-server/src/main/java/org/apache/bookkeeper/bookie/LedgerCacheImpl.java,null,14,4,1,0,1,2,3,1,84,3,6,0,false
4.0.0,inc,bookkeeper-server/src/main/java/org/apache/bookkeeper/client/SyncCounter.java,null,4,1,0,0,0,0,8,0,4,1,1,0,false
4.0.0,initializeNetty,hedwig-server/src/main/java/org/apache/hedwig/server/netty/PubSubServer.java,null,13,3,4,0,0,0,1,1,4,2,5,0,false
4.1.0,accept,bookkeeper-server/src/main/java/org/apache/bookkeeper/bookie/FileSystemUpgrade.java,null,3,1,0,0,0,1,0,1,0,2,3,0,false
4.1.0,mergeConsumeRequest,hedwig-protocol/src/main/java/org/apache/hedwig/protocol/PubSubProtocol.java,null,10,3,3,0,0,1,1,5,196,1,1,2,false
4.1.0,asyncPublish,hedwig-client/src/main/java/org/apache/hedwig/client/netty/HedwigPublisher.java,null,21,5,3,1,0,1,1,5,196,1,1,2,false
4.0.0,storeHost2ChannelMapping,hedwig-client/src/main/java/org/apache/hedwig/client/netty/HedwigPublisher.java,null,12,4,2,2,0,0,1,4,4,2,4,0,false
4.0.0,close,bookkeeper-server/src/main/java/org/apache/bookkeeper/client/BookKeeperAdmin.java,null,4,1,0,0,0,0,0,1,40,2,5,0,false
4.1.0,accept,bookkeeper-server/src/main/java/org/apache/bookkeeper/bookie/EntryLogger.java,null,3,1,0,0,0,1,0,0,196,3,12,1,false
4.1.0,getPacketsSent,bookkeeper-server/src/main/java/org/apache/bookkeeper/proto/NIOServerFactory.java,null,3,1,0,0,0,1,1,0,196,1,4,0,false
4.0.0,curry,hedwig-client/src/main/java/org/apache/hedwig/util/CallbackUtils.java,null,11,1,0,0,0,1,0,1,4,2,3,0,false
4.1.0,setConsumeSeqIdForSubscriber,hedwig-server/src/main/java/org/apache/hedwig/server/subscriptions/AbstractSubscriptionManager.java,null,1,1,0,0,0,0,0,0,196,1,4,0,false
4.0.0,instantiateRegionManager,hedwig-server/src/main/java/org/apache/hedwig/server/netty/PubSubServer.java,null,3,1,0,0,0,1,1,1,4,2,5,0,false
4.1.0,setMsgId,hedwig-protocol/src/main/java/org/apache/hedwig/protocol/PubSubProtocol.java,null,8,2,2,0,0,1,3,0,196,1,1,0,false
4.0.0,join,bookkeeper-server/src/main/java/org/apache/bookkeeper/proto/BookieServer.java,null,3,1,0,0,0,0,1,0,4,3,10,0,false
4.0.0,getLedgerPasswd,bookkeeper-server/src/main/java/org/apache/bookkeeper/tools/BookKeeperTools.java,null,3,1,0,0,0,1,1,0,4,2,5,0,false
4.0.0,usePage,bookkeeper-server/src/main/java/org/apache/bookkeeper/bookie/LedgerEntryPage.java,null,3,1,0,0,0,0,3,0,4,2,2,0,false
4.0.0,buildResponse,bookkeeper-server/src/main/java/org/apache/bookkeeper/proto/BookieServer.java,null,9,1,1,0,0,1,1,0,4,3,10,4,false
4.1.0,addToHistory,hedwig-server/src/main/java/org/apache/hedwig/admin/console/HedwigConsole.java,null,3,1,0,0,0,0,2,0,0,1,1,0,false
4.1.0,close,bookkeeper-server/src/main/java/org/apache/bookkeeper/proto/PerChannelBookieClient.java,null,9,3,1,0,0,0,2,0,196,3,10,1,false
4.1.0,topicSubscriberPath,hedwig-server/src/main/java/org/apache/hedwig/admin/HedwigAdmin.java,null,3,1,0,0,0,1,2,1,0,2,2,0,false
4.1.0,run,bookkeeper-server/src/main/java/org/apache/bookkeeper/proto/NIOServerFactory.java,null,33,9,6,1,1,0,0,4,196,1,4,9,false
4.1.0,createSubscriptionState,hedwig-server/src/main/java/org/apache/hedwig/server/subscriptions/AbstractSubscriptionManager.java,null,1,1,0,0,0,0,1,0,196,1,4,0,false
4.1.0,getZkHost,hedwig-server/src/main/java/org/apache/hedwig/server/common/ServerConfiguration.java,null,3,1,0,0,0,1,1,0,196,1,2,0,false
4.1.0,equals,hedwig-client/src/main/java/org/apache/hedwig/util/HedwigSocketAddress.java,null,5,4,1,0,0,2,0,0,196,1,1,0,false
4.1.0,writeToZooKeeper,bookkeeper-server/src/main/java/org/apache/bookkeeper/bookie/Cookie.java,null,21,4,5,1,1,0,2,2,91,1,1,2,false
4.1.0,parseLayout,bookkeeper-server/src/main/java/org/apache/bookkeeper/meta/LedgerLayout.java,null,26,6,6,4,1,1,1,1,204,1,1,1,false
4.0.0,getVersion,bookkeeper-server/src/main/java/org/apache/bookkeeper/bookie/LedgerEntryPage.java,null,3,1,0,0,0,1,1,0,4,2,2,0,false
4.0.0,scanFailed,hedwig-server/src/main/java/org/apache/hedwig/server/delivery/FIFODeliveryManager.java,null,6,2,0,0,0,1,0,1,4,2,3,0,false
4.1.0,ding,hedwig-client/src/main/java/org/apache/hedwig/client/benchmark/BenchmarkUtils.java,null,9,5,1,1,0,0,2,0,196,1,1,0,false
4.0.0,operationFailed,hedwig-client/src/main/java/org/apache/hedwig/client/handlers/SubscribeReconnectCallback.java,null,4,1,0,1,0,0,0,1,4,1,3,0,false
4.1.0,process,bookkeeper-server/src/main/java/org/apache/bookkeeper/util/LocalBookKeeper.java,null,2,1,0,0,0,0,0,0,196,2,3,0,false
4.1.0,hasStatusCode,hedwig-protocol/src/main/java/org/apache/hedwig/protocol/PubSubProtocol.java,null,3,1,0,0,0,1,5,0,196,1,1,0,false
4.0.0,closeSubscription,hedwig-client/src/main/java/org/apache/hedwig/client/netty/HedwigSubscriber.java,null,16,4,2,1,1,0,4,7,4,1,3,0,false
4.0.0,doGcLedgers,bookkeeper-server/src/main/java/org/apache/bookkeeper/bookie/EntryLogger.java,null,13,1,0,0,0,0,1,0,4,2,8,1,false
4.0.0,tearDown,hedwig-server/src/main/java/org/apache/hedwig/server/benchmark/AbstractBenchmark.java,null,1,1,0,0,0,0,1,0,4,1,2,0,false
4.1.0,hasConsumeRequest,hedwig-protocol/src/main/java/org/apache/hedwig/protocol/PubSubProtocol.java,null,3,1,0,0,0,1,2,1,196,1,1,0,false
4.1.0,setEndSeqIdIncluded,hedwig-protocol/src/main/java/org/apache/hedwig/protocol/PubSubProtocol.java,null,8,2,2,0,0,1,2,0,196,1,1,0,false
4.1.0,getOpenFileLimit,bookkeeper-server/src/main/java/org/apache/bookkeeper/bookie/LedgerCacheImpl.java,null,3,1,0,0,0,1,0,0,84,3,6,0,false
4.1.0,rollback,bookkeeper-server/src/main/java/org/apache/bookkeeper/bookie/FileSystemUpgrade.java,null,39,6,4,0,3,0,1,7,0,2,3,1,false
4.0.0,addComplete,hedwig-server/src/main/java/org/apache/hedwig/server/benchmark/BookkeeperBenchmark.java,null,3,2,0,0,0,0,0,1,4,2,3,0,false
4.1.0,getMsg,hedwig-protocol/src/main/java/org/apache/hedwig/protocol/PubSubProtocol.java,null,3,1,0,0,0,1,2,1,196,1,1,0,false
4.1.0,getReplicaIndex,bookkeeper-server/src/main/java/org/apache/bookkeeper/client/RoundRobinDistributionSchedule.java,null,4,2,1,1,0,1,0,0,196,1,1,0,false
4.1.0,equals,bookkeeper-server/src/main/java/org/apache/bookkeeper/meta/LedgerLayout.java,null,10,4,1,0,0,3,1,0,204,1,1,0,false
4.1.0,parseCommand,hedwig-server/src/main/java/org/apache/hedwig/admin/console/HedwigConsole.java,null,9,2,3,0,0,2,2,0,0,1,1,0,false
4.1.0,setLinkCountCmdTemplate,bookkeeper-server/src/main/java/org/apache/bookkeeper/util/HardLink.java,null,3,1,1,0,0,0,1,0,90,1,1,0,false
4.0.0,nop,hedwig-client/src/main/java/org/apache/hedwig/util/CallbackUtils.java,null,3,1,0,0,0,1,2,0,4,2,3,0,false
4.1.0,setEntryData,bookkeeper-benchmark/src/main/java/org/apache/bookkeeper/benchmark/BenchThroughputLatency.java,null,3,1,1,0,0,0,3,0,0,3,4,0,false
4.1.0,getRanges,hedwig-protocol/src/main/java/org/apache/hedwig/protocol/PubSubProtocol.java,null,3,1,0,0,0,1,2,0,196,1,1,0,false
4.0.0,getActiveLedgers,bookkeeper-server/src/main/java/org/apache/bookkeeper/bookie/LedgerCache.java,null,22,10,1,2,0,0,1,0,4,2,6,4,false
4.1.0,getNextEnsembleChange,bookkeeper-server/src/main/java/org/apache/bookkeeper/client/LedgerMetadata.java,null,9,2,1,1,0,2,1,0,196,3,5,1,false
4.1.0,getMaximumMessageSize,hedwig-server/src/main/java/org/apache/hedwig/server/common/ServerConfiguration.java,null,3,1,0,0,0,1,1,0,196,1,2,0,false
4.1.0,hasTopic,hedwig-server/src/main/java/org/apache/hedwig/admin/HedwigAdmin.java,null,5,2,2,0,0,1,1,0,0,2,2,0,false
4.1.0,getName,hedwig-server/src/main/java/org/apache/hedwig/server/handlers/NettyHandlerBean.java,null,3,1,0,0,0,1,0,0,75,1,1,0,false
4.1.0,getLastEntry,bookkeeper-server/src/main/java/org/apache/bookkeeper/bookie/LedgerEntryPage.java,null,8,3,1,3,0,2,1,1,196,2,2,0,false
4.1.0,asyncSubscribe,hedwig-server/src/main/java/org/apache/hedwig/server/regions/HedwigHubSubscriber.java,null,3,1,0,0,0,0,1,1,196,1,1,0,false
4.0.0,close,bookkeeper-server/src/main/java/org/apache/bookkeeper/bookie/LedgerDescriptor.java,null,2,1,0,0,0,0,1,0,4,2,4,0,false
4.1.0,recoverBookieData,bookkeeper-server/src/main/java/org/apache/bookkeeper/client/BookKeeperAdmin.java,null,23,3,1,0,0,0,1,3,268,2,4,0,false
4.1.0,newInstance,hedwig-server/src/main/java/org/apache/hedwig/server/delivery/FIFODeliveryManager.java,null,3,1,0,0,0,1,0,0,196,1,2,0,false
4.0.0,asyncRecoverBookieData,bookkeeper-server/src/main/java/org/apache/bookkeeper/tools/BookKeeperTools.java,null,13,1,0,0,0,0,1,0,4,2,5,2,false
4.1.0,messageReceived,hedwig-server/src/main/java/org/apache/hedwig/server/netty/UmbrellaHandler.java,null,16,3,4,1,0,2,0,3,196,1,1,3,false
4.1.0,reportLatency,hedwig-client/src/main/java/org/apache/hedwig/client/benchmark/BenchmarkUtils.java,null,11,2,2,1,0,0,1,0,196,1,1,0,false
4.1.0,assignDescriptors,hedwig-protocol/src/main/java/org/apache/hedwig/protocol/PubSubProtocol.java,null,34,1,31,0,0,1,0,2,196,1,1,8,false
4.1.0,addComplete,bookkeeper-benchmark/src/main/java/org/apache/bookkeeper/benchmark/BenchThroughputLatency.java,null,11,2,4,1,0,0,0,0,0,3,4,0,false
4.0.0,stop,hedwig-server/src/main/java/org/apache/hedwig/server/delivery/FIFODeliveryManager.java,null,3,1,0,0,0,0,0,2,4,2,3,0,false
4.1.0,isFlushRequired,bookkeeper-server/src/main/java/org/apache/bookkeeper/bookie/InterleavedLedgerStorage.java,null,3,1,0,0,0,1,0,0,56,2,3,0,false
4.1.0,clone,hedwig-protocol/src/main/java/org/apache/hedwig/protocol/PubSubProtocol.java,null,3,1,0,0,0,1,0,3,196,1,1,1,false
4.1.0,getChannelForTopic,hedwig-client/src/main/java/org/apache/hedwig/client/netty/HedwigSubscriber.java,null,3,1,0,0,0,1,0,0,196,1,4,0,false
4.1.0,operationFailed,hedwig-server/src/main/java/org/apache/hedwig/server/handlers/SubscribeHandler.java,null,4,1,0,0,0,0,0,3,196,1,1,1,false
4.1.0,hasMoreElements,bookkeeper-server/src/main/java/org/apache/bookkeeper/client/PendingReadOp.java,null,3,1,0,0,0,1,0,0,196,2,3,0,false
4.0.0,startDelivery,hedwig-client/src/main/java/org/apache/hedwig/client/netty/HedwigSubscriber.java,null,19,3,3,3,0,0,1,3,4,1,3,2,false
4.1.0,setConsumeRequest,hedwig-protocol/src/main/java/org/apache/hedwig/protocol/PubSubProtocol.java,null,5,1,2,0,0,1,2,1,196,1,1,0,false
4.1.0,hasEndSeqIdIncluded,hedwig-protocol/src/main/java/org/apache/hedwig/protocol/PubSubProtocol.java,null,3,1,0,0,0,1,7,0,196,1,1,0,false
4.1.0,getCurrentLoadData,hedwig-server/src/main/java/org/apache/hedwig/server/topics/ZkTopicManager.java,null,3,1,0,1,0,1,2,0,196,1,2,0,false
4.0.0,asyncSubscribe,hedwig-client/src/main/java/org/apache/hedwig/client/netty/HedwigSubscriber.java,null,7,2,0,1,0,1,2,2,4,1,3,0,false
4.0.0,getPipeline,bookkeeper-server/src/main/java/org/apache/bookkeeper/proto/PerChannelBookieClient.java,null,6,1,1,0,0,1,0,0,4,3,8,1,false
4.1.0,create,bookkeeper-server/src/main/java/org/apache/bookkeeper/client/BKException.java,null,42,19,0,0,0,19,9,19,196,1,1,1,false
4.1.0,printTopicSubscriptions,hedwig-server/src/main/java/org/apache/hedwig/admin/console/HedwigConsole.java,null,11,3,0,1,0,1,1,0,0,1,1,1,false
4.1.0,claim,hedwig-server/src/main/java/org/apache/hedwig/server/topics/ZkTopicManager.java,null,24,2,0,1,0,0,2,0,196,1,2,3,false
4.0.0,finish,hedwig-client/src/main/java/org/apache/hedwig/client/benchmark/BenchmarkUtils.java,null,5,1,0,1,0,0,2,2,4,1,2,2,false
4.0.0,readEntry,bookkeeper-server/src/main/java/org/apache/bookkeeper/bookie/EntryLogger.java,null,40,7,13,8,1,1,0,2,4,2,8,9,false
4.0.0,readLength,bookkeeper-server/src/main/java/org/apache/bookkeeper/proto/NIOServerFactory.java,null,7,3,2,1,0,0,1,0,4,3,7,0,false
4.1.0,getEndSeqIdIncluded,hedwig-protocol/src/main/java/org/apache/hedwig/protocol/PubSubProtocol.java,null,3,1,0,0,0,1,9,0,196,1,1,1,false
4.1.0,getNumOpenLedgers,bookkeeper-server/src/main/java/org/apache/bookkeeper/bookie/LedgerCacheImpl.java,null,3,1,0,0,0,1,0,0,84,3,6,0,false
4.0.0,getChannelForHost,hedwig-client/src/main/java/org/apache/hedwig/client/netty/HedwigPublisher.java,null,3,1,0,0,0,1,0,0,4,2,4,0,false
4.1.0,setEntryId,bookkeeper-server/src/main/java/org/apache/bookkeeper/client/PendingAddOp.java,null,3,1,1,0,0,0,1,0,196,2,2,0,false
4.1.0,processResult,bookkeeper-server/src/main/java/org/apache/bookkeeper/meta/FlatLedgerManager.java,null,9,2,0,0,0,0,0,9,204,2,2,1,false
4.1.0,valueOf,hedwig-protocol/src/main/java/org/apache/hedwig/protocol/PubSubProtocol.java,null,6,2,0,0,0,1,0,1,196,1,1,0,false
4.1.0,initFields,hedwig-protocol/src/main/java/org/apache/hedwig/protocol/PubSubProtocol.java,null,2,1,0,0,0,0,2,0,196,1,1,0,false
4.1.0,setTriedServers,hedwig-protocol/src/main/java/org/apache/hedwig/protocol/PubSubProtocol.java,null,7,2,0,0,0,1,0,1,196,1,1,1,false
4.1.0,getZkTimeout,bookkeeper-server/src/main/java/org/apache/bookkeeper/conf/ClientConfiguration.java,null,3,1,0,0,0,1,1,0,225,2,3,0,false
4.1.0,containsLedger,bookkeeper-server/src/main/java/org/apache/bookkeeper/bookie/GarbageCollectorThread.java,null,3,1,0,0,0,1,1,0,96,3,6,0,false
4.1.0,readLog,bookkeeper-server/src/main/java/org/apache/bookkeeper/bookie/Journal.java,null,24,5,8,1,1,0,1,0,56,1,2,1,false
4.0.0,run,hedwig-client/src/main/java/org/apache/hedwig/client/benchmark/BenchmarkUtils.java,null,13,4,4,1,1,0,0,13,4,1,2,2,false
4.1.0,getOrigSubData,hedwig-client/src/main/java/org/apache/hedwig/client/handlers/SubscribeResponseHandler.java,null,3,1,0,0,0,1,2,0,196,1,1,0,false
4.1.0,getTopic,hedwig-server/src/main/java/org/apache/hedwig/server/delivery/FIFODeliveryManager.java,null,3,1,0,0,0,1,3,0,196,1,2,0,false
4.1.0,call,hedwig-client/src/main/java/org/apache/hedwig/client/benchmark/BenchmarkSubscriber.java,null,34,3,4,2,0,1,0,3,196,1,1,1,false
4.1.0,extractLedgersFromEntryLogs,bookkeeper-server/src/main/java/org/apache/bookkeeper/bookie/EntryLogger.java,null,52,10,13,8,2,0,2,1,196,3,12,3,false
4.1.0,toString,bookkeeper-server/src/main/java/org/apache/bookkeeper/bookie/GarbageCollectorThread.java,null,5,1,1,0,0,1,0,0,96,3,6,0,false
4.0.0,call,hedwig-client/src/main/java/org/apache/hedwig/client/benchmark/BenchmarkSubscriber.java,null,33,3,4,2,0,1,1,6,4,1,3,1,false
4.1.0,messageScanned,hedwig-server/src/main/java/org/apache/hedwig/server/delivery/FIFODeliveryManager.java,null,11,4,1,0,0,2,0,1,196,1,2,1,false
4.1.0,getManagerVersion,bookkeeper-server/src/main/java/org/apache/bookkeeper/meta/LedgerLayout.java,null,3,1,0,0,0,1,1,0,204,1,1,0,false
4.1.0,newLedgerPath,bookkeeper-server/src/main/java/org/apache/bookkeeper/meta/HierarchicalLedgerManager.java,null,53,1,0,0,0,0,0,0,204,2,4,6,false
4.1.0,clear,bookkeeper-server/src/main/java/org/apache/bookkeeper/proto/NIOServerFactory.java,null,14,3,2,0,1,0,2,1,196,1,4,3,false
4.0.0,deleteDirectory,hedwig-client/src/main/java/org/apache/hedwig/util/FileUtils.java,null,18,6,1,2,0,2,2,1,4,1,1,0,false
4.1.0,setTxnId,hedwig-protocol/src/main/java/org/apache/hedwig/protocol/PubSubProtocol.java,null,5,1,2,0,0,1,6,0,196,1,1,0,false
4.0.0,multiCallback,hedwig-client/src/main/java/org/apache/hedwig/util/CallbackUtils.java,null,32,2,0,0,0,2,2,0,4,2,3,0,false
4.1.0,operationFailed,hedwig-server/src/main/java/org/apache/hedwig/server/topics/AbstractTopicManager.java,null,3,1,0,1,0,0,0,2,196,1,1,0,false
4.1.0,listJournalIds,bookkeeper-server/src/main/java/org/apache/bookkeeper/bookie/Journal.java,null,22,5,5,0,0,1,2,1,56,1,2,2,false
4.0.0,retryErroredSubscribers,hedwig-server/src/main/java/org/apache/hedwig/server/delivery/FIFODeliveryManager.java,null,11,3,2,1,0,1,1,2,4,2,3,0,false
4.1.0,create,hedwig-protocol/src/main/java/org/apache/hedwig/protocol/PubSubProtocol.java,null,5,1,2,0,0,1,2,2,196,1,1,0,false
4.1.0,handleSubscribeMessage,hedwig-client/src/main/java/org/apache/hedwig/client/handlers/SubscribeResponseHandler.java,null,16,5,2,1,0,0,0,2,196,1,1,4,false
4.1.0,setBookieRecoveryDigestType,bookkeeper-server/src/main/java/org/apache/bookkeeper/conf/ClientConfiguration.java,null,4,1,0,0,0,1,0,0,225,2,3,0,false
4.1.0,stop,hedwig-server/src/main/java/org/apache/hedwig/server/delivery/FIFODeliveryManager.java,null,3,1,0,0,0,0,0,2,196,1,2,0,false
4.1.0,asyncAddEntry,bookkeeper-server/src/main/java/org/apache/bookkeeper/client/ReadOnlyLedgerHandle.java,null,3,1,0,0,0,0,0,1,229,1,1,0,false
4.1.0,operationFinished,hedwig-server/src/main/java/org/apache/hedwig/server/topics/AbstractTopicManager.java,null,3,1,0,1,0,0,0,24,196,1,1,0,false
4.1.0,updateSubscriptionState,hedwig-server/src/main/java/org/apache/hedwig/server/subscriptions/AbstractSubscriptionManager.java,null,1,1,0,0,0,0,2,0,196,1,4,0,false
4.1.0,removeDeliveryPtr,hedwig-server/src/main/java/org/apache/hedwig/server/delivery/FIFODeliveryManager.java,null,17,9,2,2,0,1,2,1,196,1,2,0,false
4.1.0,processResult,bookkeeper-server/src/main/java/org/apache/bookkeeper/meta/HierarchicalLedgerManager.java,null,10,3,0,1,0,0,0,6,204,2,4,2,false
4.1.0,testAndClearSomethingWritten,bookkeeper-server/src/main/java/org/apache/bookkeeper/bookie/EntryLogger.java,null,8,1,1,0,1,1,1,0,196,3,12,0,false
4.1.0,parent,hedwig-client/src/main/java/org/apache/hedwig/util/PathUtils.java,null,3,1,0,0,0,1,0,0,196,1,1,0,false
4.0.0,parseConfig,bookkeeper-server/src/main/java/org/apache/bookkeeper/client/LedgerMetadata.java,null,45,10,15,4,1,1,2,2,4,3,6,1,false
4.1.0,getAdditionalBookie,bookkeeper-server/src/main/java/org/apache/bookkeeper/client/BookieWatcher.java,null,3,1,0,0,0,1,1,1,196,1,3,0,false
4.1.0,getDescriptorForType,hedwig-protocol/src/main/java/org/apache/hedwig/protocol/PubSubProtocol.java,null,3,1,0,0,0,1,0,1,196,1,1,0,false
4.1.0,isHidden,bookkeeper-server/src/main/java/org/apache/bookkeeper/bookie/BookieBean.java,null,3,1,0,0,0,1,0,0,132,1,1,0,false
4.1.0,isHidden,hedwig-server/src/main/java/org/apache/hedwig/server/handlers/NettyHandlerBean.java,null,3,1,0,0,0,1,0,0,75,1,1,0,false
4.1.0,releaseTopic,hedwig-server/src/main/java/org/apache/hedwig/server/topics/AbstractTopicManager.java,null,3,1,0,0,0,0,1,1,196,1,1,0,false
4.1.0,operationComplete,bookkeeper-server/src/main/java/org/apache/bookkeeper/client/BookKeeperAdmin.java,null,10,2,1,1,0,0,0,14,268,2,4,1,false
4.1.0,findFile,bookkeeper-server/src/main/java/org/apache/bookkeeper/bookie/EntryLogger.java,null,9,3,1,2,0,1,3,0,196,3,12,0,false
4.1.0,getLedgerPath,bookkeeper-server/src/main/java/org/apache/bookkeeper/meta/FlatLedgerManager.java,null,1,1,0,0,0,0,0,0,204,2,2,0,false
4.1.0,hasCreateOrAttach,hedwig-protocol/src/main/java/org/apache/hedwig/protocol/PubSubProtocol.java,null,3,1,0,0,0,1,0,1,196,1,1,0,false
4.0.0,main,hedwig-server/src/main/java/org/apache/hedwig/server/proxy/HedwigProxy.java,null,25,5,4,3,2,0,0,1,4,1,3,0,false
4.1.0,getLastScanErrorTime,hedwig-server/src/main/java/org/apache/hedwig/server/delivery/FIFODeliveryManager.java,null,3,1,0,0,0,1,1,0,196,1,2,0,false
4.1.0,setLastScanErrorTime,hedwig-server/src/main/java/org/apache/hedwig/server/delivery/FIFODeliveryManager.java,null,3,1,1,0,0,0,1,0,196,1,2,0,false
4.1.0,hasStopped,hedwig-client/src/main/java/org/apache/hedwig/client/netty/HedwigClientImpl.java,null,3,1,0,0,0,1,1,0,226,1,1,0,false
4.0.0,getPageSize,bookkeeper-server/src/main/java/org/apache/bookkeeper/bookie/LedgerCache.java,null,3,1,0,0,0,1,1,0,4,2,6,0,false
4.1.0,multiSub,hedwig-client/src/main/java/org/apache/hedwig/client/benchmark/BenchmarkSubscriber.java,null,14,4,4,3,0,0,1,4,196,1,1,1,false
4.0.0,putEntryOffset,bookkeeper-server/src/main/java/org/apache/bookkeeper/bookie/LedgerCache.java,null,17,3,4,3,0,1,1,6,4,2,6,0,false
4.1.0,write,bookkeeper-server/src/main/java/org/apache/bookkeeper/bookie/FileInfo.java,null,22,4,5,3,1,1,1,1,196,1,4,0,false
4.1.0,genDigest,bookkeeper-server/src/main/java/org/apache/bookkeeper/client/MacDigestManager.java,null,6,1,1,0,0,1,2,0,196,1,1,3,false
4.0.0,writeComplete,bookkeeper-server/src/main/java/org/apache/bookkeeper/client/BookKeeperAdmin.java,null,11,3,0,2,0,0,0,3,40,2,5,1,false
4.1.0,getSubscriber,hedwig-client/src/main/java/org/apache/hedwig/client/netty/HedwigClientImpl.java,null,3,1,0,0,0,1,1,0,226,1,1,0,false
4.0.0,handleUnsubscribeResponse,hedwig-client/src/main/java/org/apache/hedwig/client/handlers/UnsubscribeResponseHandler.java,null,22,6,0,4,0,0,1,5,4,1,3,4,false
4.1.0,main,hedwig-client/src/main/java/org/apache/hedwig/client/benchmark/HedwigBenchmark.java,null,36,2,6,0,0,0,0,2,196,1,1,1,false
4.1.0,readHeader,bookkeeper-server/src/main/java/org/apache/bookkeeper/bookie/FileInfo.java,null,33,8,6,2,0,1,2,0,196,1,4,8,false
4.0.0,addCnxn,bookkeeper-server/src/main/java/org/apache/bookkeeper/proto/NIOServerFactory.java,null,5,1,0,0,0,0,1,0,4,3,7,0,false
4.1.0,stop,hedwig-server/src/main/java/org/apache/hedwig/server/delivery/DeliveryManager.java,null,1,1,0,0,0,0,1,0,196,1,2,0,false
4.1.0,hasSubscription,hedwig-client/src/main/java/org/apache/hedwig/client/netty/HedwigSubscriber.java,null,3,1,0,0,0,1,0,1,196,1,4,0,false
4.1.0,garbageCollectLedgers,bookkeeper-server/src/main/java/org/apache/bookkeeper/meta/FlatLedgerManager.java,null,1,1,0,0,0,0,0,0,204,2,2,0,false
4.1.0,unsubscribe,hedwig-server/src/main/java/org/apache/hedwig/server/subscriptions/AbstractSubscriptionManager.java,null,1,1,0,0,0,0,1,0,196,1,4,0,false
4.1.0,getArgArray,hedwig-server/src/main/java/org/apache/hedwig/admin/console/HedwigConsole.java,null,3,1,0,0,0,1,1,0,0,1,1,0,false
4.1.0,clearServersList,hedwig-client/src/main/java/org/apache/hedwig/client/data/PubSubData.java,null,5,4,0,0,0,0,0,0,196,1,1,0,false
4.0.0,setMasterKey,bookkeeper-server/src/main/java/org/apache/bookkeeper/bookie/LedgerDescriptor.java,null,3,1,1,0,0,0,2,0,4,2,4,0,false
4.1.0,getPipeline,bookkeeper-server/src/main/java/org/apache/bookkeeper/proto/PerChannelBookieClient.java,null,10,2,2,0,0,1,0,0,196,3,10,1,false
4.1.0,getEnsemble,bookkeeper-server/src/main/java/org/apache/bookkeeper/client/LedgerMetadata.java,null,3,1,0,1,0,1,2,0,196,3,5,1,false
4.1.0,getAvailableHubs,hedwig-server/src/main/java/org/apache/hedwig/admin/HedwigAdmin.java,null,24,5,8,0,1,1,1,1,0,2,2,0,false
4.0.0,subUnsub,hedwig-client/src/main/java/org/apache/hedwig/client/netty/HedwigSubscriber.java,null,29,10,3,2,1,0,2,7,4,1,3,0,false
4.1.0,getLedgersInSingleNode,bookkeeper-server/src/main/java/org/apache/bookkeeper/meta/AbstractZkLedgerManager.java,null,25,3,1,2,0,1,3,2,204,3,4,2,false
4.1.0,close,bookkeeper-server/src/main/java/org/apache/bookkeeper/meta/HierarchicalLedgerManager.java,null,9,2,0,0,1,0,0,0,204,2,4,1,false
4.0.0,position,bookkeeper-server/src/main/java/org/apache/bookkeeper/bookie/BufferedChannel.java,null,3,1,0,0,0,1,2,0,4,2,3,0,false
4.1.0,read,bookkeeper-server/src/main/java/org/apache/bookkeeper/bookie/JournalChannel.java,null,3,1,0,0,0,1,2,0,125,1,2,0,false
4.1.0,getJournalQueueLength,bookkeeper-server/src/main/java/org/apache/bookkeeper/bookie/Journal.java,null,3,1,0,0,0,1,0,0,56,1,2,0,false
4.0.0,recoverLedger,bookkeeper-server/src/main/java/org/apache/bookkeeper/client/BookKeeperAdmin.java,null,29,1,0,0,0,0,1,1,40,2,5,5,false
4.1.0,loadHistoryEntries,src/main/java/org/apache/hedwig/admin/console/HedwigConsole.java,HedwigConsole$ConsoleHandler,14,3,4,0,0,0,1,1,0,0,0,6,false
4.0.0,getLedgerPasswd,bookkeeper-server/src/main/java/org/apache/bookkeeper/client/BookKeeperAdmin.java,null,3,1,0,0,0,1,1,0,40,2,5,0,false
4.1.0,initializeZookeper,bookkeeper-server/src/main/java/org/apache/bookkeeper/util/LocalBookKeeper.java,null,17,4,1,0,1,0,1,3,196,2,3,0,false
4.1.0,getLastLogMark,bookkeeper-server/src/main/java/org/apache/bookkeeper/bookie/Journal.java,null,3,1,0,0,0,1,0,0,56,1,2,0,false
4.1.0,doPublish,hedwig-client/src/main/java/org/apache/hedwig/client/netty/HedwigPublisher.java,null,21,4,6,1,0,0,2,3,196,1,1,2,false
4.1.0,operationFailed,hedwig-client/src/main/java/org/apache/hedwig/client/netty/HedwigSubscriber.java,null,3,1,0,0,0,0,0,0,196,1,4,0,false
4.1.0,getPageToWrite,bookkeeper-server/src/main/java/org/apache/bookkeeper/bookie/LedgerEntryPage.java,null,5,1,0,0,0,1,1,1,196,2,2,0,false
4.0.0,operationComplete,hedwig-server/src/main/java/org/apache/hedwig/server/proxy/ProxyStartDeliveryHandler.java,null,6,2,0,0,0,1,0,1,4,1,3,0,false
4.1.0,clear,bookkeeper-server/src/main/java/org/apache/bookkeeper/util/HardLink.java,null,8,1,6,0,0,0,0,0,90,1,1,0,false
4.1.0,consumeToBound,hedwig-server/src/main/java/org/apache/hedwig/server/persistence/LocalDBPersistenceManager.java,null,2,1,0,0,0,0,0,0,196,1,2,0,false
4.1.0,getHubServerConf,hedwig-server/src/main/java/org/apache/hedwig/admin/HedwigAdmin.java,null,3,1,0,0,0,1,0,0,0,2,2,0,false
4.1.0,printTopicLedgers,hedwig-server/src/main/java/org/apache/hedwig/admin/console/HedwigConsole.java,null,23,6,6,2,0,2,1,0,0,1,1,4,false
4.0.0,getRemoteAddress,bookkeeper-server/src/main/java/org/apache/bookkeeper/proto/NIOServerFactory.java,null,3,1,0,0,0,1,0,0,4,3,7,1,false
4.1.0,isHidden,bookkeeper-server/src/main/java/org/apache/bookkeeper/bookie/LedgerCacheImpl.java,null,3,1,0,0,0,1,0,0,84,3,6,0,false
4.1.0,hasProtocolVersion,hedwig-protocol/src/main/java/org/apache/hedwig/protocol/PubSubProtocol.java,null,3,1,0,0,0,1,5,0,196,1,1,0,false
4.0.0,errorOutOutstandingEntries,bookkeeper-server/src/main/java/org/apache/bookkeeper/proto/PerChannelBookieClient.java,null,8,3,0,0,0,0,1,2,4,3,8,0,false
4.1.0,getTopicOwner,hedwig-server/src/main/java/org/apache/hedwig/admin/HedwigAdmin.java,null,13,3,3,0,1,2,1,2,0,2,2,1,false
4.1.0,getReplicaIndex,bookkeeper-server/src/main/java/org/apache/bookkeeper/client/DistributionSchedule.java,null,1,1,0,0,0,0,0,0,196,1,1,0,false
4.0.0,setSequence,bookkeeper-server/src/main/java/org/apache/bookkeeper/client/SyncCounter.java,null,3,1,1,0,0,0,1,0,4,1,1,0,false
4.0.0,getChannelForTopic,hedwig-client/src/main/java/org/apache/hedwig/client/netty/HedwigSubscriber.java,null,3,1,0,0,0,1,2,0,4,1,3,0,false
4.1.0,readFromDirectory,bookkeeper-server/src/main/java/org/apache/bookkeeper/bookie/Cookie.java,null,4,1,1,0,0,1,1,1,91,1,1,0,false
4.1.0,toString,bookkeeper-server/src/main/java/org/apache/bookkeeper/meta/LedgerLayout.java,null,5,1,1,0,0,1,0,0,204,1,1,0,false
4.0.0,close,bookkeeper-server/src/main/java/org/apache/bookkeeper/bookie/FileInfo.java,null,6,2,1,0,0,0,2,0,4,2,4,0,false
4.0.0,getActiveLedgers,bookkeeper-server/src/main/java/org/apache/bookkeeper/client/BookKeeperAdmin.java,null,25,1,0,0,0,0,2,0,40,2,5,2,false
4.1.0,internalGetResult,hedwig-protocol/src/main/java/org/apache/hedwig/protocol/PubSubProtocol.java,null,3,1,0,0,0,1,0,0,196,1,1,0,false
4.1.0,handleRequestAtOwner,hedwig-server/src/main/java/org/apache/hedwig/server/handlers/SubscribeHandler.java,null,51,3,6,0,1,2,0,4,196,1,1,5,false
4.1.0,deleteLedger,bookkeeper-server/src/main/java/org/apache/bookkeeper/bookie/LedgerCacheImpl.java,null,36,5,4,1,1,0,0,1,84,3,6,1,false
4.0.0,serialize,bookkeeper-server/src/main/java/org/apache/bookkeeper/client/LedgerMetadata.java,null,19,5,1,1,0,1,1,1,4,3,6,0,false
4.1.0,getTxnId,hedwig-protocol/src/main/java/org/apache/hedwig/protocol/PubSubProtocol.java,null,3,1,0,0,0,1,5,0,196,1,1,0,false
4.1.0,closeLedger,hedwig-server/src/main/java/org/apache/hedwig/server/persistence/BookkeeperPersistenceManager.java,null,2,1,0,0,0,0,2,0,196,1,3,0,false
4.1.0,close,bookkeeper-server/src/main/java/org/apache/bookkeeper/client/LedgerMetadata.java,null,3,1,1,0,0,0,3,0,196,3,5,0,false
4.1.0,getChannel,hedwig-server/src/main/java/org/apache/hedwig/server/delivery/ChannelEndPoint.java,null,3,1,0,0,0,1,0,0,196,1,1,0,false
4.1.0,getMessage,bookkeeper-server/src/main/java/org/apache/bookkeeper/bookie/BookieException.java,null,27,9,8,0,0,2,0,0,196,2,2,0,false
4.1.0,exceptionCaught,bookkeeper-server/src/main/java/org/apache/bookkeeper/proto/PerChannelBookieClient.java,null,15,5,1,1,0,3,0,3,196,3,10,2,false
4.1.0,readPage,bookkeeper-server/src/main/java/org/apache/bookkeeper/bookie/LedgerEntryPage.java,null,10,3,1,5,0,0,1,3,196,2,2,0,false
4.0.0,getValueAndReset,bookkeeper-server/src/main/java/org/apache/bookkeeper/client/MacDigestManager.java,null,3,1,0,0,0,1,0,0,4,2,3,0,false
4.0.0,cmpMasterKey,bookkeeper-server/src/main/java/org/apache/bookkeeper/bookie/LedgerDescriptor.java,null,3,1,0,0,0,1,2,0,4,2,4,0,false
4.0.0,operationComplete,bookkeeper-server/src/main/java/org/apache/bookkeeper/proto/PerChannelBookieClient.java,null,10,3,0,1,0,0,0,3,4,3,8,0,false
4.1.0,shutdown,bookkeeper-server/src/main/java/org/apache/bookkeeper/bookie/InterleavedLedgerStorage.java,null,10,2,0,0,1,0,0,1,56,2,3,0,false
4.1.0,mergeFrom,hedwig-protocol/src/main/java/org/apache/hedwig/protocol/PubSubProtocol.java,null,11,4,0,0,0,2,3,7,196,1,1,1,false
4.1.0,process,bookkeeper-server/src/main/java/org/apache/bookkeeper/bookie/Journal.java,null,1,1,0,0,0,0,1,0,56,1,2,0,false
4.1.0,toString,bookkeeper-server/src/main/java/org/apache/bookkeeper/proto/NIOServerFactory.java,null,8,2,2,0,0,1,0,3,196,1,4,1,false
4.1.0,getBookieIndex,bookkeeper-server/src/main/java/org/apache/bookkeeper/client/RoundRobinDistributionSchedule.java,null,3,1,0,2,0,1,0,0,196,1,1,0,false
4.1.0,invokeUncaughtExceptionHandler,hedwig-server/src/main/java/org/apache/hedwig/zookeeper/SafeAsyncCallback.java,null,4,1,1,0,0,0,0,0,196,1,1,0,false
4.1.0,newLedgerPath,bookkeeper-server/src/main/java/org/apache/bookkeeper/meta/FlatLedgerManager.java,null,1,1,0,0,0,0,0,0,204,2,2,0,false
4.1.0,printMessage,hedwig-server/src/main/java/org/apache/hedwig/admin/console/HedwigConsole.java,null,5,2,0,1,0,0,3,0,0,1,1,0,false
4.1.0,halt,bookkeeper-server/src/main/java/org/apache/bookkeeper/client/BookieWatcher.java,null,3,1,0,0,0,0,1,0,196,1,3,0,false
4.1.0,setSendLimit,bookkeeper-benchmark/src/main/java/org/apache/bookkeeper/benchmark/BenchThroughputLatency.java,null,4,1,2,0,0,0,1,0,0,3,4,0,false
4.1.0,getLedgerId,bookkeeper-server/src/main/java/org/apache/bookkeeper/bookie/LedgerDescriptorImpl.java,null,3,1,0,0,0,1,0,0,84,1,1,0,false
4.1.0,lostTopic,hedwig-server/src/main/java/org/apache/hedwig/server/subscriptions/AbstractSubscriptionManager.java,null,3,1,0,0,0,0,0,3,196,1,4,0,false
4.1.0,onLastLocalUnsubscribe,hedwig-server/src/main/java/org/apache/hedwig/server/regions/RegionManager.java,null,35,1,0,0,0,0,0,0,196,1,3,1,false
4.1.0,getLedgerDigestType,bookkeeper-server/src/main/java/org/apache/bookkeeper/client/BookKeeperAdmin.java,null,3,1,0,0,0,1,1,0,268,2,4,0,false
4.0.0,write,bookkeeper-server/src/main/java/org/apache/bookkeeper/bookie/BufferedChannel.java,null,24,5,7,3,0,1,3,0,4,2,3,0,false
4.1.0,moveDeliveryPtrForward,hedwig-server/src/main/java/org/apache/hedwig/server/delivery/FIFODeliveryManager.java,null,3,1,0,0,0,0,1,2,196,1,2,0,false
4.1.0,deleteFromZooKeeper,bookkeeper-server/src/main/java/org/apache/bookkeeper/bookie/Cookie.java,null,7,2,2,0,0,0,1,1,91,1,1,0,false
4.1.0,doGc,bookkeeper-server/src/main/java/org/apache/bookkeeper/meta/HierarchicalLedgerManager.java,null,8,3,0,0,0,0,1,0,204,2,4,0,false
4.1.0,checkParents,bookkeeper-server/src/main/java/org/apache/bookkeeper/bookie/FileInfo.java,null,9,3,1,1,0,1,2,0,196,1,4,2,false
4.1.0,readFromZooKeeper,bookkeeper-server/src/main/java/org/apache/bookkeeper/bookie/Cookie.java,null,8,1,5,0,0,1,2,2,91,1,1,1,false
4.1.0,updateZnodeStatus,bookkeeper-server/src/main/java/org/apache/bookkeeper/client/LedgerMetadata.java,null,3,1,1,0,0,0,1,0,196,3,5,0,false
4.1.0,logAddEntry,bookkeeper-server/src/main/java/org/apache/bookkeeper/bookie/Journal.java,null,6,1,2,0,0,0,2,1,56,1,2,0,false
4.1.0,getCertStream,hedwig-server/src/main/java/org/apache/hedwig/server/common/ServerConfiguration.java,null,11,5,2,0,0,2,1,2,196,1,2,3,false
4.0.0,sendRead,bookkeeper-server/src/main/java/org/apache/bookkeeper/client/PendingReadOp.java,null,9,2,1,0,0,1,2,4,4,2,3,1,false
4.1.0,operationComplete,bookkeeper-server/src/main/java/org/apache/bookkeeper/proto/PerChannelBookieClient.java,null,24,3,9,2,0,0,0,3,196,3,10,0,false
4.0.0,testAndClearSomethingWritten,bookkeeper-server/src/main/java/org/apache/bookkeeper/bookie/EntryLogger.java,null,8,1,1,0,1,1,1,0,4,2,8,0,false
4.1.0,acquiredTopic,hedwig-server/src/main/java/org/apache/hedwig/server/subscriptions/AbstractSubscriptionManager.java,null,3,1,0,0,0,0,0,1,196,1,4,0,false
4.0.0,openComplete,bookkeeper-server/src/main/java/org/apache/bookkeeper/client/BookKeeperAdmin.java,null,44,10,9,3,2,3,0,12,40,2,5,4,false
4.1.0,isFenced,bookkeeper-server/src/main/java/org/apache/bookkeeper/bookie/LedgerDescriptorImpl.java,null,3,1,0,0,0,1,0,0,84,1,1,0,false
4.1.0,main,hedwig-server/src/main/java/org/apache/hedwig/server/proxy/HedwigProxy.java,null,25,5,4,3,2,0,0,4,196,1,2,0,false
4.0.0,flush,bookkeeper-server/src/main/java/org/apache/bookkeeper/bookie/BufferedChannel.java,null,14,3,1,0,0,1,3,0,4,2,3,0,false
4.0.0,getNextEnsembleChange,bookkeeper-server/src/main/java/org/apache/bookkeeper/client/LedgerMetadata.java,null,9,2,1,1,0,2,1,0,4,3,6,1,false
4.0.0,realReleaseTopic,hedwig-server/src/main/java/org/apache/hedwig/server/topics/AbstractTopicManager.java,null,5,2,0,0,0,0,2,1,4,2,3,0,false
4.1.0,addListener,hedwig-server/src/main/java/org/apache/hedwig/server/subscriptions/AbstractSubscriptionManager.java,null,1,1,0,0,0,0,1,0,196,1,4,0,false
4.1.0,deliveredUntil,hedwig-server/src/main/java/org/apache/hedwig/server/persistence/LocalDBPersistenceManager.java,null,1,1,0,0,0,0,0,0,196,1,2,0,false
4.0.0,write,bookkeeper-server/src/main/java/org/apache/bookkeeper/bookie/FileInfo.java,null,20,4,5,3,1,1,1,0,4,2,4,0,false
4.0.0,extractLedgersFromEntryLogs,bookkeeper-server/src/main/java/org/apache/bookkeeper/bookie/EntryLogger.java,null,46,9,12,7,1,0,1,3,4,2,8,1,false
4.1.0,main,bookkeeper-benchmark/src/main/java/org/apache/bookkeeper/benchmark/BenchBookie.java,null,70,6,30,8,0,0,0,6,0,1,2,17,false
4.1.0,getJMXBean,bookkeeper-server/src/main/java/org/apache/bookkeeper/bookie/InterleavedLedgerStorage.java,null,3,1,0,0,0,1,0,1,56,2,3,0,false
4.1.0,asyncRecoverBookieData,bookkeeper-server/src/main/java/org/apache/bookkeeper/client/BookKeeperAdmin.java,null,13,1,0,0,0,0,1,0,268,2,4,2,false
4.1.0,getSeqIdAfterSkipping,hedwig-server/src/main/java/org/apache/hedwig/server/persistence/LocalDBPersistenceManager.java,null,1,1,0,0,0,0,0,0,196,1,2,0,false
4.1.0,hasBody,hedwig-protocol/src/main/java/org/apache/hedwig/protocol/PubSubProtocol.java,null,3,1,0,0,0,1,5,0,196,1,1,0,false
4.0.0,signSafeMod,bookkeeper-server/src/main/java/org/apache/bookkeeper/util/MathUtils.java,null,7,2,2,1,0,1,3,0,4,1,1,0,false
4.1.0,getProxyPort,hedwig-server/src/main/java/org/apache/hedwig/server/proxy/ProxyConfiguration.java,null,3,1,0,0,0,1,1,0,196,1,1,0,false
4.1.0,mergeEndSeqIdIncluded,hedwig-protocol/src/main/java/org/apache/hedwig/protocol/PubSubProtocol.java,null,10,3,3,0,0,1,1,5,196,1,1,2,false
4.1.0,operationFinished,hedwig-server/src/main/java/org/apache/hedwig/server/regions/RegionManager.java,null,34,6,0,5,1,0,0,6,196,1,3,1,false
4.1.0,getPublishRequest,hedwig-protocol/src/main/java/org/apache/hedwig/protocol/PubSubProtocol.java,null,3,1,0,0,0,1,2,1,196,1,1,0,false
4.1.0,operationFailed,hedwig-server/src/main/java/org/apache/hedwig/server/handlers/PublishHandler.java,null,4,1,0,0,0,0,0,3,196,1,1,0,false
4.1.0,addAllRanges,hedwig-protocol/src/main/java/org/apache/hedwig/protocol/PubSubProtocol.java,null,7,2,1,0,0,1,0,1,196,1,1,1,false
4.1.0,startServingSubscription,hedwig-server/src/main/java/org/apache/hedwig/server/delivery/FIFODeliveryManager.java,null,4,1,1,1,0,0,0,2,196,1,2,0,false
4.1.0,extractMetaFromEntryLog,bookkeeper-server/src/main/java/org/apache/bookkeeper/bookie/GarbageCollectorThread.java,null,7,1,2,1,0,1,1,2,96,3,6,0,false
4.1.0,initializeNetty,hedwig-server/src/main/java/org/apache/hedwig/server/proxy/HedwigProxy.java,null,13,1,4,0,0,0,1,2,196,1,2,0,false
4.1.0,createTable,hedwig-server/src/main/java/org/apache/hedwig/server/persistence/LocalDBPersistenceManager.java,null,10,2,2,1,1,0,1,1,196,1,2,2,false
4.1.0,consume,hedwig-client/src/main/java/org/apache/hedwig/client/netty/HedwigSubscriber.java,null,9,3,2,2,0,0,0,2,196,1,4,0,false
4.1.0,send,hedwig-server/src/main/java/org/apache/hedwig/server/delivery/ChannelEndPoint.java,null,5,1,1,0,0,0,0,0,196,1,1,1,false
4.1.0,deliver,hedwig-server/src/main/java/org/apache/hedwig/admin/console/HedwigConsole.java,null,4,1,0,1,0,0,0,0,0,1,1,1,false
4.1.0,recoverLedger,bookkeeper-server/src/main/java/org/apache/bookkeeper/client/BookKeeperAdmin.java,null,29,1,0,0,0,0,1,1,268,2,4,5,false
4.1.0,runInternal,hedwig-server/src/main/java/org/apache/hedwig/server/persistence/BookkeeperPersistenceManager.java,null,51,4,5,1,0,2,0,8,196,1,3,9,false
4.1.0,getTopicLedgers,hedwig-server/src/main/java/org/apache/hedwig/admin/HedwigAdmin.java,null,41,8,11,3,2,4,2,2,0,2,2,8,false
4.0.0,usage,bookkeeper-server/src/main/java/org/apache/bookkeeper/util/LocalBookKeeper.java,null,3,1,0,0,0,0,1,0,4,3,5,0,false
4.0.0,run,hedwig-server/src/main/java/org/apache/hedwig/server/delivery/FIFODeliveryManager.java,null,16,4,2,0,1,0,0,2,4,2,3,1,false
4.1.0,operationComplete,bookkeeper-server/src/main/java/org/apache/bookkeeper/client/LedgerCreateOp.java,null,30,5,2,3,2,4,0,1,196,1,2,4,false
4.1.0,setupHistory,src/main/java/org/apache/hedwig/admin/console/HedwigConsole.java,HedwigConsole$ConsoleHandler,10,1,5,0,0,0,1,2,0,0,0,6,false
4.0.0,getFirstEntry,bookkeeper-server/src/main/java/org/apache/bookkeeper/bookie/LedgerEntryPage.java,null,3,1,0,0,0,1,10,0,4,2,2,0,false
4.1.0,errorOutReadKey,bookkeeper-server/src/main/java/org/apache/bookkeeper/proto/PerChannelBookieClient.java,null,12,1,0,0,0,0,6,2,196,3,10,1,false
4.1.0,getReadAheadEnabled,hedwig-server/src/main/java/org/apache/hedwig/server/common/ServerConfiguration.java,null,3,1,0,0,0,1,1,0,196,1,2,0,false
4.0.0,update,bookkeeper-server/src/main/java/org/apache/bookkeeper/client/CRC32DigestManager.java,null,3,1,0,0,0,0,1,1,4,1,1,0,false
4.0.0,setFirstEntry,bookkeeper-server/src/main/java/org/apache/bookkeeper/bookie/LedgerEntryPage.java,null,6,2,1,2,0,0,1,0,4,2,2,0,false
4.1.0,getCertName,hedwig-server/src/main/java/org/apache/hedwig/server/common/ServerConfiguration.java,null,3,1,0,0,0,1,1,0,196,1,2,0,false
4.1.0,stop,hedwig-server/src/main/java/org/apache/hedwig/server/topics/ZkTopicManager.java,null,12,3,0,0,1,0,0,1,196,1,2,0,false
4.1.0,getBkDigestType,hedwig-server/src/main/java/org/apache/hedwig/admin/HedwigAdmin.java,null,3,1,0,0,0,1,1,0,0,2,2,0,false
4.1.0,getTableNameForTopic,hedwig-server/src/main/java/org/apache/hedwig/server/persistence/LocalDBPersistenceManager.java,null,3,1,0,1,0,1,4,0,196,1,2,0,false
4.1.0,operationFinished,hedwig-server/src/main/java/org/apache/hedwig/server/topics/ZkTopicManager.java,null,4,1,0,0,0,0,0,24,196,1,2,0,false
4.1.0,run,hedwig-server/src/main/java/org/apache/hedwig/server/topics/AbstractTopicManager.java,null,3,1,0,0,0,0,0,1,196,1,1,0,false
4.1.0,initializeConsoleReader,src/main/java/org/apache/hedwig/admin/console/HedwigConsole.java,HedwigConsole$ConsoleHandler,5,1,2,0,0,0,1,0,0,0,0,2,false
4.0.0,subscribe,hedwig-client/src/main/java/org/apache/hedwig/client/netty/HedwigSubscriber.java,null,3,1,0,0,0,0,0,1,4,1,3,0,false
4.1.0,setReadTimeout,bookkeeper-server/src/main/java/org/apache/bookkeeper/conf/ClientConfiguration.java,null,4,1,0,0,0,1,0,0,225,2,3,0,false
4.1.0,getRemoteComponentsCount,hedwig-protocol/src/main/java/org/apache/hedwig/protocol/PubSubProtocol.java,null,3,1,0,0,0,1,1,1,196,1,1,0,false
4.0.0,subscribe,hedwig-server/src/main/java/org/apache/hedwig/server/regions/HedwigHubSubscriber.java,null,3,1,0,0,0,0,0,1,4,1,2,0,false
4.0.0,submitCallback,bookkeeper-server/src/main/java/org/apache/bookkeeper/client/PendingAddOp.java,null,4,1,0,0,0,0,2,1,4,2,3,1,false
4.1.0,hasStatusMsg,hedwig-protocol/src/main/java/org/apache/hedwig/protocol/PubSubProtocol.java,null,3,1,0,0,0,1,4,0,196,1,1,0,false
4.0.0,getIsCallSuccessful,hedwig-client/src/main/java/org/apache/hedwig/client/handlers/PubSubCallback.java,null,3,1,0,0,0,1,4,0,4,1,2,0,false
4.1.0,checkTopic,hedwig-server/src/main/java/org/apache/hedwig/admin/console/ReadTopic.java,null,3,2,0,0,0,1,1,1,0,1,1,0,false
4.0.0,readPage,bookkeeper-server/src/main/java/org/apache/bookkeeper/bookie/LedgerEntryPage.java,null,10,3,1,5,0,0,1,4,4,2,2,0,false
4.1.0,getFirstEntry,bookkeeper-server/src/main/java/org/apache/bookkeeper/bookie/LedgerEntryPage.java,null,3,1,0,0,0,1,10,0,196,2,2,0,false
4.1.0,showTopics,hedwig-server/src/main/java/org/apache/hedwig/admin/console/HedwigConsole.java,null,5,1,1,0,0,0,1,1,0,1,1,0,false
4.1.0,finish,hedwig-server/src/main/java/org/apache/hedwig/server/subscriptions/AbstractSubscriptionManager.java,null,5,1,0,0,0,0,6,8,196,1,4,0,false
4.0.0,setFenced,bookkeeper-server/src/main/java/org/apache/bookkeeper/bookie/LedgerDescriptor.java,null,3,1,1,0,0,0,1,0,4,2,4,0,false
4.1.0,postReleaseCleanup,hedwig-server/src/main/java/org/apache/hedwig/server/topics/TrivialOwnAllTopicManager.java,null,3,1,0,0,0,0,0,0,196,1,1,0,false
4.0.0,loadConfFile,bookkeeper-server/src/main/java/org/apache/bookkeeper/proto/BookieServer.java,null,14,3,0,3,1,0,1,0,4,3,10,1,false
4.0.0,isClean,bookkeeper-server/src/main/java/org/apache/bookkeeper/bookie/LedgerEntryPage.java,null,3,1,0,0,0,1,4,0,4,2,2,0,false
4.0.0,clear,bookkeeper-server/src/main/java/org/apache/bookkeeper/proto/NIOServerFactory.java,null,14,3,2,0,1,0,2,1,4,3,7,3,false
4.1.0,safeProcessResult,hedwig-server/src/main/java/org/apache/hedwig/server/topics/ZkTopicManager.java,null,8,2,1,0,0,1,0,1,196,1,2,1,false
4.1.0,createHardLink,bookkeeper-server/src/main/java/org/apache/bookkeeper/util/HardLink.java,null,3,1,0,0,0,0,2,2,90,1,1,0,false
4.1.0,subscribe,hedwig-server/src/main/java/org/apache/hedwig/server/regions/HedwigHubSubscriber.java,null,3,1,0,0,0,0,0,1,196,1,1,0,false
4.0.0,use,bookkeeper-server/src/main/java/org/apache/bookkeeper/bookie/FileInfo.java,null,3,1,0,0,0,0,1,0,4,2,4,0,false
4.0.0,getMacCodeLength,bookkeeper-server/src/main/java/org/apache/bookkeeper/client/CRC32DigestManager.java,null,1,1,0,0,0,0,1,0,4,1,1,0,false
4.1.0,safeCloseComplete,hedwig-server/src/main/java/org/apache/hedwig/server/persistence/BookkeeperPersistenceManager.java,null,2,1,0,0,0,0,0,0,196,1,3,0,false
4.1.0,getValueAndReset,bookkeeper-server/src/main/java/org/apache/bookkeeper/client/MacDigestManager.java,null,3,1,0,0,0,1,0,0,196,1,1,1,false
4.1.0,delete,bookkeeper-server/src/main/java/org/apache/bookkeeper/bookie/FileInfo.java,null,3,1,0,0,0,1,2,0,196,1,4,0,false
4.0.0,main,bookkeeper-server/src/main/java/org/apache/bookkeeper/util/Main.java,null,14,5,1,1,0,1,0,3,4,2,2,0,false
4.0.0,toString,bookkeeper-server/src/main/java/org/apache/bookkeeper/proto/NIOServerFactory.java,null,3,1,0,1,0,1,0,0,4,3,7,0,false
4.1.0,doRemoteSubscribe,hedwig-server/src/main/java/org/apache/hedwig/server/regions/RegionManager.java,null,61,4,1,2,1,2,0,0,196,1,3,1,false
4.1.0,doConsume,hedwig-client/src/main/java/org/apache/hedwig/client/netty/HedwigSubscriber.java,null,22,2,4,1,0,0,2,1,196,1,4,1,false
4.0.0,incRef,bookkeeper-server/src/main/java/org/apache/bookkeeper/bookie/LedgerDescriptor.java,null,3,1,0,0,0,0,2,0,4,2,4,0,false
4.0.0,readMasterKey,bookkeeper-server/src/main/java/org/apache/bookkeeper/bookie/FileInfo.java,null,18,4,5,1,0,2,2,1,4,2,4,2,false
4.1.0,getConfiguration,hedwig-client/src/main/java/org/apache/hedwig/client/netty/HedwigClientImpl.java,null,3,1,0,0,0,1,1,0,226,1,1,0,false
4.0.0,read,bookkeeper-server/src/main/java/org/apache/bookkeeper/bookie/BufferedChannel.java,null,57,16,15,11,0,1,2,0,4,2,3,5,false
4.1.0,size,bookkeeper-server/src/main/java/org/apache/bookkeeper/client/PendingReadOp.java,null,3,1,0,0,0,1,0,0,196,2,3,0,false
4.1.0,close,bookkeeper-server/src/main/java/org/apache/bookkeeper/bookie/LedgerCacheImpl.java,null,8,3,1,0,0,0,0,0,84,3,6,1,false
4.0.0,getLastSeqIdCommunicatedExternally,hedwig-server/src/main/java/org/apache/hedwig/server/delivery/FIFODeliveryManager.java,null,3,1,0,0,0,1,1,0,4,2,3,0,false
4.1.0,process,bookkeeper-server/src/main/java/org/apache/bookkeeper/bookie/EntryLogger.java,null,1,1,0,0,0,0,2,0,196,3,12,0,false
4.1.0,getLocalAddress,bookkeeper-server/src/main/java/org/apache/bookkeeper/proto/NIOServerFactory.java,null,3,1,0,0,0,1,1,0,196,1,4,1,false
4.0.0,initiate,bookkeeper-server/src/main/java/org/apache/bookkeeper/client/LedgerDeleteOp.java,null,3,1,0,0,0,0,2,2,4,2,3,1,false
4.1.0,getEndLedgerIdByLevel,bookkeeper-server/src/main/java/org/apache/bookkeeper/meta/HierarchicalLedgerManager.java,null,3,1,0,0,0,1,3,1,204,2,4,0,false
4.1.0,run,hedwig-server/src/main/java/org/apache/hedwig/server/delivery/FIFODeliveryManager.java,null,16,4,2,0,1,0,0,2,196,1,2,1,false
4.0.0,checkParents,bookkeeper-server/src/main/java/org/apache/bookkeeper/bookie/LedgerCache.java,null,9,3,1,1,0,1,1,0,4,2,6,2,false
4.1.0,isPrefix,hedwig-client/src/main/java/org/apache/hedwig/util/PathUtils.java,null,6,4,3,0,0,3,0,0,196,1,1,0,false
4.0.0,readComplete,bookkeeper-server/src/main/java/org/apache/bookkeeper/client/BookKeeperAdmin.java,null,24,2,3,1,0,1,0,10,40,2,5,5,false
4.1.0,getLedgerId,bookkeeper-server/src/main/java/org/apache/bookkeeper/meta/FlatLedgerManager.java,null,1,1,0,0,0,0,0,0,204,2,2,0,false
4.1.0,waitFor,bookkeeper-benchmark/src/main/java/org/apache/bookkeeper/benchmark/BenchBookie.java,null,7,2,2,0,0,0,1,0,0,1,2,0,false
4.1.0,transientErrorOnSend,hedwig-server/src/main/java/org/apache/hedwig/server/delivery/FIFODeliveryManager.java,null,3,1,0,0,0,0,0,1,196,1,2,0,false
4.0.0,getSrcSeqId,hedwig-client/src/main/java/org/apache/hedwig/client/benchmark/BenchmarkSubscriber.java,null,9,4,0,0,0,3,2,0,4,1,3,4,false
4.1.0,getBkPasswd,hedwig-server/src/main/java/org/apache/hedwig/admin/HedwigAdmin.java,null,3,1,0,0,0,1,1,0,0,2,2,0,false
4.1.0,getMsgId,hedwig-protocol/src/main/java/org/apache/hedwig/protocol/PubSubProtocol.java,null,3,1,0,0,0,1,5,0,196,1,1,1,false
4.1.0,setLedgerManagerType,bookkeeper-server/src/main/java/org/apache/bookkeeper/conf/AbstractConfiguration.java,null,3,1,0,0,0,0,0,0,225,2,2,0,false
4.1.0,getZkHandle,hedwig-server/src/main/java/org/apache/hedwig/admin/HedwigAdmin.java,null,3,1,0,0,0,1,1,0,0,2,2,0,false
4.0.0,updateSubscriptionState,hedwig-server/src/main/java/org/apache/hedwig/server/subscriptions/AbstractSubscriptionManager.java,null,1,1,0,0,0,0,1,0,4,2,3,0,false
4.1.0,getZkHostsPrefix,hedwig-server/src/main/java/org/apache/hedwig/server/common/ServerConfiguration.java,null,3,1,0,0,0,1,0,1,196,1,2,1,false
4.0.0,pin,bookkeeper-server/src/main/java/org/apache/bookkeeper/bookie/LedgerEntryPage.java,null,3,1,1,0,0,0,0,0,4,2,2,0,false
4.0.0,initializeNettyHandlers,hedwig-server/src/main/java/org/apache/hedwig/server/netty/PubSubServer.java,null,9,1,2,0,0,1,1,1,4,2,5,0,false
4.0.0,operationFailed,hedwig-client/src/main/java/org/apache/hedwig/client/handlers/MessageConsumeCallback.java,null,6,1,2,1,0,0,0,9,4,1,3,0,false
4.1.0,findCandidateCommands,hedwig-server/src/main/java/org/apache/hedwig/admin/console/HedwigCommands.java,null,15,4,5,1,0,2,0,1,0,1,1,4,false
4.0.0,parseArgs,bookkeeper-server/src/main/java/org/apache/bookkeeper/proto/BookieServer.java,null,33,7,6,1,1,2,1,7,4,3,10,4,false
4.0.0,processResult,bookkeeper-server/src/main/java/org/apache/bookkeeper/meta/AbstractZkLedgerManager.java,null,11,3,0,1,0,1,0,15,8,1,1,2,false
4.1.0,registerWithZookeeper,hedwig-server/src/main/java/org/apache/hedwig/server/topics/ZkTopicManager.java,null,3,1,0,0,0,0,1,0,196,1,2,0,false
4.1.0,handleSubscribeResponse,hedwig-client/src/main/java/org/apache/hedwig/client/handlers/SubscribeResponseHandler.java,null,33,7,5,4,0,0,0,0,196,1,1,3,false
4.1.0,run,bookkeeper-server/src/main/java/org/apache/bookkeeper/bookie/GarbageCollectorThread.java,null,29,7,5,2,1,0,0,4,96,3,6,1,false
4.0.0,getSessionTimeout,bookkeeper-server/src/main/java/org/apache/bookkeeper/proto/NIOServerFactory.java,null,3,1,0,0,0,1,0,0,4,3,7,0,false
4.1.0,getOption,hedwig-server/src/main/java/org/apache/hedwig/admin/console/HedwigConsole.java,null,3,1,0,0,0,1,1,0,0,1,1,0,false
4.0.0,initiate,bookkeeper-server/src/main/java/org/apache/bookkeeper/client/ReadLastConfirmedOp.java,null,5,2,1,0,0,0,0,0,131,2,5,3,false
4.1.0,getMessagesConsumedThreadRunInterval,hedwig-server/src/main/java/org/apache/hedwig/server/common/ServerConfiguration.java,null,3,1,0,0,0,1,1,0,196,1,2,0,false
4.1.0,readMasterKey,bookkeeper-server/src/main/java/org/apache/bookkeeper/bookie/LedgerCacheImpl.java,null,18,3,4,0,0,2,0,2,84,3,6,0,false
4.0.0,getNewBookie,bookkeeper-server/src/main/java/org/apache/bookkeeper/client/BookKeeperAdmin.java,null,9,2,1,0,0,1,1,0,40,2,5,0,false
4.0.0,getTimeoutThreadRunInterval,hedwig-client/src/main/java/org/apache/hedwig/client/conf/ClientConfiguration.java,null,3,1,0,0,0,1,1,0,4,1,2,0,false
4.0.0,getChannelForLogId,bookkeeper-server/src/main/java/org/apache/bookkeeper/bookie/EntryLogger.java,null,19,3,5,0,0,3,2,2,4,2,8,1,false
4.0.0,getBookieIndex,bookkeeper-server/src/main/java/org/apache/bookkeeper/client/RoundRobinDistributionSchedule.java,null,3,1,0,2,0,1,0,0,4,1,1,0,false
4.1.0,readLedger,hedwig-server/src/main/java/org/apache/hedwig/admin/console/ReadTopic.java,null,63,15,12,11,4,4,1,5,0,1,1,13,false
4.1.0,permanentErrorOnSend,hedwig-server/src/main/java/org/apache/hedwig/server/delivery/FIFODeliveryManager.java,null,3,1,0,0,0,0,0,1,196,1,2,0,false
4.1.0,ledgerExists,bookkeeper-server/src/main/java/org/apache/bookkeeper/bookie/LedgerCacheImpl.java,null,12,3,2,0,0,2,0,1,84,3,6,0,false
4.1.0,addTriedServers,hedwig-protocol/src/main/java/org/apache/hedwig/protocol/PubSubProtocol.java,null,10,3,1,0,0,1,1,1,196,1,1,2,false
4.0.0,block,bookkeeper-server/src/main/java/org/apache/bookkeeper/client/SyncCounter.java,null,9,3,1,0,0,0,8,0,4,1,1,0,false
4.1.0,getMyRegion,hedwig-server/src/main/java/org/apache/hedwig/server/common/ServerConfiguration.java,null,3,1,0,0,0,1,2,0,196,1,2,0,false
4.1.0,getJMXBean,bookkeeper-server/src/main/java/org/apache/bookkeeper/bookie/LedgerCacheImpl.java,null,32,1,0,0,0,1,0,0,84,3,6,6,false
4.1.0,createNewLog,bookkeeper-server/src/main/java/org/apache/bookkeeper/bookie/EntryLogger.java,null,26,6,6,3,0,0,2,1,196,3,12,0,false
4.1.0,toString,bookkeeper-server/src/main/java/org/apache/bookkeeper/proto/PerChannelBookieClient.java,null,3,1,0,0,0,1,0,0,196,3,10,0,false
4.1.0,getPeerName,bookkeeper-server/src/main/java/org/apache/bookkeeper/proto/NIOServerFactory.java,null,6,2,1,0,0,1,1,0,196,1,4,1,false
4.0.0,getSequence,bookkeeper-server/src/main/java/org/apache/bookkeeper/client/SyncCounter.java,null,3,1,0,0,0,1,1,0,4,1,1,0,false
4.1.0,doSubUnsub,hedwig-client/src/main/java/org/apache/hedwig/client/netty/HedwigSubscriber.java,null,36,7,7,1,0,0,4,4,196,1,4,6,false
4.1.0,markLog,bookkeeper-server/src/main/java/org/apache/bookkeeper/bookie/Journal.java,null,3,1,1,0,0,0,1,1,56,1,2,0,false
4.0.0,logErrorAndReattemptRead,bookkeeper-server/src/main/java/org/apache/bookkeeper/client/PendingReadOp.java,null,7,1,2,2,0,1,1,3,4,2,3,3,false
4.1.0,sendResponse,bookkeeper-server/src/main/java/org/apache/bookkeeper/proto/NIOServerFactory.java,null,13,3,0,0,0,1,2,2,196,1,4,1,false
4.1.0,errorOutOutstandingEntries,bookkeeper-server/src/main/java/org/apache/bookkeeper/proto/PerChannelBookieClient.java,null,8,3,0,0,0,0,1,2,196,3,10,0,false
4.1.0,isSSLEnabled,hedwig-client/src/main/java/org/apache/hedwig/util/HedwigSocketAddress.java,null,3,2,0,0,0,1,0,0,196,1,1,0,false
4.1.0,mergeMsgId,hedwig-protocol/src/main/java/org/apache/hedwig/protocol/PubSubProtocol.java,null,10,3,3,0,0,1,1,5,196,1,1,2,false
4.0.0,call,hedwig-client/src/main/java/org/apache/hedwig/client/benchmark/BenchmarkPublisher.java,null,35,7,13,14,0,1,0,2,4,1,2,0,false
4.0.0,getLedgerEntryPage,bookkeeper-server/src/main/java/org/apache/bookkeeper/bookie/LedgerCache.java,null,14,4,1,0,1,2,3,3,4,2,6,0,false
4.0.0,getLastLocalSeqIdDelivered,hedwig-server/src/main/java/org/apache/hedwig/server/delivery/FIFODeliveryManager.java,null,3,1,0,0,0,1,0,0,4,2,3,0,false
4.1.0,openNewTopicLedger,hedwig-server/src/main/java/org/apache/hedwig/server/persistence/BookkeeperPersistenceManager.java,null,40,1,0,0,0,0,3,0,196,1,3,7,false
4.1.0,flush,bookkeeper-server/src/main/java/org/apache/bookkeeper/bookie/InterleavedLedgerStorage.java,null,24,5,4,0,2,1,0,2,56,2,3,0,false
4.0.0,getMaximumMessageSize,hedwig-client/src/main/java/org/apache/hedwig/client/conf/ClientConfiguration.java,null,3,1,0,1,0,1,0,0,4,1,2,0,false
4.1.0,setCode,bookkeeper-server/src/main/java/org/apache/bookkeeper/bookie/BookieException.java,null,3,1,1,0,0,0,0,0,196,2,2,0,false
4.1.0,gc,bookkeeper-server/src/main/java/org/apache/bookkeeper/bookie/EntryLogger.java,null,8,2,0,0,1,0,0,0,196,3,12,1,false
4.1.0,usage,bookkeeper-benchmark/src/main/java/org/apache/bookkeeper/benchmark/BenchReadThroughputLatency.java,null,4,1,1,0,0,0,1,0,0,1,1,0,false
4.1.0,initialValue,hedwig-server/src/main/java/org/apache/hedwig/server/persistence/LocalDBPersistenceManager.java,null,9,2,0,0,1,2,0,1,196,1,2,0,false
4.1.0,getFileInfo,bookkeeper-server/src/main/java/org/apache/bookkeeper/bookie/LedgerCacheImpl.java,null,28,6,6,1,0,1,5,4,84,3,6,0,false
4.1.0,scanMessages,hedwig-server/src/main/java/org/apache/hedwig/server/persistence/BookkeeperPersistenceManager.java,null,3,1,0,0,0,0,0,1,196,1,3,0,false
4.1.0,retryErroredSubscriberAfterDelay,hedwig-server/src/main/java/org/apache/hedwig/server/delivery/FIFODeliveryManager.java,null,6,2,0,0,0,0,2,1,196,1,2,0,false
4.0.0,getLedgerId,bookkeeper-server/src/main/java/org/apache/bookkeeper/bookie/LedgerDescriptor.java,null,3,1,0,0,0,1,1,0,4,2,4,0,false
4.0.0,unsubscribe,hedwig-server/src/main/java/org/apache/hedwig/server/subscriptions/AbstractSubscriptionManager.java,null,3,1,0,0,0,0,0,1,4,2,3,0,false
4.1.0,getRegions,hedwig-server/src/main/java/org/apache/hedwig/server/common/ServerConfiguration.java,null,6,2,0,0,0,1,1,1,196,1,2,0,false
4.0.0,doOps,hedwig-server/src/main/java/org/apache/hedwig/server/benchmark/BookkeeperBenchmark.java,null,18,2,7,0,0,0,0,1,4,2,3,0,false
4.0.0,run,hedwig-client/src/main/java/org/apache/hedwig/util/FileUtils.java,null,7,2,0,0,0,0,0,1,4,1,1,0,false
4.1.0,process,bookkeeper-server/src/main/java/org/apache/bookkeeper/client/BookieWatcher.java,null,10,2,0,0,1,0,0,12,196,1,3,3,false
4.0.0,uncaughtException,hedwig-server/src/main/java/org/apache/hedwig/server/proxy/HedwigProxy.java,null,3,1,0,0,0,0,0,0,4,1,3,0,false
4.1.0,testMessage,hedwig-server/src/main/java/org/apache/hedwig/server/subscriptions/TrueFilter.java,null,3,1,0,0,0,1,0,0,196,1,1,0,false
4.1.0,newZookeeper,bookkeeper-server/src/main/java/org/apache/bookkeeper/bookie/FileSystemUpgrade.java,null,24,4,2,1,1,1,2,2,0,2,3,1,false
