release,method,path,loc,wmc,assignmentsQty,mathOperationsQty,qtyTryCatch,qtyReturn,fanin,fanout,age,nAuth,nr,nSmell,buggy
0.9.0,map,openjpa-jdbc/src/main/java/org/apache/openjpa/jdbc/meta/strats/SuperclassDiscriminatorStrategy.java,3,2,0,0,0,0,0,3,37,2,2,3,false
0.9.0,getLock,openjpa-kernel/src/main/java/org/apache/openjpa/kernel/OpenJPAStateManager.java,1,1,0,0,0,0,0,0,45,2,5,0,false
0.9.0,invalidateCompilation,openjpa-kernel/src/main/java/org/apache/openjpa/kernel/MethodStoreQuery.java,1,1,0,0,0,0,2,0,45,2,5,0,false
0.9.0,supportsDifferentTableCorrelationNames,openjpa-lib/src/main/java/org/apache/openjpa/lib/jdbc/DelegatingDatabaseMetaData.java,3,1,0,0,0,1,0,0,0,1,4,0,false
0.9.0,setFetchGroups,openjpa-kernel/src/main/java/org/apache/openjpa/conf/OpenJPAConfigurationImpl.java,4,1,0,0,0,0,0,2,45,3,13,0,false
0.9.0,initialize,openjpa-kernel/src/main/java/org/apache/openjpa/datacache/DelegatingQueryCache.java,9,3,0,0,1,1,0,2,45,1,4,1,false
0.9.0,providedShortField,openjpa-kernel/src/main/java/org/apache/openjpa/kernel/DetachedStateManager.java,3,1,1,0,0,0,0,0,45,3,7,0,false
0.9.0,and,openjpa-kernel/src/main/java/org/apache/openjpa/kernel/exps/InMemoryExpressionFactory.java,4,2,0,0,0,2,0,0,45,3,6,0,false
0.9.0,getColumnPrivileges,openjpa-lib/src/main/java/org/apache/openjpa/lib/jdbc/DelegatingDatabaseMetaData.java,3,1,0,0,0,1,0,0,0,1,4,0,false
0.9.0,getResolve,openjpa-kernel/src/main/java/org/apache/openjpa/meta/MetaDataRepository.java,3,1,0,0,0,1,0,0,45,3,8,0,false
0.9.0,addImplDataMethods,openjpa-kernel/src/main/java/org/apache/openjpa/enhance/PCDataGenerator.java,40,3,10,0,0,0,1,1,45,4,8,12,false
0.9.0,supportsRandomAccess,openjpa-jdbc/src/main/java/org/apache/openjpa/jdbc/kernel/MappedQueryResultObjectProvider.java,8,2,0,0,1,2,1,1,37,2,2,0,false
0.9.0,enhanceToNestedData,openjpa-kernel/src/main/java/org/apache/openjpa/datacache/DataCachePCDataGenerator.java,31,1,5,0,0,0,1,0,45,1,3,24,false
0.9.0,isDeleted,openjpa-kernel/src/main/java/org/apache/openjpa/kernel/StateManagerImpl.java,3,1,0,0,0,1,14,0,45,3,13,0,false
0.9.0,setQuotedNumbersInQueries,openjpa-kernel/src/main/java/org/apache/openjpa/conf/Compatibility.java,3,1,1,0,0,0,0,0,45,1,3,0,false
0.9.0,getConnectionUserName,openjpa-kernel/src/main/java/org/apache/openjpa/conf/OpenJPAConfiguration.java,1,1,0,0,0,0,3,0,45,3,8,0,false
0.9.0,info,openjpa-lib/src/main/java/org/apache/openjpa/lib/log/CommonsLogFactory.java,3,1,0,0,0,0,0,0,0,1,5,0,false
0.9.0,createFactory,openjpa-kernel/src/main/java/org/apache/openjpa/enhance/DynamicStorageGenerator.java,12,2,3,0,1,1,1,0,45,1,4,2,false
0.9.0,startClassMappingElement,openjpa-persistence/src/main/java/org/apache/openjpa/persistence/XMLPersistenceMetaDataParser.java,3,1,0,0,0,1,1,0,45,2,6,0,false
0.9.0,removeLifecycleListener,openjpa-kernel/src/main/java/org/apache/openjpa/kernel/AbstractBrokerFactory.java,10,2,0,0,1,0,0,3,45,2,6,0,false
0.9.0,map,openjpa-jdbc/src/main/java/org/apache/openjpa/jdbc/meta/strats/RelationToManyInverseKeyFieldStrategy.java,31,6,6,0,0,1,0,13,37,2,3,11,false
0.9.0,createInstance,openjpa-persistence/src/main/java/org/apache/openjpa/persistence/EntityManagerImpl.java,3,1,0,0,0,1,0,3,45,2,7,0,false
0.9.0,getLocalizer,openjpa-kernel/src/main/java/org/apache/openjpa/kernel/exps/AbstractExpressionBuilder.java,1,1,0,0,0,0,1,0,45,2,7,0,false
0.9.0,startFieldMapping,openjpa-persistence/src/main/java/org/apache/openjpa/persistence/XMLPersistenceMetaDataParser.java,2,1,0,0,0,0,1,0,45,2,6,0,false
0.9.0,setRef,openjpa-lib/src/main/java/org/apache/openjpa/lib/jdbc/LoggingConnectionDecorator.java,4,1,0,0,0,0,0,1,0,1,8,0,false
0.9.0,newValueOrder,openjpa-jdbc/src/main/java/org/apache/openjpa/jdbc/meta/MappingRepository.java,3,1,0,0,0,1,0,0,37,2,4,0,false
0.9.0,setWriteLockMode,openjpa-persistence/src/main/java/org/apache/openjpa/persistence/FetchPlan.java,4,1,0,0,0,1,0,1,45,2,5,0,false
0.9.0,clearWarnings,openjpa-lib/src/main/java/org/apache/openjpa/lib/jdbc/DelegatingResultSet.java,3,1,0,0,0,0,0,0,0,1,4,0,false
0.9.0,setHint,openjpa-persistence/src/main/java/org/apache/openjpa/persistence/QueryImpl.java,30,14,7,0,1,2,1,13,45,2,6,6,false
0.9.0,isDetachedStateTransient,openjpa-kernel/src/main/java/org/apache/openjpa/conf/DetachOptions.java,3,1,0,0,0,1,0,0,45,1,3,0,false
0.9.0,absoluteInternal,openjpa-jdbc/src/main/java/org/apache/openjpa/jdbc/sql/SelectImpl.java,4,1,1,0,0,1,0,0,37,2,6,0,false
0.9.0,lastChild,openjpa-kernel/src/main/java/org/apache/openjpa/kernel/jpql/JPQLExpressionBuilder.java,3,1,0,2,0,1,1,0,45,2,8,0,false
0.9.0,addTypes,openjpa-kernel/src/main/java/org/apache/openjpa/datacache/AbstractQueryCache.java,16,6,5,0,0,2,1,1,45,2,7,0,false
0.9.0,wrapResult,openjpa-lib/src/main/java/org/apache/openjpa/lib/jdbc/DelegatingStatement.java,4,3,0,0,0,2,2,2,0,1,5,0,false
0.9.0,newInstance,openjpa-kernel/src/main/java/org/apache/openjpa/datacache/QueryKey.java,5,5,1,0,0,2,2,2,45,2,4,0,false
0.9.0,setHaltOnError,openjpa-lib/src/main/java/org/apache/openjpa/lib/ant/AbstractTask.java,3,1,1,0,0,0,0,0,0,2,12,0,false
0.9.0,isTimedOut,openjpa-kernel/src/main/java/org/apache/openjpa/datacache/QueryResult.java,3,3,0,0,0,1,3,0,45,1,3,0,false
0.9.0,updateSourceMode,openjpa-persistence/src/main/java/org/apache/openjpa/persistence/AnnotationPersistenceMetaDataParser.java,4,3,0,0,0,0,1,1,45,3,11,0,false
0.9.0,requiresCandidateType,openjpa-jdbc/src/main/java/org/apache/openjpa/jdbc/kernel/SQLStoreQuery.java,3,1,0,0,0,1,0,0,37,2,3,0,false
0.9.0,select,openjpa-jdbc/src/main/java/org/apache/openjpa/jdbc/kernel/exps/Variable.java,2,1,0,0,0,0,0,0,37,2,3,0,false
0.9.0,newInMemoryExecutor,openjpa-kernel/src/main/java/org/apache/openjpa/kernel/AbstractStoreQuery.java,3,1,0,0,0,0,0,0,45,2,4,0,false
0.9.0,addLifecycleListeners,openjpa-kernel/src/main/java/org/apache/openjpa/kernel/AbstractBrokerFactory.java,8,4,2,0,0,1,1,1,45,2,6,1,false
0.9.0,begin,openjpa-kernel/src/main/java/org/apache/openjpa/datacache/DataCacheStoreManager.java,3,1,0,0,0,0,0,0,45,4,9,0,false
0.9.0,startEntityResult,openjpa-persistence-jdbc/src/main/java/org/apache/openjpa/persistence/jdbc/XMLPersistenceMappingParser.java,9,2,4,0,0,1,2,1,37,2,3,2,false
0.9.0,parseResources,openjpa-persistence/src/main/java/org/apache/openjpa/persistence/ConfigurationProviderImpl.java,8,2,1,0,0,1,1,2,45,2,8,0,false
0.9.0,indexOf,openjpa-lib/src/main/java/org/apache/openjpa/lib/util/concurrent/CopyOnWriteArrayList.java,4,2,1,2,0,1,0,2,0,1,5,0,false
0.9.0,inContains,openjpa-jdbc/src/main/java/org/apache/openjpa/jdbc/kernel/exps/InExpression.java,10,5,2,0,0,0,1,0,37,2,4,0,false
0.9.0,setLockTimeout,openjpa-kernel/src/main/java/org/apache/openjpa/kernel/DelegatingFetchConfiguration.java,9,2,0,0,1,1,1,2,45,3,7,1,false
0.9.0,clearParameters,openjpa-jdbc/src/main/java/org/apache/openjpa/jdbc/kernel/exps/Math.java,4,1,0,0,0,0,2,0,37,2,4,0,false
0.9.0,dirty,openjpa-kernel/src/main/java/org/apache/openjpa/kernel/DetachedValueStateManager.java,3,1,0,0,0,0,0,0,45,2,5,0,false
0.9.0,setImplData,openjpa-kernel/src/main/java/org/apache/openjpa/kernel/StateManagerImpl.java,7,3,4,0,0,1,0,0,45,3,13,0,false
0.9.0,getValueType,openjpa-lib/src/main/java/org/apache/openjpa/lib/conf/FileValue.java,3,1,0,0,0,1,0,0,0,1,4,0,false
0.9.0,set,openjpa-lib/src/main/java/org/apache/openjpa/lib/conf/DoubleValue.java,4,2,0,0,0,0,0,1,0,1,4,0,false
0.9.0,get,openjpa-jdbc/src/main/java/org/apache/openjpa/jdbc/kernel/exps/ConstPath.java,3,1,0,0,0,1,0,0,37,2,3,0,false
0.9.0,equals,openjpa-lib/src/main/java/org/apache/openjpa/lib/jdbc/DelegatingDatabaseMetaData.java,5,3,1,0,0,2,0,1,0,1,4,0,false
0.9.0,newInstance,openjpa-kernel/src/main/java/org/apache/openjpa/meta/MetaDataRepository.java,7,1,1,0,0,1,0,7,45,3,8,0,false
0.9.0,createStatement,openjpa-jdbc/src/main/java/org/apache/openjpa/jdbc/kernel/JDBCStoreManager.java,3,1,0,0,0,1,0,2,37,3,9,0,false
0.9.0,getTransactionalObjects,openjpa-kernel/src/main/java/org/apache/openjpa/kernel/StoreContext.java,1,1,0,0,0,0,1,0,45,3,6,0,false
0.9.0,isAllowedTable,openjpa-jdbc/src/main/java/org/apache/openjpa/jdbc/schema/SchemaGenerator.java,22,14,6,0,0,7,2,0,37,1,2,2,false
0.9.0,isDirty,openjpa-kernel/src/main/java/org/apache/openjpa/kernel/PCState.java,3,1,0,0,0,1,3,0,45,1,4,0,false
0.9.0,close,openjpa-jdbc/src/main/java/org/apache/openjpa/jdbc/kernel/SelectResultObjectProvider.java,6,2,1,0,0,0,1,0,37,2,2,0,false
0.9.0,getClassMapping,openjpa-jdbc/src/main/java/org/apache/openjpa/jdbc/kernel/exps/FilterValueImpl.java,3,2,0,0,0,1,0,2,37,2,2,0,false
0.9.0,wrap,openjpa-lib/src/main/java/org/apache/openjpa/lib/jdbc/LoggingConnectionDecorator.java,4,2,0,0,0,2,7,1,0,1,8,0,false
0.9.0,setConnectionFactoryMode,openjpa-kernel/src/main/java/org/apache/openjpa/conf/OpenJPAConfigurationImpl.java,4,1,0,0,0,0,0,2,45,3,13,0,false
0.9.0,setValidate,openjpa-kernel/src/main/java/org/apache/openjpa/meta/MetaDataRepository.java,3,1,1,0,0,0,2,0,45,3,8,0,false
0.9.0,supportsMixedCaseQuotedIdentifiers,openjpa-lib/src/main/java/org/apache/openjpa/lib/jdbc/DelegatingDatabaseMetaData.java,3,1,0,0,0,1,0,0,0,1,4,0,false
0.9.0,close,openjpa-lib/src/main/java/org/apache/openjpa/lib/jdbc/DelegatingCallableStatement.java,3,1,0,0,0,0,0,0,0,1,6,0,false
0.9.0,commit,openjpa-kernel/src/main/java/org/apache/openjpa/kernel/PCState.java,3,1,0,0,0,1,1,0,45,1,4,0,false
0.9.0,getFields,openjpa-persistence/src/main/java/org/apache/openjpa/persistence/FetchPlan.java,3,1,0,0,0,1,0,0,45,2,5,0,false
0.9.0,getProjectionAliases,openjpa-kernel/src/main/java/org/apache/openjpa/kernel/AbstractStoreQuery.java,3,1,0,0,0,1,0,0,45,2,4,0,false
0.9.0,isNull,openjpa-jdbc/src/main/java/org/apache/openjpa/jdbc/kernel/exps/CompareEqualExpression.java,6,4,1,0,0,3,2,1,37,2,3,0,false
0.9.0,getSourceName,openjpa-lib/src/main/java/org/apache/openjpa/lib/meta/XMLMetaDataParser.java,3,1,0,0,0,1,9,0,0,2,9,0,false
0.9.0,startCDATA,openjpa-lib/src/main/java/org/apache/openjpa/lib/meta/XMLMetaDataParser.java,3,2,0,0,0,0,0,1,0,2,9,0,false
0.9.0,orderBy,openjpa-jdbc/src/main/java/org/apache/openjpa/jdbc/sql/LogicalUnion.java,3,1,0,0,0,1,0,2,37,2,4,0,false
0.9.0,reset,openjpa-jdbc/src/main/java/org/apache/openjpa/jdbc/kernel/MappedQueryResultObjectProvider.java,3,1,0,0,0,0,0,0,37,2,2,0,false
0.9.0,getDelegate,openjpa-lib/src/main/java/org/apache/openjpa/lib/log/Log4JLogFactory.java,3,1,0,0,0,1,0,0,0,1,5,0,false
0.9.0,cast,openjpa-persistence/src/main/java/org/apache/openjpa/persistence/OpenJPAPersistence.java,3,1,0,0,0,1,0,0,45,2,5,0,false
0.9.0,getDouble,openjpa-lib/src/main/java/org/apache/openjpa/lib/jdbc/DelegatingCallableStatement.java,3,1,0,0,0,0,0,0,0,1,6,0,false
0.9.0,endConfiguration,openjpa-jdbc/src/main/java/org/apache/openjpa/jdbc/kernel/NativeJDBCSeq.java,12,5,6,0,0,0,0,3,37,2,2,1,false
0.9.0,map,openjpa-jdbc/src/main/java/org/apache/openjpa/jdbc/meta/strats/RelationFieldStrategy.java,50,17,7,0,0,1,0,39,37,2,5,16,false
0.9.0,providedLongField,openjpa-kernel/src/main/java/org/apache/openjpa/kernel/StateManagerImpl.java,3,1,0,0,0,0,0,0,45,3,13,0,false
0.9.0,setConnectionFactoryProperties,openjpa-kernel/src/main/java/org/apache/openjpa/conf/OpenJPAConfigurationImpl.java,4,1,0,0,0,0,0,2,45,3,13,0,false
0.9.0,getOffset,openjpa-lib/src/main/java/org/apache/openjpa/lib/log/LogFactoryImpl.java,3,1,0,1,0,1,1,0,0,1,6,0,false
0.9.0,toString,openjpa-lib/src/main/java/org/apache/openjpa/lib/jdbc/DelegatingResultSet.java,5,1,1,0,0,1,0,2,0,1,4,0,false
0.9.0,clear,openjpa-kernel/src/main/java/org/apache/openjpa/datacache/AbstractDataCache.java,4,2,0,0,0,0,0,3,45,2,5,0,false
0.9.0,setString,openjpa-lib/src/main/java/org/apache/openjpa/lib/jdbc/DelegatingPreparedStatement.java,3,1,0,0,0,0,0,0,0,1,6,0,false
0.9.0,toSelect,openjpa-jdbc/src/main/java/org/apache/openjpa/jdbc/sql/SelectImpl.java,3,1,0,0,0,1,3,1,37,2,6,0,false
0.9.0,getMeta,openjpa-kernel/src/main/java/org/apache/openjpa/enhance/PCRegistry.java,5,2,1,1,0,1,11,2,45,2,4,0,false
0.9.0,getWrapIndent,openjpa-lib/src/main/java/org/apache/openjpa/lib/jdbc/SQLFormatter.java,3,1,0,0,0,1,0,0,0,1,4,0,false
0.9.0,getRestoreState,openjpa-persistence/src/main/java/org/apache/openjpa/persistence/EntityManagerImpl.java,3,1,0,0,0,1,0,2,45,2,7,0,false
0.9.0,settingCharField,openjpa-kernel/src/main/java/org/apache/openjpa/kernel/DetachedValueStateManager.java,3,1,0,0,0,0,0,0,45,2,5,0,false
0.9.0,startSchema,openjpa-jdbc/src/main/java/org/apache/openjpa/jdbc/schema/XMLSchemaParser.java,6,2,4,0,0,0,1,2,37,1,2,1,false
0.9.0,getEnvClassLoader,openjpa-persistence/src/main/java/org/apache/openjpa/persistence/AnnotationPersistenceMetaDataParser.java,3,1,0,0,0,1,0,0,45,3,11,0,false
0.9.0,getFileHandler,openjpa-xmlstore/src/main/java/org/apache/openjpa/xmlstore/XMLConfiguration.java,4,2,1,0,0,1,0,0,45,2,4,0,false
0.9.0,supportsRandomAccess,openjpa-jdbc/src/main/java/org/apache/openjpa/jdbc/sql/LogicalUnion.java,3,1,0,0,0,1,1,1,37,2,4,0,false
0.9.0,insertsAreDetected,openjpa-kernel/src/main/java/org/apache/openjpa/kernel/BrokerImpl.java,3,1,0,0,0,1,0,0,45,3,11,0,false
0.9.0,replaceIntField,openjpa-kernel/src/main/java/org/apache/openjpa/kernel/DetachedValueStateManager.java,3,1,0,0,0,0,0,0,45,2,5,0,false
0.9.0,getFromStringCode,openjpa-kernel/src/main/java/org/apache/openjpa/enhance/ApplicationIdTool.java,32,13,4,0,0,3,1,9,45,2,6,24,false
0.9.0,getInnermostDelegate,openjpa-lib/src/main/java/org/apache/openjpa/lib/jdbc/DelegatingConnection.java,3,2,0,0,0,1,8,1,0,1,7,0,false
0.9.0,path,openjpa-jdbc/src/main/java/org/apache/openjpa/jdbc/sql/SelectImpl.java,3,1,0,0,0,1,0,0,37,2,6,0,false
0.9.0,hasListeners,openjpa-kernel/src/main/java/org/apache/openjpa/event/LifecycleEventManager.java,16,11,4,0,0,5,8,4,45,1,5,6,false
0.9.0,getSequence,openjpa-kernel/src/main/java/org/apache/openjpa/kernel/BrokerImpl.java,19,7,3,0,0,5,2,3,45,3,11,1,false
0.9.0,removePacket,openjpa-kernel/src/main/java/org/apache/openjpa/event/TCPRemoteCommitProvider.java,4,2,0,0,0,1,1,0,45,2,7,0,false
0.9.0,setIdentitySequenceName,openjpa-kernel/src/main/java/org/apache/openjpa/meta/ClassMetaData.java,5,2,2,0,0,0,2,1,45,3,8,0,false
0.9.0,endTransaction,openjpa-kernel/src/main/java/org/apache/openjpa/kernel/AbstractLockManager.java,2,1,0,0,0,0,0,0,45,1,4,0,false
0.9.0,getParameterMetaData,openjpa-lib/src/main/java/org/apache/openjpa/lib/jdbc/DelegatingCallableStatement.java,3,1,0,0,0,0,0,0,0,1,6,0,false
0.9.0,getPersistedTypes,openjpa-kernel/src/main/java/org/apache/openjpa/kernel/StoreContext.java,1,1,0,0,0,0,2,0,45,3,6,0,false
0.9.0,storeInt,openjpa-kernel/src/main/java/org/apache/openjpa/kernel/DetachedStateManager.java,3,1,0,0,0,0,0,0,45,3,7,0,false
0.9.0,setPopulateDataCache,openjpa-kernel/src/main/java/org/apache/openjpa/kernel/BrokerImpl.java,4,1,1,0,0,0,0,1,45,3,11,0,false
0.9.0,setLoginTimeout,openjpa-jdbc/src/main/java/org/apache/openjpa/jdbc/schema/SimpleDriverDataSource.java,2,1,0,0,0,0,0,0,37,2,2,0,false
0.9.0,trimQuote,openjpa-lib/src/main/java/org/apache/openjpa/lib/util/Options.java,4,4,0,1,0,2,1,0,0,1,8,0,false
0.9.0,declareParameters,openjpa-kernel/src/main/java/org/apache/openjpa/kernel/QueryContext.java,1,1,0,0,0,0,1,0,45,1,4,0,false
0.9.0,setConnection2URL,openjpa-kernel/src/main/java/org/apache/openjpa/conf/OpenJPAConfigurationImpl.java,4,1,0,0,0,0,0,2,45,3,13,0,false
0.9.0,generateIndexes,openjpa-jdbc/src/main/java/org/apache/openjpa/jdbc/schema/SchemaGenerator.java,42,22,16,0,0,2,2,13,37,1,2,2,false
0.9.0,rollback,openjpa-kernel/src/main/java/org/apache/openjpa/kernel/DelegatingStoreManager.java,3,1,0,0,0,0,1,1,45,3,5,0,false
0.9.0,toString,openjpa-jdbc/src/main/java/org/apache/openjpa/jdbc/meta/QueryResultMapping.java,3,1,0,1,0,1,0,0,37,1,2,0,false
0.9.0,getUpdateCount,openjpa-lib/src/main/java/org/apache/openjpa/lib/jdbc/DelegatingStatement.java,3,1,0,0,0,1,0,0,0,1,5,0,false
0.9.0,toString,openjpa-lib/src/main/java/org/apache/openjpa/lib/jdbc/DelegatingStatement.java,5,1,1,0,0,1,0,2,0,1,5,0,false
0.9.0,getDefinedSuperclassField,openjpa-kernel/src/main/java/org/apache/openjpa/meta/ClassMetaData.java,4,2,0,0,0,2,3,0,45,3,8,0,false
0.9.0,addLoadMethod,openjpa-kernel/src/main/java/org/apache/openjpa/enhance/PCDataGenerator.java,14,2,5,0,0,1,4,1,45,4,8,5,false
0.9.0,getDeclaredUnmanagedFields,openjpa-kernel/src/main/java/org/apache/openjpa/meta/ClassMetaData.java,12,4,4,0,0,1,4,2,45,3,8,2,false
0.9.0,setAutoCommit,openjpa-lib/src/main/java/org/apache/openjpa/lib/jdbc/DelegatingConnection.java,3,1,0,0,0,0,5,0,0,1,7,0,false
0.9.0,isInFetchGroup,openjpa-kernel/src/main/java/org/apache/openjpa/meta/FieldMetaData.java,6,7,0,0,0,4,6,3,45,3,10,2,false
0.9.0,getProperties,openjpa-lib/src/main/java/org/apache/openjpa/lib/conf/Configurations.java,3,1,0,0,0,1,5,1,0,2,13,0,false
0.9.0,getSequence,openjpa-jdbc/src/main/java/org/apache/openjpa/jdbc/kernel/NativeJDBCSeq.java,22,6,4,0,3,1,4,0,37,2,2,2,false
0.9.0,getProperties,openjpa-jdbc/src/main/java/org/apache/openjpa/jdbc/kernel/JDBCBrokerFactory.java,12,2,4,1,1,1,0,2,37,2,2,5,false
0.9.0,isAggregate,openjpa-kernel/src/main/java/org/apache/openjpa/datacache/QueryCacheStoreQuery.java,3,1,0,0,0,1,0,1,45,2,7,0,false
0.9.0,length,openjpa-jdbc/src/main/java/org/apache/openjpa/jdbc/kernel/exps/Math.java,3,1,0,0,0,1,0,0,37,2,4,0,false
0.9.0,groupByPackage,openjpa-lib/src/main/java/org/apache/openjpa/lib/meta/CFMetaDataSerializer.java,17,3,6,0,0,1,0,1,0,1,5,0,false
0.9.0,setCatalog,openjpa-lib/src/main/java/org/apache/openjpa/lib/jdbc/DelegatingConnection.java,3,1,0,0,0,0,0,0,0,1,7,0,false
0.9.0,getDeclaredPrimaryKeyFields,openjpa-kernel/src/main/java/org/apache/openjpa/enhance/ApplicationIdTool.java,7,4,3,0,0,2,7,0,45,2,6,0,false
0.9.0,transformToVersionSafePCDatas,openjpa-kernel/src/main/java/org/apache/openjpa/datacache/DataCacheStoreManager.java,10,4,3,0,0,0,1,2,45,4,9,2,false
0.9.0,getIgnoreUnmapped,openjpa-jdbc/src/main/java/org/apache/openjpa/jdbc/kernel/ClassTableJDBCSeq.java,3,1,0,0,0,1,0,0,37,2,3,0,false
0.9.0,proxyDetachedDeserialized,openjpa-kernel/src/main/java/org/apache/openjpa/kernel/StateManagerImpl.java,3,1,0,0,0,0,0,0,45,3,13,0,false
0.9.0,getCodeFormat,openjpa-kernel/src/main/java/org/apache/openjpa/enhance/ApplicationIdTool.java,3,1,0,0,0,1,0,0,45,2,6,0,false
0.9.0,thirdChild,openjpa-kernel/src/main/java/org/apache/openjpa/kernel/jpql/JPQLExpressionBuilder.java,3,1,0,0,0,1,1,0,45,2,8,0,false
0.9.0,getContext,openjpa-kernel/src/main/java/org/apache/openjpa/kernel/AbstractStoreQuery.java,3,1,0,0,0,1,3,0,45,2,4,0,false
0.9.0,traverseJDBC,openjpa-jdbc/src/main/java/org/apache/openjpa/jdbc/kernel/JDBCFetchConfigurationImpl.java,3,1,0,0,0,1,0,1,37,3,6,0,false
0.9.0,supportsResultSetType,openjpa-kernel/src/main/java/org/apache/openjpa/kernel/BrokerImpl.java,3,1,0,0,0,1,0,0,45,3,11,0,false
0.9.0,setLevel,openjpa-kernel/src/main/java/org/apache/openjpa/event/LogOrphanedKeyAction.java,3,1,1,0,0,0,0,1,45,1,4,0,false
0.9.0,setSource,openjpa-jdbc/src/main/java/org/apache/openjpa/jdbc/meta/QueryResultMapping.java,5,1,3,0,0,0,1,0,37,1,2,0,false
0.9.0,getDelegate,openjpa-kernel/src/main/java/org/apache/openjpa/datacache/QueryCacheStoreQuery.java,3,1,0,0,0,1,6,0,45,2,7,0,false
0.9.0,settingLongField,openjpa-kernel/src/main/java/org/apache/openjpa/kernel/DetachedStateManager.java,13,3,1,0,1,1,0,3,45,3,7,0,false
0.9.0,hasLoadListeners,openjpa-kernel/src/main/java/org/apache/openjpa/event/LifecycleEventManager.java,3,1,0,0,0,1,0,2,45,1,5,0,false
0.9.0,getPCSuperclass,openjpa-kernel/src/main/java/org/apache/openjpa/meta/ClassMetaData.java,10,4,2,0,0,1,68,5,45,3,8,0,false
0.9.0,persist,openjpa-persistence/src/main/java/org/apache/openjpa/persistence/EntityManagerImpl.java,3,1,0,0,0,0,0,4,45,2,7,0,false
0.9.0,reset,openjpa-lib/src/main/java/org/apache/openjpa/lib/meta/XMLMetaDataParser.java,9,2,5,0,0,0,1,2,0,2,9,0,false
0.9.0,addBasicAttributes,openjpa-persistence/src/main/java/org/apache/openjpa/persistence/XMLPersistenceMetaDataSerializer.java,4,3,0,0,0,0,1,0,45,2,6,0,false
0.9.0,areRemoteEventsEnabled,openjpa-kernel/src/main/java/org/apache/openjpa/event/RemoteCommitEventManager.java,3,2,0,0,0,1,1,0,45,1,4,0,false
0.9.0,setProxyManager,openjpa-kernel/src/main/java/org/apache/openjpa/conf/OpenJPAConfiguration.java,1,1,0,0,0,0,0,0,45,3,8,0,false
0.9.0,getSQLValue,openjpa-jdbc/src/main/java/org/apache/openjpa/jdbc/kernel/exps/ConstGetObjectId.java,3,1,0,0,0,1,0,0,37,2,2,0,false
0.9.0,setObjectId,openjpa-kernel/src/main/java/org/apache/openjpa/kernel/StateManagerImpl.java,4,3,1,0,0,0,3,1,45,3,13,0,false
0.9.0,info,openjpa-lib/src/main/java/org/apache/openjpa/lib/log/AbstractLog.java,3,1,0,0,0,0,0,2,0,1,6,0,false
0.9.0,list,openjpa-kernel/src/main/java/org/apache/openjpa/kernel/ExtentImpl.java,11,2,2,0,1,1,0,2,45,2,5,0,false
0.9.0,settingDoubleField,openjpa-kernel/src/main/java/org/apache/openjpa/kernel/StateManagerImpl.java,16,5,1,0,1,1,2,6,45,3,13,0,false
0.9.0,clearWarnings,openjpa-lib/src/main/java/org/apache/openjpa/lib/jdbc/DelegatingConnection.java,3,1,0,0,0,0,2,0,0,1,7,0,false
0.9.0,getMetaData,openjpa-kernel/src/main/java/org/apache/openjpa/kernel/OpenJPAStateManager.java,1,1,0,0,0,0,24,0,45,2,5,0,false
0.9.0,getJtaDataSource,openjpa-persistence/src/main/java/org/apache/openjpa/persistence/PersistenceUnitInfoImpl.java,3,1,0,0,0,1,0,0,45,1,7,0,false
0.9.0,getJarFileUrls,openjpa-persistence/src/main/java/org/apache/openjpa/persistence/PersistenceUnitInfoImpl.java,3,2,0,0,0,1,0,0,45,1,7,0,false
0.9.0,getJDBCLog,openjpa-lib/src/main/java/org/apache/openjpa/lib/jdbc/DataSourceLogs.java,3,2,0,0,0,1,1,1,0,1,5,1,false
0.9.0,getInnermostDelegate,openjpa-lib/src/main/java/org/apache/openjpa/lib/jdbc/DelegatingDataSource.java,3,2,0,0,0,1,8,1,0,1,5,0,false
0.9.0,isAggregate,openjpa-jdbc/src/main/java/org/apache/openjpa/jdbc/kernel/exps/UnaryOp.java,3,1,0,0,0,1,2,0,37,2,5,0,false
0.9.0,fireEvent,openjpa-kernel/src/main/java/org/apache/openjpa/event/LifecycleEventManager.java,109,71,15,0,1,10,4,4,45,1,5,0,false
0.9.0,setImplicitContainsTypes,openjpa-kernel/src/main/java/org/apache/openjpa/kernel/exps/AbstractExpressionBuilder.java,28,10,3,0,0,0,5,6,45,2,7,9,false
0.9.0,flush,openjpa-kernel/src/main/java/org/apache/openjpa/abstractstore/AbstractStoreManager.java,18,14,7,0,0,2,0,3,45,3,6,1,false
0.9.0,transactional,openjpa-persistence/src/main/java/org/apache/openjpa/persistence/EntityManagerImpl.java,3,1,0,0,0,0,0,3,45,2,7,0,false
0.9.0,close,openjpa-kernel/src/main/java/org/apache/openjpa/datacache/QueryCache.java,1,1,0,0,0,0,1,0,45,1,4,0,false
0.9.0,startConfiguration,openjpa-jdbc/src/main/java/org/apache/openjpa/jdbc/kernel/NativeJDBCSeq.java,2,1,0,0,0,0,0,0,37,2,2,0,false
0.9.0,evaluate,openjpa-kernel/src/main/java/org/apache/openjpa/kernel/ExtentImpl.java,7,6,1,0,0,4,0,1,45,2,5,0,false
0.9.0,setClauseIndent,openjpa-lib/src/main/java/org/apache/openjpa/lib/jdbc/SQLFormatter.java,3,1,1,0,0,0,0,0,0,1,4,0,false
0.9.0,parse,openjpa-persistence/src/main/java/org/apache/openjpa/persistence/AnnotationPersistenceMetaDataParser.java,23,12,3,0,0,1,2,5,45,3,11,2,false
0.9.0,map,openjpa-jdbc/src/main/java/org/apache/openjpa/jdbc/meta/strats/ValueMapDiscriminatorStrategy.java,6,3,1,0,0,0,0,1,37,1,2,3,false
0.9.0,fetchShort,openjpa-kernel/src/main/java/org/apache/openjpa/kernel/OpenJPAStateManager.java,1,1,0,0,0,0,2,0,45,2,5,0,false
0.9.0,setCandidateType,openjpa-kernel/src/main/java/org/apache/openjpa/kernel/QueryContext.java,1,1,0,0,0,0,3,0,45,1,4,0,false
0.9.0,groupBy,openjpa-jdbc/src/main/java/org/apache/openjpa/jdbc/kernel/exps/UnaryOp.java,3,1,0,0,0,0,0,1,37,2,5,0,false
0.9.0,setDynamicDataStructs,openjpa-kernel/src/main/java/org/apache/openjpa/conf/OpenJPAConfigurationImpl.java,3,1,0,0,0,0,1,1,45,3,13,0,false
0.9.0,release,openjpa-persistence/src/main/java/org/apache/openjpa/persistence/EntityManagerImpl.java,3,1,0,0,0,0,0,1,45,2,7,0,false
0.9.0,updateInt,openjpa-lib/src/main/java/org/apache/openjpa/lib/jdbc/DelegatingResultSet.java,3,1,0,0,0,0,0,0,0,1,4,0,false
0.9.0,isWarnEnabled,openjpa-lib/src/main/java/org/apache/openjpa/lib/log/MultiLogFactory.java,4,3,1,0,0,2,0,1,0,2,6,0,false
0.9.0,validateDataCache,openjpa-kernel/src/main/java/org/apache/openjpa/meta/ClassMetaData.java,9,6,3,0,0,2,1,3,45,3,8,0,false
0.9.0,getLevenshteinDistance,openjpa-lib/src/main/java/org/apache/openjpa/lib/util/StringDistance.java,20,8,14,11,0,3,2,1,0,1,6,0,false
0.9.0,having,openjpa-jdbc/src/main/java/org/apache/openjpa/jdbc/sql/LogicalUnion.java,3,1,0,0,0,0,0,1,37,2,4,0,false
0.9.0,getCachedQueryResultMapping,openjpa-jdbc/src/main/java/org/apache/openjpa/jdbc/meta/MappingRepository.java,3,1,0,0,0,1,2,1,37,2,4,0,false
0.9.0,setWriter,openjpa-kernel/src/main/java/org/apache/openjpa/enhance/ApplicationIdTool.java,3,1,1,0,0,0,1,0,45,2,6,0,false
0.9.0,getSubclassFetchMode,openjpa-jdbc/src/main/java/org/apache/openjpa/jdbc/kernel/DelegatingJDBCFetchConfiguration.java,1,1,0,0,0,0,3,0,37,2,3,0,false
0.9.0,beforeRollback,openjpa-lib/src/main/java/org/apache/openjpa/lib/jdbc/AbstractJDBCListener.java,1,1,0,0,0,0,1,0,0,1,4,0,false
0.9.0,setAutoOff,openjpa-kernel/src/main/java/org/apache/openjpa/util/AbstractChangeTracker.java,3,1,1,0,0,0,2,0,45,1,4,0,false
0.9.0,setSavepoint,openjpa-lib/src/main/java/org/apache/openjpa/lib/jdbc/DelegatingConnection.java,6,2,2,0,0,1,0,4,0,1,7,0,false
0.9.0,setChannel,openjpa-kernel/src/main/java/org/apache/openjpa/event/LogOrphanedKeyAction.java,3,1,1,0,0,0,0,0,45,1,4,0,false
0.9.0,setAutoDistinct,openjpa-jdbc/src/main/java/org/apache/openjpa/jdbc/sql/SelectImpl.java,4,2,2,0,0,0,1,0,37,2,6,0,false
0.9.0,getMappingDefaults,openjpa-jdbc/src/main/java/org/apache/openjpa/jdbc/meta/MappingRepository.java,3,1,0,0,0,1,14,0,37,2,4,0,false
0.9.0,getWaitingThreads,openjpa-lib/src/main/java/org/apache/openjpa/lib/util/concurrent/FIFOWaitQueue.java,9,3,3,0,0,1,0,0,0,1,5,0,false
0.9.0,inPage,openjpa-jdbc/src/main/java/org/apache/openjpa/jdbc/kernel/PagingResultObjectProvider.java,3,4,0,1,0,1,3,0,37,3,3,0,false
0.9.0,afterLast,openjpa-lib/src/main/java/org/apache/openjpa/lib/jdbc/LoggingConnectionDecorator.java,8,1,0,0,1,0,0,4,0,1,8,0,false
0.9.0,setIndexes,openjpa-jdbc/src/main/java/org/apache/openjpa/jdbc/schema/SchemaGenerator.java,3,1,1,0,0,0,2,0,37,1,2,0,false
0.9.0,setFailedObject,openjpa-kernel/src/main/java/org/apache/openjpa/util/OpenJPAException.java,4,1,1,0,0,1,18,0,45,1,4,0,false
0.9.0,setLob,openjpa-jdbc/src/main/java/org/apache/openjpa/jdbc/sql/SelectImpl.java,4,2,2,0,0,0,2,0,37,2,6,0,false
0.9.0,getAlias,openjpa-kernel/src/main/java/org/apache/openjpa/datacache/QueryCacheStoreQuery.java,3,1,0,0,0,1,0,1,45,2,7,0,false
0.9.0,newCacheMap,openjpa-kernel/src/main/java/org/apache/openjpa/datacache/ConcurrentDataCache.java,8,1,0,0,0,1,1,0,45,2,4,0,false
0.9.0,reset,openjpa-jdbc/src/main/java/org/apache/openjpa/jdbc/schema/XMLSchemaParser.java,9,2,6,0,0,0,0,1,37,1,2,0,false
0.9.0,accessingField,openjpa-kernel/src/main/java/org/apache/openjpa/kernel/DetachedValueStateManager.java,3,1,0,0,0,0,0,0,45,2,5,0,false
0.9.0,loadGlobals,openjpa-lib/src/main/java/org/apache/openjpa/lib/conf/Configurations.java,3,1,0,0,0,1,1,1,0,2,13,0,false
0.9.0,loadSubclasses,openjpa-jdbc/src/main/java/org/apache/openjpa/jdbc/meta/strats/SuperclassDiscriminatorStrategy.java,4,1,0,0,0,0,0,2,37,2,2,3,false
0.9.0,setMultithreaded,openjpa-kernel/src/main/java/org/apache/openjpa/conf/OpenJPAConfigurationImpl.java,3,2,0,0,0,0,0,1,45,3,13,0,false
0.9.0,getClassName,openjpa-lib/src/main/java/org/apache/openjpa/lib/conf/PluginValue.java,3,1,0,0,0,1,0,0,0,1,5,0,false
0.9.0,getOrderingValue,openjpa-kernel/src/main/java/org/apache/openjpa/kernel/ExpressionStoreQuery.java,15,5,5,0,0,2,0,1,45,2,6,3,false
0.9.0,getPersistenceCapable,openjpa-kernel/src/main/java/org/apache/openjpa/kernel/StateManagerImpl.java,3,1,0,0,0,1,22,0,45,3,13,0,false
0.9.0,newCodeFormat,openjpa-kernel/src/main/java/org/apache/openjpa/enhance/ApplicationIdTool.java,3,2,0,0,0,1,16,0,45,2,6,0,false
0.9.0,remove,openjpa-persistence/src/main/java/org/apache/openjpa/persistence/EntityManagerImpl.java,3,1,0,0,0,0,0,1,45,2,7,0,false
0.9.0,setFile,openjpa-lib/src/main/java/org/apache/openjpa/lib/log/LogFactoryImpl.java,13,4,4,1,1,0,0,0,0,1,6,1,false
0.9.0,length,openjpa-jdbc/src/main/java/org/apache/openjpa/jdbc/kernel/exps/Args.java,3,1,0,0,0,1,0,0,37,2,3,0,false
0.9.0,getConnectionFactoryProperties,openjpa-kernel/src/main/java/org/apache/openjpa/conf/OpenJPAConfigurationImpl.java,3,1,0,0,0,1,0,1,45,3,13,0,false
0.9.0,getParent,openjpa-jdbc/src/main/java/org/apache/openjpa/jdbc/sql/LogicalUnion.java,3,1,0,0,0,1,0,0,37,2,4,0,false
0.9.0,isClosed,openjpa-kernel/src/main/java/org/apache/openjpa/datacache/AbstractQueryCache.java,3,1,0,0,0,1,0,0,45,2,7,0,false
0.9.0,newLogAdapter,openjpa-lib/src/main/java/org/apache/openjpa/lib/log/CommonsLogFactory.java,3,1,0,0,0,1,0,1,0,1,5,0,false
0.9.0,log,openjpa-lib/src/main/java/org/apache/openjpa/lib/log/AbstractLog.java,1,1,0,0,0,0,6,0,0,1,6,0,false
0.9.0,getDataCache,openjpa-kernel/src/main/java/org/apache/openjpa/meta/ClassMetaData.java,5,2,1,0,0,2,9,3,45,3,8,2,false
0.9.0,supportedOptions,openjpa-kernel/src/main/java/org/apache/openjpa/conf/OpenJPAConfiguration.java,1,1,0,0,0,0,8,0,45,3,8,0,false
0.9.0,createConnectionFactory,openjpa-jdbc/src/main/java/org/apache/openjpa/jdbc/conf/JDBCConfigurationImpl.java,7,3,3,0,0,2,2,2,37,3,6,0,false
0.9.0,getTransactionManager,openjpa-kernel/src/main/java/org/apache/openjpa/ee/JNDIManagedRuntime.java,9,1,1,0,1,1,1,0,45,1,4,0,false
0.9.0,createWhereSelects,openjpa-jdbc/src/main/java/org/apache/openjpa/jdbc/kernel/JDBCStoreQuery.java,20,8,6,1,0,1,2,1,37,2,5,0,false
0.9.0,getColumnAlias,openjpa-jdbc/src/main/java/org/apache/openjpa/jdbc/sql/LogicalUnion.java,3,1,0,0,0,1,0,1,37,2,4,0,false
0.9.0,setNontransactionalRead,openjpa-kernel/src/main/java/org/apache/openjpa/conf/OpenJPAConfigurationImpl.java,4,1,0,0,0,0,1,2,45,3,13,0,false
0.9.0,divide,openjpa-kernel/src/main/java/org/apache/openjpa/kernel/Filters.java,3,1,0,0,0,1,0,1,45,2,10,0,false
0.9.0,changeInvalidatesQuery,openjpa-kernel/src/main/java/org/apache/openjpa/datacache/QueryKey.java,3,1,0,0,0,1,2,1,45,2,4,0,false
0.9.0,isDeclaredVariable,openjpa-kernel/src/main/java/org/apache/openjpa/kernel/exps/AbstractExpressionBuilder.java,1,1,0,0,0,0,1,0,45,2,7,0,false
0.9.0,getMaxColumnsInIndex,openjpa-lib/src/main/java/org/apache/openjpa/lib/jdbc/DelegatingDatabaseMetaData.java,3,1,0,0,0,1,0,0,0,1,4,0,false
0.9.0,supportsDataStoreExecution,openjpa-jdbc/src/main/java/org/apache/openjpa/jdbc/kernel/JDBCStoreQuery.java,3,1,0,0,0,1,0,0,37,2,5,0,false
0.9.0,setSubclassFetchMode,openjpa-jdbc/src/main/java/org/apache/openjpa/jdbc/conf/JDBCConfigurationImpl.java,4,1,0,0,0,0,0,1,37,3,6,0,false
0.9.0,getTrackChanges,openjpa-kernel/src/main/java/org/apache/openjpa/util/ProxyManagerImpl.java,3,1,0,0,0,1,0,0,45,1,5,0,false
0.9.0,getSoftReferenceSize,openjpa-kernel/src/main/java/org/apache/openjpa/datacache/ConcurrentQueryCache.java,3,1,0,0,0,1,0,0,45,2,4,0,false
0.9.0,removeAll,openjpa-jdbc/src/main/java/org/apache/openjpa/jdbc/schema/XMLSchemaSerializer.java,9,4,7,0,0,2,1,4,37,1,2,0,false
0.9.0,isInvalidProperty,openjpa-kernel/src/main/java/org/apache/openjpa/conf/OpenJPAConfigurationImpl.java,3,3,0,0,0,1,0,0,45,3,13,0,false
0.9.0,addName,openjpa-jdbc/src/main/java/org/apache/openjpa/jdbc/schema/NameSet.java,8,5,1,0,0,1,3,2,37,1,2,1,false
0.9.0,setDetachState,openjpa-persistence/src/main/java/org/apache/openjpa/persistence/EntityManagerImpl.java,3,1,0,0,0,0,0,3,45,2,7,0,false
0.9.0,compare,openjpa-persistence/src/main/java/org/apache/openjpa/persistence/AnnotationPersistenceMetaDataParser.java,13,4,5,1,0,4,0,0,45,3,11,6,false
0.9.0,getResultArguments,openjpa-jdbc/src/main/java/org/apache/openjpa/jdbc/meta/strats/RelationFieldStrategy.java,3,1,0,0,0,1,0,0,37,2,5,0,false
0.9.0,endAccess,openjpa-persistence/src/main/java/org/apache/openjpa/persistence/XMLPersistenceMetaDataParser.java,3,1,1,0,0,0,2,3,45,2,6,0,false
0.9.0,getType,openjpa-jdbc/src/main/java/org/apache/openjpa/jdbc/conf/JDBCProductDerivation.java,1,1,0,0,0,0,1,0,37,2,2,0,false
0.9.0,jjtGetParent,openjpa-kernel/src/main/java/org/apache/openjpa/kernel/jpql/JPQLExpressionBuilder.java,3,1,0,0,0,1,0,0,45,2,8,0,false
0.9.0,setMetaData,openjpa-jdbc/src/main/java/org/apache/openjpa/jdbc/kernel/exps/StringFunction.java,3,1,1,0,0,0,0,0,37,2,4,0,false
0.9.0,startClassMapping,openjpa-persistence-jdbc/src/main/java/org/apache/openjpa/persistence/jdbc/XMLPersistenceMappingParser.java,3,2,0,0,0,0,0,0,37,2,3,0,false
0.9.0,setLoaded,openjpa-kernel/src/main/java/org/apache/openjpa/datacache/DataCachePCDataImpl.java,3,1,0,0,0,0,0,0,45,1,3,0,false
0.9.0,setImplicitType,openjpa-jdbc/src/main/java/org/apache/openjpa/jdbc/kernel/exps/Trim.java,2,1,0,0,0,0,0,0,37,2,4,0,false
0.9.0,getLevelName,openjpa-lib/src/main/java/org/apache/openjpa/lib/log/LogFactoryImpl.java,18,7,0,0,0,7,1,0,0,1,6,0,false
0.9.0,setSyncWithManagedTransactions,openjpa-persistence/src/main/java/org/apache/openjpa/persistence/EntityManagerImpl.java,3,1,0,0,0,0,0,3,45,2,7,0,false
0.9.0,setAction,openjpa-kernel/src/main/java/org/apache/openjpa/ant/MetaDataToolTask.java,3,1,1,0,0,0,0,0,45,2,5,0,false
0.9.0,getStatement,openjpa-lib/src/main/java/org/apache/openjpa/lib/jdbc/ReportingSQLException.java,3,1,0,0,0,1,0,0,0,1,4,0,false
0.9.0,appendTo,openjpa-jdbc/src/main/java/org/apache/openjpa/jdbc/kernel/exps/Variable.java,2,1,0,0,0,0,0,0,37,2,3,0,false
0.9.0,prepareStatement,openjpa-jdbc/src/main/java/org/apache/openjpa/jdbc/kernel/JDBCStoreManager.java,3,1,0,0,0,1,0,2,37,3,9,0,false
0.9.0,initialize,openjpa-kernel/src/main/java/org/apache/openjpa/kernel/PNonTransState.java,5,1,0,0,0,0,0,3,45,2,4,0,false
0.9.0,getLog,openjpa-lib/src/main/java/org/apache/openjpa/lib/meta/XMLMetaDataParser.java,3,1,0,0,0,1,9,0,0,2,9,0,false
0.9.0,getDataStoreActions,openjpa-kernel/src/main/java/org/apache/openjpa/datacache/QueryCacheStoreQuery.java,3,1,0,0,0,1,0,0,45,2,7,0,false
0.9.0,wrapResult,openjpa-lib/src/main/java/org/apache/openjpa/lib/jdbc/DelegatingCallableStatement.java,5,3,0,0,0,3,3,2,0,1,6,0,false
0.9.0,clone,openjpa-lib/src/main/java/org/apache/openjpa/lib/util/concurrent/CopyOnWriteArrayList.java,8,2,0,0,1,1,0,0,0,1,5,0,false
0.9.0,toString,openjpa-lib/src/main/java/org/apache/openjpa/lib/util/concurrent/ConcurrentHashMap.java,3,1,0,1,0,1,0,2,0,1,7,0,false
0.9.0,select,openjpa-jdbc/src/main/java/org/apache/openjpa/jdbc/sql/LogicalUnion.java,3,1,0,0,0,1,0,1,37,2,4,0,false
0.9.0,newInstance,openjpa-jdbc/src/main/java/org/apache/openjpa/jdbc/schema/SchemaGroup.java,3,1,0,0,0,1,1,1,37,1,2,0,false
0.9.0,getColumnAlias,openjpa-jdbc/src/main/java/org/apache/openjpa/jdbc/sql/SelectImpl.java,11,5,2,3,0,4,3,3,37,2,6,1,false
0.9.0,addJoinClassConditions,openjpa-jdbc/src/main/java/org/apache/openjpa/jdbc/sql/SelectImpl.java,11,5,2,0,0,1,0,1,37,2,6,3,false
0.9.0,findTable,openjpa-jdbc/src/main/java/org/apache/openjpa/jdbc/schema/SchemaGroup.java,3,1,0,0,0,1,6,3,37,1,2,0,false
0.9.0,hasPersistListeners,openjpa-kernel/src/main/java/org/apache/openjpa/event/LifecycleEventManager.java,3,1,0,0,0,1,0,2,45,1,5,0,false
0.9.0,getIdentitySequenceMetaData,openjpa-kernel/src/main/java/org/apache/openjpa/meta/ClassMetaData.java,4,3,1,0,0,1,5,2,45,3,8,0,false
0.9.0,newDriverDataSourceInstance,openjpa-jdbc/src/main/java/org/apache/openjpa/jdbc/conf/JDBCConfigurationImpl.java,3,1,0,0,0,1,0,1,37,3,6,0,false
0.9.0,forType,openjpa-kernel/src/main/java/org/apache/openjpa/enhance/DynamicStorageGenerator.java,21,9,0,0,0,9,4,0,45,1,4,0,false
0.9.0,getCloseOnManagedCommit,openjpa-kernel/src/main/java/org/apache/openjpa/conf/Compatibility.java,3,1,0,0,0,1,0,0,45,1,3,0,false
0.9.0,hasConnection,openjpa-kernel/src/main/java/org/apache/openjpa/kernel/BrokerImpl.java,4,2,0,0,0,1,2,1,45,3,11,0,false
0.9.0,matches,openjpa-kernel/src/main/java/org/apache/openjpa/kernel/exps/InMemoryExpressionFactory.java,6,6,0,0,0,4,1,1,45,3,6,1,false
0.9.0,setDriverDataSource,openjpa-jdbc/src/main/java/org/apache/openjpa/jdbc/conf/JDBCConfigurationImpl.java,4,1,0,0,0,0,0,2,37,3,6,0,false
0.9.0,eval,openjpa-kernel/src/main/java/org/apache/openjpa/kernel/jpql/JPQLExpressionBuilder.java,212,81,61,2,0,56,12,55,45,2,8,14,false
0.9.0,getDeclaredVariableType,openjpa-kernel/src/main/java/org/apache/openjpa/kernel/exps/AbstractExpressionBuilder.java,1,1,0,0,0,0,2,0,45,2,7,0,false
0.9.0,getShort,openjpa-lib/src/main/java/org/apache/openjpa/lib/jdbc/DelegatingResultSet.java,3,1,0,0,0,1,0,0,0,1,4,0,false
0.9.0,asExpression,openjpa-kernel/src/main/java/org/apache/openjpa/kernel/exps/InMemoryExpressionFactory.java,3,1,0,0,0,1,0,0,45,3,6,0,false
0.9.0,setDate,openjpa-lib/src/main/java/org/apache/openjpa/lib/jdbc/DelegatingPreparedStatement.java,3,1,0,0,0,0,0,0,0,1,6,0,false
0.9.0,set,openjpa-lib/src/main/java/org/apache/openjpa/lib/conf/StringValue.java,3,1,0,0,0,0,0,1,0,1,4,0,false
0.9.0,getResultSet,openjpa-lib/src/main/java/org/apache/openjpa/lib/jdbc/DelegatingStatement.java,3,1,0,0,0,1,0,0,0,1,5,0,false
0.9.0,getType,openjpa-jdbc/src/main/java/org/apache/openjpa/jdbc/kernel/exps/FilterValueImpl.java,3,1,0,0,0,1,0,0,37,2,2,0,false
0.9.0,toFetchPlan,openjpa-persistence/src/main/java/org/apache/openjpa/persistence/EntityManagerFactoryImpl.java,23,7,5,0,1,2,0,0,45,2,8,1,false
0.9.0,setAggregate,openjpa-jdbc/src/main/java/org/apache/openjpa/jdbc/sql/SelectImpl.java,4,2,2,0,0,0,1,0,37,2,6,0,false
0.9.0,newConfiguration,openjpa-jdbc/src/main/java/org/apache/openjpa/jdbc/ant/MappingToolTask.java,3,1,0,0,0,1,0,1,37,2,3,0,false
0.9.0,getPendingTransactionalObjects,openjpa-kernel/src/main/java/org/apache/openjpa/kernel/StoreContext.java,1,1,0,0,0,0,0,0,45,3,6,0,false
0.9.0,getPersistenceProviderClassName,openjpa-persistence/src/main/java/org/apache/openjpa/persistence/PersistenceUnitInfoImpl.java,3,1,0,0,0,1,1,0,45,1,7,0,false
0.9.0,getLanguage,openjpa-persistence/src/main/java/org/apache/openjpa/persistence/QueryImpl.java,3,1,0,0,0,1,2,0,45,2,6,0,false
0.9.0,validateChanges,openjpa-kernel/src/main/java/org/apache/openjpa/kernel/BrokerImpl.java,23,8,0,0,2,2,0,7,45,3,11,2,false
0.9.0,getJDBCDelegate,openjpa-jdbc/src/main/java/org/apache/openjpa/jdbc/kernel/DelegatingJDBCFetchConfiguration.java,3,1,0,0,0,1,23,1,37,2,3,0,false
0.9.0,decorate,openjpa-kernel/src/main/java/org/apache/openjpa/enhance/DynamicStorageGenerator.java,2,1,0,0,0,0,1,0,45,1,4,0,false
0.9.0,getVersion,openjpa-kernel/src/main/java/org/apache/openjpa/kernel/BrokerImpl.java,5,2,0,0,0,2,0,3,45,3,11,0,false
0.9.0,getUpdates,openjpa-kernel/src/main/java/org/apache/openjpa/kernel/QueryContext.java,1,1,0,0,0,0,1,0,45,1,4,0,false
0.9.0,getOrderDirtyObjects,openjpa-kernel/src/main/java/org/apache/openjpa/kernel/BrokerImpl.java,3,1,0,0,0,1,0,0,45,3,11,0,false
0.9.0,getWriteLockLevel,openjpa-kernel/src/main/java/org/apache/openjpa/conf/OpenJPAConfiguration.java,1,1,0,0,0,0,0,0,45,3,8,0,false
0.9.0,clearSelects,openjpa-jdbc/src/main/java/org/apache/openjpa/jdbc/sql/LogicalUnion.java,3,1,0,0,0,0,0,1,37,2,4,0,false
0.9.0,setFetchSize,openjpa-lib/src/main/java/org/apache/openjpa/lib/jdbc/DelegatingStatement.java,3,1,0,0,0,0,0,0,0,1,5,0,false
0.9.0,fetchByte,openjpa-kernel/src/main/java/org/apache/openjpa/kernel/DetachedValueStateManager.java,3,1,0,0,0,0,0,0,45,2,5,0,false
0.9.0,setProperties,openjpa-lib/src/main/java/org/apache/openjpa/lib/conf/PluginValue.java,8,3,2,0,0,0,0,2,0,1,5,0,false
0.9.0,toString,openjpa-jdbc/src/main/java/org/apache/openjpa/jdbc/sql/LogicalUnion.java,3,1,0,0,0,1,0,1,37,2,4,0,false
0.9.0,setOptimistic,openjpa-kernel/src/main/java/org/apache/openjpa/conf/OpenJPAConfiguration.java,1,1,0,0,0,0,0,0,45,3,8,0,false
0.9.0,isVariable,openjpa-jdbc/src/main/java/org/apache/openjpa/jdbc/kernel/exps/Variable.java,3,1,0,0,0,1,0,0,37,2,3,0,false
0.9.0,getType,openjpa-jdbc/src/main/java/org/apache/openjpa/jdbc/kernel/exps/Args.java,5,2,3,0,0,1,1,0,37,2,3,0,false
0.9.0,getFieldTypes,openjpa-kernel/src/main/java/org/apache/openjpa/enhance/PCRegistry.java,4,1,1,0,0,1,0,1,45,2,4,0,false
0.9.0,removeUnusedComponents,openjpa-jdbc/src/main/java/org/apache/openjpa/jdbc/schema/SchemaGroup.java,23,13,11,0,0,0,1,8,37,1,2,2,false
0.9.0,setAllowDuplicates,openjpa-lib/src/main/java/org/apache/openjpa/lib/util/FormatPreservingProperties.java,3,1,1,0,0,0,0,0,0,1,8,0,false
0.9.0,getSQLLog,openjpa-lib/src/main/java/org/apache/openjpa/lib/jdbc/DataSourceLogs.java,3,2,0,0,0,1,0,1,0,1,5,1,false
0.9.0,storeStringField,openjpa-kernel/src/main/java/org/apache/openjpa/kernel/DetachManager.java,4,1,0,0,0,0,0,1,45,4,9,0,false
0.9.0,getDriverVersion,openjpa-lib/src/main/java/org/apache/openjpa/lib/jdbc/DelegatingDatabaseMetaData.java,3,1,0,0,0,1,0,0,0,1,4,0,false
0.9.0,getHandler,openjpa-jdbc/src/main/java/org/apache/openjpa/jdbc/meta/ValueMappingImpl.java,3,1,0,0,0,1,0,0,37,1,2,0,false
0.9.0,compareTo,openjpa-kernel/src/main/java/org/apache/openjpa/meta/ClassMetaData.java,4,2,0,0,0,2,0,1,45,3,8,0,false
0.9.0,isRegistered,openjpa-kernel/src/main/java/org/apache/openjpa/enhance/PCRegistry.java,3,1,0,0,0,1,3,0,45,2,4,0,false
0.9.0,flush,openjpa-kernel/src/main/java/org/apache/openjpa/kernel/BrokerImpl.java,3,4,0,0,0,0,1,2,45,3,11,0,false
0.9.0,removeTransactionListener,openjpa-kernel/src/main/java/org/apache/openjpa/kernel/BrokerImpl.java,9,4,1,0,1,0,0,3,45,3,11,0,false
0.9.0,beforeConfigurationConstruct,openjpa-kernel/src/main/java/org/apache/openjpa/conf/ProductDerivations.java,10,3,1,0,1,0,0,0,45,2,9,1,false
0.9.0,getMaxColumnsInGroupBy,openjpa-lib/src/main/java/org/apache/openjpa/lib/jdbc/DelegatingDatabaseMetaData.java,3,1,0,0,0,1,0,0,0,1,4,0,false
0.9.0,cacheFields,openjpa-kernel/src/main/java/org/apache/openjpa/meta/ClassMetaData.java,4,1,0,0,0,0,2,2,45,3,8,0,false
0.9.0,getDefaultValue,openjpa-lib/src/main/java/org/apache/openjpa/lib/util/Options.java,4,3,1,0,0,2,1,0,0,1,8,0,false
0.9.0,getInnermostDelegate,openjpa-lib/src/main/java/org/apache/openjpa/lib/jdbc/DelegatingStatement.java,3,2,0,0,0,1,3,1,0,1,5,0,false
0.9.0,getClassLoader,openjpa-lib/src/main/java/org/apache/openjpa/lib/ant/AbstractTask.java,7,3,2,0,0,2,0,0,0,2,12,0,false
0.9.0,setTransactionManagerName,openjpa-kernel/src/main/java/org/apache/openjpa/ee/JNDIManagedRuntime.java,3,1,1,0,0,0,1,0,45,1,4,0,false
0.9.0,getNumBroadcastThreads,openjpa-kernel/src/main/java/org/apache/openjpa/event/TCPRemoteCommitProvider.java,3,1,0,0,0,1,0,0,45,2,7,0,false
0.9.0,copy,openjpa-kernel/src/main/java/org/apache/openjpa/meta/FieldMetaData.java,3,1,0,0,0,0,0,1,45,3,10,0,false
0.9.0,clearInternal,openjpa-kernel/src/main/java/org/apache/openjpa/datacache/ConcurrentQueryCache.java,3,1,0,0,0,0,0,0,45,2,4,0,false
0.9.0,cancelAll,openjpa-kernel/src/main/java/org/apache/openjpa/kernel/BrokerImpl.java,13,5,0,0,1,1,0,4,45,3,11,0,false
0.9.0,delete,openjpa-kernel/src/main/java/org/apache/openjpa/kernel/PNonTransState.java,5,2,0,0,0,2,0,3,45,2,4,1,false
0.9.0,getFetchDirection,openjpa-jdbc/src/main/java/org/apache/openjpa/jdbc/conf/JDBCConfigurationImpl.java,3,1,0,0,0,1,0,1,37,3,6,0,false
0.9.0,toDataStoreValue,openjpa-jdbc/src/main/java/org/apache/openjpa/jdbc/meta/strats/RelationToManyTableFieldStrategy.java,3,1,0,0,0,1,0,0,37,2,4,0,false
0.9.0,log,openjpa-lib/src/main/java/org/apache/openjpa/lib/log/LogFactoryImpl.java,6,1,1,0,0,0,0,1,0,1,6,0,false
0.9.0,fetchString,openjpa-kernel/src/main/java/org/apache/openjpa/kernel/DetachedValueStateManager.java,3,1,0,0,0,0,0,0,45,2,5,0,false
0.9.0,length,openjpa-jdbc/src/main/java/org/apache/openjpa/jdbc/kernel/exps/Trim.java,3,1,0,0,0,1,0,0,37,2,4,0,false
0.9.0,getType,openjpa-jdbc/src/main/java/org/apache/openjpa/jdbc/kernel/exps/StringFunction.java,3,1,0,0,0,1,4,0,37,2,4,0,false
0.9.0,executeDelete,openjpa-kernel/src/main/java/org/apache/openjpa/kernel/AbstractStoreQuery.java,3,1,0,0,0,1,0,2,45,2,4,2,false
0.9.0,appendTo,openjpa-jdbc/src/main/java/org/apache/openjpa/jdbc/kernel/exps/OrExpression.java,9,4,1,0,0,0,0,1,37,2,3,0,false
0.9.0,isTransactional,openjpa-kernel/src/main/java/org/apache/openjpa/kernel/DetachedStateManager.java,3,1,0,0,0,1,0,0,45,3,7,0,false
0.9.0,addVariableAction,openjpa-jdbc/src/main/java/org/apache/openjpa/jdbc/kernel/exps/PCPath.java,3,1,1,0,0,0,1,1,37,2,6,0,false
0.9.0,setEvictFromDataCache,openjpa-kernel/src/main/java/org/apache/openjpa/kernel/BrokerImpl.java,4,1,1,0,0,0,0,1,45,3,11,0,false
0.9.0,appendTo,openjpa-jdbc/src/main/java/org/apache/openjpa/jdbc/kernel/exps/InExpression.java,19,8,7,0,0,0,0,6,37,2,4,1,false
0.9.0,validateAccessType,openjpa-kernel/src/main/java/org/apache/openjpa/meta/ClassMetaData.java,7,6,1,0,0,1,1,11,45,3,8,4,false
0.9.0,getSelectedOrderIndexes,openjpa-jdbc/src/main/java/org/apache/openjpa/jdbc/sql/LogicalUnion.java,4,2,1,0,0,1,3,1,37,2,4,0,false
0.9.0,closeAll,openjpa-persistence/src/main/java/org/apache/openjpa/persistence/QueryImpl.java,4,1,0,0,0,1,0,0,45,2,6,0,false
0.9.0,getMapping,openjpa-jdbc/src/main/java/org/apache/openjpa/jdbc/meta/MappingRepository.java,3,1,0,0,0,1,2,0,37,2,4,0,false
0.9.0,finalize,openjpa-jdbc/src/main/java/org/apache/openjpa/jdbc/kernel/JDBCStoreManager.java,3,2,0,0,0,0,0,1,37,3,9,0,false
0.9.0,intersects,openjpa-kernel/src/main/java/org/apache/openjpa/datacache/QueryKey.java,10,4,4,0,0,2,3,1,45,2,4,0,false
0.9.0,getMoreResults,openjpa-lib/src/main/java/org/apache/openjpa/lib/jdbc/DelegatingPreparedStatement.java,3,1,0,0,0,0,0,0,0,1,6,0,false
0.9.0,setNull,openjpa-lib/src/main/java/org/apache/openjpa/lib/jdbc/LoggingConnectionDecorator.java,4,1,0,0,0,0,0,1,0,1,8,0,false
0.9.0,traverseStaticField,openjpa-kernel/src/main/java/org/apache/openjpa/kernel/exps/AbstractExpressionBuilder.java,8,2,0,0,1,2,1,0,45,2,7,2,false
0.9.0,setCharacterStream,openjpa-lib/src/main/java/org/apache/openjpa/lib/jdbc/DelegatingPreparedStatement.java,3,1,0,0,0,0,0,0,0,1,6,0,false
0.9.0,fetchFloat,openjpa-kernel/src/main/java/org/apache/openjpa/kernel/DetachedStateManager.java,3,1,0,0,0,0,0,0,45,3,7,0,false
0.9.0,getOpenJPA3GeneratedKeyTriggerName,openjpa-jdbc/src/main/java/org/apache/openjpa/jdbc/sql/OracleDictionary.java,4,1,1,1,0,1,1,1,37,2,3,3,false
0.9.0,getId,openjpa-kernel/src/main/java/org/apache/openjpa/kernel/DetachedValueStateManager.java,3,1,0,0,0,1,0,1,45,2,5,0,false
0.9.0,getPersistedTypes,openjpa-kernel/src/main/java/org/apache/openjpa/kernel/BrokerImpl.java,4,3,0,0,0,2,0,0,45,3,11,0,false
0.9.0,isStoreActive,openjpa-kernel/src/main/java/org/apache/openjpa/kernel/BrokerImpl.java,9,2,0,0,1,1,0,2,45,3,11,0,false
0.9.0,addOneToManyAttributes,openjpa-persistence/src/main/java/org/apache/openjpa/persistence/XMLPersistenceMetaDataSerializer.java,3,2,0,0,0,0,1,1,45,2,6,0,false
0.9.0,addPrimaryKeyColumn,openjpa-jdbc/src/main/java/org/apache/openjpa/jdbc/kernel/ClassTableJDBCSeq.java,8,1,2,0,0,1,0,3,37,2,3,6,false
0.9.0,executeOn,openjpa-kernel/src/main/java/org/apache/openjpa/ant/PCEnhancerTask.java,6,2,3,0,0,0,0,2,45,2,6,0,false
0.9.0,hashCode,openjpa-lib/src/main/java/org/apache/openjpa/lib/jdbc/DelegatingDatabaseMetaData.java,3,1,0,0,0,1,1,1,0,1,4,1,false
0.9.0,removeQueryMetaData,openjpa-persistence/src/main/java/org/apache/openjpa/persistence/XMLPersistenceMetaDataSerializer.java,10,7,3,0,0,4,2,0,45,2,6,1,false
0.9.0,beforeReturn,openjpa-lib/src/main/java/org/apache/openjpa/lib/jdbc/AbstractJDBCListener.java,3,1,0,0,0,0,0,1,0,1,4,0,false
0.9.0,close,openjpa-persistence/src/main/java/org/apache/openjpa/persistence/EntityManagerImpl.java,3,1,0,0,0,0,0,3,45,2,7,0,false
0.9.0,size,openjpa-jdbc/src/main/java/org/apache/openjpa/jdbc/kernel/MappedQueryResultObjectProvider.java,4,3,0,0,0,2,0,3,37,2,2,0,false
0.9.0,getManagement,openjpa-kernel/src/main/java/org/apache/openjpa/meta/FieldMetaData.java,3,1,0,0,0,1,31,0,45,3,10,0,false
0.9.0,selectColumns,openjpa-jdbc/src/main/java/org/apache/openjpa/jdbc/kernel/exps/NotContainsExpression.java,3,1,0,0,0,0,0,1,37,2,3,0,false
0.9.0,setSoftReferenceSize,openjpa-kernel/src/main/java/org/apache/openjpa/datacache/ConcurrentDataCache.java,3,1,0,0,0,0,0,0,45,2,4,0,false
0.9.0,setImplicitType,openjpa-jdbc/src/main/java/org/apache/openjpa/jdbc/kernel/exps/ConstPath.java,3,1,0,0,0,0,0,0,37,2,3,0,false
0.9.0,isDeleted,openjpa-kernel/src/main/java/org/apache/openjpa/kernel/DetachedValueStateManager.java,3,1,0,0,0,1,0,0,45,2,5,0,false
0.9.0,isNumeric,openjpa-kernel/src/main/java/org/apache/openjpa/kernel/exps/AbstractExpressionBuilder.java,4,3,1,0,0,1,1,0,45,2,7,0,false
0.9.0,parseInheritance,openjpa-persistence-jdbc/src/main/java/org/apache/openjpa/persistence/jdbc/AnnotationPersistenceMappingParser.java,16,4,1,0,0,0,1,0,37,2,3,0,false
0.9.0,selectEagerParallel,openjpa-jdbc/src/main/java/org/apache/openjpa/jdbc/meta/strats/RelationFieldStrategy.java,6,1,1,0,0,0,2,5,37,2,5,1,false
0.9.0,close,openjpa-lib/src/main/java/org/apache/openjpa/lib/jdbc/DelegatingPreparedStatement.java,3,1,0,0,0,0,0,0,0,1,6,0,false
0.9.0,instantiate,openjpa-lib/src/main/java/org/apache/openjpa/lib/conf/ObjectValue.java,3,1,0,0,0,1,1,1,0,1,5,0,false
0.9.0,namedStrategy,openjpa-jdbc/src/main/java/org/apache/openjpa/jdbc/meta/MappingRepository.java,5,2,1,0,0,2,0,2,37,2,4,1,false
0.9.0,getManagedClassNames,openjpa-persistence/src/main/java/org/apache/openjpa/persistence/PersistenceUnitInfoImpl.java,3,2,0,0,0,1,0,0,45,1,7,0,false
0.9.0,getCascadeDelete,openjpa-kernel/src/main/java/org/apache/openjpa/meta/FieldMetaData.java,3,1,0,0,0,1,4,1,45,3,10,0,false
0.9.0,changed,openjpa-kernel/src/main/java/org/apache/openjpa/util/MapChangeTrackerImpl.java,7,2,0,0,0,0,3,0,45,1,4,0,false
0.9.0,initialize,openjpa-jdbc/src/main/java/org/apache/openjpa/jdbc/kernel/exps/StartsWithExpression.java,12,2,6,1,0,0,0,2,37,2,3,0,false
0.9.0,beforePrepareStatement,openjpa-lib/src/main/java/org/apache/openjpa/lib/jdbc/AbstractJDBCListener.java,1,1,0,0,0,0,1,0,0,1,4,0,false
0.9.0,setDefaultFetchGroupExplicit,openjpa-kernel/src/main/java/org/apache/openjpa/meta/FieldMetaData.java,4,2,2,0,0,0,0,0,45,3,10,0,false
0.9.0,getResultMappingName,openjpa-kernel/src/main/java/org/apache/openjpa/kernel/QueryContext.java,1,1,0,0,0,0,2,0,45,1,4,0,false
0.9.0,evalHavingClause,openjpa-kernel/src/main/java/org/apache/openjpa/kernel/jpql/JPQLExpressionBuilder.java,5,2,2,0,0,1,1,4,45,2,8,1,false
0.9.0,getConfiguration,openjpa-kernel/src/main/java/org/apache/openjpa/kernel/StoreContext.java,1,1,0,0,0,0,26,0,45,3,6,0,false
0.9.0,calculateEagerMode,openjpa-jdbc/src/main/java/org/apache/openjpa/jdbc/kernel/JDBCStoreQuery.java,5,5,0,1,0,3,2,0,37,2,5,0,false
0.9.0,isNew,openjpa-kernel/src/main/java/org/apache/openjpa/kernel/DetachedValueStateManager.java,3,1,0,0,0,1,0,0,45,2,5,0,false
0.9.0,delete,openjpa-kernel/src/main/java/org/apache/openjpa/kernel/BrokerImpl.java,16,11,1,0,0,3,3,7,45,3,11,1,false
0.9.0,getStartIndex,openjpa-jdbc/src/main/java/org/apache/openjpa/jdbc/sql/SelectImpl.java,3,1,0,0,0,1,1,0,37,2,6,0,false
0.9.0,setInnerIdentityClasses,openjpa-jdbc/src/main/java/org/apache/openjpa/jdbc/ant/ReverseMappingToolTask.java,3,1,1,0,0,0,0,0,37,2,2,0,false
0.9.0,isLoading,openjpa-kernel/src/main/java/org/apache/openjpa/kernel/StateManagerImpl.java,3,2,0,0,0,1,3,0,45,3,13,0,false
0.9.0,providedByteField,openjpa-kernel/src/main/java/org/apache/openjpa/kernel/DetachedStateManager.java,3,1,1,0,0,0,0,0,45,3,7,0,false
0.9.0,fatal,openjpa-lib/src/main/java/org/apache/openjpa/lib/log/CommonsLogFactory.java,3,1,0,0,0,0,0,0,0,1,5,0,false
0.9.0,settingShortField,openjpa-kernel/src/main/java/org/apache/openjpa/kernel/DetachedValueStateManager.java,3,1,0,0,0,0,0,0,45,2,5,0,false
0.9.0,getVals,openjpa-jdbc/src/main/java/org/apache/openjpa/jdbc/kernel/exps/Args.java,3,1,0,0,0,1,1,0,37,2,3,0,false
0.9.0,endElement,openjpa-lib/src/main/java/org/apache/openjpa/lib/meta/CFMetaDataParser.java,17,14,1,0,1,1,0,11,0,1,5,1,false
0.9.0,setBrokerImpl,openjpa-kernel/src/main/java/org/apache/openjpa/conf/OpenJPAConfiguration.java,1,1,0,0,0,0,0,0,45,3,8,0,false
0.9.0,register,openjpa-kernel/src/main/java/org/apache/openjpa/enhance/PCRegistry.java,1,1,0,0,0,0,2,0,45,2,4,0,false
0.9.0,transactional,openjpa-kernel/src/main/java/org/apache/openjpa/kernel/BrokerImpl.java,15,5,3,0,1,0,1,6,45,3,11,0,false
0.9.0,setResultType,openjpa-kernel/src/main/java/org/apache/openjpa/kernel/QueryContext.java,1,1,0,0,0,0,1,0,45,1,4,0,false
0.9.0,getDate,openjpa-lib/src/main/java/org/apache/openjpa/lib/jdbc/DelegatingResultSet.java,3,1,0,0,0,1,0,0,0,1,4,0,false
0.9.0,getFilterListenerInstances,openjpa-kernel/src/main/java/org/apache/openjpa/conf/OpenJPAConfiguration.java,1,1,0,0,0,0,1,0,45,3,8,0,false
0.9.0,commit,openjpa-kernel/src/main/java/org/apache/openjpa/datacache/DataCacheStoreManager.java,11,1,3,0,1,0,0,1,45,4,9,0,false
0.9.0,hasGrouping,openjpa-kernel/src/main/java/org/apache/openjpa/kernel/ExpressionStoreQuery.java,3,2,0,0,0,1,1,1,45,2,6,2,false
0.9.0,isVersionCheckRequired,openjpa-kernel/src/main/java/org/apache/openjpa/kernel/DetachedValueStateManager.java,3,1,0,0,0,0,0,0,45,2,5,0,false
0.9.0,getMetaDataRepository,openjpa-kernel/src/main/java/org/apache/openjpa/conf/OpenJPAConfiguration.java,1,1,0,0,0,0,10,0,45,3,8,0,false
0.9.0,writeUnlock,openjpa-kernel/src/main/java/org/apache/openjpa/datacache/ConcurrentQueryCache.java,3,1,0,0,0,0,0,0,45,2,4,0,false
0.9.0,appendTo,openjpa-jdbc/src/main/java/org/apache/openjpa/jdbc/kernel/exps/Null.java,3,1,0,0,0,0,0,0,37,2,2,0,false
0.9.0,setRemoteCommitProvider,openjpa-kernel/src/main/java/org/apache/openjpa/conf/OpenJPAConfigurationImpl.java,4,1,0,0,0,0,0,1,45,3,13,0,false
0.9.0,removeBooleanProperty,openjpa-lib/src/main/java/org/apache/openjpa/lib/util/Options.java,7,3,2,0,0,2,1,2,0,1,8,0,false
0.9.0,orderBy,openjpa-jdbc/src/main/java/org/apache/openjpa/jdbc/kernel/exps/Math.java,3,1,0,0,0,0,0,1,37,2,4,0,false
0.9.0,remove,openjpa-kernel/src/main/java/org/apache/openjpa/event/LifecycleEventManager.java,6,3,3,0,0,2,1,1,45,1,5,0,false
0.9.0,isFlushed,openjpa-kernel/src/main/java/org/apache/openjpa/kernel/DetachedValueStateManager.java,3,1,0,0,0,1,0,0,45,2,5,0,false
0.9.0,resolveForeignKeys,openjpa-jdbc/src/main/java/org/apache/openjpa/jdbc/schema/XMLSchemaParser.java,42,13,18,0,0,0,1,8,37,1,2,15,false
0.9.0,copy,openjpa-kernel/src/main/java/org/apache/openjpa/kernel/DelegatingFetchConfiguration.java,8,2,0,0,1,0,0,2,45,3,7,1,false
0.9.0,isVariable,openjpa-jdbc/src/main/java/org/apache/openjpa/jdbc/kernel/exps/StringFunction.java,3,1,0,0,0,1,0,0,37,2,4,0,false
0.9.0,getValueType,openjpa-lib/src/main/java/org/apache/openjpa/lib/conf/PluginValue.java,3,1,0,0,0,1,0,0,0,1,5,0,false
0.9.0,setIndexes,openjpa-jdbc/src/main/java/org/apache/openjpa/jdbc/ant/SchemaToolTask.java,3,1,1,0,0,0,0,0,37,2,3,0,false
0.9.0,handleCheckedException,openjpa-jdbc/src/main/java/org/apache/openjpa/jdbc/kernel/SQLProjectionResultObjectProvider.java,4,2,0,0,0,0,0,1,37,1,2,0,false
0.9.0,getCascadeRefresh,openjpa-kernel/src/main/java/org/apache/openjpa/meta/FieldMetaData.java,3,1,0,0,0,1,1,1,45,3,10,0,false
0.9.0,isReadOnly,openjpa-lib/src/main/java/org/apache/openjpa/lib/jdbc/DelegatingDatabaseMetaData.java,3,1,0,0,0,1,0,0,0,1,4,0,false
0.9.0,endOrderBy,openjpa-persistence/src/main/java/org/apache/openjpa/persistence/XMLPersistenceMetaDataParser.java,6,2,3,1,0,0,1,4,45,2,6,1,false
0.9.0,storeInt,openjpa-kernel/src/main/java/org/apache/openjpa/kernel/OpenJPAStateManager.java,1,1,0,0,0,0,2,0,45,2,5,0,false
0.9.0,parseXJoinColumns,openjpa-persistence-jdbc/src/main/java/org/apache/openjpa/persistence/jdbc/AnnotationPersistenceMappingParser.java,14,7,6,0,0,1,5,3,37,2,3,0,false
0.9.0,toNativeJoin,openjpa-jdbc/src/main/java/org/apache/openjpa/jdbc/sql/OracleDictionary.java,20,9,7,0,0,3,0,9,37,2,3,7,false
0.9.0,deleteDerefAdditions,openjpa-kernel/src/main/java/org/apache/openjpa/kernel/BrokerImpl.java,8,4,2,0,0,2,1,1,45,3,11,0,false
0.9.0,beginOptimistic,openjpa-kernel/src/main/java/org/apache/openjpa/kernel/DelegatingStoreManager.java,3,1,0,0,0,0,1,1,45,3,5,0,false
0.9.0,whereForeignKey,openjpa-jdbc/src/main/java/org/apache/openjpa/jdbc/sql/LogicalUnion.java,3,1,0,0,0,0,0,1,37,2,4,0,false
0.9.0,isDefaultValue,openjpa-kernel/src/main/java/org/apache/openjpa/kernel/DetachedStateManager.java,3,1,0,0,0,0,0,0,45,3,7,0,false
0.9.0,storeString,openjpa-kernel/src/main/java/org/apache/openjpa/kernel/DetachedValueStateManager.java,3,1,0,0,0,0,0,0,45,2,5,0,false
0.9.0,getProxyManager,openjpa-kernel/src/main/java/org/apache/openjpa/kernel/AttachManager.java,3,1,0,0,0,1,2,0,45,2,5,0,false
0.9.0,assignField,openjpa-jdbc/src/main/java/org/apache/openjpa/jdbc/kernel/JDBCStoreManager.java,7,2,2,0,0,2,0,0,37,3,9,1,false
0.9.0,setConnectionFactoryProperties,openjpa-jdbc/src/main/java/org/apache/openjpa/jdbc/schema/SimpleDriverDataSource.java,3,1,1,0,0,0,0,0,37,2,2,0,false
0.9.0,isInDefaultFetchGroup,openjpa-kernel/src/main/java/org/apache/openjpa/meta/FieldMetaData.java,20,12,3,0,0,1,15,6,45,3,10,1,false
0.9.0,keySet,openjpa-kernel/src/main/java/org/apache/openjpa/util/ProxyTreeMap.java,3,1,0,0,0,1,0,0,45,1,4,0,false
0.9.0,length,openjpa-jdbc/src/main/java/org/apache/openjpa/jdbc/kernel/exps/UnaryOp.java,3,1,0,0,0,1,0,0,37,2,5,0,false
0.9.0,assertSchemaName,openjpa-kernel/src/main/java/org/apache/openjpa/kernel/jpql/JPQLExpressionBuilder.java,4,2,0,0,0,1,2,2,45,2,8,0,false
0.9.0,getCreateTableSQL,openjpa-jdbc/src/main/java/org/apache/openjpa/jdbc/sql/OracleDictionary.java,25,11,13,4,0,3,0,4,37,2,3,2,false
0.9.0,isMappingOverrideMode,openjpa-persistence/src/main/java/org/apache/openjpa/persistence/XMLPersistenceMetaDataParser.java,3,1,0,0,0,1,13,2,45,2,6,0,false
0.9.0,equals,openjpa-kernel/src/main/java/org/apache/openjpa/kernel/DelegatingStoreManager.java,5,3,1,0,0,2,0,1,45,3,5,1,false
0.9.0,delete,openjpa-jdbc/src/main/java/org/apache/openjpa/jdbc/kernel/AbstractUpdateManager.java,16,9,6,0,0,1,2,3,37,1,2,3,false
0.9.0,setQueryTimeout,openjpa-lib/src/main/java/org/apache/openjpa/lib/jdbc/DelegatingCallableStatement.java,3,1,0,0,0,0,0,0,0,1,6,0,false
0.9.0,providedDoubleField,openjpa-kernel/src/main/java/org/apache/openjpa/kernel/DetachedValueStateManager.java,3,1,1,0,0,0,0,0,45,2,5,0,false
0.9.0,containsKey,openjpa-lib/src/main/java/org/apache/openjpa/lib/util/concurrent/ConcurrentHashMap.java,3,2,0,0,0,1,1,1,0,1,7,0,false
0.9.0,parseAttributeOverrides,openjpa-persistence-jdbc/src/main/java/org/apache/openjpa/persistence/jdbc/AnnotationPersistenceMappingParser.java,15,6,4,0,0,0,0,3,37,2,3,0,false
0.9.0,getNontransactionalWrite,openjpa-kernel/src/main/java/org/apache/openjpa/kernel/BrokerImpl.java,3,1,0,0,0,1,1,0,45,3,11,0,false
0.9.0,startOn,openjpa-jdbc/src/main/java/org/apache/openjpa/jdbc/schema/XMLSchemaParser.java,6,3,1,0,0,0,1,1,37,1,2,2,false
0.9.0,startJoin,openjpa-jdbc/src/main/java/org/apache/openjpa/jdbc/schema/XMLSchemaParser.java,17,3,3,0,0,0,1,2,37,1,2,6,false
0.9.0,registerOutParameter,openjpa-lib/src/main/java/org/apache/openjpa/lib/jdbc/DelegatingCallableStatement.java,3,1,0,0,0,0,0,0,0,1,6,0,false
0.9.0,clearParameters,openjpa-lib/src/main/java/org/apache/openjpa/lib/jdbc/LoggingConnectionDecorator.java,4,1,0,0,0,0,0,1,0,1,8,0,false
0.9.0,newInMemoryExecutor,openjpa-kernel/src/main/java/org/apache/openjpa/kernel/ExpressionStoreQuery.java,3,1,0,0,0,1,0,1,45,2,6,0,false
0.9.0,getDataStoreIdSequence,openjpa-jdbc/src/main/java/org/apache/openjpa/jdbc/kernel/JDBCStoreManager.java,4,3,0,0,0,2,2,1,37,3,9,0,false
0.9.0,setEscapeProcessing,openjpa-lib/src/main/java/org/apache/openjpa/lib/jdbc/DelegatingPreparedStatement.java,3,1,0,0,0,0,0,0,0,1,6,0,false
0.9.0,setOwner,openjpa-kernel/src/main/java/org/apache/openjpa/util/ProxyTreeMap.java,4,1,2,0,0,0,0,0,45,1,4,0,false
0.9.0,setMeta,openjpa-jdbc/src/main/java/org/apache/openjpa/jdbc/ant/MappingToolTask.java,3,1,1,0,0,0,0,0,37,2,3,0,false
0.9.0,isManageable,openjpa-kernel/src/main/java/org/apache/openjpa/util/ImplHelper.java,3,1,0,0,0,1,24,1,45,3,10,0,false
0.9.0,getElement,openjpa-kernel/src/main/java/org/apache/openjpa/meta/FieldMetaData.java,3,1,0,0,0,1,51,0,45,3,10,0,false
0.9.0,hasVariable,openjpa-jdbc/src/main/java/org/apache/openjpa/jdbc/kernel/exps/StringFunction.java,3,1,0,0,0,1,0,0,37,2,4,0,false
0.9.0,getFetchSize,openjpa-lib/src/main/java/org/apache/openjpa/lib/jdbc/DelegatingPreparedStatement.java,3,1,0,0,0,1,0,0,0,1,6,0,false
0.9.0,getHoldability,openjpa-lib/src/main/java/org/apache/openjpa/lib/jdbc/DelegatingConnection.java,6,2,2,0,0,1,0,4,0,1,7,0,false
0.9.0,loadEagerFields,openjpa-jdbc/src/main/java/org/apache/openjpa/jdbc/kernel/PagingResultObjectProvider.java,11,5,5,0,0,1,1,4,37,3,3,4,false
0.9.0,hasContainsExpression,openjpa-jdbc/src/main/java/org/apache/openjpa/jdbc/kernel/exps/BindVariableExpression.java,3,1,0,0,0,1,0,0,37,2,3,0,false
0.9.0,isAggregate,openjpa-kernel/src/main/java/org/apache/openjpa/kernel/QueryContext.java,1,1,0,0,0,0,1,0,45,1,4,0,false
0.9.0,map,openjpa-jdbc/src/main/java/org/apache/openjpa/jdbc/meta/strats/SubclassJoinDiscriminatorStrategy.java,8,4,3,0,0,0,0,2,37,2,2,3,false
0.9.0,getNonJtaDataSourceName,openjpa-persistence/src/main/java/org/apache/openjpa/persistence/PersistenceUnitInfoImpl.java,3,1,0,0,0,1,1,0,45,1,7,0,false
0.9.0,isVersionCheckRequired,openjpa-kernel/src/main/java/org/apache/openjpa/kernel/DetachedStateManager.java,3,1,0,0,0,1,0,0,45,3,7,0,false
0.9.0,setLong,openjpa-lib/src/main/java/org/apache/openjpa/lib/jdbc/LoggingConnectionDecorator.java,4,1,0,0,0,0,0,1,0,1,8,0,false
0.9.0,change,openjpa-kernel/src/main/java/org/apache/openjpa/util/CollectionChangeTrackerImpl.java,3,1,0,0,0,0,0,0,45,1,4,0,false
0.9.0,writeDetached,openjpa-kernel/src/main/java/org/apache/openjpa/kernel/StateManagerImpl.java,23,5,6,0,1,1,0,8,45,3,13,2,false
0.9.0,getRepository,openjpa-kernel/src/main/java/org/apache/openjpa/meta/FieldMetaData.java,3,1,0,0,0,1,17,1,45,3,10,0,false
0.9.0,setConnectionPassword,openjpa-kernel/src/main/java/org/apache/openjpa/conf/OpenJPAConfigurationImpl.java,4,1,0,0,0,0,0,2,45,3,13,0,false
0.9.0,getResultObject,openjpa-jdbc/src/main/java/org/apache/openjpa/jdbc/kernel/InstanceResultObjectProvider.java,6,2,3,0,0,1,0,4,37,2,2,2,false
0.9.0,isNonstandardType,openjpa-kernel/src/main/java/org/apache/openjpa/kernel/Filters.java,14,8,0,0,0,2,1,0,45,2,10,0,false
0.9.0,setUsesImplData,openjpa-kernel/src/main/java/org/apache/openjpa/meta/FieldMetaData.java,4,1,1,0,0,0,2,1,45,3,10,0,false
0.9.0,setRemote,openjpa-kernel/src/main/java/org/apache/openjpa/kernel/DetachedValueStateManager.java,3,1,0,0,0,0,0,0,45,2,5,0,false
0.9.0,store,openjpa-kernel/src/main/java/org/apache/openjpa/kernel/DetachedStateManager.java,3,1,0,0,0,0,0,0,45,3,7,0,false
0.9.0,getPageSize,openjpa-jdbc/src/main/java/org/apache/openjpa/jdbc/kernel/PagingResultObjectProvider.java,3,1,0,0,0,1,1,0,37,3,3,0,false
0.9.0,executeQuery,openjpa-kernel/src/main/java/org/apache/openjpa/kernel/ExpressionStoreQuery.java,3,1,0,0,0,0,1,0,45,2,6,0,false
0.9.0,getType,openjpa-kernel/src/main/java/org/apache/openjpa/util/OpenJPAException.java,1,1,0,0,0,0,0,0,45,1,4,0,false
0.9.0,compile,openjpa-persistence/src/main/java/org/apache/openjpa/persistence/QueryImpl.java,4,1,0,0,0,1,0,2,45,2,6,0,false
0.9.0,addTypesChangedListener,openjpa-kernel/src/main/java/org/apache/openjpa/datacache/DelegatingQueryCache.java,9,3,0,0,1,1,0,2,45,1,4,1,false
0.9.0,isVersionUpdateRequired,openjpa-kernel/src/main/java/org/apache/openjpa/kernel/StateManagerImpl.java,3,2,0,0,0,1,0,0,45,3,13,0,false
0.9.0,getType,openjpa-kernel/src/main/java/org/apache/openjpa/enhance/CodeGenerator.java,3,1,0,0,0,1,0,0,45,2,6,0,false
0.9.0,attach,openjpa-kernel/src/main/java/org/apache/openjpa/kernel/DetachedStateManager.java,115,65,27,0,0,1,0,6,45,3,7,15,false
0.9.0,getWrapper,openjpa-kernel/src/main/java/org/apache/openjpa/enhance/DynamicStorageGenerator.java,6,3,1,0,0,2,1,0,45,1,4,0,false
0.9.0,reverseSearch,openjpa-lib/src/main/java/org/apache/openjpa/lib/util/concurrent/CopyOnWriteArrayList.java,13,6,0,0,0,3,4,0,0,1,5,0,false
0.9.0,getResultSetInfo,openjpa-kernel/src/main/java/org/apache/openjpa/kernel/BrokerImpl.java,3,1,0,0,0,1,0,0,45,3,11,0,false
0.9.0,toNestedData,openjpa-kernel/src/main/java/org/apache/openjpa/datacache/DataCachePCDataImpl.java,11,5,0,0,0,3,0,0,45,1,3,0,false
0.9.0,fetch,openjpa-kernel/src/main/java/org/apache/openjpa/kernel/OpenJPAStateManager.java,1,1,0,0,0,0,0,0,45,2,5,0,false
0.9.0,getPlatform,openjpa-kernel/src/main/java/org/apache/openjpa/abstractstore/AbstractStoreManager.java,3,1,0,0,0,1,1,0,45,3,6,1,false
0.9.0,rollback,openjpa-kernel/src/main/java/org/apache/openjpa/kernel/StateManagerImpl.java,8,2,2,0,0,0,2,4,45,3,13,0,false
0.9.0,matches,openjpa-kernel/src/main/java/org/apache/openjpa/datacache/DataCacheScheduler.java,8,1,2,0,0,1,1,1,45,2,6,3,false
0.9.0,getDataCacheManager,openjpa-kernel/src/main/java/org/apache/openjpa/conf/OpenJPAConfigurationImpl.java,8,2,2,0,0,1,0,2,45,3,13,0,false
0.9.0,getIndependentTypeMappings,openjpa-jdbc/src/main/java/org/apache/openjpa/jdbc/meta/ValueMappingImpl.java,10,5,2,0,0,4,0,3,37,1,2,0,false
0.9.0,setRecoveryTimeMillis,openjpa-kernel/src/main/java/org/apache/openjpa/event/TCPRemoteCommitProvider.java,3,1,1,0,0,0,0,0,45,2,7,0,false
0.9.0,getPCResults,openjpa-jdbc/src/main/java/org/apache/openjpa/jdbc/meta/QueryResultMapping.java,9,3,3,0,0,1,0,0,37,1,2,0,false
0.9.0,setLockTimeout,openjpa-kernel/src/main/java/org/apache/openjpa/conf/OpenJPAConfiguration.java,1,1,0,0,0,0,0,0,45,3,8,0,false
0.9.0,setTransactionMode,openjpa-kernel/src/main/java/org/apache/openjpa/conf/OpenJPAConfigurationImpl.java,4,1,0,0,0,0,0,2,45,3,13,0,false
0.9.0,keySet,openjpa-kernel/src/main/java/org/apache/openjpa/datacache/ConcurrentQueryCache.java,3,1,0,0,0,1,0,0,45,2,4,0,false
0.9.0,compareTo,openjpa-kernel/src/main/java/org/apache/openjpa/meta/PersistenceAwareClass.java,5,3,0,0,0,3,0,1,2,1,1,0,false
0.9.0,newStoreManager,openjpa-kernel/src/main/java/org/apache/openjpa/abstractstore/AbstractStoreBrokerFactory.java,3,1,0,0,0,1,0,1,45,1,4,0,false
0.9.0,enter,openjpa-kernel/src/main/java/org/apache/openjpa/kernel/ExpressionStoreQuery.java,4,2,0,0,0,1,0,0,45,2,6,0,false
0.9.0,clear,openjpa-kernel/src/main/java/org/apache/openjpa/util/ProxyTreeMap.java,11,3,2,0,0,0,0,0,45,1,4,0,false
0.9.0,jjtGetNumChildren,openjpa-kernel/src/main/java/org/apache/openjpa/kernel/jpql/JPQLExpressionBuilder.java,3,2,0,0,0,1,1,0,45,2,8,0,false
0.9.0,getStatement,openjpa-lib/src/main/java/org/apache/openjpa/lib/jdbc/DelegatingResultSet.java,3,1,0,0,0,1,0,0,0,1,4,0,false
0.9.0,clear,openjpa-kernel/src/main/java/org/apache/openjpa/kernel/BrokerImpl.java,4,3,0,0,0,0,2,0,45,3,11,0,false
0.9.0,setString,openjpa-lib/src/main/java/org/apache/openjpa/lib/jdbc/DelegatingCallableStatement.java,3,1,0,0,0,0,0,0,0,1,6,0,false
0.9.0,clearOrdering,openjpa-jdbc/src/main/java/org/apache/openjpa/jdbc/sql/SelectImpl.java,4,1,2,0,0,0,1,0,37,2,6,0,false
0.9.0,primaryKeyOperation,openjpa-jdbc/src/main/java/org/apache/openjpa/jdbc/sql/SelectImpl.java,26,14,15,1,0,3,3,9,37,2,6,0,false
0.9.0,initialize,openjpa-kernel/src/main/java/org/apache/openjpa/datacache/DelegatingDataCache.java,9,3,0,0,1,1,0,2,45,2,5,1,false
0.9.0,createStoreManager,openjpa-kernel/src/main/java/org/apache/openjpa/abstractstore/AbstractStoreBrokerFactory.java,6,2,1,0,0,1,2,0,45,1,4,0,false
0.9.0,isVariable,openjpa-jdbc/src/main/java/org/apache/openjpa/jdbc/kernel/exps/PCPath.java,3,1,0,0,0,1,0,0,37,2,6,0,false
0.9.0,othersDeletesAreVisible,openjpa-kernel/src/main/java/org/apache/openjpa/kernel/BrokerImpl.java,3,1,0,0,0,1,0,0,45,3,11,0,false
0.9.0,getTimeout,openjpa-kernel/src/main/java/org/apache/openjpa/datacache/QueryKey.java,3,1,0,0,0,1,1,0,45,2,4,0,false
0.9.0,replaceLongField,openjpa-kernel/src/main/java/org/apache/openjpa/kernel/StateManagerImpl.java,3,1,0,0,0,1,0,0,45,3,13,0,false
0.9.0,setForeignKeys,openjpa-jdbc/src/main/java/org/apache/openjpa/jdbc/ant/MappingToolTask.java,3,1,1,0,0,0,0,0,37,2,3,0,false
0.9.0,getOrderingValue,openjpa-kernel/src/main/java/org/apache/openjpa/kernel/AbstractStoreQuery.java,3,1,0,0,0,1,0,0,45,2,4,0,false
0.9.0,evalGroupingClause,openjpa-kernel/src/main/java/org/apache/openjpa/kernel/jpql/JPQLExpressionBuilder.java,10,3,6,0,0,1,1,6,45,2,8,2,false
0.9.0,isDebugEnabled,openjpa-lib/src/main/java/org/apache/openjpa/lib/log/MultiLogFactory.java,4,3,1,0,0,2,0,1,0,2,6,0,false
0.9.0,debug,openjpa-lib/src/main/java/org/apache/openjpa/lib/log/AbstractLog.java,3,1,0,0,0,0,0,2,0,1,6,0,false
0.9.0,getSQLKeywords,openjpa-lib/src/main/java/org/apache/openjpa/lib/jdbc/DelegatingDatabaseMetaData.java,3,1,0,0,0,1,0,0,0,1,4,0,false
0.9.0,evalWhereClause,openjpa-kernel/src/main/java/org/apache/openjpa/kernel/jpql/JPQLExpressionBuilder.java,5,2,1,0,0,2,1,3,45,2,8,1,false
0.9.0,setPopulateStoreCache,openjpa-persistence/src/main/java/org/apache/openjpa/persistence/EntityManagerImpl.java,3,1,0,0,0,0,0,3,45,2,7,0,false
0.9.0,getRetryClassRegistration,openjpa-kernel/src/main/java/org/apache/openjpa/conf/OpenJPAConfiguration.java,1,1,0,0,0,0,1,0,45,3,8,0,false
0.9.0,getPendingTransactionalObjects,openjpa-persistence/src/main/java/org/apache/openjpa/persistence/EntityManagerImpl.java,3,1,0,0,0,1,0,1,45,2,7,0,false
0.9.0,getEndRange,openjpa-kernel/src/main/java/org/apache/openjpa/kernel/QueryContext.java,1,1,0,0,0,0,1,0,45,1,4,0,false
0.9.0,getEquivalentColumn,openjpa-jdbc/src/main/java/org/apache/openjpa/jdbc/meta/ValueMappingImpl.java,18,8,5,0,0,2,1,4,37,1,2,9,false
0.9.0,getIgnoreChanges,openjpa-persistence/src/main/java/org/apache/openjpa/persistence/EntityManagerImpl.java,3,1,0,0,0,1,0,1,45,2,7,0,false
0.9.0,findTransactionalBroker,openjpa-kernel/src/main/java/org/apache/openjpa/kernel/AbstractBrokerFactory.java,24,10,5,0,1,3,1,3,45,2,6,7,false
0.9.0,appendIsEmpty,openjpa-jdbc/src/main/java/org/apache/openjpa/jdbc/kernel/exps/Variable.java,2,1,0,0,0,0,0,0,37,2,3,0,false
0.9.0,setTypeMap,openjpa-lib/src/main/java/org/apache/openjpa/lib/jdbc/DelegatingConnection.java,3,1,0,0,0,0,0,0,0,1,7,0,false
0.9.0,hasDirtyListeners,openjpa-kernel/src/main/java/org/apache/openjpa/event/LifecycleEventManager.java,3,1,0,0,0,1,0,2,45,1,5,0,false
0.9.0,getClassLoader,openjpa-jdbc/src/main/java/org/apache/openjpa/jdbc/schema/SimpleDriverDataSource.java,3,1,0,0,0,1,0,0,37,2,2,0,false
0.9.0,updateBoolean,openjpa-lib/src/main/java/org/apache/openjpa/lib/jdbc/DelegatingResultSet.java,3,1,0,0,0,0,0,0,0,1,4,0,false
0.9.0,finish,openjpa-jdbc/src/main/java/org/apache/openjpa/jdbc/schema/XMLSchemaParser.java,4,2,0,0,0,0,0,1,37,1,2,0,false
0.9.0,countImplDataFields,openjpa-kernel/src/main/java/org/apache/openjpa/enhance/PCDataGenerator.java,6,3,3,0,0,1,1,1,45,4,8,0,false
0.9.0,initialize,openjpa-kernel/src/main/java/org/apache/openjpa/kernel/BrokerImpl.java,25,4,17,0,0,0,1,21,45,3,11,3,false
0.9.0,replaceBooleanField,openjpa-kernel/src/main/java/org/apache/openjpa/kernel/StateManagerImpl.java,3,1,0,0,0,1,0,0,45,3,13,0,false
0.9.0,setFlushMode,openjpa-persistence/src/main/java/org/apache/openjpa/persistence/QueryImpl.java,4,1,0,0,0,1,0,3,45,2,6,1,false
0.9.0,put,openjpa-kernel/src/main/java/org/apache/openjpa/datacache/QueryCache.java,1,1,0,0,0,0,2,0,45,1,4,0,false
0.9.0,createKey,openjpa-kernel/src/main/java/org/apache/openjpa/datacache/QueryKey.java,52,24,24,2,0,11,2,2,45,2,4,4,false
0.9.0,newBrokerFactory,openjpa-kernel/src/main/java/org/apache/openjpa/kernel/Bootstrap.java,17,5,4,0,1,1,2,5,45,2,7,1,false
0.9.0,startPrimaryKeyJoinColumn,openjpa-persistence-jdbc/src/main/java/org/apache/openjpa/persistence/jdbc/XMLPersistenceMappingParser.java,17,6,4,0,0,1,1,1,37,2,3,1,false
0.9.0,getSourceType,openjpa-persistence/src/main/java/org/apache/openjpa/persistence/XMLPersistenceMetaDataSerializer.java,3,1,0,0,0,1,0,1,45,2,6,0,false
0.9.0,setMetaData,openjpa-jdbc/src/main/java/org/apache/openjpa/jdbc/kernel/exps/Variable.java,3,1,1,0,0,0,0,0,37,2,3,0,false
0.9.0,beforeRead,openjpa-kernel/src/main/java/org/apache/openjpa/kernel/PNonTransState.java,4,1,0,0,0,1,0,1,45,2,4,0,false
0.9.0,length,openjpa-jdbc/src/main/java/org/apache/openjpa/jdbc/kernel/exps/StartsWithExpression.java,3,1,0,0,0,1,0,0,37,2,3,0,false
0.9.0,setCheckVersion,openjpa-kernel/src/main/java/org/apache/openjpa/kernel/StateManagerImpl.java,4,2,2,0,0,0,2,0,45,3,13,0,false
0.9.0,getSelectOperation,openjpa-jdbc/src/main/java/org/apache/openjpa/jdbc/sql/OracleDictionary.java,6,3,3,1,0,1,2,0,37,2,3,0,false
0.9.0,deleteDeref,openjpa-kernel/src/main/java/org/apache/openjpa/kernel/BrokerImpl.java,5,5,1,0,0,0,2,4,45,3,11,0,false
0.9.0,commit,openjpa-xmlstore/src/main/java/org/apache/openjpa/xmlstore/XMLStoreManager.java,9,1,2,0,1,0,0,0,45,2,6,0,false
0.9.0,beforeConfigurationConstruct,openjpa-persistence-jdbc/src/main/java/org/apache/openjpa/persistence/jdbc/JDBCPersistenceProductDerivation.java,2,1,0,0,0,0,0,0,37,2,4,0,false
0.9.0,initialize,openjpa-jdbc/src/main/java/org/apache/openjpa/jdbc/kernel/exps/CompareEqualExpression.java,6,1,2,0,0,0,0,2,37,2,3,0,false
0.9.0,getMappedPCSubclassMetaDatas,openjpa-kernel/src/main/java/org/apache/openjpa/meta/ClassMetaData.java,13,6,5,0,0,2,4,3,45,3,8,0,false
0.9.0,setParseText,openjpa-lib/src/main/java/org/apache/openjpa/lib/meta/XMLMetaDataParser.java,3,1,1,0,0,0,3,0,0,2,9,0,false
0.9.0,setMaxFetchDepth,openjpa-persistence/src/main/java/org/apache/openjpa/persistence/FetchPlan.java,4,1,0,0,0,1,0,0,45,2,5,0,false
0.9.0,setInsertTimestamp,openjpa-lib/src/main/java/org/apache/openjpa/lib/util/FormatPreservingProperties.java,3,1,1,0,0,0,0,0,0,1,8,0,false
0.9.0,beginStore,openjpa-kernel/src/main/java/org/apache/openjpa/kernel/StoreContext.java,1,1,0,0,0,0,0,0,45,3,6,0,false
0.9.0,enhanceConstructor,openjpa-kernel/src/main/java/org/apache/openjpa/enhance/PCDataGenerator.java,16,1,3,0,0,0,1,1,45,4,8,14,false
0.9.0,setEmbeddedOnly,openjpa-kernel/src/main/java/org/apache/openjpa/meta/ClassMetaData.java,3,2,1,0,0,0,2,0,45,3,8,0,false
0.9.0,importSchema,openjpa-jdbc/src/main/java/org/apache/openjpa/jdbc/schema/SchemaGroup.java,18,6,10,0,0,2,1,5,37,1,2,0,false
0.9.0,supportsResultTypeConcurrency,openjpa-kernel/src/main/java/org/apache/openjpa/kernel/BrokerImpl.java,3,1,0,0,0,1,0,0,45,3,11,0,false
0.9.0,allTablesAreSelectable,openjpa-lib/src/main/java/org/apache/openjpa/lib/jdbc/DelegatingDatabaseMetaData.java,3,1,0,0,0,1,0,0,0,1,4,0,false
0.9.0,setFormat,openjpa-jdbc/src/main/java/org/apache/openjpa/jdbc/kernel/NativeJDBCSeq.java,4,1,2,0,0,0,0,0,37,2,2,0,false
0.9.0,isDefaultValue,openjpa-kernel/src/main/java/org/apache/openjpa/kernel/DetachedValueStateManager.java,3,1,0,0,0,0,0,0,45,2,5,0,false
0.9.0,getFlushed,openjpa-kernel/src/main/java/org/apache/openjpa/kernel/DetachedStateManager.java,3,1,0,0,0,0,0,0,45,3,7,0,false
0.9.0,setUseClassCriteria,openjpa-jdbc/src/main/java/org/apache/openjpa/jdbc/meta/ValueMappingImpl.java,3,1,1,0,0,0,0,0,37,1,2,0,false
0.9.0,isPath,openjpa-jdbc/src/main/java/org/apache/openjpa/jdbc/kernel/exps/StartsWithExpression.java,3,1,0,0,0,1,0,0,37,2,3,0,false
0.9.0,supportsLocking,openjpa-jdbc/src/main/java/org/apache/openjpa/jdbc/sql/SelectImpl.java,3,1,0,0,0,1,1,1,37,2,6,0,false
0.9.0,appendInfo,openjpa-lib/src/main/java/org/apache/openjpa/lib/jdbc/DelegatingStatement.java,3,2,0,0,0,0,2,1,0,1,5,0,false
0.9.0,getObjectIdType,openjpa-kernel/src/main/java/org/apache/openjpa/meta/ClassMetaData.java,43,19,11,0,0,5,35,7,45,3,8,3,false
0.9.0,getLong,openjpa-lib/src/main/java/org/apache/openjpa/lib/jdbc/DelegatingCallableStatement.java,3,1,0,0,0,1,0,0,0,1,6,0,false
0.9.0,getFile,openjpa-kernel/src/main/java/org/apache/openjpa/enhance/ApplicationIdTool.java,12,6,6,1,0,2,3,1,45,2,6,1,false
0.9.0,addResult,openjpa-lib/src/main/java/org/apache/openjpa/lib/meta/XMLMetaDataParser.java,4,3,0,0,0,0,1,1,0,2,9,0,false
0.9.0,enhanceToData,openjpa-kernel/src/main/java/org/apache/openjpa/datacache/DataCachePCDataGenerator.java,16,1,3,0,0,0,1,0,45,1,3,15,false
0.9.0,groupBy,openjpa-jdbc/src/main/java/org/apache/openjpa/jdbc/kernel/exps/Math.java,3,1,0,0,0,0,0,1,37,2,4,0,false
0.9.0,newCalendarProxy,openjpa-kernel/src/main/java/org/apache/openjpa/util/ProxyManagerImpl.java,4,1,1,0,0,1,1,3,45,1,5,1,false
0.9.0,setTransactionType,openjpa-persistence/src/main/java/org/apache/openjpa/persistence/PersistenceUnitInfoImpl.java,3,1,1,0,0,0,3,0,45,1,7,0,false
0.9.0,contains,openjpa-jdbc/src/main/java/org/apache/openjpa/jdbc/sql/SelectImpl.java,3,2,0,0,0,1,4,0,37,2,6,0,false
0.9.0,hasPrevious,openjpa-lib/src/main/java/org/apache/openjpa/lib/util/concurrent/CopyOnWriteArrayList.java,3,2,0,0,0,1,0,0,0,1,5,0,false
0.9.0,getConnection,openjpa-kernel/src/main/java/org/apache/openjpa/kernel/BrokerImpl.java,5,2,0,0,0,1,0,5,45,3,11,1,false
0.9.0,createEntityManagerFactory,openjpa-persistence/src/main/java/org/apache/openjpa/persistence/OpenJPAPersistence.java,11,4,2,0,1,1,0,1,45,2,5,0,false
0.9.0,hashCode,openjpa-lib/src/main/java/org/apache/openjpa/lib/jdbc/DelegatingDataSource.java,3,1,0,0,0,1,1,1,0,1,5,1,false
0.9.0,connectedConfiguration,openjpa-jdbc/src/main/java/org/apache/openjpa/jdbc/sql/OracleDictionary.java,25,13,11,2,0,0,1,2,37,2,3,11,false
0.9.0,setFlushBeforeQueries,openjpa-kernel/src/main/java/org/apache/openjpa/kernel/DelegatingFetchConfiguration.java,9,2,0,0,1,1,0,2,45,3,7,1,false
0.9.0,close,openjpa-kernel/src/main/java/org/apache/openjpa/event/JMSRemoteCommitProvider.java,14,5,1,0,1,0,1,0,45,1,5,0,false
0.9.0,newMetaDataFactoryInstance,openjpa-kernel/src/main/java/org/apache/openjpa/conf/OpenJPAConfigurationImpl.java,3,1,0,0,0,1,0,1,45,3,13,0,false
0.9.0,getDeletes,openjpa-jdbc/src/main/java/org/apache/openjpa/jdbc/sql/RowManagerImpl.java,3,2,0,0,0,1,1,0,37,1,2,0,false
0.9.0,handleUnknownPackageMappingAnnotation,openjpa-persistence-jdbc/src/main/java/org/apache/openjpa/persistence/jdbc/AnnotationPersistenceMappingParser.java,3,1,0,0,0,1,1,0,37,2,3,0,false
0.9.0,setOuter,openjpa-jdbc/src/main/java/org/apache/openjpa/jdbc/sql/SelectImpl.java,2,1,0,0,0,0,0,0,37,2,6,0,false
0.9.0,classForName,openjpa-kernel/src/main/java/org/apache/openjpa/kernel/ExpressionStoreQuery.java,3,1,0,0,0,1,0,0,45,2,6,0,false
0.9.0,lock,openjpa-persistence/src/main/java/org/apache/openjpa/persistence/EntityManagerImpl.java,3,1,0,0,0,0,0,1,45,2,7,0,false
0.9.0,setIntegrityViolation,openjpa-kernel/src/main/java/org/apache/openjpa/util/ReferentialIntegrityException.java,4,1,1,0,0,1,1,0,45,1,4,0,false
0.9.0,getAlias,openjpa-jdbc/src/main/java/org/apache/openjpa/jdbc/meta/strats/SubclassJoinDiscriminatorStrategy.java,3,1,0,0,0,1,0,0,37,2,2,0,false
0.9.0,replaceType,openjpa-kernel/src/main/java/org/apache/openjpa/enhance/PCDataGenerator.java,4,2,0,0,0,2,10,1,45,4,8,0,false
0.9.0,copyDate,openjpa-kernel/src/main/java/org/apache/openjpa/util/ProxyManagerImpl.java,3,1,0,0,0,1,1,3,45,1,5,0,false
0.9.0,getResultObject,openjpa-jdbc/src/main/java/org/apache/openjpa/jdbc/kernel/GenericResultObjectProvider.java,3,1,0,0,0,1,0,2,37,2,3,0,false
0.9.0,throwExceptions,openjpa-kernel/src/main/java/org/apache/openjpa/kernel/DetachManager.java,5,3,0,0,0,1,2,1,45,4,9,0,false
0.9.0,addField,openjpa-persistence/src/main/java/org/apache/openjpa/persistence/FetchPlan.java,3,1,0,0,0,1,0,1,45,2,5,0,false
0.9.0,isTransient,openjpa-kernel/src/main/java/org/apache/openjpa/meta/FieldMetaData.java,3,1,0,0,0,1,6,0,45,3,10,0,false
0.9.0,hasCallbacks,openjpa-kernel/src/main/java/org/apache/openjpa/event/LifecycleEventManager.java,6,4,2,0,0,3,8,1,45,1,5,1,false
0.9.0,getMetaDataRepository,openjpa-jdbc/src/main/java/org/apache/openjpa/jdbc/conf/JDBCConfigurationImpl.java,7,2,1,0,0,1,1,0,37,3,6,0,false
0.9.0,getSuffix,openjpa-lib/src/main/java/org/apache/openjpa/lib/meta/XMLMetaDataParser.java,3,1,0,0,0,1,0,0,0,2,9,0,false
0.9.0,getCascadePersist,openjpa-kernel/src/main/java/org/apache/openjpa/meta/FieldMetaData.java,3,1,0,0,0,1,1,1,45,3,10,0,false
0.9.0,initializeMapping,openjpa-jdbc/src/main/java/org/apache/openjpa/jdbc/meta/ValueMappingImpl.java,14,10,5,2,0,1,1,8,37,1,2,3,false
0.9.0,setDelayConstraintResolve,openjpa-jdbc/src/main/java/org/apache/openjpa/jdbc/schema/XMLSchemaParser.java,3,1,1,0,0,0,0,0,37,1,2,0,false
0.9.0,toString,openjpa-lib/src/main/java/org/apache/openjpa/lib/log/AbstractLog.java,3,2,0,0,0,1,6,0,0,1,6,0,false
0.9.0,setShort,openjpa-lib/src/main/java/org/apache/openjpa/lib/jdbc/DelegatingCallableStatement.java,3,1,0,0,0,0,0,0,0,1,6,0,false
0.9.0,calculateValue,openjpa-jdbc/src/main/java/org/apache/openjpa/jdbc/kernel/exps/CurrentDate.java,2,1,0,0,0,0,0,0,37,2,2,0,false
0.9.0,saveField,openjpa-kernel/src/main/java/org/apache/openjpa/kernel/StateManagerImpl.java,12,10,1,0,0,2,2,8,45,3,13,2,false
0.9.0,getAllocate,openjpa-jdbc/src/main/java/org/apache/openjpa/jdbc/kernel/NativeJDBCSeq.java,3,1,0,0,0,1,0,0,37,2,2,0,false
0.9.0,equals,openjpa-kernel/src/main/java/org/apache/openjpa/util/StoreFacadeTypeRegistry.java,5,4,1,0,0,2,0,0,27,1,2,0,false
0.9.0,storeBooleanField,openjpa-kernel/src/main/java/org/apache/openjpa/kernel/DetachManager.java,4,1,0,0,0,0,0,1,45,4,9,0,false
0.9.0,newFetchConfiguration,openjpa-kernel/src/main/java/org/apache/openjpa/kernel/DelegatingStoreManager.java,3,1,0,0,0,1,1,1,45,3,5,0,false
0.9.0,hintToAggregateListener,openjpa-kernel/src/main/java/org/apache/openjpa/kernel/Filters.java,22,8,7,0,1,5,0,0,45,2,10,3,false
0.9.0,getPersistenceCapable,openjpa-kernel/src/main/java/org/apache/openjpa/kernel/DetachedStateManager.java,3,1,0,0,0,1,0,0,45,3,7,0,false
0.9.0,size,openjpa-jdbc/src/main/java/org/apache/openjpa/jdbc/sql/SelectImpl.java,3,2,0,0,0,1,1,0,37,2,6,0,false
0.9.0,setLRSSize,openjpa-jdbc/src/main/java/org/apache/openjpa/jdbc/conf/JDBCConfigurationImpl.java,4,1,0,0,0,0,0,2,37,3,6,0,false
0.9.0,getBackingMember,openjpa-kernel/src/main/java/org/apache/openjpa/meta/FieldMetaData.java,3,1,0,0,0,1,12,1,45,3,10,0,false
0.9.0,getSQLStateType,openjpa-lib/src/main/java/org/apache/openjpa/lib/jdbc/DelegatingDatabaseMetaData.java,3,1,0,0,0,0,0,0,0,1,4,0,false
0.9.0,getSequenceMetaData,openjpa-kernel/src/main/java/org/apache/openjpa/meta/MetaDataRepository.java,9,3,2,0,0,2,1,1,45,3,8,0,false
0.9.0,delete,openjpa-jdbc/src/main/java/org/apache/openjpa/jdbc/meta/strats/RelationToManyInverseKeyFieldStrategy.java,12,4,4,0,0,2,1,3,37,2,3,4,false
0.9.0,getCompilation,openjpa-kernel/src/main/java/org/apache/openjpa/kernel/QueryContext.java,1,1,0,0,0,0,3,0,45,1,4,0,false
0.9.0,setLargeTransaction,openjpa-persistence/src/main/java/org/apache/openjpa/persistence/EntityManagerImpl.java,3,1,0,0,0,0,0,4,45,2,7,0,false
0.9.0,setConnectionUserName,openjpa-jdbc/src/main/java/org/apache/openjpa/jdbc/schema/SimpleDriverDataSource.java,3,1,1,0,0,0,0,0,37,2,2,0,false
0.9.0,readEscape,openjpa-lib/src/main/java/org/apache/openjpa/lib/util/FormatPreservingProperties.java,28,7,3,2,0,1,1,0,0,1,8,0,false
0.9.0,getDeclaredIndex,openjpa-kernel/src/main/java/org/apache/openjpa/meta/FieldMetaData.java,3,1,0,0,0,1,1,0,45,3,10,0,false
0.9.0,beforeRefresh,openjpa-kernel/src/main/java/org/apache/openjpa/kernel/DetachedStateManager.java,3,1,0,0,0,0,0,0,45,3,7,0,false
0.9.0,ignoreLoaded,openjpa-kernel/src/main/java/org/apache/openjpa/kernel/DetachedStateManager.java,23,18,0,0,0,2,4,0,45,3,7,1,false
0.9.0,aliasSize,openjpa-jdbc/src/main/java/org/apache/openjpa/jdbc/sql/SelectImpl.java,3,1,0,0,0,1,1,1,37,2,6,0,false
0.9.0,selectColumns,openjpa-jdbc/src/main/java/org/apache/openjpa/jdbc/kernel/exps/IsNotEmptyExpression.java,3,1,0,0,0,0,0,0,37,2,3,0,false
0.9.0,getDoubleProperty,openjpa-lib/src/main/java/org/apache/openjpa/lib/util/Options.java,5,3,2,0,0,1,0,1,0,1,8,0,false
0.9.0,setProxyTemplate,openjpa-kernel/src/main/java/org/apache/openjpa/util/ProxyManagerImpl.java,3,1,0,0,0,0,0,0,45,1,5,0,false
0.9.0,warn,openjpa-lib/src/main/java/org/apache/openjpa/lib/log/MultiLogFactory.java,3,2,1,0,0,0,0,1,0,2,6,0,false
0.9.0,load,openjpa-jdbc/src/main/java/org/apache/openjpa/jdbc/kernel/exps/PCPath.java,12,7,4,0,0,3,2,1,37,2,6,0,false
0.9.0,handleUnknownClassAnnotation,openjpa-persistence/src/main/java/org/apache/openjpa/persistence/AnnotationPersistenceMetaDataParser.java,3,1,0,0,0,1,1,0,45,3,11,0,false
0.9.0,startStrategy,openjpa-persistence/src/main/java/org/apache/openjpa/persistence/XMLPersistenceMetaDataParser.java,15,5,4,0,0,1,1,11,45,2,6,4,false
0.9.0,storeObjectField,openjpa-kernel/src/main/java/org/apache/openjpa/kernel/DetachManager.java,4,1,0,0,0,0,0,2,45,4,9,0,false
0.9.0,parse,openjpa-lib/src/main/java/org/apache/openjpa/lib/meta/XMLMetaDataParser.java,35,18,10,0,1,0,2,12,0,2,9,0,false
0.9.0,joinSubclass,openjpa-jdbc/src/main/java/org/apache/openjpa/jdbc/kernel/JDBCStoreManager.java,7,5,3,0,0,2,3,1,37,3,9,0,false
0.9.0,setMetaData,openjpa-jdbc/src/main/java/org/apache/openjpa/jdbc/kernel/exps/Args.java,3,1,1,0,0,0,0,0,37,2,3,0,false
0.9.0,storeChar,openjpa-kernel/src/main/java/org/apache/openjpa/kernel/DetachedValueStateManager.java,3,1,0,0,0,0,0,0,45,2,5,0,false
0.9.0,startClassMappingElement,openjpa-persistence-jdbc/src/main/java/org/apache/openjpa/persistence/jdbc/XMLPersistenceMappingParser.java,65,22,20,0,0,2,0,15,37,2,3,1,false
0.9.0,lessThan,openjpa-jdbc/src/main/java/org/apache/openjpa/jdbc/kernel/exps/JDBCExpressionFactory.java,3,1,0,0,0,1,0,1,37,3,6,0,false
0.9.0,setNullValue,openjpa-kernel/src/main/java/org/apache/openjpa/meta/FieldMetaData.java,3,1,1,0,0,0,5,0,45,3,10,0,false
0.9.0,matchAnnotations,openjpa-lib/src/main/java/org/apache/openjpa/lib/meta/ClassAnnotationMetaDataFilter.java,18,4,10,0,0,2,1,2,0,2,5,0,false
0.9.0,getOperator,openjpa-jdbc/src/main/java/org/apache/openjpa/jdbc/kernel/exps/Min.java,3,1,0,0,0,1,0,0,37,2,2,0,false
0.9.0,getCachedSequenceMetaData,openjpa-kernel/src/main/java/org/apache/openjpa/meta/MetaDataRepository.java,3,1,0,0,0,1,4,0,45,3,8,0,false
0.9.0,setInto,openjpa-lib/src/main/java/org/apache/openjpa/lib/util/Options.java,20,8,10,1,1,3,1,5,0,1,8,3,false
0.9.0,beforeAccessField,openjpa-kernel/src/main/java/org/apache/openjpa/kernel/StateManagerImpl.java,16,3,2,0,1,0,1,8,45,3,13,1,false
0.9.0,replaceCharField,openjpa-kernel/src/main/java/org/apache/openjpa/kernel/DetachedValueStateManager.java,3,1,0,0,0,0,0,0,45,2,5,0,false
0.9.0,getErrorCode,openjpa-lib/src/main/java/org/apache/openjpa/lib/jdbc/ReportingSQLException.java,3,1,0,0,0,1,0,0,0,1,4,0,false
0.9.0,setUseAliases,openjpa-jdbc/src/main/java/org/apache/openjpa/jdbc/kernel/ClassTableJDBCSeq.java,3,1,1,0,0,0,0,0,37,2,3,0,false
0.9.0,addAccessPath,openjpa-kernel/src/main/java/org/apache/openjpa/kernel/exps/AbstractExpressionBuilder.java,4,1,0,0,0,1,5,0,45,2,7,0,false
0.9.0,setArray,openjpa-lib/src/main/java/org/apache/openjpa/lib/util/concurrent/CopyOnWriteArrayList.java,3,1,1,0,0,0,24,0,0,1,5,0,false
0.9.0,startConfiguration,openjpa-kernel/src/main/java/org/apache/openjpa/datacache/AbstractDataCache.java,2,1,0,0,0,0,0,0,45,2,5,0,false
0.9.0,attach,openjpa-kernel/src/main/java/org/apache/openjpa/kernel/AttachManager.java,33,13,14,0,2,1,1,5,45,2,5,2,false
0.9.0,first,openjpa-lib/src/main/java/org/apache/openjpa/lib/jdbc/DelegatingResultSet.java,3,1,0,0,0,1,0,0,0,1,4,0,false
0.9.0,sharesCustomFetchGroups,openjpa-kernel/src/main/java/org/apache/openjpa/kernel/StateManagerImpl.java,5,3,2,0,0,2,0,0,45,3,13,0,false
0.9.0,getUpdates,openjpa-kernel/src/main/java/org/apache/openjpa/kernel/AbstractStoreQuery.java,3,1,0,0,0,1,0,0,45,2,4,0,false
0.9.0,pin,openjpa-kernel/src/main/java/org/apache/openjpa/datacache/QueryCache.java,1,1,0,0,0,0,1,0,45,1,4,0,false
0.9.0,getConfiguration,openjpa-kernel/src/main/java/org/apache/openjpa/kernel/ExpressionStoreQuery.java,3,1,0,0,0,1,0,0,45,2,6,1,false
0.9.0,getJoins,openjpa-jdbc/src/main/java/org/apache/openjpa/jdbc/kernel/exps/CompareEqualExpression.java,3,1,0,0,0,1,0,0,37,2,3,0,false
0.9.0,setMaxIdle,openjpa-kernel/src/main/java/org/apache/openjpa/event/TCPRemoteCommitProvider.java,3,1,1,0,0,0,0,0,45,2,7,0,false
0.9.0,set,openjpa-jdbc/src/main/java/org/apache/openjpa/jdbc/meta/QueryResultMapping.java,4,2,2,0,0,0,1,0,37,1,2,0,false
0.9.0,usesLocalFilePerTable,openjpa-lib/src/main/java/org/apache/openjpa/lib/jdbc/DelegatingDatabaseMetaData.java,3,1,0,0,0,1,0,0,0,1,4,0,false
0.9.0,getPersistenceUnitRootUrl,openjpa-persistence/src/main/java/org/apache/openjpa/persistence/PersistenceUnitInfoImpl.java,3,1,0,0,0,1,0,0,45,1,7,0,false
0.9.0,getSourceScope,openjpa-persistence/src/main/java/org/apache/openjpa/persistence/PersistenceUnitInfoImpl.java,3,1,0,0,0,1,0,0,45,1,7,0,false
0.9.0,getValueSequence,openjpa-jdbc/src/main/java/org/apache/openjpa/jdbc/kernel/JDBCStoreManager.java,3,1,0,0,0,1,1,0,37,3,9,0,false
0.9.0,assertNotContainer,openjpa-kernel/src/main/java/org/apache/openjpa/kernel/ExpressionStoreQuery.java,14,6,3,0,0,0,2,0,45,2,6,2,false
0.9.0,isManaged,openjpa-persistence/src/main/java/org/apache/openjpa/persistence/EntityManagerImpl.java,3,1,0,0,0,1,0,1,45,2,7,0,false
0.9.0,isDirty,openjpa-kernel/src/main/java/org/apache/openjpa/kernel/StateManagerImpl.java,3,1,0,0,0,1,8,0,45,3,13,0,false
0.9.0,initialize,openjpa-jdbc/src/main/java/org/apache/openjpa/jdbc/kernel/exps/ConstInstanceofExpression.java,3,1,0,0,0,0,0,1,37,2,3,0,false
0.9.0,addSchema,openjpa-jdbc/src/main/java/org/apache/openjpa/jdbc/kernel/NativeJDBCSeq.java,8,4,4,0,0,1,0,1,37,2,2,1,false
0.9.0,getQueryCache,openjpa-kernel/src/main/java/org/apache/openjpa/conf/OpenJPAConfiguration.java,1,1,0,0,0,0,0,0,45,3,8,0,false
0.9.0,setStrictIdentityValues,openjpa-kernel/src/main/java/org/apache/openjpa/conf/Compatibility.java,3,1,1,0,0,0,0,0,45,1,3,0,false
0.9.0,getMessageListener,openjpa-kernel/src/main/java/org/apache/openjpa/event/JMSRemoteCommitProvider.java,28,1,0,0,0,1,1,0,45,1,5,1,false
0.9.0,handle,openjpa-kernel/src/main/java/org/apache/openjpa/event/TCPRemoteCommitProvider.java,25,8,9,2,0,1,1,2,45,2,7,2,false
0.9.0,isEmbedded,openjpa-kernel/src/main/java/org/apache/openjpa/kernel/DetachedStateManager.java,3,1,0,0,0,1,0,0,45,3,7,0,false
0.9.0,toStrings,openjpa-kernel/src/main/java/org/apache/openjpa/enhance/PCDataGenerator.java,5,2,3,0,0,1,4,0,45,4,8,0,false
0.9.0,supportsMultipleTransactions,openjpa-lib/src/main/java/org/apache/openjpa/lib/jdbc/DelegatingDatabaseMetaData.java,3,1,0,0,0,1,0,0,0,1,4,0,false
0.9.0,getPrimaryKeys,openjpa-jdbc/src/main/java/org/apache/openjpa/jdbc/sql/OracleDictionary.java,29,10,6,0,3,1,0,3,37,2,3,0,false
0.9.0,getMappingFactory,openjpa-jdbc/src/main/java/org/apache/openjpa/jdbc/conf/JDBCConfigurationImpl.java,3,1,0,0,0,1,0,0,37,3,6,0,false
0.9.0,getDelegate,openjpa-jdbc/src/main/java/org/apache/openjpa/jdbc/sql/LogicalUnion.java,3,1,0,0,0,1,3,0,37,2,4,0,false
0.9.0,removed,openjpa-kernel/src/main/java/org/apache/openjpa/kernel/DetachedStateManager.java,3,1,0,0,0,0,0,1,45,3,7,0,false
0.9.0,toDataStoreValue,openjpa-jdbc/src/main/java/org/apache/openjpa/jdbc/kernel/exps/Trim.java,3,1,0,0,0,1,0,0,37,2,4,0,false
0.9.0,getResolver,openjpa-kernel/src/main/java/org/apache/openjpa/kernel/ExpressionStoreQuery.java,17,1,0,0,0,1,0,0,45,2,6,1,false
0.9.0,setProperty,openjpa-lib/src/main/java/org/apache/openjpa/lib/util/FormatPreservingProperties.java,3,1,0,0,0,1,0,1,0,1,8,0,false
0.9.0,currentStrategy,openjpa-persistence/src/main/java/org/apache/openjpa/persistence/XMLPersistenceMetaDataParser.java,3,1,0,0,0,1,0,0,45,2,6,0,false
0.9.0,executeQuery,openjpa-kernel/src/main/java/org/apache/openjpa/kernel/MethodStoreQuery.java,1,1,0,0,0,0,4,0,45,2,5,0,false
0.9.0,getFilterListeners,openjpa-kernel/src/main/java/org/apache/openjpa/conf/OpenJPAConfiguration.java,1,1,0,0,0,0,0,0,45,3,8,0,false
0.9.0,getString,openjpa-lib/src/main/java/org/apache/openjpa/lib/conf/PluginListValue.java,10,5,2,0,0,3,0,2,0,1,5,0,false
0.9.0,closeClassBrace,openjpa-kernel/src/main/java/org/apache/openjpa/enhance/CodeGenerator.java,3,1,0,0,0,0,1,0,45,2,6,0,false
0.9.0,setDate,openjpa-lib/src/main/java/org/apache/openjpa/lib/jdbc/DelegatingCallableStatement.java,3,1,0,0,0,0,0,0,0,1,6,0,false
0.9.0,selectColumns,openjpa-jdbc/src/main/java/org/apache/openjpa/jdbc/kernel/exps/StartsWithExpression.java,4,1,0,0,0,0,0,1,37,2,3,0,false
0.9.0,setConnectionPassword,openjpa-jdbc/src/main/java/org/apache/openjpa/jdbc/schema/SimpleDriverDataSource.java,3,1,1,0,0,0,0,0,37,2,2,0,false
0.9.0,embed,openjpa-kernel/src/main/java/org/apache/openjpa/kernel/StoreContext.java,1,1,0,0,0,0,2,0,45,3,6,0,false
0.9.0,setFetchDirection,openjpa-jdbc/src/main/java/org/apache/openjpa/jdbc/kernel/DelegatingJDBCFetchConfiguration.java,1,1,0,0,0,0,1,0,37,2,3,0,false
0.9.0,setNullableAsObject,openjpa-jdbc/src/main/java/org/apache/openjpa/jdbc/ant/ReverseMappingToolTask.java,3,1,1,0,0,0,0,0,37,2,2,0,false
0.9.0,getTables,openjpa-jdbc/src/main/java/org/apache/openjpa/jdbc/schema/XMLSchemaSerializer.java,3,1,0,0,0,1,0,0,37,1,2,0,false
0.9.0,getMaxRows,openjpa-lib/src/main/java/org/apache/openjpa/lib/jdbc/DelegatingPreparedStatement.java,3,1,0,0,0,1,0,0,0,1,6,0,false
0.9.0,getManagedRuntime,openjpa-kernel/src/main/java/org/apache/openjpa/kernel/BrokerImpl.java,3,1,0,0,0,1,1,0,45,3,11,0,false
0.9.0,getIndependentExpressionCandidates,openjpa-kernel/src/main/java/org/apache/openjpa/kernel/ExpressionStoreQuery.java,3,1,0,0,0,1,1,0,45,2,6,0,false
0.9.0,getProperty,openjpa-lib/src/main/java/org/apache/openjpa/lib/util/FormatPreservingProperties.java,3,1,0,0,0,1,3,0,0,1,8,0,false
0.9.0,put,openjpa-lib/src/main/java/org/apache/openjpa/lib/util/FormatPreservingProperties.java,55,31,23,4,0,0,1,11,0,1,8,22,false
0.9.0,begin,openjpa-xmlstore/src/main/java/org/apache/openjpa/xmlstore/XMLStoreManager.java,3,1,0,0,0,0,0,0,45,2,6,0,false
0.9.0,clearFields,openjpa-kernel/src/main/java/org/apache/openjpa/kernel/StateManagerImpl.java,19,5,4,0,1,0,2,10,45,3,13,0,false
0.9.0,translate,openjpa-kernel/src/main/java/org/apache/openjpa/datacache/DelegatingQueryCache.java,3,2,0,0,0,1,13,0,45,1,4,0,false
0.9.0,settingBooleanField,openjpa-kernel/src/main/java/org/apache/openjpa/kernel/DetachedStateManager.java,13,4,1,0,1,1,0,3,45,3,7,0,false
0.9.0,getDataCache,openjpa-kernel/src/main/java/org/apache/openjpa/conf/OpenJPAConfiguration.java,1,1,0,0,0,0,0,0,45,3,8,0,false
0.9.0,whereForeignKey,openjpa-jdbc/src/main/java/org/apache/openjpa/jdbc/sql/SelectImpl.java,13,4,6,0,0,1,1,6,37,2,6,0,false
0.9.0,getVersionColumns,openjpa-lib/src/main/java/org/apache/openjpa/lib/jdbc/LoggingConnectionDecorator.java,4,2,0,1,0,1,0,2,0,1,8,0,false
0.9.0,getFiles,openjpa-lib/src/main/java/org/apache/openjpa/lib/ant/AbstractTask.java,14,4,8,0,0,1,1,2,0,2,12,3,false
0.9.0,getCacheMap,openjpa-kernel/src/main/java/org/apache/openjpa/datacache/ConcurrentQueryCache.java,3,1,0,0,0,1,0,0,45,2,4,0,false
0.9.0,setNextVersion,openjpa-kernel/src/main/java/org/apache/openjpa/kernel/DetachedValueStateManager.java,3,1,0,0,0,0,0,0,45,2,5,0,false
0.9.0,newInstance,openjpa-lib/src/main/java/org/apache/openjpa/lib/conf/ObjectValue.java,3,1,0,0,0,1,2,1,0,1,5,0,false
0.9.0,startQueryHint,openjpa-persistence/src/main/java/org/apache/openjpa/persistence/XMLPersistenceMetaDataParser.java,5,1,1,0,0,1,2,3,45,2,6,1,false
0.9.0,getLog,openjpa-lib/src/main/java/org/apache/openjpa/lib/log/LogFactoryAdapter.java,8,2,2,0,0,1,0,1,0,1,4,0,false
0.9.0,last,openjpa-jdbc/src/main/java/org/apache/openjpa/jdbc/kernel/exps/ConstPath.java,9,3,2,0,0,2,0,0,37,2,3,0,false
0.9.0,setRemote,openjpa-kernel/src/main/java/org/apache/openjpa/kernel/StateManagerImpl.java,12,1,1,0,1,0,0,6,45,3,13,0,false
0.9.0,getInverseManager,openjpa-kernel/src/main/java/org/apache/openjpa/kernel/BrokerImpl.java,3,1,0,0,0,1,4,0,45,3,11,0,false
0.9.0,newDataStoreExecutor,openjpa-kernel/src/main/java/org/apache/openjpa/datacache/QueryCacheStoreQuery.java,4,1,1,0,0,1,0,6,45,2,7,0,false
0.9.0,getContext,openjpa-kernel/src/main/java/org/apache/openjpa/kernel/DetachedValueStateManager.java,3,1,0,0,0,1,0,0,45,2,5,0,false
0.9.0,getMultiLine,openjpa-lib/src/main/java/org/apache/openjpa/lib/jdbc/SQLFormatter.java,3,1,0,0,0,1,0,0,0,1,4,0,false
0.9.0,setIgnoreErrors,openjpa-kernel/src/main/java/org/apache/openjpa/enhance/ApplicationIdTool.java,3,1,1,0,0,0,2,0,45,2,6,0,false
0.9.0,getCount,openjpa-jdbc/src/main/java/org/apache/openjpa/jdbc/sql/SelectImpl.java,30,7,7,0,4,1,1,2,37,2,6,5,false
0.9.0,isDirty,openjpa-persistence/src/main/java/org/apache/openjpa/persistence/EntityManagerImpl.java,3,1,0,0,0,1,0,3,45,2,7,0,false
0.9.0,clearParameters,openjpa-jdbc/src/main/java/org/apache/openjpa/jdbc/kernel/exps/Args.java,3,2,1,0,0,0,0,0,37,2,3,0,false
0.9.0,wherePrimaryKey,openjpa-jdbc/src/main/java/org/apache/openjpa/jdbc/sql/SelectImpl.java,11,3,4,0,0,1,3,4,37,2,6,0,false
0.9.0,getException,openjpa-lib/src/main/java/org/apache/openjpa/lib/meta/XMLMetaDataParser.java,4,4,0,1,0,1,2,3,0,2,9,0,false
0.9.0,mapConstraints,openjpa-jdbc/src/main/java/org/apache/openjpa/jdbc/meta/ValueMappingImpl.java,4,1,2,0,0,0,0,0,37,1,2,0,false
0.9.0,beforeOptimisticRead,openjpa-kernel/src/main/java/org/apache/openjpa/kernel/PCState.java,3,1,0,0,0,1,1,0,45,1,4,0,false
0.9.0,next,openjpa-lib/src/main/java/org/apache/openjpa/lib/meta/ClassMetaDataIterator.java,4,2,0,0,0,1,0,1,0,1,5,0,false
0.9.0,prepareStatement,openjpa-lib/src/main/java/org/apache/openjpa/lib/jdbc/JDBCEventConnectionDecorator.java,11,1,3,0,1,1,0,4,0,1,5,0,false
0.9.0,setReadOnly,openjpa-lib/src/main/java/org/apache/openjpa/lib/jdbc/DelegatingConnection.java,3,1,0,0,0,0,1,0,0,1,7,0,false
0.9.0,setDetachable,openjpa-kernel/src/main/java/org/apache/openjpa/meta/ClassMetaData.java,3,2,1,0,0,0,1,0,45,3,8,0,false
0.9.0,orderByPrimaryKey,openjpa-jdbc/src/main/java/org/apache/openjpa/jdbc/sql/LogicalUnion.java,3,1,0,0,0,1,0,1,37,2,4,0,false
0.9.0,removeInternal,openjpa-kernel/src/main/java/org/apache/openjpa/datacache/ConcurrentQueryCache.java,3,1,0,0,0,1,0,0,45,2,4,0,false
0.9.0,getType,openjpa-kernel/src/main/java/org/apache/openjpa/kernel/exps/Concat.java,3,1,0,0,0,1,0,0,45,2,5,0,false
0.9.0,isAggregate,openjpa-jdbc/src/main/java/org/apache/openjpa/jdbc/kernel/exps/Avg.java,3,1,0,0,0,1,0,0,37,2,2,0,false
0.9.0,clearParameters,openjpa-jdbc/src/main/java/org/apache/openjpa/jdbc/kernel/exps/PCPath.java,2,1,0,0,0,0,1,0,37,2,6,0,false
0.9.0,setSelect,openjpa-jdbc/src/main/java/org/apache/openjpa/jdbc/sql/SelectImpl.java,4,2,1,2,0,0,4,0,37,2,6,0,false
0.9.0,getInt,openjpa-lib/src/main/java/org/apache/openjpa/lib/jdbc/DelegatingResultSet.java,3,1,0,0,0,1,0,0,0,1,4,0,false
0.9.0,close,openjpa-kernel/src/main/java/org/apache/openjpa/event/SingleJVMRemoteCommitProvider.java,3,1,0,0,0,0,0,0,45,2,4,0,false
0.9.0,compareTo,openjpa-kernel/src/main/java/org/apache/openjpa/meta/FieldMetaData.java,4,2,0,0,0,2,2,2,45,3,10,0,false
0.9.0,absolute,openjpa-jdbc/src/main/java/org/apache/openjpa/jdbc/kernel/MappedQueryResultObjectProvider.java,3,1,0,0,0,1,0,0,37,2,2,0,false
0.9.0,beforeRefresh,openjpa-kernel/src/main/java/org/apache/openjpa/kernel/StateManagerImpl.java,20,10,1,0,1,4,2,10,45,3,13,1,false
0.9.0,setRange,openjpa-jdbc/src/main/java/org/apache/openjpa/jdbc/sql/LogicalUnion.java,3,1,0,0,0,0,0,1,37,2,4,0,false
0.9.0,getLoaded,openjpa-kernel/src/main/java/org/apache/openjpa/kernel/StateManagerImpl.java,3,1,0,0,0,1,6,0,45,3,13,0,false
0.9.0,addJoinClassConditions,openjpa-jdbc/src/main/java/org/apache/openjpa/jdbc/sql/LogicalUnion.java,3,1,0,0,0,0,0,1,37,2,4,0,false
0.9.0,getEmptyValue,openjpa-jdbc/src/main/java/org/apache/openjpa/jdbc/meta/JavaSQLTypes.java,37,21,0,0,0,12,2,0,37,2,2,1,false
0.9.0,getConnectionProperties,openjpa-kernel/src/main/java/org/apache/openjpa/conf/OpenJPAConfigurationImpl.java,3,1,0,0,0,1,0,1,45,3,13,0,false
0.9.0,setAccessUnloaded,openjpa-kernel/src/main/java/org/apache/openjpa/conf/DetachOptions.java,3,1,1,0,0,0,0,0,45,1,3,0,false
0.9.0,supportsSchemasInTableDefinitions,openjpa-lib/src/main/java/org/apache/openjpa/lib/jdbc/DelegatingDatabaseMetaData.java,3,1,0,0,0,1,0,0,0,1,4,0,false
0.9.0,getConfiguration,openjpa-kernel/src/main/java/org/apache/openjpa/meta/MetaDataRepository.java,3,1,0,0,0,1,38,0,45,3,8,0,false
0.9.0,replaceShortField,openjpa-kernel/src/main/java/org/apache/openjpa/kernel/DetachedStateManager.java,3,1,0,0,0,1,0,0,45,3,7,0,false
0.9.0,executeOn,openjpa-jdbc/src/main/java/org/apache/openjpa/jdbc/ant/ReverseMappingToolTask.java,12,8,7,0,0,0,0,4,37,2,2,1,false
0.9.0,addTransformer,openjpa-persistence/src/main/java/org/apache/openjpa/persistence/PersistenceUnitInfoImpl.java,3,1,0,0,0,0,0,0,45,1,7,0,false
0.9.0,executeQuery,openjpa-kernel/src/main/java/org/apache/openjpa/kernel/AbstractStoreQuery.java,4,1,1,0,0,1,1,3,45,2,4,2,false
0.9.0,put,openjpa-kernel/src/main/java/org/apache/openjpa/util/ProxyTreeMap.java,7,2,2,0,0,0,0,1,45,1,4,1,false
0.9.0,getOrdered,openjpa-jdbc/src/main/java/org/apache/openjpa/jdbc/sql/RowManagerImpl.java,3,2,0,0,0,1,0,0,37,1,2,0,false
0.9.0,getRetainState,openjpa-kernel/src/main/java/org/apache/openjpa/kernel/BrokerImpl.java,3,1,0,0,0,1,1,0,45,3,11,0,false
0.9.0,getListingIndex,openjpa-kernel/src/main/java/org/apache/openjpa/meta/PersistenceAwareClass.java,3,1,0,0,0,1,0,0,2,1,1,0,false
0.9.0,getManagedType,openjpa-kernel/src/main/java/org/apache/openjpa/kernel/DelegatingStoreManager.java,3,1,0,0,0,1,1,1,45,3,5,0,false
0.9.0,close,openjpa-jdbc/src/main/java/org/apache/openjpa/jdbc/kernel/GenericResultObjectProvider.java,3,1,0,0,0,0,0,0,37,2,3,0,false
0.9.0,supportsANSI92FullSQL,openjpa-lib/src/main/java/org/apache/openjpa/lib/jdbc/DelegatingDatabaseMetaData.java,3,1,0,0,0,1,0,0,0,1,4,0,false
0.9.0,setNewline,openjpa-lib/src/main/java/org/apache/openjpa/lib/jdbc/SQLFormatter.java,3,1,1,0,0,0,0,0,0,1,4,0,false
0.9.0,setListingIndex,openjpa-kernel/src/main/java/org/apache/openjpa/meta/FieldMetaData.java,3,1,1,0,0,0,1,0,45,3,10,0,false
0.9.0,objectChanged,openjpa-lib/src/main/java/org/apache/openjpa/lib/conf/PluginValue.java,5,2,3,0,0,0,0,2,0,1,5,2,false
0.9.0,setProperty,openjpa-lib/src/main/java/org/apache/openjpa/lib/util/Options.java,3,1,0,0,0,0,0,0,0,1,8,0,false
0.9.0,setCacheSize,openjpa-kernel/src/main/java/org/apache/openjpa/datacache/ConcurrentDataCache.java,3,1,0,0,0,0,0,0,45,2,4,0,false
0.9.0,getAutoClear,openjpa-kernel/src/main/java/org/apache/openjpa/conf/OpenJPAConfigurationImpl.java,3,1,0,0,0,1,0,1,45,3,13,0,false
0.9.0,getConnectionPassword,openjpa-kernel/src/main/java/org/apache/openjpa/conf/OpenJPAConfigurationImpl.java,3,1,0,0,0,1,1,3,45,3,13,0,false
0.9.0,getIndex,openjpa-jdbc/src/main/java/org/apache/openjpa/jdbc/sql/PrimaryRow.java,3,1,0,0,0,1,0,0,37,1,2,0,false
0.9.0,calculateValue,openjpa-jdbc/src/main/java/org/apache/openjpa/jdbc/kernel/exps/ConstPath.java,46,10,18,0,2,0,0,3,37,2,3,1,false
0.9.0,getClassName,openjpa-kernel/src/main/java/org/apache/openjpa/enhance/DynamicStorageGenerator.java,3,1,0,1,0,1,1,0,45,1,4,0,false
0.9.0,getUnsupportedOptions,openjpa-kernel/src/main/java/org/apache/openjpa/abstractstore/AbstractStoreManager.java,10,1,1,0,0,1,1,0,45,3,6,0,false
0.9.0,setAggregateListeners,openjpa-kernel/src/main/java/org/apache/openjpa/conf/OpenJPAConfiguration.java,1,1,0,0,0,0,0,0,45,3,8,0,false
0.9.0,getSpecification,openjpa-kernel/src/main/java/org/apache/openjpa/conf/OpenJPAConfigurationImpl.java,3,1,0,0,0,1,0,2,45,3,13,0,false
0.9.0,decorate,openjpa-lib/src/main/java/org/apache/openjpa/lib/jdbc/ConfiguringConnectionDecorator.java,5,6,1,0,0,1,0,2,0,1,4,0,false
0.9.0,load,openjpa-kernel/src/main/java/org/apache/openjpa/kernel/DelegatingStoreManager.java,3,1,0,0,0,1,0,1,45,3,5,0,false
0.9.0,parseJoinTable,openjpa-persistence-jdbc/src/main/java/org/apache/openjpa/persistence/jdbc/AnnotationPersistenceMappingParser.java,5,1,0,0,0,0,2,5,37,2,3,2,false
0.9.0,setString,openjpa-lib/src/main/java/org/apache/openjpa/lib/jdbc/LoggingConnectionDecorator.java,4,1,0,0,0,0,0,1,0,1,8,0,false
0.9.0,getSuperTables,openjpa-lib/src/main/java/org/apache/openjpa/lib/jdbc/DelegatingDatabaseMetaData.java,3,1,0,0,0,0,0,0,0,1,4,0,false
0.9.0,getBoolean,openjpa-lib/src/main/java/org/apache/openjpa/lib/jdbc/DelegatingCallableStatement.java,3,1,0,0,0,1,0,0,0,1,6,0,false
0.9.0,getCompatibility,openjpa-kernel/src/main/java/org/apache/openjpa/conf/OpenJPAConfiguration.java,1,1,0,0,0,0,0,0,45,3,8,0,false
0.9.0,setWriteLockLevel,openjpa-kernel/src/main/java/org/apache/openjpa/conf/OpenJPAConfigurationImpl.java,4,1,0,0,0,0,0,2,45,3,13,0,false
0.9.0,getWriteLockLevel,openjpa-kernel/src/main/java/org/apache/openjpa/conf/OpenJPAConfigurationImpl.java,3,1,0,0,0,1,0,1,45,3,13,0,false
0.9.0,removeLifecycleListener,openjpa-persistence/src/main/java/org/apache/openjpa/persistence/EntityManagerImpl.java,3,1,0,0,0,0,0,3,45,2,7,0,false
0.9.0,replaceBooleanField,openjpa-kernel/src/main/java/org/apache/openjpa/kernel/DetachedValueStateManager.java,3,1,0,0,0,0,0,0,45,2,5,0,false
0.9.0,put,openjpa-kernel/src/main/java/org/apache/openjpa/datacache/AbstractDataCache.java,5,4,1,0,0,1,0,4,45,2,5,1,false
0.9.0,expectsArguments,openjpa-kernel/src/main/java/org/apache/openjpa/kernel/exps/FilterListener.java,1,1,0,0,0,0,0,0,45,1,4,0,false
0.9.0,setRetryClassRegistration,openjpa-kernel/src/main/java/org/apache/openjpa/conf/OpenJPAConfiguration.java,1,1,0,0,0,0,0,0,45,3,8,0,false
0.9.0,setFetchDirection,openjpa-lib/src/main/java/org/apache/openjpa/lib/jdbc/DelegatingResultSet.java,3,1,0,0,0,0,0,0,0,1,4,0,false
0.9.0,parse,openjpa-persistence/src/main/java/org/apache/openjpa/persistence/ConfigurationProviderImpl.java,4,1,1,0,0,0,1,0,45,2,8,0,false
0.9.0,rollback,openjpa-jdbc/src/main/java/org/apache/openjpa/jdbc/kernel/JDBCStoreManager.java,12,6,1,0,1,1,0,2,37,3,9,0,false
0.9.0,getRootClasses,openjpa-kernel/src/main/java/org/apache/openjpa/kernel/DelegatingFetchConfiguration.java,8,2,0,0,1,1,0,2,45,3,7,1,false
0.9.0,supportsColumnAliasing,openjpa-lib/src/main/java/org/apache/openjpa/lib/jdbc/DelegatingDatabaseMetaData.java,3,1,0,0,0,1,0,0,0,1,4,0,false
0.9.0,hasVariable,openjpa-jdbc/src/main/java/org/apache/openjpa/jdbc/kernel/exps/NotContainsExpression.java,3,1,0,0,0,1,0,1,37,2,3,0,false
0.9.0,setDetachedNew,openjpa-kernel/src/main/java/org/apache/openjpa/kernel/BrokerImpl.java,4,1,1,0,0,0,0,1,45,3,11,0,false
0.9.0,open,openjpa-jdbc/src/main/java/org/apache/openjpa/jdbc/kernel/SQLProjectionResultObjectProvider.java,13,3,10,1,0,0,2,0,37,1,2,0,false
0.9.0,setSchema,openjpa-jdbc/src/main/java/org/apache/openjpa/jdbc/conf/JDBCConfigurationImpl.java,4,1,0,0,0,0,0,2,37,3,6,0,false
0.9.0,supportsBatchUpdates,openjpa-lib/src/main/java/org/apache/openjpa/lib/jdbc/DelegatingDatabaseMetaData.java,3,1,0,0,0,1,0,0,0,1,4,0,false
0.9.0,getAggregateListener,openjpa-kernel/src/main/java/org/apache/openjpa/kernel/QueryContext.java,1,1,0,0,0,0,1,0,45,1,4,0,false
0.9.0,setTransient,openjpa-kernel/src/main/java/org/apache/openjpa/meta/FieldMetaData.java,3,1,1,0,0,0,0,0,45,3,10,0,false
0.9.0,supportsMultipleOpenResults,openjpa-lib/src/main/java/org/apache/openjpa/lib/jdbc/DelegatingDatabaseMetaData.java,3,1,0,0,0,0,0,0,0,1,4,0,false
0.9.0,isPersistent,openjpa-kernel/src/main/java/org/apache/openjpa/kernel/StoreContext.java,1,1,0,0,0,0,0,0,45,3,6,0,false
0.9.0,writeLock,openjpa-kernel/src/main/java/org/apache/openjpa/datacache/QueryCache.java,1,1,0,0,0,0,3,0,45,1,4,0,false
0.9.0,addDecorator,openjpa-lib/src/main/java/org/apache/openjpa/lib/jdbc/DecoratingDataSource.java,3,2,0,0,0,0,1,0,0,1,6,0,false
0.9.0,getLoadFetchGroup,openjpa-kernel/src/main/java/org/apache/openjpa/meta/FieldMetaData.java,3,1,0,0,0,1,3,0,45,3,10,0,false
0.9.0,persist,openjpa-kernel/src/main/java/org/apache/openjpa/kernel/PCState.java,3,1,0,0,0,1,1,0,45,1,4,0,false
0.9.0,overflowRemoved,openjpa-lib/src/main/java/org/apache/openjpa/lib/util/concurrent/ConcurrentHashMap.java,2,1,0,0,0,0,1,0,0,1,7,0,false
0.9.0,appendSize,openjpa-jdbc/src/main/java/org/apache/openjpa/jdbc/meta/strats/ContainerFieldStrategy.java,8,3,3,0,0,0,1,3,37,2,2,2,false
0.9.0,loadRegisteredClassMetaData,openjpa-kernel/src/main/java/org/apache/openjpa/meta/MetaDataRepository.java,11,4,2,0,1,0,3,4,45,3,8,0,false
0.9.0,isLast,openjpa-lib/src/main/java/org/apache/openjpa/lib/jdbc/DelegatingResultSet.java,3,1,0,0,0,1,0,0,0,1,4,0,false
0.9.0,configureEventManager,openjpa-kernel/src/main/java/org/apache/openjpa/conf/RemoteCommitProviderValue.java,4,2,0,0,0,0,2,1,45,1,4,0,false
0.9.0,traversePath,openjpa-kernel/src/main/java/org/apache/openjpa/kernel/exps/AbstractExpressionBuilder.java,3,1,0,0,0,1,0,1,45,2,7,0,false
0.9.0,initialize,openjpa-jdbc/src/main/java/org/apache/openjpa/jdbc/kernel/exps/ContainsExpression.java,13,4,6,1,0,0,0,2,37,2,2,2,false
0.9.0,equals,openjpa-lib/src/main/java/org/apache/openjpa/lib/jdbc/DelegatingStatement.java,5,3,1,0,0,2,0,1,0,1,5,1,false
0.9.0,startAttributeOverride,openjpa-persistence-jdbc/src/main/java/org/apache/openjpa/persistence/jdbc/XMLPersistenceMappingParser.java,4,1,1,0,0,1,1,1,37,2,3,0,false
0.9.0,execute,openjpa-lib/src/main/java/org/apache/openjpa/lib/jdbc/DelegatingCallableStatement.java,3,1,0,0,0,0,0,0,0,1,6,0,false
0.9.0,isPacking,openjpa-kernel/src/main/java/org/apache/openjpa/kernel/ExpressionStoreQuery.java,3,1,0,0,0,1,0,0,45,2,6,0,false
0.9.0,substring,openjpa-jdbc/src/main/java/org/apache/openjpa/jdbc/sql/OracleDictionary.java,15,2,0,0,0,0,0,0,37,2,3,0,false
0.9.0,equals,openjpa-kernel/src/main/java/org/apache/openjpa/meta/ClassMetaData.java,5,4,0,0,0,3,1,1,45,3,8,0,false
0.9.0,clearParameters,openjpa-jdbc/src/main/java/org/apache/openjpa/jdbc/kernel/exps/Substring.java,4,1,0,0,0,0,3,0,37,2,4,0,false
0.9.0,proxyDetachedDeserialized,openjpa-kernel/src/main/java/org/apache/openjpa/kernel/DetachedStateManager.java,11,2,1,0,1,0,0,3,45,3,7,0,false
0.9.0,newClassMetaData,openjpa-jdbc/src/main/java/org/apache/openjpa/jdbc/meta/MappingRepository.java,3,1,0,0,0,1,0,1,37,2,4,0,false
0.9.0,supportsSchemasInPrivilegeDefinitions,openjpa-lib/src/main/java/org/apache/openjpa/lib/jdbc/DelegatingDatabaseMetaData.java,3,1,0,0,0,1,0,0,0,1,4,0,false
0.9.0,getLog,openjpa-lib/src/main/java/org/apache/openjpa/lib/log/NoneLogFactory.java,3,1,0,0,0,1,0,1,0,1,5,0,false
0.9.0,allProceduresAreCallable,openjpa-lib/src/main/java/org/apache/openjpa/lib/jdbc/DelegatingDatabaseMetaData.java,3,1,0,0,0,1,0,0,0,1,4,0,false
0.9.0,getFieldDeclarations,openjpa-kernel/src/main/java/org/apache/openjpa/enhance/ApplicationIdTool.java,8,3,2,0,0,1,1,4,45,2,6,6,false
0.9.0,setIdentity,openjpa-kernel/src/main/java/org/apache/openjpa/util/AbstractChangeTracker.java,8,4,5,0,0,1,3,3,45,1,4,0,false
0.9.0,setInto,openjpa-lib/src/main/java/org/apache/openjpa/lib/log/LogFactoryImpl.java,10,3,2,0,0,0,0,2,0,1,6,3,false
0.9.0,executeUnion,openjpa-jdbc/src/main/java/org/apache/openjpa/jdbc/kernel/JDBCStoreQuery.java,5,5,1,0,0,3,1,0,37,2,5,0,false
0.9.0,setInterval,openjpa-kernel/src/main/java/org/apache/openjpa/datacache/DataCacheScheduler.java,3,1,1,0,0,0,0,0,45,2,6,0,false
0.9.0,endConfiguration,openjpa-kernel/src/main/java/org/apache/openjpa/meta/MetaDataRepository.java,7,3,1,0,0,0,1,2,45,3,8,0,false
0.9.0,beforeCommit,openjpa-kernel/src/main/java/org/apache/openjpa/event/RemoteCommitEventManager.java,2,1,0,0,0,0,0,0,45,1,4,0,false
0.9.0,getWarningHandler,openjpa-lib/src/main/java/org/apache/openjpa/lib/jdbc/LoggingConnectionDecorator.java,3,1,0,0,0,1,0,0,0,1,8,0,false
0.9.0,preFlush,openjpa-kernel/src/main/java/org/apache/openjpa/kernel/StateManagerImpl.java,20,9,3,0,1,0,1,15,45,3,13,1,false
0.9.0,clearSecondaryTableInfo,openjpa-persistence-jdbc/src/main/java/org/apache/openjpa/persistence/jdbc/XMLPersistenceMappingParser.java,4,1,2,0,0,0,2,0,37,2,3,0,false
0.9.0,getMetaData,openjpa-jdbc/src/main/java/org/apache/openjpa/jdbc/kernel/exps/Args.java,3,1,0,0,0,1,0,0,37,2,3,0,false
0.9.0,getJoins,openjpa-jdbc/src/main/java/org/apache/openjpa/jdbc/kernel/exps/IsEmptyExpression.java,3,1,0,0,0,1,0,0,37,2,3,0,false
0.9.0,setLock,openjpa-kernel/src/main/java/org/apache/openjpa/kernel/DetachedValueStateManager.java,3,1,0,0,0,0,0,0,45,2,5,0,false
0.9.0,getURL,openjpa-lib/src/main/java/org/apache/openjpa/lib/jdbc/DelegatingDatabaseMetaData.java,3,1,0,0,0,1,0,0,0,1,4,0,false
0.9.0,load,openjpa-jdbc/src/main/java/org/apache/openjpa/jdbc/kernel/JDBCStoreManager.java,39,13,10,0,2,2,0,11,37,3,9,4,false
0.9.0,setWarningHandler,openjpa-lib/src/main/java/org/apache/openjpa/lib/jdbc/LoggingConnectionDecorator.java,3,1,1,0,0,0,2,0,0,1,8,0,false
0.9.0,getParseComments,openjpa-lib/src/main/java/org/apache/openjpa/lib/meta/XMLMetaDataParser.java,3,1,0,0,0,1,0,0,0,2,9,0,false
0.9.0,setMultithreaded,openjpa-persistence/src/main/java/org/apache/openjpa/persistence/EntityManagerImpl.java,3,1,0,0,0,0,0,3,45,2,7,0,false
0.9.0,setMode,openjpa-persistence/src/main/java/org/apache/openjpa/persistence/AnnotationPersistenceMetaDataParser.java,5,3,3,0,0,0,0,0,45,3,11,0,false
0.9.0,beforeCommit,openjpa-lib/src/main/java/org/apache/openjpa/lib/jdbc/AbstractJDBCListener.java,1,1,0,0,0,0,1,0,0,1,4,0,false
0.9.0,setRetain,openjpa-jdbc/src/main/java/org/apache/openjpa/jdbc/kernel/JDBCStoreManager.java,4,4,1,0,0,0,2,1,37,3,9,0,false
0.9.0,getPCPath,openjpa-jdbc/src/main/java/org/apache/openjpa/jdbc/kernel/exps/Variable.java,3,1,0,0,0,1,1,0,37,2,3,0,false
0.9.0,initialize,openjpa-kernel/src/main/java/org/apache/openjpa/datacache/DataCacheManagerImpl.java,9,4,4,0,0,1,0,5,45,1,3,0,false
0.9.0,supportsMinimumSQLGrammar,openjpa-lib/src/main/java/org/apache/openjpa/lib/jdbc/DelegatingDatabaseMetaData.java,3,1,0,0,0,1,0,0,0,1,4,0,false
0.9.0,parseClassMappingAnnotations,openjpa-persistence-jdbc/src/main/java/org/apache/openjpa/persistence/jdbc/AnnotationPersistenceMappingParser.java,94,31,3,0,0,0,0,19,37,2,3,3,false
0.9.0,fireLifecycleEvent,openjpa-kernel/src/main/java/org/apache/openjpa/kernel/StateManagerImpl.java,3,1,0,0,0,1,10,4,45,3,13,0,false
0.9.0,getValue,openjpa-jdbc/src/main/java/org/apache/openjpa/jdbc/kernel/exps/StartsWithExpression.java,3,1,0,0,0,1,0,0,37,2,3,0,false
0.9.0,getSQLState,openjpa-lib/src/main/java/org/apache/openjpa/lib/jdbc/ReportingSQLException.java,3,1,0,0,0,1,0,0,0,1,4,0,false
0.9.0,getDelegate,openjpa-kernel/src/main/java/org/apache/openjpa/datacache/DelegatingQueryCache.java,3,1,0,0,0,1,4,0,45,1,4,0,false
0.9.0,getDelegate,openjpa-lib/src/main/java/org/apache/openjpa/lib/jdbc/DelegatingCallableStatement.java,3,1,0,0,0,1,2,0,0,1,6,0,false
0.9.0,providedObjectField,openjpa-kernel/src/main/java/org/apache/openjpa/kernel/DetachedStateManager.java,3,1,1,0,0,0,0,0,45,3,7,0,false
0.9.0,isAccessibleField,openjpa-kernel/src/main/java/org/apache/openjpa/meta/ClassMetaData.java,12,7,4,2,0,4,1,5,45,3,8,0,false
0.9.0,close,openjpa-kernel/src/main/java/org/apache/openjpa/kernel/AbstractLockManager.java,2,1,0,0,0,0,0,0,45,1,4,0,false
0.9.0,getValueType,openjpa-lib/src/main/java/org/apache/openjpa/lib/conf/StringValue.java,3,1,0,0,0,1,0,0,0,1,4,0,false
0.9.0,addAll,openjpa-persistence/src/main/java/org/apache/openjpa/persistence/XMLPersistenceMetaDataSerializer.java,6,5,0,0,0,1,0,6,45,2,6,0,false
0.9.0,setFile,openjpa-kernel/src/main/java/org/apache/openjpa/ant/MetaDataToolTask.java,3,1,1,0,0,0,0,0,45,2,5,0,false
0.9.0,settingDoubleField,openjpa-kernel/src/main/java/org/apache/openjpa/kernel/DetachedStateManager.java,13,3,1,0,1,1,0,3,45,3,7,0,false
0.9.0,getImplData,openjpa-kernel/src/main/java/org/apache/openjpa/datacache/DataCachePCDataImpl.java,3,1,0,0,0,1,0,0,45,1,3,0,false
0.9.0,isExternalized,openjpa-kernel/src/main/java/org/apache/openjpa/meta/FieldMetaData.java,3,3,0,0,0,1,21,2,45,3,10,0,false
0.9.0,isRemoved,openjpa-persistence/src/main/java/org/apache/openjpa/persistence/EntityManagerImpl.java,3,1,0,0,0,1,0,3,45,2,7,0,false
0.9.0,excludeUnlistedClasses,openjpa-persistence/src/main/java/org/apache/openjpa/persistence/PersistenceUnitInfoImpl.java,3,1,0,0,0,1,0,0,45,1,7,0,false
0.9.0,copy,openjpa-kernel/src/main/java/org/apache/openjpa/util/ProxyTreeMap.java,4,2,0,0,0,2,1,0,45,1,4,0,false
0.9.0,close,openjpa-kernel/src/main/java/org/apache/openjpa/kernel/AbstractBrokerFactory.java,22,4,4,0,1,0,0,13,45,2,6,2,false
0.9.0,newFieldMetaData,openjpa-kernel/src/main/java/org/apache/openjpa/meta/MetaDataRepository.java,3,1,0,0,0,1,11,0,45,3,8,0,false
0.9.0,getAggregateListenerInstances,openjpa-kernel/src/main/java/org/apache/openjpa/conf/OpenJPAConfiguration.java,1,1,0,0,0,0,1,0,45,3,8,0,false
0.9.0,getForeignKeySet,openjpa-jdbc/src/main/java/org/apache/openjpa/jdbc/sql/PrimaryRow.java,3,2,0,0,0,1,0,0,37,1,2,0,false
0.9.0,getProxyManager,openjpa-kernel/src/main/java/org/apache/openjpa/conf/OpenJPAConfigurationImpl.java,3,1,0,0,0,1,0,1,45,3,13,0,false
0.9.0,setExcludeUnlistedClasses,openjpa-persistence/src/main/java/org/apache/openjpa/persistence/PersistenceUnitInfoImpl.java,3,1,1,0,0,0,2,0,45,1,7,0,false
0.9.0,getConnection2Properties,openjpa-kernel/src/main/java/org/apache/openjpa/conf/OpenJPAConfigurationImpl.java,3,1,0,0,0,1,0,1,45,3,13,0,false
0.9.0,setTransmitPersistedObjectIds,openjpa-kernel/src/main/java/org/apache/openjpa/event/RemoteCommitEventManager.java,3,1,1,0,0,0,0,0,45,1,4,0,false
0.9.0,endQueryHint,openjpa-persistence/src/main/java/org/apache/openjpa/persistence/XMLPersistenceMetaDataParser.java,2,1,0,0,0,0,2,0,45,2,6,0,false
0.9.0,setAutoDetach,openjpa-kernel/src/main/java/org/apache/openjpa/conf/OpenJPAConfiguration.java,1,1,0,0,0,0,0,0,45,3,8,0,false
0.9.0,setConnectionUserName,openjpa-kernel/src/main/java/org/apache/openjpa/conf/OpenJPAConfigurationImpl.java,4,1,0,0,0,0,0,2,45,3,13,0,false
0.9.0,getTransactionalObjects,openjpa-kernel/src/main/java/org/apache/openjpa/kernel/BrokerImpl.java,9,1,0,0,1,1,0,4,45,3,11,0,false
0.9.0,bufferCustomInsert,openjpa-jdbc/src/main/java/org/apache/openjpa/jdbc/kernel/AbstractUpdateManager.java,5,2,1,0,0,1,1,1,37,1,2,2,false
0.9.0,getTransactionManagerMethod,openjpa-kernel/src/main/java/org/apache/openjpa/ee/InvocationManagedRuntime.java,3,1,0,0,0,1,0,0,45,1,3,0,false
0.9.0,getTypeInfo,openjpa-lib/src/main/java/org/apache/openjpa/lib/jdbc/DelegatingDatabaseMetaData.java,3,1,0,0,0,1,0,0,0,1,4,0,false
0.9.0,endLob,openjpa-persistence/src/main/java/org/apache/openjpa/persistence/XMLPersistenceMetaDataParser.java,2,1,0,0,0,0,1,0,45,2,6,0,false
0.9.0,calculateValue,openjpa-jdbc/src/main/java/org/apache/openjpa/jdbc/kernel/exps/Substring.java,4,1,0,0,0,0,1,0,37,2,4,0,false
0.9.0,getBrokerFactory,openjpa-kernel/src/main/java/org/apache/openjpa/conf/OpenJPAConfiguration.java,1,1,0,0,0,0,0,0,45,3,8,0,false
0.9.0,clearDecorators,openjpa-lib/src/main/java/org/apache/openjpa/lib/jdbc/DecoratingDataSource.java,3,1,0,0,0,0,0,0,0,1,6,0,false
0.9.0,lock,openjpa-kernel/src/main/java/org/apache/openjpa/kernel/StoreContext.java,1,1,0,0,0,0,2,0,45,3,6,0,false
0.9.0,flush,openjpa-lib/src/main/java/org/apache/openjpa/lib/log/LogOutputStream.java,11,5,3,0,0,0,0,1,0,1,6,0,false
0.9.0,endConfiguration,openjpa-jdbc/src/main/java/org/apache/openjpa/jdbc/kernel/AbstractUpdateManager.java,2,1,0,0,0,0,0,0,37,1,2,0,false
0.9.0,findCached,openjpa-kernel/src/main/java/org/apache/openjpa/kernel/StoreContext.java,1,1,0,0,0,0,0,0,45,3,6,0,false
0.9.0,newSQLBuffer,openjpa-jdbc/src/main/java/org/apache/openjpa/jdbc/kernel/exps/Trim.java,7,1,1,0,0,1,3,3,37,2,4,0,false
0.9.0,getPersistenceAware,openjpa-kernel/src/main/java/org/apache/openjpa/meta/MetaDataRepository.java,3,1,0,0,0,1,1,0,45,3,8,0,false
0.9.0,setAsciiStream,openjpa-lib/src/main/java/org/apache/openjpa/lib/jdbc/LoggingConnectionDecorator.java,4,1,0,0,0,0,0,1,0,1,8,0,false
0.9.0,setRemoteCommitEventManager,openjpa-kernel/src/main/java/org/apache/openjpa/conf/OpenJPAConfigurationImpl.java,5,1,1,0,0,0,0,1,45,3,13,0,false
0.9.0,getQueries,openjpa-persistence/src/main/java/org/apache/openjpa/persistence/XMLPersistenceMetaDataSerializer.java,3,1,0,0,0,1,1,0,45,2,6,0,false
0.9.0,getJoins,openjpa-jdbc/src/main/java/org/apache/openjpa/jdbc/kernel/exps/IsNotEmptyExpression.java,3,1,0,0,0,1,0,0,37,2,3,0,false
0.9.0,getOwner,openjpa-kernel/src/main/java/org/apache/openjpa/kernel/DetachedValueStateManager.java,3,1,0,0,0,1,0,0,45,2,5,0,false
0.9.0,getTotal,openjpa-jdbc/src/main/java/org/apache/openjpa/jdbc/schema/SchemaGenerator.java,3,1,0,0,0,1,0,0,37,1,2,0,false
0.9.0,last,openjpa-lib/src/main/java/org/apache/openjpa/lib/jdbc/DelegatingResultSet.java,3,1,0,0,0,1,0,0,0,1,4,0,false
0.9.0,getNontransactionalWrite,openjpa-kernel/src/main/java/org/apache/openjpa/conf/OpenJPAConfiguration.java,1,1,0,0,0,0,1,0,45,3,8,0,false
0.9.0,hasEagerJoin,openjpa-jdbc/src/main/java/org/apache/openjpa/jdbc/sql/LogicalUnion.java,3,1,0,0,0,1,0,1,37,2,4,0,false
0.9.0,getStrategyInstaller,openjpa-jdbc/src/main/java/org/apache/openjpa/jdbc/meta/MappingRepository.java,4,2,1,0,0,1,9,1,37,2,4,0,false
0.9.0,fullClone,openjpa-jdbc/src/main/java/org/apache/openjpa/jdbc/sql/LogicalUnion.java,3,1,0,0,0,1,0,1,37,2,4,0,false
0.9.0,beforeStateChange,openjpa-kernel/src/main/java/org/apache/openjpa/kernel/DelegatingStoreManager.java,3,1,0,0,0,0,0,1,45,3,5,0,false
0.9.0,pin,openjpa-kernel/src/main/java/org/apache/openjpa/datacache/AbstractDataCache.java,8,3,1,0,0,1,1,2,45,2,5,0,false
0.9.0,getAccessPathMetaDatas,openjpa-kernel/src/main/java/org/apache/openjpa/kernel/AbstractStoreQuery.java,3,1,0,0,0,1,0,0,45,2,4,0,false
0.9.0,setMaxFetchDepth,openjpa-kernel/src/main/java/org/apache/openjpa/kernel/DelegatingFetchConfiguration.java,9,2,0,0,1,1,1,2,45,3,7,1,false
0.9.0,newSQLBuffer,openjpa-jdbc/src/main/java/org/apache/openjpa/jdbc/kernel/exps/Math.java,7,1,1,0,0,1,3,4,37,2,4,0,false
0.9.0,updateFloat,openjpa-lib/src/main/java/org/apache/openjpa/lib/jdbc/DelegatingResultSet.java,3,1,0,0,0,0,0,0,0,1,4,0,false
0.9.0,requiresCandidateType,openjpa-kernel/src/main/java/org/apache/openjpa/datacache/QueryCacheStoreQuery.java,3,1,0,0,0,1,0,1,45,2,7,0,false
0.9.0,setRestoreState,openjpa-kernel/src/main/java/org/apache/openjpa/conf/OpenJPAConfiguration.java,1,1,0,0,0,0,0,0,45,3,8,0,false
0.9.0,isConnectionFactoryModeManaged,openjpa-kernel/src/main/java/org/apache/openjpa/conf/OpenJPAConfiguration.java,1,1,0,0,0,0,5,0,45,3,8,0,false
0.9.0,isMappingMode,openjpa-persistence/src/main/java/org/apache/openjpa/persistence/XMLPersistenceMetaDataParser.java,3,2,0,0,0,1,4,0,45,2,6,0,false
0.9.0,transactional,openjpa-kernel/src/main/java/org/apache/openjpa/kernel/PNonTransState.java,3,1,0,0,0,1,0,0,45,2,4,0,false
0.9.0,formatValue,openjpa-lib/src/main/java/org/apache/openjpa/lib/util/FormatPreservingProperties.java,23,17,5,2,0,0,1,0,0,1,8,0,false
0.9.0,supportsSchemasInIndexDefinitions,openjpa-lib/src/main/java/org/apache/openjpa/lib/jdbc/DelegatingDatabaseMetaData.java,3,1,0,0,0,1,0,0,0,1,4,0,false
0.9.0,removeListener,openjpa-kernel/src/main/java/org/apache/openjpa/event/LifecycleEventManager.java,14,6,2,0,0,2,3,1,45,1,5,2,false
0.9.0,getLockManager,openjpa-kernel/src/main/java/org/apache/openjpa/kernel/StoreContext.java,1,1,0,0,0,0,2,0,45,3,6,0,false
0.9.0,append,openjpa-lib/src/main/java/org/apache/openjpa/lib/util/FormatPreservingProperties.java,4,1,0,0,0,0,1,1,0,1,8,0,false
0.9.0,isPath,openjpa-jdbc/src/main/java/org/apache/openjpa/jdbc/kernel/exps/FilterValueImpl.java,3,1,0,0,0,1,2,0,37,2,2,0,false
0.9.0,getCreateFieldMethods,openjpa-kernel/src/main/java/org/apache/openjpa/enhance/DynamicStorageGenerator.java,3,1,0,0,0,1,2,0,45,1,4,0,false
0.9.0,loadSubclasses,openjpa-jdbc/src/main/java/org/apache/openjpa/jdbc/meta/strats/ClassNameDiscriminatorStrategy.java,43,11,11,0,4,1,0,7,37,1,2,10,false
0.9.0,getRepository,openjpa-kernel/src/main/java/org/apache/openjpa/meta/PersistenceAwareClass.java,3,1,0,0,0,1,0,0,2,1,1,0,false
0.9.0,supportsSubqueriesInQuantifieds,openjpa-lib/src/main/java/org/apache/openjpa/lib/jdbc/DelegatingDatabaseMetaData.java,3,1,0,0,0,1,0,0,0,1,4,0,false
0.9.0,fireEvent,openjpa-kernel/src/main/java/org/apache/openjpa/event/RemoteCommitEventManager.java,5,1,2,0,0,0,2,0,45,1,4,1,false
0.9.0,hasField,openjpa-persistence/src/main/java/org/apache/openjpa/persistence/FetchPlan.java,3,1,0,0,0,1,0,2,45,2,5,0,false
0.9.0,newColumn,openjpa-persistence-jdbc/src/main/java/org/apache/openjpa/persistence/jdbc/AnnotationPersistenceMappingParser.java,8,4,1,0,0,1,17,5,37,2,3,0,false
0.9.0,setNumBroadcastThreads,openjpa-kernel/src/main/java/org/apache/openjpa/event/TCPRemoteCommitProvider.java,19,5,5,0,0,0,1,2,45,2,7,1,false
0.9.0,replaceByteField,openjpa-kernel/src/main/java/org/apache/openjpa/kernel/DetachedStateManager.java,3,1,0,0,0,1,0,0,45,3,7,0,false
0.9.0,finishField,openjpa-persistence/src/main/java/org/apache/openjpa/persistence/XMLPersistenceMetaDataParser.java,6,2,2,0,0,0,4,6,45,2,6,0,false
0.9.0,setPort,openjpa-kernel/src/main/java/org/apache/openjpa/event/TCPRemoteCommitProvider.java,3,1,1,0,0,0,0,0,45,2,7,0,false
0.9.0,project,openjpa-kernel/src/main/java/org/apache/openjpa/kernel/exps/InMemoryExpressionFactory.java,10,5,3,0,0,3,1,2,45,3,6,0,false
0.9.0,isSingleton,openjpa-lib/src/main/java/org/apache/openjpa/lib/conf/PluginValue.java,3,1,0,0,0,1,0,0,0,1,5,0,false
0.9.0,error,openjpa-lib/src/main/java/org/apache/openjpa/lib/log/Log4JLogFactory.java,3,1,0,0,0,0,0,0,0,1,5,0,false
0.9.0,flushDirty,openjpa-kernel/src/main/java/org/apache/openjpa/kernel/DetachManager.java,13,6,3,0,0,3,3,8,45,4,9,3,false
0.9.0,startElement,openjpa-lib/src/main/java/org/apache/openjpa/lib/meta/CFMetaDataParser.java,17,14,1,0,1,6,0,11,0,1,5,0,false
0.9.0,mod,openjpa-kernel/src/main/java/org/apache/openjpa/kernel/Filters.java,3,1,0,0,0,1,0,1,45,2,10,0,false
0.9.0,generateCode,openjpa-kernel/src/main/java/org/apache/openjpa/enhance/CodeGenerator.java,28,4,13,2,0,0,1,5,45,2,6,3,false
0.9.0,setRemoveOnClose,openjpa-kernel/src/main/java/org/apache/openjpa/kernel/ExtentImpl.java,1,1,0,0,0,0,2,0,45,2,5,0,false
0.9.0,type,openjpa-persistence/src/main/java/org/apache/openjpa/persistence/XMLPersistenceMetaDataSerializer.java,8,6,0,0,0,6,3,0,45,2,6,0,false
0.9.0,setAutoDetach,openjpa-kernel/src/main/java/org/apache/openjpa/conf/OpenJPAConfigurationImpl.java,3,1,0,0,0,0,0,1,45,3,13,0,false
0.9.0,getFieldMapping,openjpa-jdbc/src/main/java/org/apache/openjpa/jdbc/kernel/exps/FilterValueImpl.java,3,2,0,0,0,1,0,2,37,2,2,0,false
0.9.0,equals,openjpa-kernel/src/main/java/org/apache/openjpa/kernel/DelegatingFetchConfiguration.java,5,3,1,0,0,2,1,1,45,3,7,0,false
0.9.0,settingDoubleField,openjpa-kernel/src/main/java/org/apache/openjpa/kernel/DetachedValueStateManager.java,3,1,0,0,0,0,0,0,45,2,5,0,false
0.9.0,beforeFirst,openjpa-lib/src/main/java/org/apache/openjpa/lib/jdbc/DelegatingResultSet.java,3,1,0,0,0,0,0,0,0,1,4,0,false
0.9.0,getInnermostDelegate,openjpa-lib/src/main/java/org/apache/openjpa/lib/jdbc/DelegatingResultSet.java,3,2,0,0,0,1,2,1,0,1,4,0,false
0.9.0,getDelegate,openjpa-persistence/src/main/java/org/apache/openjpa/persistence/EntityManagerImpl.java,3,1,0,0,0,1,0,2,45,2,7,0,false
0.9.0,replaceIntField,openjpa-kernel/src/main/java/org/apache/openjpa/kernel/StateManagerImpl.java,3,1,0,0,0,1,0,0,45,3,13,0,false
0.9.0,setImplicitType,openjpa-kernel/src/main/java/org/apache/openjpa/kernel/exps/AbstractExpressionBuilder.java,3,2,0,0,0,0,2,2,45,2,7,0,false
0.9.0,getMaxFieldSize,openjpa-lib/src/main/java/org/apache/openjpa/lib/jdbc/DelegatingPreparedStatement.java,3,1,0,0,0,1,0,0,0,1,6,0,false
0.9.0,getType,openjpa-jdbc/src/main/java/org/apache/openjpa/jdbc/kernel/exps/SQLEmbed.java,3,1,0,0,0,1,0,0,37,2,2,0,false
0.9.0,toString,openjpa-lib/src/main/java/org/apache/openjpa/lib/jdbc/DelegatingPreparedStatement.java,5,1,1,0,0,1,0,2,0,1,6,0,false
0.9.0,setColumns,openjpa-jdbc/src/main/java/org/apache/openjpa/jdbc/meta/ValueMappingImpl.java,4,2,2,0,0,0,0,0,37,1,2,0,false
0.9.0,setPrettyPrint,openjpa-lib/src/main/java/org/apache/openjpa/lib/jdbc/LoggingConnectionDecorator.java,4,2,1,0,0,0,0,1,0,1,8,0,false
0.9.0,hashCode,openjpa-persistence/src/main/java/org/apache/openjpa/persistence/FetchPlan.java,3,1,0,0,0,1,0,0,45,2,5,0,false
0.9.0,startLob,openjpa-persistence/src/main/java/org/apache/openjpa/persistence/XMLPersistenceMetaDataParser.java,5,6,1,0,0,1,1,4,45,2,6,4,false
0.9.0,isAggregate,openjpa-jdbc/src/main/java/org/apache/openjpa/jdbc/sql/LogicalUnion.java,3,1,0,0,0,1,0,1,37,2,4,0,false
0.9.0,execute,openjpa-lib/src/main/java/org/apache/openjpa/lib/ant/AbstractTask.java,19,6,4,0,1,0,0,6,0,2,12,2,false
0.9.0,setCaching,openjpa-lib/src/main/java/org/apache/openjpa/lib/meta/XMLMetaDataParser.java,4,2,1,0,0,0,1,1,0,2,9,0,false
0.9.0,setRunning,openjpa-kernel/src/main/java/org/apache/openjpa/event/TCPRemoteCommitProvider.java,3,1,1,0,0,0,1,0,45,2,7,0,false
0.9.0,calculateLockLevel,openjpa-kernel/src/main/java/org/apache/openjpa/kernel/StateManagerImpl.java,7,6,3,0,0,2,4,3,45,3,13,1,false
0.9.0,getPositionalParameters,openjpa-persistence/src/main/java/org/apache/openjpa/persistence/QueryImpl.java,9,2,0,0,1,1,1,7,45,2,6,0,false
0.9.0,getSubtype,openjpa-kernel/src/main/java/org/apache/openjpa/util/MetaDataException.java,3,1,0,0,0,1,0,0,45,1,4,0,false
0.9.0,getParsedQuery,openjpa-kernel/src/main/java/org/apache/openjpa/kernel/jpql/JPQLExpressionBuilder.java,3,1,0,0,0,1,0,1,45,2,8,1,false
0.9.0,executeUpdate,openjpa-kernel/src/main/java/org/apache/openjpa/kernel/AbstractStoreQuery.java,3,1,0,0,0,1,1,2,45,2,4,1,false
0.9.0,isTraceEnabled,openjpa-lib/src/main/java/org/apache/openjpa/lib/log/MultiLogFactory.java,4,3,1,0,0,2,0,1,0,2,6,0,false
0.9.0,parseMappingOverrides,openjpa-persistence-jdbc/src/main/java/org/apache/openjpa/persistence/jdbc/AnnotationPersistenceMappingParser.java,9,4,2,0,0,0,1,1,37,2,3,0,false
0.9.0,setRepository,openjpa-persistence/src/main/java/org/apache/openjpa/persistence/XMLPersistenceMetaDataParser.java,4,4,1,0,0,0,2,1,45,2,6,0,false
0.9.0,replaceShortField,openjpa-kernel/src/main/java/org/apache/openjpa/kernel/StateManagerImpl.java,3,1,0,0,0,1,0,0,45,3,13,0,false
0.9.0,endConfiguration,openjpa-jdbc/src/main/java/org/apache/openjpa/jdbc/sql/OracleDictionary.java,4,2,1,0,0,0,0,0,37,2,3,0,false
0.9.0,loadClass,openjpa-kernel/src/main/java/org/apache/openjpa/enhance/ApplicationIdTool.java,13,5,4,1,1,2,2,2,45,2,6,3,false
0.9.0,parseField,openjpa-persistence/src/main/java/org/apache/openjpa/persistence/XMLPersistenceMetaDataParser.java,54,14,15,2,3,1,4,28,45,2,6,12,false
0.9.0,setConnectionFactory,openjpa-kernel/src/main/java/org/apache/openjpa/conf/OpenJPAConfigurationImpl.java,4,1,0,0,0,0,0,2,45,3,13,0,false
0.9.0,setAlias,openjpa-jdbc/src/main/java/org/apache/openjpa/jdbc/sql/SelectImpl.java,4,1,1,0,0,0,0,0,37,2,6,0,false
0.9.0,and,openjpa-jdbc/src/main/java/org/apache/openjpa/jdbc/sql/LogicalUnion.java,3,1,0,0,0,1,0,1,37,2,4,0,false
0.9.0,newLiteral,openjpa-kernel/src/main/java/org/apache/openjpa/kernel/exps/InMemoryExpressionFactory.java,3,1,0,0,0,1,0,0,45,3,6,0,false
0.9.0,addBatch,openjpa-lib/src/main/java/org/apache/openjpa/lib/jdbc/DelegatingCallableStatement.java,3,1,0,0,0,0,0,0,0,1,6,0,false
0.9.0,equals,openjpa-persistence/src/main/java/org/apache/openjpa/persistence/AnnotationPersistenceMetaDataParser.java,6,3,1,0,0,3,0,0,45,3,11,2,false
0.9.0,length,openjpa-jdbc/src/main/java/org/apache/openjpa/jdbc/kernel/exps/Variable.java,3,1,0,0,0,1,0,0,37,2,3,0,false
0.9.0,get,openjpa-lib/src/main/java/org/apache/openjpa/lib/conf/ObjectValue.java,3,1,0,0,0,1,4,0,0,1,5,0,false
0.9.0,throwNestedExceptions,openjpa-kernel/src/main/java/org/apache/openjpa/kernel/BrokerImpl.java,13,9,6,0,0,1,11,5,45,3,11,1,false
0.9.0,getFields,openjpa-kernel/src/main/java/org/apache/openjpa/kernel/DelegatingFetchConfiguration.java,8,2,0,0,1,1,1,2,45,3,7,1,false
0.9.0,setDetachState,openjpa-kernel/src/main/java/org/apache/openjpa/conf/OpenJPAConfigurationImpl.java,4,1,0,0,0,0,0,2,45,3,13,0,false
0.9.0,selectColumns,openjpa-jdbc/src/main/java/org/apache/openjpa/jdbc/kernel/exps/ConstInstanceofExpression.java,3,1,0,0,0,0,0,1,37,2,3,0,false
0.9.0,createContainerEntityManagerFactory,openjpa-persistence/src/main/java/org/apache/openjpa/persistence/PersistenceProviderImpl.java,17,4,5,0,1,2,0,10,45,2,7,2,false
0.9.0,supportsDataManipulationTransactionsOnly,openjpa-lib/src/main/java/org/apache/openjpa/lib/jdbc/DelegatingDatabaseMetaData.java,3,1,0,0,0,1,0,0,0,1,4,0,false
0.9.0,setVersionStrategy,openjpa-jdbc/src/main/java/org/apache/openjpa/jdbc/ant/ReverseMappingToolTask.java,3,1,1,0,0,0,0,0,37,2,2,0,false
0.9.0,getPackageAttributeName,openjpa-persistence/src/main/java/org/apache/openjpa/persistence/XMLPersistenceMetaDataParser.java,3,1,0,0,0,1,0,0,45,2,6,0,false
0.9.0,trace,openjpa-lib/src/main/java/org/apache/openjpa/lib/log/MultiLogFactory.java,3,2,1,0,0,0,0,1,0,2,6,0,false
0.9.0,getId,openjpa-kernel/src/main/java/org/apache/openjpa/kernel/OpenJPAStateManager.java,1,1,0,0,0,0,4,0,45,2,5,0,false
0.9.0,getEager,openjpa-jdbc/src/main/java/org/apache/openjpa/jdbc/sql/LogicalUnion.java,4,2,1,0,0,1,0,1,37,2,4,0,false
0.9.0,indexOf,openjpa-jdbc/src/main/java/org/apache/openjpa/jdbc/sql/LogicalUnion.java,3,1,0,0,0,1,0,0,37,2,4,0,false
0.9.0,setJoinSyntax,openjpa-jdbc/src/main/java/org/apache/openjpa/jdbc/sql/SelectImpl.java,3,1,1,0,0,0,1,0,37,2,6,0,false
0.9.0,getMaxTableNameLength,openjpa-lib/src/main/java/org/apache/openjpa/lib/jdbc/DelegatingDatabaseMetaData.java,3,1,0,0,0,1,0,0,0,1,4,0,false
0.9.0,setConnectionFactoryName,openjpa-kernel/src/main/java/org/apache/openjpa/conf/OpenJPAConfiguration.java,1,1,0,0,0,0,1,0,45,3,8,0,false
0.9.0,processArgument,openjpa-kernel/src/main/java/org/apache/openjpa/kernel/BrokerImpl.java,3,1,0,0,0,1,0,0,45,3,11,0,false
0.9.0,getSourceFile,openjpa-persistence/src/main/java/org/apache/openjpa/persistence/XMLPersistenceMetaDataSerializer.java,3,1,0,0,0,1,0,1,45,2,6,0,false
0.9.0,getChanged,openjpa-kernel/src/main/java/org/apache/openjpa/util/AbstractChangeTracker.java,3,2,0,0,0,1,6,0,45,1,4,0,false
0.9.0,run,openjpa-jdbc/src/main/java/org/apache/openjpa/jdbc/kernel/ClassTableJDBCSeq.java,6,3,1,0,0,2,2,2,37,2,3,0,false
0.9.0,getQueryKey,openjpa-kernel/src/main/java/org/apache/openjpa/meta/MetaDataRepository.java,4,2,0,0,0,2,3,4,45,3,8,0,false
0.9.0,setConnection2Properties,openjpa-kernel/src/main/java/org/apache/openjpa/conf/OpenJPAConfigurationImpl.java,4,1,0,0,0,0,0,2,45,3,13,0,false
0.9.0,afterCompletion,openjpa-kernel/src/main/java/org/apache/openjpa/kernel/AbstractBrokerFactory.java,5,1,0,0,0,0,0,0,45,2,6,0,false
0.9.0,getFetchConfiguration,openjpa-kernel/src/main/java/org/apache/openjpa/kernel/QueryContext.java,1,1,0,0,0,0,10,0,45,1,4,0,false
0.9.0,setUseDataStoreIdentity,openjpa-jdbc/src/main/java/org/apache/openjpa/jdbc/ant/ReverseMappingToolTask.java,3,1,1,0,0,0,0,0,37,2,2,0,false
0.9.0,getObjectId,openjpa-kernel/src/main/java/org/apache/openjpa/kernel/AbstractPCResultObjectProvider.java,1,1,0,0,0,0,1,0,45,2,5,0,false
0.9.0,getConfiguration,openjpa-persistence/src/main/java/org/apache/openjpa/persistence/AnnotationPersistenceMetaDataParser.java,3,1,0,0,0,1,1,0,45,3,11,0,false
0.9.0,endConfiguration,openjpa-jdbc/src/main/java/org/apache/openjpa/jdbc/schema/SimpleDriverDataSource.java,2,1,0,0,0,0,0,0,37,2,2,0,false
0.9.0,compareVersion,openjpa-jdbc/src/main/java/org/apache/openjpa/jdbc/kernel/JDBCStoreManager.java,4,1,1,0,0,1,0,0,37,3,9,2,false
0.9.0,instantiate,openjpa-kernel/src/main/java/org/apache/openjpa/conf/RemoteCommitProviderValue.java,7,1,1,0,0,1,1,1,45,1,4,0,false
0.9.0,startColumn,openjpa-persistence-jdbc/src/main/java/org/apache/openjpa/persistence/jdbc/XMLPersistenceMappingParser.java,5,2,1,0,0,1,2,1,37,2,3,0,false
0.9.0,clearColumnInfo,openjpa-persistence-jdbc/src/main/java/org/apache/openjpa/persistence/jdbc/XMLPersistenceMappingParser.java,8,1,5,0,0,0,5,0,37,2,3,0,false
0.9.0,getDataCacheTimeout,openjpa-kernel/src/main/java/org/apache/openjpa/meta/ClassMetaData.java,7,3,2,0,0,1,4,4,45,3,8,2,false
0.9.0,endNamedQuery,openjpa-persistence/src/main/java/org/apache/openjpa/persistence/XMLPersistenceMetaDataParser.java,3,1,0,0,0,0,2,1,45,2,6,0,false
0.9.0,left,openjpa-kernel/src/main/java/org/apache/openjpa/kernel/jpql/JPQLExpressionBuilder.java,3,1,0,0,0,1,6,1,45,2,8,0,false
0.9.0,reset,openjpa-persistence/src/main/java/org/apache/openjpa/persistence/ConfigurationProviderImpl.java,5,1,2,0,0,0,0,0,45,2,8,0,false
0.9.0,newClassMetaData,openjpa-kernel/src/main/java/org/apache/openjpa/meta/MetaDataRepository.java,3,1,0,0,0,1,7,0,45,3,8,0,false
0.9.0,hasVariable,openjpa-jdbc/src/main/java/org/apache/openjpa/jdbc/kernel/exps/IndexOf.java,3,1,0,0,0,1,0,0,37,2,4,0,false
0.9.0,testEmpty,openjpa-jdbc/src/main/java/org/apache/openjpa/jdbc/meta/strats/ContainerFieldStrategy.java,5,2,0,0,0,0,4,1,37,2,2,0,false
0.9.0,endConfiguration,openjpa-kernel/src/main/java/org/apache/openjpa/datacache/AbstractQueryCache.java,2,1,0,0,0,0,0,0,45,2,7,0,false
0.9.0,setObject,openjpa-jdbc/src/main/java/org/apache/openjpa/jdbc/sql/PrimaryRow.java,10,6,2,0,0,0,0,5,37,1,2,0,false
0.9.0,addPropertyPrefix,openjpa-kernel/src/main/java/org/apache/openjpa/conf/BrokerFactoryValue.java,3,2,0,0,0,0,0,0,45,2,8,0,false
0.9.0,commit,openjpa-kernel/src/main/java/org/apache/openjpa/kernel/StateManagerImpl.java,12,3,4,0,0,0,1,9,45,3,13,0,false
0.9.0,initialize,openjpa-kernel/src/main/java/org/apache/openjpa/kernel/OpenJPAStateManager.java,1,1,0,0,0,0,3,0,45,2,5,0,false
0.9.0,getAssociatedEvent,openjpa-lib/src/main/java/org/apache/openjpa/lib/jdbc/JDBCEvent.java,3,1,0,0,0,1,0,0,0,1,4,0,false
0.9.0,setIntermediate,openjpa-kernel/src/main/java/org/apache/openjpa/kernel/DetachedStateManager.java,3,1,0,0,0,0,0,0,45,3,7,0,false
0.9.0,setHint,openjpa-kernel/src/main/java/org/apache/openjpa/kernel/DelegatingFetchConfiguration.java,8,2,0,0,1,0,0,2,45,3,7,1,false
0.9.0,setSQLFactory,openjpa-jdbc/src/main/java/org/apache/openjpa/jdbc/conf/JDBCConfigurationImpl.java,4,1,0,0,0,0,0,2,37,3,6,0,false
0.9.0,getKey,openjpa-kernel/src/main/java/org/apache/openjpa/datacache/ExpirationEvent.java,3,1,0,0,0,1,0,0,45,1,3,0,false
0.9.0,fetch,openjpa-kernel/src/main/java/org/apache/openjpa/kernel/DetachedStateManager.java,3,1,0,0,0,0,0,0,45,3,7,0,false
0.9.0,setConnectionRetainMode,openjpa-kernel/src/main/java/org/apache/openjpa/conf/OpenJPAConfigurationImpl.java,4,1,0,0,0,0,0,2,45,3,13,0,false
0.9.0,rowInserted,openjpa-lib/src/main/java/org/apache/openjpa/lib/jdbc/DelegatingResultSet.java,3,1,0,0,0,1,0,0,0,1,4,0,false
0.9.0,addSetMethod,openjpa-kernel/src/main/java/org/apache/openjpa/enhance/DynamicStorageGenerator.java,50,7,13,3,0,1,1,4,45,1,4,20,false
0.9.0,getNumericFunctions,openjpa-lib/src/main/java/org/apache/openjpa/lib/jdbc/DelegatingDatabaseMetaData.java,3,1,0,0,0,1,0,0,0,1,4,0,false
0.9.0,setSpecification,openjpa-kernel/src/main/java/org/apache/openjpa/conf/OpenJPAConfiguration.java,1,1,0,0,0,0,0,0,45,3,8,0,false
0.9.0,setRef,openjpa-lib/src/main/java/org/apache/openjpa/lib/jdbc/DelegatingPreparedStatement.java,3,1,0,0,0,0,0,0,0,1,6,0,false
0.9.0,appendTo,openjpa-jdbc/src/main/java/org/apache/openjpa/jdbc/kernel/exps/JDBCWildcardMatch.java,10,3,2,0,0,0,0,0,37,2,2,1,false
0.9.0,addExtension,openjpa-kernel/src/main/java/org/apache/openjpa/meta/Extensions.java,4,2,1,0,0,0,1,1,45,1,4,0,false
0.9.0,getIndependentElementMappings,openjpa-jdbc/src/main/java/org/apache/openjpa/jdbc/meta/strats/RelationToManyTableFieldStrategy.java,3,2,0,0,0,1,1,0,37,2,4,1,false
0.9.0,fetchByte,openjpa-kernel/src/main/java/org/apache/openjpa/kernel/DetachedStateManager.java,3,1,0,0,0,0,0,0,45,3,7,0,false
0.9.0,copy,openjpa-kernel/src/main/java/org/apache/openjpa/meta/Extensions.java,25,12,8,0,0,1,1,3,45,1,4,10,false
0.9.0,getSystemQueryCache,openjpa-kernel/src/main/java/org/apache/openjpa/datacache/DataCacheManagerImpl.java,3,1,0,0,0,1,0,0,45,1,3,0,false
0.9.0,containsValue,openjpa-lib/src/main/java/org/apache/openjpa/lib/util/concurrent/ConcurrentHashMap.java,10,5,4,0,0,3,1,1,0,1,7,0,false
0.9.0,rowUpdated,openjpa-lib/src/main/java/org/apache/openjpa/lib/jdbc/DelegatingResultSet.java,3,1,0,0,0,1,0,0,0,1,4,0,false
0.9.0,getClassNames,openjpa-lib/src/main/java/org/apache/openjpa/lib/conf/PluginListValue.java,3,1,0,0,0,1,0,0,0,1,5,0,false
0.9.0,onlyChild,openjpa-kernel/src/main/java/org/apache/openjpa/kernel/jpql/JPQLExpressionBuilder.java,5,2,1,0,0,1,18,2,45,2,8,0,false
0.9.0,next,openjpa-lib/src/main/java/org/apache/openjpa/lib/util/concurrent/CopyOnWriteArrayList.java,8,2,0,0,1,1,0,0,0,1,5,0,false
0.9.0,setNontransactionalWrite,openjpa-kernel/src/main/java/org/apache/openjpa/conf/OpenJPAConfiguration.java,1,1,0,0,0,0,0,0,45,3,8,0,false
0.9.0,toString,openjpa-kernel/src/main/java/org/apache/openjpa/util/LockException.java,5,2,1,1,0,2,0,0,45,1,4,0,false
0.9.0,jjtAddChild,openjpa-kernel/src/main/java/org/apache/openjpa/kernel/jpql/JPQLExpressionBuilder.java,11,3,4,2,0,0,0,0,45,2,8,0,false
0.9.0,getSubquery,openjpa-kernel/src/main/java/org/apache/openjpa/kernel/jpql/JPQLExpressionBuilder.java,17,1,6,0,1,1,1,17,45,2,8,0,false
0.9.0,setFlushBeforeQueries,openjpa-kernel/src/main/java/org/apache/openjpa/conf/OpenJPAConfiguration.java,1,1,0,0,0,0,0,0,45,3,8,0,false
0.9.0,getTransactionManager,openjpa-kernel/src/main/java/org/apache/openjpa/ee/ManagedRuntime.java,1,1,0,0,0,0,3,0,45,1,3,0,false
0.9.0,getFieldNames,openjpa-kernel/src/main/java/org/apache/openjpa/enhance/PCRegistry.java,4,1,1,0,0,1,0,1,45,2,4,0,false
0.9.0,getSelectAliases,openjpa-jdbc/src/main/java/org/apache/openjpa/jdbc/sql/SelectImpl.java,3,2,0,0,0,1,1,1,37,2,6,0,false
0.9.0,setDetachedStateManager,openjpa-kernel/src/main/java/org/apache/openjpa/conf/DetachOptions.java,3,1,1,0,0,0,0,0,45,1,3,0,false
0.9.0,isPersistent,openjpa-persistence/src/main/java/org/apache/openjpa/persistence/EntityManagerImpl.java,3,1,0,0,0,1,0,3,45,2,7,0,false
0.9.0,parserForLanguage,openjpa-kernel/src/main/java/org/apache/openjpa/kernel/QueryLanguages.java,3,1,0,0,0,1,2,0,45,2,8,0,false
0.9.0,serialize,openjpa-lib/src/main/java/org/apache/openjpa/lib/meta/MetaDataSerializer.java,1,1,0,0,0,0,0,0,0,1,6,0,false
0.9.0,getGenericContext,openjpa-kernel/src/main/java/org/apache/openjpa/kernel/StateManagerImpl.java,3,1,0,0,0,1,0,0,45,3,13,0,false
0.9.0,setIndexes,openjpa-jdbc/src/main/java/org/apache/openjpa/jdbc/ant/MappingToolTask.java,3,1,1,0,0,0,0,0,37,2,3,0,false
0.9.0,recacheUpdates,openjpa-kernel/src/main/java/org/apache/openjpa/datacache/AbstractDataCache.java,3,1,0,0,0,1,2,0,45,2,5,0,false
0.9.0,getResolve,openjpa-kernel/src/main/java/org/apache/openjpa/meta/ClassMetaData.java,3,1,0,0,0,1,4,0,45,3,8,0,false
0.9.0,getJoins,openjpa-jdbc/src/main/java/org/apache/openjpa/jdbc/kernel/exps/InSubQExpression.java,3,1,0,0,0,1,0,0,37,2,3,0,false
0.9.0,getIgnoreChanges,openjpa-kernel/src/main/java/org/apache/openjpa/kernel/BrokerImpl.java,3,1,0,0,0,1,0,0,45,3,11,0,false
0.9.0,setVersion,openjpa-kernel/src/main/java/org/apache/openjpa/meta/FieldMetaData.java,3,2,1,0,0,0,2,0,45,3,10,0,false
0.9.0,readResolve,openjpa-kernel/src/main/java/org/apache/openjpa/kernel/AbstractBrokerFactory.java,8,2,3,0,0,2,0,6,45,2,6,0,false
0.9.0,fireBeforeAttach,openjpa-kernel/src/main/java/org/apache/openjpa/kernel/AttachManager.java,3,1,0,0,0,0,3,1,45,2,5,0,false
0.9.0,load,openjpa-lib/src/main/java/org/apache/openjpa/lib/conf/Configurations.java,3,1,0,0,0,1,1,1,0,2,13,0,false
0.9.0,getArray,openjpa-lib/src/main/java/org/apache/openjpa/lib/jdbc/DelegatingResultSet.java,3,1,0,0,0,1,0,0,0,1,4,0,false
0.9.0,newSet,openjpa-kernel/src/main/java/org/apache/openjpa/util/AbstractChangeTracker.java,4,2,0,0,0,2,5,0,45,1,4,0,false
0.9.0,hashCode,openjpa-jdbc/src/main/java/org/apache/openjpa/jdbc/sql/RowManagerImpl.java,3,1,0,2,0,1,0,0,37,1,2,0,false
0.9.0,dirtyType,openjpa-kernel/src/main/java/org/apache/openjpa/kernel/BrokerImpl.java,11,3,1,0,1,1,0,2,45,3,11,0,false
0.9.0,select,openjpa-jdbc/src/main/java/org/apache/openjpa/jdbc/kernel/exps/JDBCExpressionFactory.java,3,1,0,0,0,0,0,1,37,3,6,0,false
0.9.0,getAssertAllowedType,openjpa-kernel/src/main/java/org/apache/openjpa/util/ProxyManagerImpl.java,3,1,0,0,0,1,0,0,45,1,5,0,false
0.9.0,groupBy,openjpa-jdbc/src/main/java/org/apache/openjpa/jdbc/kernel/exps/PCPath.java,3,1,0,0,0,0,1,1,37,2,6,0,false
0.9.0,isMappingMode,openjpa-persistence/src/main/java/org/apache/openjpa/persistence/XMLPersistenceMetaDataSerializer.java,3,2,0,0,0,1,10,0,45,2,6,0,false
0.9.0,operate,openjpa-kernel/src/main/java/org/apache/openjpa/kernel/exps/AggregateVal.java,1,1,0,0,0,0,1,0,45,2,5,0,false
0.9.0,getIgnoreChanges,openjpa-kernel/src/main/java/org/apache/openjpa/conf/OpenJPAConfiguration.java,1,1,0,0,0,0,1,0,45,3,8,0,false
0.9.0,setRollbackOnly,openjpa-kernel/src/main/java/org/apache/openjpa/kernel/BrokerImpl.java,10,1,0,0,1,0,3,5,45,3,11,0,false
0.9.0,setText,openjpa-kernel/src/main/java/org/apache/openjpa/kernel/jpql/JPQLExpressionBuilder.java,3,1,1,0,0,0,1,0,45,2,8,0,false
0.9.0,setContext,openjpa-kernel/src/main/java/org/apache/openjpa/datacache/QueryCacheStoreQuery.java,5,1,2,0,0,0,0,2,45,2,7,1,false
0.9.0,removeFloatProperty,openjpa-lib/src/main/java/org/apache/openjpa/lib/util/Options.java,6,3,2,0,0,1,0,2,0,1,8,0,false
0.9.0,equal,openjpa-jdbc/src/main/java/org/apache/openjpa/jdbc/kernel/exps/JDBCExpressionFactory.java,5,5,0,0,0,3,1,3,37,3,6,0,false
0.9.0,iterator,openjpa-lib/src/main/java/org/apache/openjpa/lib/util/concurrent/ConcurrentHashMap.java,3,1,0,1,0,1,0,1,0,1,7,0,false
0.9.0,setConnectionURL,openjpa-kernel/src/main/java/org/apache/openjpa/conf/OpenJPAConfigurationImpl.java,4,1,0,0,0,0,0,2,45,3,13,0,false
0.9.0,getClientConnection,openjpa-kernel/src/main/java/org/apache/openjpa/abstractstore/AbstractStoreManager.java,3,1,0,0,0,1,0,0,45,3,6,0,false
0.9.0,appendIsNull,openjpa-jdbc/src/main/java/org/apache/openjpa/jdbc/kernel/exps/Args.java,2,1,0,0,0,0,0,0,37,2,3,0,false
0.9.0,getRemoteCommitProvider,openjpa-kernel/src/main/java/org/apache/openjpa/conf/OpenJPAConfiguration.java,1,1,0,0,0,0,0,0,45,3,8,0,false
0.9.0,getRetainState,openjpa-persistence/src/main/java/org/apache/openjpa/persistence/EntityManagerImpl.java,3,1,0,0,0,1,0,1,45,2,7,0,false
0.9.0,getObjectIdType,openjpa-kernel/src/main/java/org/apache/openjpa/kernel/BrokerImpl.java,19,7,1,0,1,4,0,7,45,3,11,5,false
0.9.0,isDeleted,openjpa-kernel/src/main/java/org/apache/openjpa/kernel/PCState.java,3,1,0,0,0,1,2,0,45,1,4,0,false
0.9.0,getWarnings,openjpa-lib/src/main/java/org/apache/openjpa/lib/jdbc/DelegatingPreparedStatement.java,3,1,0,0,0,1,0,0,0,1,6,0,false
0.9.0,replaceFloatField,openjpa-kernel/src/main/java/org/apache/openjpa/kernel/DetachedStateManager.java,3,1,0,0,0,1,0,0,45,3,7,0,false
0.9.0,getInnermostDelegate,openjpa-kernel/src/main/java/org/apache/openjpa/datacache/DelegatingQueryCache.java,3,2,0,0,0,1,3,1,45,1,4,0,false
0.9.0,getIgnoreChanges,openjpa-kernel/src/main/java/org/apache/openjpa/conf/OpenJPAConfigurationImpl.java,3,1,0,0,0,1,0,1,45,3,13,0,false
0.9.0,hasGrouping,openjpa-kernel/src/main/java/org/apache/openjpa/kernel/AbstractStoreQuery.java,3,1,0,0,0,1,0,0,45,2,4,0,false
0.9.0,isDefaultFetchGroupExplicit,openjpa-kernel/src/main/java/org/apache/openjpa/meta/FieldMetaData.java,3,2,0,0,0,1,3,0,45,3,10,0,false
0.9.0,getSubtype,openjpa-kernel/src/main/java/org/apache/openjpa/util/ReferentialIntegrityException.java,3,1,0,0,0,1,0,0,45,1,4,0,false
0.9.0,providedShortField,openjpa-kernel/src/main/java/org/apache/openjpa/kernel/DetachedValueStateManager.java,3,1,1,0,0,0,0,0,45,2,5,0,false
0.9.0,getVersion,openjpa-kernel/src/main/java/org/apache/openjpa/kernel/StateManagerImpl.java,3,1,0,0,0,1,4,0,45,3,13,0,false
0.9.0,getObject,openjpa-lib/src/main/java/org/apache/openjpa/lib/jdbc/DelegatingCallableStatement.java,3,1,0,0,0,1,0,0,0,1,6,0,false
0.9.0,getOperation,openjpa-kernel/src/main/java/org/apache/openjpa/kernel/ExpressionStoreQuery.java,3,1,0,0,0,1,0,1,45,2,6,1,false
0.9.0,setCascadeRefresh,openjpa-kernel/src/main/java/org/apache/openjpa/meta/FieldMetaData.java,3,1,0,0,0,0,0,1,45,3,10,0,false
0.9.0,toString,openjpa-kernel/src/main/java/org/apache/openjpa/kernel/BrokerImpl.java,3,1,0,1,0,1,0,0,45,3,11,0,false
0.9.0,isVersion,openjpa-kernel/src/main/java/org/apache/openjpa/meta/FieldMetaData.java,3,2,0,0,0,1,14,0,45,3,10,0,false
0.9.0,appendFieldCode,openjpa-kernel/src/main/java/org/apache/openjpa/enhance/CodeGenerator.java,62,17,18,7,0,0,1,3,45,2,6,12,false
0.9.0,getRow,openjpa-jdbc/src/main/java/org/apache/openjpa/jdbc/sql/RowManagerImpl.java,31,22,10,0,0,4,0,5,37,1,2,1,false
0.9.0,getType,openjpa-jdbc/src/main/java/org/apache/openjpa/jdbc/kernel/exps/Substring.java,3,1,0,0,0,1,4,0,37,2,4,0,false
0.9.0,setSpecification,openjpa-kernel/src/main/java/org/apache/openjpa/conf/OpenJPAConfigurationImpl.java,10,5,1,0,0,3,0,3,45,3,13,2,false
0.9.0,resolve,openjpa-kernel/src/main/java/org/apache/openjpa/meta/ClassMetaData.java,6,3,2,1,0,0,1,3,45,3,8,2,false
0.9.0,get,openjpa-lib/src/main/java/org/apache/openjpa/lib/conf/FileValue.java,3,1,0,0,0,1,0,0,0,1,4,0,false
0.9.0,delete,openjpa-jdbc/src/main/java/org/apache/openjpa/jdbc/meta/strats/RelationFieldStrategy.java,21,6,4,0,0,1,0,3,37,2,5,3,false
0.9.0,getTrackParameters,openjpa-lib/src/main/java/org/apache/openjpa/lib/jdbc/LoggingConnectionDecorator.java,3,1,0,0,0,1,0,0,0,1,8,0,false
0.9.0,putAll,openjpa-lib/src/main/java/org/apache/openjpa/lib/util/FormatPreservingProperties.java,7,2,2,0,0,0,0,1,0,1,8,1,false
0.9.0,remove,openjpa-kernel/src/main/java/org/apache/openjpa/datacache/AbstractDataCache.java,3,1,0,0,0,1,0,1,45,2,5,0,false
0.9.0,newInstance,openjpa-kernel/src/main/java/org/apache/openjpa/abstractstore/AbstractStoreBrokerFactory.java,11,1,6,0,0,1,1,7,45,1,4,2,false
0.9.0,getLRSSize,openjpa-jdbc/src/main/java/org/apache/openjpa/jdbc/kernel/JDBCFetchConfigurationImpl.java,3,1,0,0,0,1,0,0,37,3,6,0,false
0.9.0,assertSupported,openjpa-kernel/src/main/java/org/apache/openjpa/meta/ValueStrategies.java,16,5,5,0,0,0,0,4,45,1,4,3,false
0.9.0,getDefaultFetchGroupFields,openjpa-kernel/src/main/java/org/apache/openjpa/meta/ClassMetaData.java,12,6,8,0,0,1,2,3,45,3,8,0,false
0.9.0,getProvider,openjpa-kernel/src/main/java/org/apache/openjpa/conf/RemoteCommitProviderValue.java,3,1,0,0,0,1,0,0,45,1,4,0,false
0.9.0,getValue,openjpa-jdbc/src/main/java/org/apache/openjpa/jdbc/kernel/exps/FilterValueImpl.java,3,2,0,0,0,1,0,2,37,2,2,0,false
0.9.0,getPersistenceCapable,openjpa-kernel/src/main/java/org/apache/openjpa/kernel/DetachedValueStateManager.java,3,1,0,0,0,1,0,0,45,2,5,0,false
0.9.0,getInitialValue,openjpa-kernel/src/main/java/org/apache/openjpa/enhance/CodeGenerator.java,3,1,0,0,0,1,1,0,45,2,6,0,false
0.9.0,lock,openjpa-kernel/src/main/java/org/apache/openjpa/kernel/BrokerImpl.java,3,2,0,0,0,0,21,1,45,3,11,0,false
0.9.0,setAutoDistinct,openjpa-jdbc/src/main/java/org/apache/openjpa/jdbc/sql/LogicalUnion.java,3,1,0,0,0,0,1,1,37,2,4,0,false
0.9.0,getValueSequence,openjpa-kernel/src/main/java/org/apache/openjpa/kernel/BrokerImpl.java,4,2,0,0,0,2,0,1,45,3,11,0,false
0.9.0,fatal,openjpa-lib/src/main/java/org/apache/openjpa/lib/log/NoneLogFactory.java,2,1,0,0,0,0,0,0,0,1,5,0,false
0.9.0,copyCollection,openjpa-kernel/src/main/java/org/apache/openjpa/util/ProxyManagerImpl.java,3,1,0,0,0,1,1,3,45,1,5,0,false
0.9.0,getInitialValue,openjpa-jdbc/src/main/java/org/apache/openjpa/jdbc/kernel/NativeJDBCSeq.java,3,1,0,0,0,1,0,0,37,2,2,0,false
0.9.0,getAlias,openjpa-kernel/src/main/java/org/apache/openjpa/kernel/ExpressionStoreQuery.java,3,1,0,0,0,1,0,1,45,2,6,1,false
0.9.0,isInstance,openjpa-kernel/src/main/java/org/apache/openjpa/kernel/exps/InMemoryExpressionFactory.java,3,1,0,0,0,1,0,0,45,3,6,0,false
0.9.0,getDirtyObjects,openjpa-persistence/src/main/java/org/apache/openjpa/persistence/EntityManagerImpl.java,3,1,0,0,0,1,0,1,45,2,7,0,false
0.9.0,writeReplace,openjpa-kernel/src/main/java/org/apache/openjpa/util/ProxyTreeMap.java,4,3,0,0,0,2,0,1,45,1,4,0,false
0.9.0,setSchemaFile,openjpa-jdbc/src/main/java/org/apache/openjpa/jdbc/ant/MappingToolTask.java,3,1,1,0,0,0,0,0,37,2,3,0,false
0.9.0,get,openjpa-lib/src/main/java/org/apache/openjpa/lib/conf/IntValue.java,3,1,0,0,0,1,0,0,0,1,4,0,false
0.9.0,setFatal,openjpa-kernel/src/main/java/org/apache/openjpa/util/OpenJPAException.java,4,1,1,0,0,1,22,0,45,1,4,0,false
0.9.0,provideField,openjpa-kernel/src/main/java/org/apache/openjpa/kernel/VersionAttachStrategy.java,3,1,0,0,0,0,0,3,45,3,7,0,false
0.9.0,setOptimistic,openjpa-kernel/src/main/java/org/apache/openjpa/conf/OpenJPAConfigurationImpl.java,3,2,0,0,0,0,0,1,45,3,13,0,false
0.9.0,getBigDecimal,openjpa-lib/src/main/java/org/apache/openjpa/lib/jdbc/DelegatingCallableStatement.java,3,1,0,0,0,1,0,0,0,1,6,0,false
0.9.0,length,openjpa-jdbc/src/main/java/org/apache/openjpa/jdbc/kernel/exps/FilterValueImpl.java,3,1,0,0,0,1,0,0,37,2,2,0,false
0.9.0,reset,openjpa-lib/src/main/java/org/apache/openjpa/lib/meta/CFMetaDataParser.java,5,1,2,0,0,0,0,0,0,1,5,0,false
0.9.0,setImplicitType,openjpa-jdbc/src/main/java/org/apache/openjpa/jdbc/kernel/exps/UnaryOp.java,3,1,1,0,0,0,0,0,37,2,5,0,false
0.9.0,fetchByte,openjpa-kernel/src/main/java/org/apache/openjpa/kernel/OpenJPAStateManager.java,1,1,0,0,0,0,2,0,45,2,5,0,false
0.9.0,getCandidateType,openjpa-jdbc/src/main/java/org/apache/openjpa/jdbc/meta/QueryResultMapping.java,4,2,1,0,0,1,2,0,37,1,2,0,false
0.9.0,readPropertyLine,openjpa-lib/src/main/java/org/apache/openjpa/lib/util/FormatPreservingProperties.java,6,2,2,0,0,2,1,1,0,1,8,0,false
0.9.0,getToStringByteArrayCode,openjpa-kernel/src/main/java/org/apache/openjpa/enhance/ApplicationIdTool.java,13,1,1,0,0,1,1,1,45,2,6,29,false
0.9.0,release,openjpa-kernel/src/main/java/org/apache/openjpa/kernel/BrokerImpl.java,6,3,1,0,0,0,2,1,45,3,11,0,false
0.9.0,endConfiguration,openjpa-kernel/src/main/java/org/apache/openjpa/ee/InvocationManagedRuntime.java,2,1,0,0,0,0,0,0,45,1,3,0,false
0.9.0,getClassLoader,openjpa-lib/src/main/java/org/apache/openjpa/lib/meta/XMLMetaDataParser.java,3,1,0,0,0,1,0,0,0,2,9,0,false
0.9.0,hashCode,openjpa-lib/src/main/java/org/apache/openjpa/lib/jdbc/DelegatingPreparedStatement.java,3,1,0,0,0,1,1,1,0,1,6,1,false
0.9.0,validateDataStoreExtensionPrefix,openjpa-kernel/src/main/java/org/apache/openjpa/meta/Extensions.java,3,1,0,0,0,1,1,0,45,1,4,0,false
0.9.0,getPathOrConstant,openjpa-kernel/src/main/java/org/apache/openjpa/kernel/jpql/JPQLExpressionBuilder.java,21,4,5,0,1,2,1,4,45,2,8,3,false
0.9.0,getHashCodeCode,openjpa-kernel/src/main/java/org/apache/openjpa/enhance/ApplicationIdTool.java,27,9,2,0,0,2,1,4,45,2,6,15,false
0.9.0,throwableParam,openjpa-lib/src/main/java/org/apache/openjpa/lib/log/AbstractLog.java,5,3,0,0,0,3,12,0,0,1,6,0,false
0.9.0,lock,openjpa-kernel/src/main/java/org/apache/openjpa/kernel/DetachedStateManager.java,3,2,0,0,0,0,23,0,45,3,7,0,false
0.9.0,addJoin,openjpa-jdbc/src/main/java/org/apache/openjpa/jdbc/kernel/DelegatingJDBCFetchConfiguration.java,1,1,0,0,0,0,3,0,37,2,3,0,false
0.9.0,setOpenJPATables,openjpa-jdbc/src/main/java/org/apache/openjpa/jdbc/ant/MappingToolTask.java,3,1,1,0,0,0,0,0,37,2,3,0,false
0.9.0,isSingleResult,openjpa-jdbc/src/main/java/org/apache/openjpa/jdbc/sql/LogicalUnion.java,3,1,0,0,0,1,0,0,37,2,4,0,false
0.9.0,getSubtype,openjpa-kernel/src/main/java/org/apache/openjpa/util/OptimisticException.java,3,1,0,0,0,1,0,0,45,1,4,0,false
0.9.0,isManagedType,openjpa-kernel/src/main/java/org/apache/openjpa/util/ImplHelper.java,3,1,0,0,0,1,12,1,45,3,10,0,false
0.9.0,getStoreManager,openjpa-kernel/src/main/java/org/apache/openjpa/kernel/BrokerImpl.java,3,1,0,0,0,1,14,0,45,3,11,0,false
0.9.0,detach,openjpa-kernel/src/main/java/org/apache/openjpa/kernel/BrokerImpl.java,17,5,1,0,1,2,0,4,45,3,11,1,false
0.9.0,newEmbeddedClassMetaData,openjpa-kernel/src/main/java/org/apache/openjpa/meta/MetaDataRepository.java,3,1,0,0,0,1,2,1,45,3,8,0,false
0.9.0,setIgnoreChanges,openjpa-kernel/src/main/java/org/apache/openjpa/kernel/BrokerImpl.java,4,1,1,0,0,0,1,1,45,3,11,0,false
0.9.0,putUserObject,openjpa-persistence/src/main/java/org/apache/openjpa/persistence/EntityManagerFactoryImpl.java,3,1,0,0,0,1,0,0,45,2,8,0,false
0.9.0,load,openjpa-kernel/src/main/java/org/apache/openjpa/kernel/DetachedStateManager.java,3,1,0,0,0,0,0,0,45,3,7,0,false
0.9.0,trackSecondaryTable,openjpa-persistence-jdbc/src/main/java/org/apache/openjpa/persistence/jdbc/AnnotationPersistenceMappingParser.java,6,4,1,0,0,2,5,0,37,2,3,0,false
0.9.0,afterRefresh,openjpa-kernel/src/main/java/org/apache/openjpa/kernel/PCState.java,3,1,0,0,0,1,1,0,45,1,4,0,false
0.9.0,setQueryTimeout,openjpa-lib/src/main/java/org/apache/openjpa/lib/jdbc/DelegatingStatement.java,3,1,0,0,0,0,0,0,0,1,5,0,false
0.9.0,releaseEmbedded,openjpa-kernel/src/main/java/org/apache/openjpa/kernel/SingleFieldManager.java,3,2,1,0,0,0,1,1,45,2,4,0,false
0.9.0,getFromSelect,openjpa-jdbc/src/main/java/org/apache/openjpa/jdbc/sql/SelectImpl.java,3,1,0,0,0,1,0,0,37,2,6,0,false
0.9.0,getStore,openjpa-jdbc/src/main/java/org/apache/openjpa/jdbc/kernel/JDBCStoreQuery.java,3,1,0,0,0,1,0,0,37,2,5,0,false
0.9.0,getOrphanedKeyAction,openjpa-kernel/src/main/java/org/apache/openjpa/conf/OpenJPAConfiguration.java,1,1,0,0,0,0,1,0,45,3,8,0,false
0.9.0,startDataRequest,openjpa-jdbc/src/main/java/org/apache/openjpa/jdbc/kernel/MappedQueryResultObjectProvider.java,3,1,0,0,0,0,0,0,37,2,2,0,false
0.9.0,addSourceMode,openjpa-persistence/src/main/java/org/apache/openjpa/persistence/AnnotationPersistenceMetaDataParser.java,6,2,3,0,0,0,1,0,45,3,11,1,false
0.9.0,getMetaData,openjpa-kernel/src/main/java/org/apache/openjpa/enhance/ApplicationIdTool.java,3,1,0,0,0,1,0,0,45,2,6,0,false
0.9.0,invalidateCompilation,openjpa-kernel/src/main/java/org/apache/openjpa/kernel/AbstractStoreQuery.java,2,1,0,0,0,0,0,0,45,2,4,0,false
0.9.0,getBrokerFactoryClassName,openjpa-kernel/src/main/java/org/apache/openjpa/conf/BrokerFactoryValue.java,8,3,3,1,0,2,0,0,45,2,8,0,false
0.9.0,gatherCascadeRefresh,openjpa-kernel/src/main/java/org/apache/openjpa/kernel/SingleFieldManager.java,3,2,1,0,0,0,1,0,45,2,4,0,false
0.9.0,readObject,openjpa-lib/src/main/java/org/apache/openjpa/lib/util/FormatPreservingProperties.java,4,1,1,0,0,0,0,0,0,1,8,0,false
0.9.0,copyKeyFieldsToObjectId,openjpa-kernel/src/main/java/org/apache/openjpa/enhance/PCRegistry.java,5,2,1,1,0,0,0,2,45,2,4,1,false
0.9.0,settingFloatField,openjpa-kernel/src/main/java/org/apache/openjpa/kernel/DetachedStateManager.java,13,3,1,0,1,1,0,3,45,3,7,0,false
0.9.0,load,openjpa-jdbc/src/main/java/org/apache/openjpa/jdbc/meta/strats/RelationFieldStrategy.java,34,15,12,1,0,4,0,1,37,2,5,2,false
0.9.0,get,openjpa-kernel/src/main/java/org/apache/openjpa/conf/AutoDetachValue.java,13,5,6,1,0,1,0,0,45,1,5,0,false
0.9.0,copy,openjpa-jdbc/src/main/java/org/apache/openjpa/jdbc/schema/SchemaGroup.java,13,5,7,0,0,0,1,5,37,1,2,2,false
0.9.0,setDirty,openjpa-kernel/src/main/java/org/apache/openjpa/kernel/StateManagerImpl.java,12,7,4,0,0,0,1,4,45,3,13,0,false
0.9.0,getToken,openjpa-kernel/src/main/java/org/apache/openjpa/enhance/ApplicationIdTool.java,3,1,0,0,0,1,0,0,45,2,6,0,false
0.9.0,convert,openjpa-kernel/src/main/java/org/apache/openjpa/kernel/Filters.java,63,32,10,0,0,19,1,1,45,2,10,8,false
0.9.0,getImplData,openjpa-kernel/src/main/java/org/apache/openjpa/kernel/DetachedStateManager.java,3,1,0,0,0,0,0,0,45,3,7,0,false
0.9.0,getFieldMetaData,openjpa-kernel/src/main/java/org/apache/openjpa/meta/FieldMetaData.java,3,1,0,0,0,1,0,0,45,3,10,0,false
0.9.0,getConfigurationLog,openjpa-kernel/src/main/java/org/apache/openjpa/conf/OpenJPAConfigurationImpl.java,3,1,0,0,0,1,2,1,45,3,13,0,false
0.9.0,endFieldMapping,openjpa-persistence/src/main/java/org/apache/openjpa/persistence/XMLPersistenceMetaDataParser.java,2,1,0,0,0,0,1,0,45,2,6,0,false
0.9.0,toDataStoreValue,openjpa-jdbc/src/main/java/org/apache/openjpa/jdbc/kernel/exps/PCPath.java,9,4,1,0,0,4,0,1,37,2,6,1,false
0.9.0,setQueryCache,openjpa-kernel/src/main/java/org/apache/openjpa/kernel/DelegatingFetchConfiguration.java,9,2,0,0,1,1,0,2,45,3,7,1,false
0.9.0,updateCaches,openjpa-kernel/src/main/java/org/apache/openjpa/datacache/DataCacheStoreManager.java,87,20,31,1,1,0,1,22,45,4,9,9,false
0.9.0,getResultSetInfo,openjpa-persistence/src/main/java/org/apache/openjpa/persistence/EntityManagerImpl.java,3,1,0,0,0,1,0,1,45,2,7,0,false
0.9.0,load,openjpa-jdbc/src/main/java/org/apache/openjpa/jdbc/kernel/exps/IndexOf.java,3,1,0,0,0,1,0,1,37,2,4,0,false
0.9.0,getVersion,openjpa-kernel/src/main/java/org/apache/openjpa/kernel/DetachedValueStateManager.java,3,1,0,0,0,0,0,0,45,2,5,0,false
0.9.0,getEqualsCode,openjpa-kernel/src/main/java/org/apache/openjpa/enhance/ApplicationIdTool.java,46,12,4,0,0,2,1,5,45,2,6,57,false
0.9.0,addFetchGroup,openjpa-kernel/src/main/java/org/apache/openjpa/kernel/DelegatingFetchConfiguration.java,9,2,0,0,1,1,1,2,45,3,7,1,false
0.9.0,getSourceType,openjpa-kernel/src/main/java/org/apache/openjpa/meta/ClassMetaData.java,3,1,0,0,0,1,4,0,45,3,8,0,false
0.9.0,removeDefinedSuperclassField,openjpa-kernel/src/main/java/org/apache/openjpa/meta/ClassMetaData.java,8,4,1,0,0,2,0,2,45,3,8,0,false
0.9.0,getProjectionTypes,openjpa-kernel/src/main/java/org/apache/openjpa/kernel/AbstractStoreQuery.java,3,1,0,0,0,1,0,0,45,2,4,0,false
0.9.0,setSavepoint,openjpa-lib/src/main/java/org/apache/openjpa/lib/jdbc/LoggingConnectionDecorator.java,10,2,1,0,1,1,0,4,0,1,8,0,false
0.9.0,getRemoteCommitEventManager,openjpa-kernel/src/main/java/org/apache/openjpa/conf/OpenJPAConfigurationImpl.java,7,2,1,0,0,1,1,1,45,3,13,0,false
0.9.0,getParameterTypes,openjpa-kernel/src/main/java/org/apache/openjpa/datacache/QueryCacheStoreQuery.java,3,1,0,0,0,1,0,1,45,2,7,0,false
0.9.0,getOrderDirtyObjects,openjpa-persistence/src/main/java/org/apache/openjpa/persistence/EntityManagerImpl.java,3,1,0,0,0,1,0,1,45,2,7,0,false
0.9.0,providedIntField,openjpa-kernel/src/main/java/org/apache/openjpa/kernel/DetachedStateManager.java,3,1,1,0,0,0,0,0,45,3,7,0,false
0.9.0,parse,openjpa-kernel/src/main/java/org/apache/openjpa/kernel/jpql/JPQLExpressionBuilder.java,11,3,0,0,1,1,1,1,45,2,8,0,false
0.9.0,startInheritance,openjpa-persistence-jdbc/src/main/java/org/apache/openjpa/persistence/jdbc/XMLPersistenceMappingParser.java,18,5,3,0,0,2,1,2,37,2,3,1,false
0.9.0,getDefaultLevel,openjpa-lib/src/main/java/org/apache/openjpa/lib/log/LogFactoryImpl.java,3,1,0,0,0,1,0,0,0,1,6,0,false
0.9.0,endOperation,openjpa-kernel/src/main/java/org/apache/openjpa/kernel/BrokerImpl.java,20,11,0,0,1,1,78,5,45,3,11,2,false
0.9.0,getNontransactionalRead,openjpa-persistence/src/main/java/org/apache/openjpa/persistence/EntityManagerImpl.java,3,1,0,0,0,1,0,1,45,2,7,0,false
0.9.0,translate,openjpa-kernel/src/main/java/org/apache/openjpa/kernel/StateManagerImpl.java,4,2,1,0,0,1,10,2,45,3,13,1,false
0.9.0,newIO,openjpa-jdbc/src/main/java/org/apache/openjpa/jdbc/meta/ValueMappingImpl.java,4,2,1,0,0,1,1,1,37,1,2,0,false
0.9.0,parseOrderColumn,openjpa-persistence-jdbc/src/main/java/org/apache/openjpa/persistence/jdbc/AnnotationPersistenceMappingParser.java,13,5,1,0,0,1,2,5,37,2,3,1,false
0.9.0,supportsCatalogsInProcedureCalls,openjpa-lib/src/main/java/org/apache/openjpa/lib/jdbc/DelegatingDatabaseMetaData.java,3,1,0,0,0,1,0,0,0,1,4,0,false
0.9.0,commit,openjpa-kernel/src/main/java/org/apache/openjpa/abstractstore/AbstractStoreManager.java,2,1,0,0,0,0,0,0,45,3,6,0,false
0.9.0,assemble,openjpa-kernel/src/main/java/org/apache/openjpa/kernel/jpql/JPQLExpressionBuilder.java,6,4,3,1,0,1,2,0,45,2,8,0,false
0.9.0,orderBy,openjpa-jdbc/src/main/java/org/apache/openjpa/jdbc/kernel/exps/PCPath.java,3,1,0,0,0,0,1,1,37,2,6,0,false
0.9.0,serializationSort,openjpa-persistence/src/main/java/org/apache/openjpa/persistence/XMLPersistenceMetaDataSerializer.java,5,4,1,0,0,1,3,1,45,2,6,0,false
0.9.0,transactional,openjpa-kernel/src/main/java/org/apache/openjpa/kernel/PCState.java,3,1,0,0,0,1,1,0,45,1,4,0,false
0.9.0,startEmbeddedId,openjpa-persistence/src/main/java/org/apache/openjpa/persistence/XMLPersistenceMetaDataParser.java,8,2,1,0,0,1,1,9,45,2,6,5,false
0.9.0,hasVariable,openjpa-jdbc/src/main/java/org/apache/openjpa/jdbc/kernel/exps/InSubQExpression.java,3,1,0,0,0,1,0,0,37,2,3,0,false
0.9.0,initialize,openjpa-kernel/src/main/java/org/apache/openjpa/kernel/PCState.java,2,1,0,0,0,0,1,0,45,1,4,0,false
0.9.0,setSynchronizeMappings,openjpa-jdbc/src/main/java/org/apache/openjpa/jdbc/conf/JDBCConfigurationImpl.java,4,1,0,0,0,0,0,2,37,3,6,0,false
0.9.0,refresh,openjpa-persistence/src/main/java/org/apache/openjpa/persistence/EntityManagerImpl.java,4,1,0,0,0,0,0,5,45,2,7,0,false
0.9.0,getDataSource,openjpa-jdbc/src/main/java/org/apache/openjpa/jdbc/conf/JDBCConfigurationImpl.java,17,5,7,0,0,2,0,4,37,3,6,0,false
0.9.0,getValue,openjpa-jdbc/src/main/java/org/apache/openjpa/jdbc/kernel/exps/InExpression.java,3,1,0,0,0,1,0,0,37,2,4,0,false
0.9.0,setFetchDirection,openjpa-lib/src/main/java/org/apache/openjpa/lib/jdbc/DelegatingCallableStatement.java,3,1,0,0,0,0,0,0,0,1,6,0,false
0.9.0,supportsSubqueriesInExists,openjpa-lib/src/main/java/org/apache/openjpa/lib/jdbc/DelegatingDatabaseMetaData.java,3,1,0,0,0,1,0,0,0,1,4,0,false
0.9.0,schemaObjectGenerated,openjpa-jdbc/src/main/java/org/apache/openjpa/jdbc/schema/SchemaGenerator.java,1,1,0,0,0,0,1,0,37,1,2,0,false
0.9.0,get,openjpa-kernel/src/main/java/org/apache/openjpa/datacache/AbstractQueryCache.java,1,1,0,0,0,0,1,0,45,2,7,0,false
0.9.0,removed,openjpa-kernel/src/main/java/org/apache/openjpa/util/AbstractChangeTracker.java,5,2,0,0,0,1,0,2,45,1,4,0,false
0.9.0,getAutoClear,openjpa-kernel/src/main/java/org/apache/openjpa/conf/OpenJPAConfiguration.java,1,1,0,0,0,0,1,0,45,3,8,0,false
0.9.0,getEagerFetchMode,openjpa-jdbc/src/main/java/org/apache/openjpa/jdbc/kernel/DelegatingJDBCFetchConfiguration.java,1,1,0,0,0,0,9,0,37,2,3,0,false
0.9.0,getManagedInstance,openjpa-kernel/src/main/java/org/apache/openjpa/kernel/DetachedStateManager.java,3,1,0,0,0,1,0,0,45,3,7,0,false
0.9.0,select,openjpa-jdbc/src/main/java/org/apache/openjpa/jdbc/kernel/exps/Math.java,3,1,0,0,0,0,0,1,37,2,4,0,false
0.9.0,getContext,openjpa-kernel/src/main/java/org/apache/openjpa/kernel/StateManagerImpl.java,3,1,0,0,0,1,2,0,45,3,13,0,false
0.9.0,close,openjpa-kernel/src/main/java/org/apache/openjpa/kernel/ExtentImpl.java,2,1,0,0,0,0,0,0,45,2,5,0,false
0.9.0,getConfiguration,openjpa-persistence/src/main/java/org/apache/openjpa/persistence/XMLPersistenceMetaDataParser.java,3,1,0,0,0,1,1,0,45,2,6,0,false
0.9.0,next,openjpa-lib/src/main/java/org/apache/openjpa/lib/jdbc/DelegatingResultSet.java,3,1,0,0,0,1,0,0,0,1,4,0,false
0.9.0,getObjectId,openjpa-kernel/src/main/java/org/apache/openjpa/kernel/DetachedStateManager.java,3,1,0,0,0,1,1,0,45,3,7,0,false
0.9.0,isKnownSequence,openjpa-jdbc/src/main/java/org/apache/openjpa/jdbc/schema/SchemaGroup.java,3,2,0,0,0,1,0,1,37,1,2,0,false
0.9.0,getLevel,openjpa-lib/src/main/java/org/apache/openjpa/lib/log/LogFactoryImpl.java,6,8,2,0,0,1,3,0,0,1,6,2,false
0.9.0,resolve,openjpa-jdbc/src/main/java/org/apache/openjpa/jdbc/meta/ValueMappingImpl.java,17,5,6,0,0,0,1,6,37,1,2,0,false
0.9.0,removeDereferencedDependent,openjpa-kernel/src/main/java/org/apache/openjpa/kernel/BrokerImpl.java,11,5,2,0,1,0,1,5,45,3,11,0,false
0.9.0,clearFieldCache,openjpa-kernel/src/main/java/org/apache/openjpa/meta/ClassMetaData.java,6,1,3,0,0,0,6,1,45,3,8,0,false
0.9.0,getRemoved,openjpa-kernel/src/main/java/org/apache/openjpa/util/AbstractChangeTracker.java,3,2,0,0,0,1,17,0,45,1,4,0,false
0.9.0,getValue,openjpa-jdbc/src/main/java/org/apache/openjpa/jdbc/kernel/exps/Null.java,3,1,0,0,0,1,0,0,37,2,2,0,false
0.9.0,getResultClass,openjpa-persistence/src/main/java/org/apache/openjpa/persistence/QueryImpl.java,5,2,1,0,0,2,0,0,45,2,6,0,false
0.9.0,returnSocket,openjpa-kernel/src/main/java/org/apache/openjpa/event/TCPRemoteCommitProvider.java,3,1,0,0,0,0,1,0,45,2,7,0,false
0.9.0,isTransactionModeManaged,openjpa-kernel/src/main/java/org/apache/openjpa/conf/OpenJPAConfigurationImpl.java,3,1,0,0,0,1,0,1,45,3,13,0,false
0.9.0,groupBy,openjpa-jdbc/src/main/java/org/apache/openjpa/jdbc/kernel/exps/Substring.java,3,1,0,0,0,0,0,2,37,2,4,0,false
0.9.0,setCursorName,openjpa-lib/src/main/java/org/apache/openjpa/lib/jdbc/DelegatingCallableStatement.java,3,1,0,0,0,0,0,0,0,1,6,0,false
0.9.0,getRepository,openjpa-kernel/src/main/java/org/apache/openjpa/meta/Extensions.java,3,1,0,0,0,1,0,1,45,1,4,0,false
0.9.0,getEntityTag,openjpa-persistence/src/main/java/org/apache/openjpa/persistence/XMLPersistenceMetaDataSerializer.java,5,4,0,0,0,3,2,0,45,2,6,1,false
0.9.0,writeObject,openjpa-kernel/src/main/java/org/apache/openjpa/util/OpenJPAException.java,5,1,0,0,0,0,0,2,45,1,4,0,false
0.9.0,updatesAreDetected,openjpa-lib/src/main/java/org/apache/openjpa/lib/jdbc/DelegatingDatabaseMetaData.java,3,1,0,0,0,1,0,0,0,1,4,0,false
0.9.0,getJoinIterator,openjpa-jdbc/src/main/java/org/apache/openjpa/jdbc/sql/SelectImpl.java,4,3,0,0,0,2,2,2,37,2,6,1,false
0.9.0,broadcast,openjpa-kernel/src/main/java/org/apache/openjpa/event/JMSRemoteCommitProvider.java,9,4,0,0,1,0,0,1,45,1,5,0,false
0.9.0,setOrders,openjpa-kernel/src/main/java/org/apache/openjpa/meta/FieldMetaData.java,4,1,2,0,0,0,0,0,45,3,10,0,false
0.9.0,startSystemMappingElement,openjpa-persistence/src/main/java/org/apache/openjpa/persistence/XMLPersistenceMetaDataParser.java,3,1,0,0,0,1,1,0,45,2,6,0,false
0.9.0,getDetachState,openjpa-kernel/src/main/java/org/apache/openjpa/conf/OpenJPAConfigurationImpl.java,3,1,0,0,0,1,0,1,45,3,13,0,false
0.9.0,isVersionUpdateRequired,openjpa-kernel/src/main/java/org/apache/openjpa/kernel/OpenJPAStateManager.java,1,1,0,0,0,0,1,0,45,2,5,0,false
0.9.0,newObjectId,openjpa-kernel/src/main/java/org/apache/openjpa/enhance/PCRegistry.java,4,2,1,0,0,1,0,1,45,2,4,1,false
0.9.0,isSQLEnabled,openjpa-lib/src/main/java/org/apache/openjpa/lib/jdbc/DataSourceLogs.java,3,2,0,0,0,1,5,1,0,1,5,0,false
0.9.0,replaceStringField,openjpa-kernel/src/main/java/org/apache/openjpa/kernel/DetachedStateManager.java,5,1,2,0,0,1,0,0,45,3,7,0,false
0.9.0,getCause,openjpa-kernel/src/main/java/org/apache/openjpa/util/OpenJPAException.java,4,3,0,0,0,2,0,0,45,1,4,0,false
0.9.0,setFetchSize,openjpa-lib/src/main/java/org/apache/openjpa/lib/jdbc/DelegatingResultSet.java,3,1,0,0,0,0,0,0,0,1,4,0,false
0.9.0,hasContainsExpression,openjpa-jdbc/src/main/java/org/apache/openjpa/jdbc/kernel/exps/InSubQExpression.java,3,1,0,0,0,1,0,0,37,2,3,0,false
0.9.0,providedBooleanField,openjpa-kernel/src/main/java/org/apache/openjpa/kernel/DetachedStateManager.java,3,2,1,0,0,0,0,0,45,3,7,0,false
0.9.0,removeField,openjpa-kernel/src/main/java/org/apache/openjpa/kernel/DelegatingFetchConfiguration.java,9,2,0,0,1,1,1,2,45,3,7,1,false
0.9.0,setIgnoreVirtual,openjpa-jdbc/src/main/java/org/apache/openjpa/jdbc/kernel/ClassTableJDBCSeq.java,3,1,0,0,0,0,0,1,37,2,3,0,false
0.9.0,getTransactionType,openjpa-persistence/src/main/java/org/apache/openjpa/persistence/PersistenceUnitInfoImpl.java,3,1,0,0,0,1,0,0,45,1,7,0,false
0.9.0,newInverseManagerInstance,openjpa-kernel/src/main/java/org/apache/openjpa/conf/OpenJPAConfiguration.java,1,1,0,0,0,0,2,0,45,3,8,0,false
0.9.0,getOperator,openjpa-jdbc/src/main/java/org/apache/openjpa/jdbc/kernel/exps/Avg.java,3,1,0,0,0,1,0,0,37,2,2,0,false
0.9.0,newMappingInfo,openjpa-jdbc/src/main/java/org/apache/openjpa/jdbc/meta/MappingRepository.java,3,1,0,0,0,1,0,1,37,2,4,0,false
0.9.0,clearDefinedFieldCache,openjpa-kernel/src/main/java/org/apache/openjpa/meta/ClassMetaData.java,4,1,2,0,0,0,0,0,45,3,8,0,false
0.9.0,getConnectionFactory,openjpa-jdbc/src/main/java/org/apache/openjpa/jdbc/conf/JDBCConfigurationImpl.java,7,2,2,0,0,1,1,2,37,3,6,0,false
0.9.0,or,openjpa-jdbc/src/main/java/org/apache/openjpa/jdbc/sql/LogicalUnion.java,5,1,3,0,0,0,3,0,37,2,4,0,false
0.9.0,getAccessType,openjpa-kernel/src/main/java/org/apache/openjpa/meta/ClassMetaData.java,10,3,1,0,0,3,64,4,45,3,8,4,false
0.9.0,setMetaData,openjpa-jdbc/src/main/java/org/apache/openjpa/jdbc/kernel/exps/IndexOf.java,3,1,1,0,0,0,0,0,37,2,4,0,false
0.9.0,obtainLocks,openjpa-kernel/src/main/java/org/apache/openjpa/kernel/StateManagerImpl.java,11,7,4,0,0,1,4,4,45,3,13,0,false
0.9.0,eagerJoin,openjpa-jdbc/src/main/java/org/apache/openjpa/jdbc/meta/strats/RelationFieldStrategy.java,7,5,3,0,0,2,4,3,37,2,5,0,false
0.9.0,warn,openjpa-lib/src/main/java/org/apache/openjpa/lib/log/Log4JLogFactory.java,3,1,0,0,0,0,0,0,0,1,5,0,false
0.9.0,getSourceFile,openjpa-lib/src/main/java/org/apache/openjpa/lib/meta/XMLMetaDataParser.java,3,1,0,0,0,1,6,0,0,2,9,0,false
0.9.0,getResourceName,openjpa-persistence/src/main/java/org/apache/openjpa/persistence/XMLPersistenceMetaDataSerializer.java,3,1,0,0,0,1,0,1,45,2,6,0,false
0.9.0,beginTransaction,openjpa-kernel/src/main/java/org/apache/openjpa/kernel/AbstractLockManager.java,2,1,0,0,0,0,0,0,45,1,4,0,false
0.9.0,clone,openjpa-lib/src/main/java/org/apache/openjpa/lib/util/concurrent/ConcurrentHashMap.java,3,1,0,0,0,1,1,1,0,1,7,0,false
0.9.0,getJoins,openjpa-jdbc/src/main/java/org/apache/openjpa/jdbc/kernel/exps/MatchesExpression.java,3,1,0,0,0,1,0,0,37,2,3,0,false
0.9.0,writeReplace,openjpa-kernel/src/main/java/org/apache/openjpa/datacache/QueryCacheStoreQuery.java,3,1,0,0,0,1,0,0,45,2,7,0,false
0.9.0,storeString,openjpa-kernel/src/main/java/org/apache/openjpa/kernel/OpenJPAStateManager.java,1,1,0,0,0,0,3,0,45,2,5,0,false
0.9.0,updateDate,openjpa-lib/src/main/java/org/apache/openjpa/lib/jdbc/DelegatingResultSet.java,3,1,0,0,0,0,0,0,0,1,4,0,false
0.9.0,addSequenceMetaData,openjpa-kernel/src/main/java/org/apache/openjpa/meta/MetaDataRepository.java,5,1,1,0,0,1,4,1,45,3,8,0,false
0.9.0,getMaxRows,openjpa-lib/src/main/java/org/apache/openjpa/lib/jdbc/DelegatingCallableStatement.java,3,1,0,0,0,1,0,0,0,1,6,0,false
0.9.0,newForwardForeignKey,openjpa-jdbc/src/main/java/org/apache/openjpa/jdbc/meta/ValueMappingImpl.java,28,9,15,0,0,1,1,16,37,1,2,1,false
0.9.0,setDataCacheTimeout,openjpa-kernel/src/main/java/org/apache/openjpa/meta/ClassMetaData.java,3,1,1,0,0,0,1,0,45,3,8,0,false
0.9.0,getJoins,openjpa-jdbc/src/main/java/org/apache/openjpa/jdbc/sql/SelectImpl.java,5,3,1,0,0,2,7,2,37,2,6,1,false
0.9.0,currentLocation,openjpa-lib/src/main/java/org/apache/openjpa/lib/meta/XMLMetaDataParser.java,3,1,0,1,0,1,9,2,0,2,9,0,false
0.9.0,clear,openjpa-kernel/src/main/java/org/apache/openjpa/datacache/AbstractQueryCache.java,1,1,0,0,0,0,2,0,45,2,7,0,false
0.9.0,jjtClose,openjpa-kernel/src/main/java/org/apache/openjpa/kernel/jpql/JPQLExpressionBuilder.java,2,1,0,0,0,0,0,0,45,2,8,0,false
0.9.0,checkProxy,openjpa-kernel/src/main/java/org/apache/openjpa/kernel/SingleFieldManager.java,6,4,1,0,0,3,1,0,45,2,4,1,false
0.9.0,readObject,openjpa-kernel/src/main/java/org/apache/openjpa/util/ReferentialIntegrityException.java,3,1,1,0,0,0,0,0,45,1,4,0,false
0.9.0,getConnection,openjpa-lib/src/main/java/org/apache/openjpa/lib/jdbc/DelegatingStatement.java,3,1,0,0,0,1,0,0,0,1,5,0,false
0.9.0,getInnermostDelegate,openjpa-lib/src/main/java/org/apache/openjpa/lib/jdbc/DelegatingPreparedStatement.java,3,2,0,0,0,1,3,1,0,1,6,0,false
0.9.0,getWriteLockLevel,openjpa-kernel/src/main/java/org/apache/openjpa/kernel/DelegatingFetchConfiguration.java,8,2,0,0,1,1,1,2,45,3,7,1,false
0.9.0,getSourceFile,openjpa-persistence/src/main/java/org/apache/openjpa/persistence/PersistenceUnitInfoImpl.java,9,3,0,0,1,2,0,0,45,1,7,0,false
0.9.0,getIdentifierAliases,openjpa-jdbc/src/main/java/org/apache/openjpa/jdbc/sql/SelectImpl.java,3,2,0,0,0,1,1,1,37,2,6,0,false
0.9.0,getGeneratedKeys,openjpa-lib/src/main/java/org/apache/openjpa/lib/jdbc/DelegatingStatement.java,3,1,0,0,0,0,0,0,0,1,5,0,false
0.9.0,settingFloatField,openjpa-kernel/src/main/java/org/apache/openjpa/kernel/StateManagerImpl.java,16,5,1,0,1,1,2,6,45,3,13,0,false
0.9.0,findMethod,openjpa-kernel/src/main/java/org/apache/openjpa/meta/ClassMetaData.java,9,6,0,0,1,3,2,1,45,3,8,0,false
0.9.0,setForeignKeys,openjpa-jdbc/src/main/java/org/apache/openjpa/jdbc/schema/SchemaGenerator.java,3,1,1,0,0,0,2,0,37,1,2,0,false
0.9.0,setMetaDataFactory,openjpa-kernel/src/main/java/org/apache/openjpa/conf/OpenJPAConfigurationImpl.java,4,1,0,0,0,0,0,2,45,3,13,0,false
0.9.0,next,openjpa-kernel/src/main/java/org/apache/openjpa/kernel/AbstractPCResultObjectProvider.java,1,1,0,0,0,0,0,0,45,2,5,0,false
0.9.0,parseElementJoinColumns,openjpa-persistence-jdbc/src/main/java/org/apache/openjpa/persistence/jdbc/AnnotationPersistenceMappingParser.java,10,4,4,0,0,1,4,4,37,2,3,1,false
0.9.0,getUnicodeStream,openjpa-lib/src/main/java/org/apache/openjpa/lib/jdbc/DelegatingResultSet.java,3,1,0,0,0,1,0,0,0,1,4,0,false
0.9.0,getDriverDataSource,openjpa-jdbc/src/main/java/org/apache/openjpa/jdbc/conf/JDBCConfigurationImpl.java,3,1,0,0,0,1,0,1,37,3,6,0,false
0.9.0,toString,openjpa-lib/src/main/java/org/apache/openjpa/lib/jdbc/DelegatingDatabaseMetaData.java,5,1,1,0,0,1,0,1,0,1,4,0,false
0.9.0,getFactory,openjpa-kernel/src/main/java/org/apache/openjpa/meta/FieldMetaData.java,3,1,0,0,0,1,1,0,45,3,10,0,false
0.9.0,run,openjpa-kernel/src/main/java/org/apache/openjpa/enhance/ApplicationIdTool.java,39,9,11,0,0,1,1,13,45,2,6,4,false
0.9.0,assertNotManagedObjectId,openjpa-kernel/src/main/java/org/apache/openjpa/kernel/StateManagerImpl.java,3,3,0,0,0,0,2,4,45,3,13,0,false
0.9.0,newDetachedException,openjpa-kernel/src/main/java/org/apache/openjpa/kernel/BrokerImpl.java,3,1,0,0,0,0,6,3,45,3,11,0,false
0.9.0,retrieve,openjpa-kernel/src/main/java/org/apache/openjpa/kernel/BrokerImpl.java,28,11,2,0,1,2,1,13,45,3,11,7,false
0.9.0,close,openjpa-jdbc/src/main/java/org/apache/openjpa/jdbc/kernel/JDBCStoreManager.java,3,2,0,0,0,0,0,1,37,3,9,0,false
0.9.0,getCandidateCollection,openjpa-kernel/src/main/java/org/apache/openjpa/kernel/QueryContext.java,1,1,0,0,0,0,4,0,45,1,4,0,false
0.9.0,getColumns,openjpa-lib/src/main/java/org/apache/openjpa/lib/jdbc/DelegatingDatabaseMetaData.java,3,1,0,0,0,1,0,0,0,1,4,0,false
0.9.0,remove,openjpa-lib/src/main/java/org/apache/openjpa/lib/util/FormatPreservingProperties.java,4,1,0,0,0,1,0,0,0,1,8,0,false
0.9.0,appendTo,openjpa-jdbc/src/main/java/org/apache/openjpa/jdbc/kernel/exps/UnaryOp.java,6,1,0,0,0,0,1,1,37,2,5,0,false
0.9.0,get,openjpa-lib/src/main/java/org/apache/openjpa/lib/util/concurrent/CopyOnWriteArrayList.java,3,1,0,1,0,1,0,1,0,1,5,0,false
0.9.0,getDoubleExtension,openjpa-kernel/src/main/java/org/apache/openjpa/meta/Extensions.java,4,2,1,0,0,1,1,1,45,1,4,0,false
0.9.0,setConfiguration,openjpa-kernel/src/main/java/org/apache/openjpa/datacache/AbstractDataCache.java,4,1,2,0,0,0,0,0,45,2,5,0,false
0.9.0,isDirectComparison,openjpa-jdbc/src/main/java/org/apache/openjpa/jdbc/kernel/exps/ContainsExpression.java,3,1,0,0,0,1,0,0,37,2,2,0,false
0.9.0,getResultClass,openjpa-kernel/src/main/java/org/apache/openjpa/kernel/ExpressionStoreQuery.java,3,1,0,0,0,1,0,1,45,2,6,1,false
0.9.0,equals,openjpa-kernel/src/main/java/org/apache/openjpa/datacache/DelegatingQueryCache.java,5,3,1,0,0,2,1,1,45,1,4,0,false
0.9.0,getDelegate,openjpa-kernel/src/main/java/org/apache/openjpa/datacache/DelegatingDataCache.java,3,1,0,0,0,1,0,0,45,2,5,0,false
0.9.0,newColumn,openjpa-jdbc/src/main/java/org/apache/openjpa/jdbc/schema/SchemaGroup.java,3,1,0,0,0,1,0,1,37,1,2,0,false
0.9.0,getTables,openjpa-jdbc/src/main/java/org/apache/openjpa/jdbc/schema/SchemaGenerator.java,12,4,5,0,0,3,4,2,37,1,2,2,false
0.9.0,createCodeFormat,openjpa-jdbc/src/main/java/org/apache/openjpa/jdbc/ant/ReverseMappingToolTask.java,3,1,0,0,0,1,0,0,37,2,2,0,false
0.9.0,loadObjectIds,openjpa-kernel/src/main/java/org/apache/openjpa/enhance/ApplicationIdTool.java,6,4,2,0,0,0,4,1,45,2,6,0,false
0.9.0,clearExtraFieldDataTable,openjpa-kernel/src/main/java/org/apache/openjpa/meta/ClassMetaData.java,3,1,1,0,0,0,2,0,45,3,8,0,false
0.9.0,lock,openjpa-kernel/src/main/java/org/apache/openjpa/kernel/ExtentImpl.java,3,2,0,0,0,0,4,0,45,2,5,0,false
0.9.0,setMaxRows,openjpa-lib/src/main/java/org/apache/openjpa/lib/jdbc/DelegatingCallableStatement.java,3,1,0,0,0,0,0,0,0,1,6,0,false
0.9.0,getTypeMapping,openjpa-jdbc/src/main/java/org/apache/openjpa/jdbc/meta/ValueMappingImpl.java,3,1,0,0,0,1,2,1,37,1,2,0,false
0.9.0,toEmbeddedObjectValue,openjpa-jdbc/src/main/java/org/apache/openjpa/jdbc/meta/strats/RelationFieldStrategy.java,3,1,0,0,0,1,0,0,37,2,5,0,false
0.9.0,hasVariables,openjpa-kernel/src/main/java/org/apache/openjpa/kernel/exps/UnboundVariable.java,3,1,0,0,0,1,0,0,45,2,5,0,false
0.9.0,getJoins,openjpa-jdbc/src/main/java/org/apache/openjpa/jdbc/kernel/exps/Trim.java,3,1,0,0,0,1,0,1,37,2,4,0,false
0.9.0,setInverseRelations,openjpa-jdbc/src/main/java/org/apache/openjpa/jdbc/ant/ReverseMappingToolTask.java,3,1,1,0,0,0,0,0,37,2,2,0,false
0.9.0,getConnectionFactoryName,openjpa-kernel/src/main/java/org/apache/openjpa/conf/OpenJPAConfigurationImpl.java,3,1,0,0,0,1,1,1,45,3,13,0,false
0.9.0,remove,openjpa-kernel/src/main/java/org/apache/openjpa/datacache/DelegatingQueryCache.java,9,3,0,0,1,2,1,2,45,1,4,1,false
0.9.0,newInverseForeignKey,openjpa-jdbc/src/main/java/org/apache/openjpa/jdbc/meta/ValueMappingImpl.java,8,4,3,0,0,1,1,2,37,1,2,3,false
0.9.0,setUseBuiltinIdentityClass,openjpa-jdbc/src/main/java/org/apache/openjpa/jdbc/ant/ReverseMappingToolTask.java,3,1,1,0,0,0,0,0,37,2,2,0,false
0.9.0,setValueStrategy,openjpa-kernel/src/main/java/org/apache/openjpa/meta/FieldMetaData.java,4,2,1,0,0,0,3,1,45,3,10,0,false
0.9.0,isLargeTransaction,openjpa-kernel/src/main/java/org/apache/openjpa/kernel/StoreContext.java,1,1,0,0,0,0,2,0,45,3,6,0,false
0.9.0,setMaxFieldSize,openjpa-lib/src/main/java/org/apache/openjpa/lib/jdbc/DelegatingStatement.java,3,1,0,0,0,0,0,0,0,1,5,0,false
0.9.0,toString,openjpa-kernel/src/main/java/org/apache/openjpa/util/OpenJPAException.java,3,1,0,0,0,1,0,1,45,1,4,0,false
0.9.0,getIdentitySequence,openjpa-kernel/src/main/java/org/apache/openjpa/kernel/BrokerImpl.java,4,2,0,0,0,2,0,2,45,3,11,0,false
0.9.0,setSequence,openjpa-kernel/src/main/java/org/apache/openjpa/conf/OpenJPAConfigurationImpl.java,4,1,0,0,0,0,0,2,45,3,13,0,false
0.9.0,update,openjpa-jdbc/src/main/java/org/apache/openjpa/jdbc/meta/strats/RelationFieldStrategy.java,12,4,2,0,0,1,0,3,37,2,5,0,false
0.9.0,getResourceName,openjpa-persistence/src/main/java/org/apache/openjpa/persistence/PersistenceUnitInfoImpl.java,3,1,0,1,0,1,0,0,45,1,7,0,false
0.9.0,storeIntField,openjpa-kernel/src/main/java/org/apache/openjpa/kernel/DetachManager.java,4,1,0,0,0,0,0,1,45,4,9,0,false
0.9.0,get,openjpa-kernel/src/main/java/org/apache/openjpa/kernel/exps/CandidatePath.java,4,2,1,0,0,0,0,1,45,2,6,0,false
0.9.0,getType,openjpa-jdbc/src/main/java/org/apache/openjpa/jdbc/kernel/exps/IndexOf.java,4,2,0,0,0,2,2,0,37,2,4,0,false
0.9.0,select,openjpa-jdbc/src/main/java/org/apache/openjpa/jdbc/meta/strats/RelationFieldStrategy.java,7,5,0,0,0,4,0,1,37,2,5,1,false
0.9.0,size,openjpa-kernel/src/main/java/org/apache/openjpa/kernel/AbstractPCResultObjectProvider.java,3,1,0,0,0,1,0,0,45,2,5,0,false
0.9.0,getStatus,openjpa-jdbc/src/main/java/org/apache/openjpa/jdbc/kernel/ClassTableJDBCSeq.java,10,3,3,0,0,2,3,2,37,2,3,0,false
0.9.0,addLifecycleListener,openjpa-persistence/src/main/java/org/apache/openjpa/persistence/EntityManagerImpl.java,3,1,0,0,0,0,0,3,45,2,7,0,false
0.9.0,supportsLocking,openjpa-jdbc/src/main/java/org/apache/openjpa/jdbc/sql/LogicalUnion.java,3,1,0,0,0,1,1,1,37,2,4,0,false
0.9.0,get,openjpa-kernel/src/main/java/org/apache/openjpa/datacache/QueryCache.java,1,1,0,0,0,0,2,0,45,1,4,0,false
0.9.0,isWarnEnabled,openjpa-lib/src/main/java/org/apache/openjpa/lib/log/NoneLogFactory.java,3,1,0,0,0,1,0,0,0,1,5,0,false
0.9.0,setSyncWithManagedTransactions,openjpa-kernel/src/main/java/org/apache/openjpa/kernel/BrokerImpl.java,4,1,1,0,0,0,0,1,45,3,11,0,false
0.9.0,equals,openjpa-persistence/src/main/java/org/apache/openjpa/persistence/EntityManagerImpl.java,5,3,0,0,0,3,0,1,45,2,7,0,false
0.9.0,hasJoin,openjpa-jdbc/src/main/java/org/apache/openjpa/jdbc/kernel/JDBCFetchConfigurationImpl.java,3,2,0,0,0,1,0,0,37,3,6,1,false
0.9.0,supportsCatalogsInPrivilegeDefinitions,openjpa-lib/src/main/java/org/apache/openjpa/lib/jdbc/DelegatingDatabaseMetaData.java,3,1,0,0,0,1,0,0,0,1,4,0,false
0.9.0,getListingIndex,openjpa-kernel/src/main/java/org/apache/openjpa/meta/ClassMetaData.java,3,1,0,0,0,1,2,0,45,3,8,0,false
0.9.0,afterSpecificationSet,openjpa-persistence-jdbc/src/main/java/org/apache/openjpa/persistence/jdbc/JDBCPersistenceProductDerivation.java,7,3,2,0,0,1,0,0,37,2,4,2,false
0.9.0,getType,openjpa-lib/src/main/java/org/apache/openjpa/lib/jdbc/JDBCEvent.java,3,1,0,0,0,1,1,0,0,1,4,0,false
0.9.0,getUDTs,openjpa-lib/src/main/java/org/apache/openjpa/lib/jdbc/LoggingConnectionDecorator.java,4,2,0,0,0,1,0,2,0,1,8,0,false
0.9.0,setVersion,openjpa-kernel/src/main/java/org/apache/openjpa/kernel/StateManagerImpl.java,6,2,3,0,0,0,5,5,45,3,13,1,false
0.9.0,setName,openjpa-kernel/src/main/java/org/apache/openjpa/datacache/AbstractDataCache.java,3,1,1,0,0,0,1,0,45,2,5,0,false
0.9.0,clear,openjpa-persistence/src/main/java/org/apache/openjpa/persistence/EntityManagerImpl.java,3,1,0,0,0,0,0,4,45,2,7,0,false
0.9.0,getLoaded,openjpa-kernel/src/main/java/org/apache/openjpa/kernel/DetachedStateManager.java,3,1,0,0,0,1,0,0,45,3,7,0,false
0.9.0,isFirst,openjpa-lib/src/main/java/org/apache/openjpa/lib/jdbc/DelegatingResultSet.java,3,1,0,0,0,1,0,0,0,1,4,0,false
0.9.0,endEnumerated,openjpa-persistence-jdbc/src/main/java/org/apache/openjpa/persistence/jdbc/XMLPersistenceMappingParser.java,8,3,4,1,0,1,1,0,37,2,3,0,false
0.9.0,settingFloatField,openjpa-kernel/src/main/java/org/apache/openjpa/kernel/DetachedValueStateManager.java,3,1,0,0,0,0,0,0,45,2,5,0,false
0.9.0,isLob,openjpa-jdbc/src/main/java/org/apache/openjpa/jdbc/sql/LogicalUnion.java,3,1,0,0,0,1,0,1,37,2,4,0,false
0.9.0,getUpdatedTypes,openjpa-kernel/src/main/java/org/apache/openjpa/kernel/StoreContext.java,1,1,0,0,0,0,2,0,45,3,6,0,false
0.9.0,select,openjpa-jdbc/src/main/java/org/apache/openjpa/jdbc/kernel/exps/StringFunction.java,3,1,0,0,0,0,0,0,37,2,4,0,false
0.9.0,getMaxFetchDepth,openjpa-persistence/src/main/java/org/apache/openjpa/persistence/FetchPlan.java,3,1,0,0,0,1,0,0,45,2,5,0,false
0.9.0,getUserObject,openjpa-persistence/src/main/java/org/apache/openjpa/persistence/EntityManagerImpl.java,3,1,0,0,0,1,0,1,45,2,7,0,false
0.9.0,getRollbackOnly,openjpa-persistence/src/main/java/org/apache/openjpa/persistence/EntityManagerImpl.java,4,2,0,0,0,1,0,4,45,2,7,0,false
0.9.0,createInteraction,openjpa-kernel/src/main/java/org/apache/openjpa/kernel/BrokerImpl.java,3,1,0,0,0,1,0,0,45,3,11,0,false
0.9.0,cascadePersist,openjpa-kernel/src/main/java/org/apache/openjpa/kernel/StateManagerImpl.java,11,6,2,0,0,0,3,6,45,3,13,4,false
0.9.0,startSQLResultSetMapping,openjpa-persistence-jdbc/src/main/java/org/apache/openjpa/persistence/jdbc/XMLPersistenceMappingParser.java,16,5,7,0,0,1,2,3,37,2,3,7,false
0.9.0,getQueryTimeout,openjpa-lib/src/main/java/org/apache/openjpa/lib/jdbc/ConfiguringConnectionDecorator.java,3,1,0,0,0,1,0,0,0,1,4,0,false
0.9.0,isSpace,openjpa-lib/src/main/java/org/apache/openjpa/lib/util/FormatPreservingProperties.java,3,1,0,0,0,1,1,0,0,1,8,0,false
0.9.0,setSubselect,openjpa-jdbc/src/main/java/org/apache/openjpa/jdbc/sql/Joins.java,1,1,0,0,0,0,3,0,37,2,2,0,false
0.9.0,supportsSubqueriesInComparisons,openjpa-lib/src/main/java/org/apache/openjpa/lib/jdbc/DelegatingDatabaseMetaData.java,3,1,0,0,0,1,0,0,0,1,4,0,false
0.9.0,getDatabaseProductName,openjpa-lib/src/main/java/org/apache/openjpa/lib/jdbc/DelegatingDatabaseMetaData.java,3,1,0,0,0,1,0,0,0,1,4,0,false
0.9.0,expectsTarget,openjpa-kernel/src/main/java/org/apache/openjpa/kernel/exps/FilterListener.java,1,1,0,0,0,0,0,0,45,1,4,0,false
0.9.0,addTypesByName,openjpa-kernel/src/main/java/org/apache/openjpa/datacache/Caches.java,18,5,5,0,1,2,2,1,45,1,5,2,false
0.9.0,subList,openjpa-lib/src/main/java/org/apache/openjpa/lib/util/concurrent/CopyOnWriteArrayList.java,6,4,0,2,0,1,0,1,0,1,5,0,false
0.9.0,isNew,openjpa-kernel/src/main/java/org/apache/openjpa/kernel/BrokerImpl.java,5,2,0,0,0,2,0,3,45,3,11,0,false
0.9.0,setValueMappedBy,openjpa-kernel/src/main/java/org/apache/openjpa/meta/FieldMetaData.java,3,1,0,0,0,0,0,1,45,3,10,0,false
0.9.0,clone,openjpa-lib/src/main/java/org/apache/openjpa/lib/util/FormatPreservingProperties.java,10,4,4,0,0,1,0,0,0,1,8,0,false
0.9.0,transactional,openjpa-kernel/src/main/java/org/apache/openjpa/kernel/StateManagerImpl.java,3,1,0,0,0,0,7,1,45,3,13,0,false
0.9.0,getOrphanedKeyAction,openjpa-kernel/src/main/java/org/apache/openjpa/conf/OpenJPAConfigurationImpl.java,4,2,0,0,0,1,0,2,45,3,13,0,false
0.9.0,getIdentifier,openjpa-kernel/src/main/java/org/apache/openjpa/kernel/jpql/JPQLExpressionBuilder.java,17,4,4,0,0,3,1,10,45,2,8,0,false
0.9.0,persist,openjpa-kernel/src/main/java/org/apache/openjpa/kernel/SingleFieldManager.java,21,11,1,0,0,2,0,0,45,2,4,3,false
0.9.0,initialize,openjpa-kernel/src/main/java/org/apache/openjpa/kernel/DetachedStateManager.java,3,1,0,0,0,0,0,0,45,3,7,0,false
0.9.0,getDBDictionary,openjpa-jdbc/src/main/java/org/apache/openjpa/jdbc/kernel/JDBCStoreManager.java,3,1,0,0,0,1,0,0,37,3,9,0,false
0.9.0,updateString,openjpa-lib/src/main/java/org/apache/openjpa/lib/jdbc/DelegatingResultSet.java,3,1,0,0,0,0,0,0,0,1,4,0,false
0.9.0,getPopulateStoreCache,openjpa-persistence/src/main/java/org/apache/openjpa/persistence/EntityManagerImpl.java,3,1,0,0,0,1,0,1,45,2,7,0,false
0.9.0,fetchFromDetachedSM,openjpa-kernel/src/main/java/org/apache/openjpa/kernel/DetachedValueStateManager.java,8,1,1,0,0,1,1,5,45,2,5,0,false
0.9.0,getAllRows,openjpa-jdbc/src/main/java/org/apache/openjpa/jdbc/sql/RowManagerImpl.java,3,1,0,0,0,1,0,0,37,1,2,0,false
0.9.0,equals,openjpa-lib/src/main/java/org/apache/openjpa/lib/jdbc/DelegatingPreparedStatement.java,5,3,1,0,0,2,0,1,0,1,6,0,false
0.9.0,endAndResume,openjpa-kernel/src/main/java/org/apache/openjpa/kernel/BrokerImpl.java,11,2,0,0,1,0,2,5,45,3,11,0,false
0.9.0,getSourceScope,openjpa-kernel/src/main/java/org/apache/openjpa/meta/ClassMetaData.java,3,1,0,0,0,1,0,0,45,3,8,0,false
0.9.0,hasContainsExpression,openjpa-jdbc/src/main/java/org/apache/openjpa/jdbc/kernel/exps/NotContainsExpression.java,3,1,0,0,0,1,0,0,37,2,3,0,false
0.9.0,setRequiresExtent,openjpa-kernel/src/main/java/org/apache/openjpa/meta/ClassMetaData.java,3,2,1,0,0,0,0,0,45,3,8,0,false
0.9.0,getLockTimeout,openjpa-persistence/src/main/java/org/apache/openjpa/persistence/FetchPlan.java,3,1,0,0,0,1,0,0,45,2,5,0,false
0.9.0,translate,openjpa-kernel/src/main/java/org/apache/openjpa/datacache/DelegatingDataCache.java,3,2,0,0,0,1,22,0,45,2,5,0,false
0.9.0,fetchObject,openjpa-kernel/src/main/java/org/apache/openjpa/kernel/DetachedStateManager.java,3,1,0,0,0,0,0,0,45,3,7,0,false
0.9.0,next,openjpa-jdbc/src/main/java/org/apache/openjpa/jdbc/kernel/PagingResultObjectProvider.java,9,3,0,1,0,3,0,2,37,3,3,0,false
0.9.0,getEagerMap,openjpa-jdbc/src/main/java/org/apache/openjpa/jdbc/sql/SelectImpl.java,3,1,0,0,0,1,0,0,37,2,6,0,false
0.9.0,parse,openjpa-kernel/src/main/java/org/apache/openjpa/datacache/DataCacheScheduler.java,15,6,4,0,1,2,1,2,45,2,6,1,false
0.9.0,replaceField,openjpa-kernel/src/main/java/org/apache/openjpa/kernel/StateManagerImpl.java,5,1,2,0,0,0,41,0,45,3,13,0,false
0.9.0,hasDetachListeners,openjpa-kernel/src/main/java/org/apache/openjpa/event/LifecycleEventManager.java,3,1,0,0,0,1,0,2,45,1,5,0,false
0.9.0,setMetaDataFactory,openjpa-kernel/src/main/java/org/apache/openjpa/meta/MetaDataRepository.java,4,1,1,0,0,0,3,1,45,3,8,0,false
0.9.0,setEnvClassLoader,openjpa-persistence/src/main/java/org/apache/openjpa/persistence/AnnotationPersistenceMetaDataParser.java,3,1,1,0,0,0,0,0,45,3,11,0,false
0.9.0,setImplicitTypes,openjpa-kernel/src/main/java/org/apache/openjpa/kernel/jpql/JPQLExpressionBuilder.java,13,12,5,0,0,4,1,4,45,2,8,2,false
0.9.0,supportsInMemoryExecution,openjpa-kernel/src/main/java/org/apache/openjpa/kernel/MethodStoreQuery.java,1,1,0,0,0,0,4,0,45,2,5,0,false
0.9.0,beforeRead,openjpa-kernel/src/main/java/org/apache/openjpa/kernel/PCState.java,3,1,0,0,0,1,1,0,45,1,4,0,false
0.9.0,getIncrement,openjpa-jdbc/src/main/java/org/apache/openjpa/jdbc/kernel/NativeJDBCSeq.java,3,1,0,0,0,1,0,0,37,2,2,0,false
0.9.0,clearWarnings,openjpa-lib/src/main/java/org/apache/openjpa/lib/jdbc/DelegatingStatement.java,3,1,0,0,0,0,0,0,0,1,5,0,false
0.9.0,getBroker,openjpa-kernel/src/main/java/org/apache/openjpa/kernel/StoreContext.java,1,1,0,0,0,0,2,0,45,3,6,0,false
0.9.0,isBound,openjpa-jdbc/src/main/java/org/apache/openjpa/jdbc/kernel/exps/Variable.java,3,2,0,0,0,1,0,0,37,2,3,0,false
0.9.0,getJoinForeignKey,openjpa-jdbc/src/main/java/org/apache/openjpa/jdbc/meta/strats/RelationToManyTableFieldStrategy.java,3,1,0,0,0,1,0,0,37,2,4,0,false
0.9.0,isFlushed,openjpa-kernel/src/main/java/org/apache/openjpa/kernel/DetachedStateManager.java,3,1,0,0,0,0,0,0,45,3,7,0,false
0.9.0,getFetchSize,openjpa-lib/src/main/java/org/apache/openjpa/lib/jdbc/DelegatingStatement.java,3,1,0,0,0,1,0,0,0,1,5,0,false
0.9.0,getConnectionDecoratorInstances,openjpa-jdbc/src/main/java/org/apache/openjpa/jdbc/conf/JDBCConfigurationImpl.java,6,2,0,0,0,1,0,2,37,3,6,0,false
0.9.0,transform,openjpa-persistence/src/main/java/org/apache/openjpa/persistence/PersistenceProviderImpl.java,3,1,0,0,0,1,0,0,45,2,7,0,false
0.9.0,getIdentifierQuoteString,openjpa-lib/src/main/java/org/apache/openjpa/lib/jdbc/DelegatingDatabaseMetaData.java,3,1,0,0,0,1,0,0,0,1,4,0,false
0.9.0,absolute,openjpa-kernel/src/main/java/org/apache/openjpa/datacache/QueryCacheStoreQuery.java,10,5,4,1,0,1,0,2,45,2,7,0,false
0.9.0,beforeRefresh,openjpa-kernel/src/main/java/org/apache/openjpa/kernel/DetachedValueStateManager.java,3,1,0,0,0,0,0,0,45,2,5,0,false
0.9.0,setTimeout,openjpa-kernel/src/main/java/org/apache/openjpa/datacache/DataCachePCDataGenerator.java,1,1,0,0,0,0,1,0,45,1,3,0,false
0.9.0,setString,openjpa-kernel/src/main/java/org/apache/openjpa/conf/RemoteCommitProviderValue.java,5,1,2,0,0,0,1,0,45,1,4,0,false
0.9.0,getFlushed,openjpa-kernel/src/main/java/org/apache/openjpa/kernel/OpenJPAStateManager.java,1,1,0,0,0,0,5,0,45,2,5,0,false
0.9.0,hashCode,openjpa-persistence/src/main/java/org/apache/openjpa/persistence/EntityManagerImpl.java,3,1,0,0,0,1,0,1,45,2,7,0,false
0.9.0,nullsAreSortedAtStart,openjpa-lib/src/main/java/org/apache/openjpa/lib/jdbc/DelegatingDatabaseMetaData.java,3,1,0,0,0,1,0,0,0,1,4,0,false
0.9.0,getPCSubclasses,openjpa-kernel/src/main/java/org/apache/openjpa/meta/ClassMetaData.java,9,3,2,0,0,2,2,4,45,3,8,1,false
0.9.0,setBlob,openjpa-lib/src/main/java/org/apache/openjpa/lib/jdbc/LoggingConnectionDecorator.java,4,1,0,0,0,0,0,1,0,1,8,0,false
0.9.0,replaceDoubleField,openjpa-kernel/src/main/java/org/apache/openjpa/kernel/DetachedValueStateManager.java,3,1,0,0,0,0,0,0,45,2,5,0,false
0.9.0,getOwner,openjpa-kernel/src/main/java/org/apache/openjpa/kernel/DetachedStateManager.java,3,1,0,0,0,0,0,0,45,3,7,0,false
0.9.0,getEndIndex,openjpa-jdbc/src/main/java/org/apache/openjpa/jdbc/sql/SelectImpl.java,3,1,0,0,0,1,1,0,37,2,6,0,false
0.9.0,setIntermediate,openjpa-kernel/src/main/java/org/apache/openjpa/kernel/StateManagerImpl.java,3,1,0,0,0,0,0,1,45,3,13,0,false
0.9.0,getDetachedStateManager,openjpa-kernel/src/main/java/org/apache/openjpa/conf/DetachOptions.java,3,1,0,0,0,1,0,0,45,1,3,0,false
0.9.0,createEntry,openjpa-lib/src/main/java/org/apache/openjpa/lib/util/concurrent/ConcurrentHashMap.java,3,1,0,0,0,1,2,1,0,1,7,0,false
0.9.0,getDelegates,openjpa-lib/src/main/java/org/apache/openjpa/lib/log/MultiLogFactory.java,3,1,0,0,0,1,0,0,0,2,6,0,false
0.9.0,next,openjpa-lib/src/main/java/org/apache/openjpa/lib/meta/FileMetaDataIterator.java,5,2,1,0,0,1,0,1,0,2,7,1,false
0.9.0,parseTableGenerator,openjpa-persistence-jdbc/src/main/java/org/apache/openjpa/persistence/jdbc/AnnotationPersistenceMappingParser.java,21,8,4,0,0,1,4,4,37,2,3,8,false
0.9.0,getConnection2URL,openjpa-kernel/src/main/java/org/apache/openjpa/conf/OpenJPAConfigurationImpl.java,3,1,0,0,0,1,0,1,45,3,13,0,false
0.9.0,getMode,openjpa-persistence/src/main/java/org/apache/openjpa/persistence/XMLPersistenceMetaDataParser.java,3,1,0,0,0,1,0,0,45,2,6,0,false
0.9.0,loadEagerParallel,openjpa-jdbc/src/main/java/org/apache/openjpa/jdbc/meta/strats/RelationFieldStrategy.java,7,2,2,0,0,1,0,1,37,2,5,0,false
0.9.0,sendUpdatePacket,openjpa-kernel/src/main/java/org/apache/openjpa/event/TCPRemoteCommitProvider.java,9,2,1,0,1,0,2,3,45,2,7,0,false
0.9.0,setContext,openjpa-kernel/src/main/java/org/apache/openjpa/kernel/AbstractStoreQuery.java,3,1,1,0,0,0,0,0,45,2,4,0,false
0.9.0,beforeWrite,openjpa-kernel/src/main/java/org/apache/openjpa/kernel/PCState.java,3,1,0,0,0,1,1,0,45,1,4,0,false
0.9.0,getLog,openjpa-lib/src/main/java/org/apache/openjpa/lib/log/LogFactoryImpl.java,11,3,3,0,0,1,0,4,0,1,6,1,false
0.9.0,fetchBoolean,openjpa-kernel/src/main/java/org/apache/openjpa/kernel/OpenJPAStateManager.java,1,1,0,0,0,0,2,0,45,2,5,0,false
0.9.0,isDetachable,openjpa-kernel/src/main/java/org/apache/openjpa/meta/ClassMetaData.java,7,4,2,0,0,1,9,2,45,3,8,1,false
0.9.0,keySet,openjpa-lib/src/main/java/org/apache/openjpa/lib/util/concurrent/ConcurrentHashMap.java,4,2,2,0,0,1,0,1,0,1,7,0,false
0.9.0,isOpenJPAIdentity,openjpa-kernel/src/main/java/org/apache/openjpa/meta/ClassMetaData.java,8,4,2,0,0,2,30,1,45,3,8,0,false
0.9.0,getMappingRepository,openjpa-jdbc/src/main/java/org/apache/openjpa/jdbc/meta/ValueMappingImpl.java,3,1,0,0,0,1,0,1,37,1,2,0,false
0.9.0,cancel,openjpa-lib/src/main/java/org/apache/openjpa/lib/jdbc/DelegatingCallableStatement.java,3,1,0,0,0,0,0,0,0,1,6,0,false
0.9.0,getProjectionTypes,openjpa-kernel/src/main/java/org/apache/openjpa/datacache/QueryCacheStoreQuery.java,3,1,0,0,0,1,0,1,45,2,7,0,false
0.9.0,getLockManager,openjpa-kernel/src/main/java/org/apache/openjpa/conf/OpenJPAConfiguration.java,1,1,0,0,0,0,0,0,45,3,8,0,false
0.9.0,addLogFactory,openjpa-lib/src/main/java/org/apache/openjpa/lib/log/MultiLogFactory.java,3,1,0,0,0,0,0,0,0,2,6,0,false
0.9.0,getClass,openjpa-jdbc/src/main/java/org/apache/openjpa/jdbc/meta/strats/ValueMapDiscriminatorStrategy.java,14,5,7,3,0,1,0,1,37,1,2,1,false
0.9.0,supportsStoredProcedures,openjpa-lib/src/main/java/org/apache/openjpa/lib/jdbc/DelegatingDatabaseMetaData.java,3,1,0,0,0,1,0,0,0,1,4,0,false
0.9.0,getMaxRowSize,openjpa-lib/src/main/java/org/apache/openjpa/lib/jdbc/DelegatingDatabaseMetaData.java,3,1,0,0,0,1,0,0,0,1,4,0,false
0.9.0,getDeclaredFields,openjpa-kernel/src/main/java/org/apache/openjpa/meta/ClassMetaData.java,16,5,4,0,0,1,29,6,45,3,8,6,false
0.9.0,setResolve,openjpa-kernel/src/main/java/org/apache/openjpa/meta/FieldMetaData.java,3,1,1,0,0,0,0,0,45,3,10,0,false
0.9.0,addEagerResults,openjpa-jdbc/src/main/java/org/apache/openjpa/jdbc/sql/SelectImpl.java,17,5,6,0,0,1,1,0,37,2,6,2,false
0.9.0,appendInfo,openjpa-lib/src/main/java/org/apache/openjpa/lib/jdbc/LoggingConnectionDecorator.java,24,8,3,0,0,0,0,1,0,1,8,0,false
0.9.0,iterator,openjpa-kernel/src/main/java/org/apache/openjpa/kernel/ExtentImpl.java,38,14,13,0,2,1,1,15,45,2,5,9,false
0.9.0,setImplicitTypes,openjpa-kernel/src/main/java/org/apache/openjpa/kernel/exps/AbstractExpressionBuilder.java,22,14,4,0,0,0,0,9,45,2,7,2,false
0.9.0,clearAllFieldCache,openjpa-kernel/src/main/java/org/apache/openjpa/meta/ClassMetaData.java,9,1,7,0,0,0,9,0,45,3,8,0,false
0.9.0,getUseAliases,openjpa-jdbc/src/main/java/org/apache/openjpa/jdbc/kernel/ClassTableJDBCSeq.java,3,1,0,0,0,1,0,0,37,2,3,0,false
0.9.0,getPCDataGenerator,openjpa-kernel/src/main/java/org/apache/openjpa/datacache/DataCacheManager.java,1,1,0,0,0,0,0,0,45,1,3,0,false
0.9.0,select,openjpa-jdbc/src/main/java/org/apache/openjpa/jdbc/kernel/exps/Substring.java,3,1,0,0,0,0,0,2,37,2,4,0,false
0.9.0,setRemote,openjpa-kernel/src/main/java/org/apache/openjpa/kernel/DetachedStateManager.java,3,1,0,0,0,0,0,0,45,3,7,0,false
0.9.0,isActive,openjpa-persistence/src/main/java/org/apache/openjpa/persistence/EntityManagerImpl.java,3,1,0,0,0,1,3,2,45,2,7,0,false
0.9.0,getAggregateListener,openjpa-kernel/src/main/java/org/apache/openjpa/kernel/ExpressionStoreQuery.java,3,1,0,0,0,1,0,0,45,2,6,0,false
0.9.0,setCompatibility,openjpa-kernel/src/main/java/org/apache/openjpa/conf/OpenJPAConfiguration.java,1,1,0,0,0,0,0,0,45,3,8,0,false
0.9.0,getOrdering,openjpa-jdbc/src/main/java/org/apache/openjpa/jdbc/sql/SelectImpl.java,3,1,0,0,0,1,1,0,37,2,6,0,false
0.9.0,appendInfo,openjpa-lib/src/main/java/org/apache/openjpa/lib/jdbc/DelegatingResultSet.java,3,2,0,0,0,0,2,1,0,1,4,0,false
0.9.0,startEntity,openjpa-lib/src/main/java/org/apache/openjpa/lib/meta/XMLMetaDataParser.java,3,2,0,0,0,0,0,1,0,2,9,0,false
0.9.0,equals,openjpa-persistence/src/main/java/org/apache/openjpa/persistence/FetchPlan.java,5,3,0,0,0,3,0,0,45,2,5,0,false
0.9.0,copy,openjpa-jdbc/src/main/java/org/apache/openjpa/jdbc/kernel/JDBCFetchConfigurationImpl.java,11,1,1,0,0,0,0,14,37,3,6,7,false
0.9.0,validateSupportedType,openjpa-kernel/src/main/java/org/apache/openjpa/meta/FieldMetaData.java,42,26,3,0,0,0,1,9,45,3,10,4,false
0.9.0,initialSequence,openjpa-kernel/src/main/java/org/apache/openjpa/util/AbstractChangeTracker.java,3,1,0,0,0,1,1,0,45,1,4,0,false
0.9.0,fetch,openjpa-kernel/src/main/java/org/apache/openjpa/kernel/DetachedValueStateManager.java,4,2,0,0,0,1,3,1,45,2,5,0,false
0.9.0,nextInternal,openjpa-jdbc/src/main/java/org/apache/openjpa/jdbc/sql/SelectImpl.java,4,1,1,0,0,1,0,0,37,2,6,0,false
0.9.0,providedBooleanField,openjpa-kernel/src/main/java/org/apache/openjpa/kernel/StateManagerImpl.java,3,1,0,0,0,0,0,0,45,3,13,0,false
0.9.0,getManagedInstance,openjpa-kernel/src/main/java/org/apache/openjpa/kernel/StateManagerImpl.java,3,1,0,0,0,1,32,0,45,3,13,0,false
0.9.0,getEndIndex,openjpa-jdbc/src/main/java/org/apache/openjpa/jdbc/sql/LogicalUnion.java,3,1,0,0,0,1,0,1,37,2,4,0,false
0.9.0,setRollbackOnly,openjpa-persistence/src/main/java/org/apache/openjpa/persistence/EntityManagerImpl.java,3,1,0,0,0,0,0,1,45,2,7,0,false
0.9.0,getTableTypes,openjpa-lib/src/main/java/org/apache/openjpa/lib/jdbc/LoggingConnectionDecorator.java,4,2,0,0,0,1,0,2,0,1,8,0,false
0.9.0,generateStorage,openjpa-kernel/src/main/java/org/apache/openjpa/enhance/DynamicStorageGenerator.java,15,2,3,0,0,2,0,10,45,1,4,2,false
0.9.0,resolve,openjpa-kernel/src/main/java/org/apache/openjpa/meta/FieldMetaData.java,22,16,6,1,0,3,2,11,45,3,10,5,false
0.9.0,setContainsId,openjpa-jdbc/src/main/java/org/apache/openjpa/jdbc/kernel/exps/PCPath.java,7,2,4,0,0,0,1,1,37,2,6,0,false
0.9.0,setAddresses,openjpa-kernel/src/main/java/org/apache/openjpa/event/TCPRemoteCommitProvider.java,42,7,14,3,1,0,0,6,45,2,7,6,false
0.9.0,getProcedures,openjpa-lib/src/main/java/org/apache/openjpa/lib/jdbc/LoggingConnectionDecorator.java,4,2,0,1,0,1,0,2,0,1,8,0,false
0.9.0,providedDoubleField,openjpa-kernel/src/main/java/org/apache/openjpa/kernel/StateManagerImpl.java,3,1,0,0,0,0,0,0,45,3,13,0,false
0.9.0,proxyDetachedDeserialized,openjpa-kernel/src/main/java/org/apache/openjpa/kernel/DetachedValueStateManager.java,3,1,0,0,0,0,0,0,45,2,5,0,false
0.9.0,clear,openjpa-jdbc/src/main/java/org/apache/openjpa/jdbc/schema/XMLSchemaSerializer.java,4,1,0,0,0,0,0,0,37,1,2,0,false
0.9.0,size,openjpa-kernel/src/main/java/org/apache/openjpa/kernel/BrokerImpl.java,6,3,3,0,0,1,1,0,45,3,11,0,false
0.9.0,isClosed,openjpa-kernel/src/main/java/org/apache/openjpa/datacache/AbstractDataCache.java,3,1,0,0,0,1,0,0,45,2,5,0,false
0.9.0,isMetaDataMode,openjpa-persistence/src/main/java/org/apache/openjpa/persistence/AnnotationPersistenceMetaDataParser.java,3,2,0,0,0,1,6,0,45,3,11,0,false
0.9.0,isOpen,openjpa-persistence/src/main/java/org/apache/openjpa/persistence/EntityManagerImpl.java,3,1,0,0,0,1,1,3,45,2,7,0,false
0.9.0,evaluate,openjpa-jdbc/src/main/java/org/apache/openjpa/jdbc/kernel/exps/JDBCExpressionFactory.java,4,1,1,0,0,1,0,2,37,3,6,0,false
0.9.0,expectsArguments,openjpa-jdbc/src/main/java/org/apache/openjpa/jdbc/kernel/exps/SQLEmbed.java,3,1,0,0,0,1,0,0,37,2,2,0,false
0.9.0,parseExternalValues,openjpa-kernel/src/main/java/org/apache/openjpa/meta/FieldMetaData.java,23,6,11,4,0,2,2,3,45,3,10,4,false
0.9.0,isFatalEnabled,openjpa-lib/src/main/java/org/apache/openjpa/lib/log/Log4JLogFactory.java,3,2,0,0,0,1,0,0,0,1,5,1,false
0.9.0,getTypeAlias,openjpa-kernel/src/main/java/org/apache/openjpa/enhance/PCRegistry.java,3,1,0,0,0,1,0,1,45,2,4,1,false
0.9.0,getDate,openjpa-lib/src/main/java/org/apache/openjpa/lib/jdbc/DelegatingCallableStatement.java,3,1,0,0,0,0,0,0,0,1,6,0,false
0.9.0,getObjectId,openjpa-kernel/src/main/java/org/apache/openjpa/kernel/StateManagerImpl.java,5,2,2,0,0,1,9,2,45,3,13,2,false
0.9.0,isErrorEnabled,openjpa-lib/src/main/java/org/apache/openjpa/lib/log/Log4JLogFactory.java,3,2,0,0,0,1,0,0,0,1,5,1,false
0.9.0,attach,openjpa-kernel/src/main/java/org/apache/openjpa/kernel/DetachedStateAttachStrategy.java,68,28,26,2,1,1,0,12,45,2,6,5,false
0.9.0,provideField,openjpa-kernel/src/main/java/org/apache/openjpa/kernel/DetachedStateAttachStrategy.java,3,1,0,0,0,0,0,3,45,2,6,0,false
0.9.0,negative,openjpa-kernel/src/main/java/org/apache/openjpa/kernel/jpql/JPQLExpressionBuilder.java,4,4,0,0,0,2,1,1,45,2,8,1,false
0.9.0,getFetchGroups,openjpa-kernel/src/main/java/org/apache/openjpa/meta/FieldMetaData.java,5,4,0,0,0,3,9,2,45,3,10,0,false
0.9.0,getManagedObjects,openjpa-kernel/src/main/java/org/apache/openjpa/kernel/BrokerImpl.java,9,1,0,0,1,1,0,4,45,3,11,0,false
0.9.0,provideField,openjpa-kernel/src/main/java/org/apache/openjpa/kernel/StateManagerImpl.java,5,1,2,0,0,0,23,0,45,3,13,0,false
0.9.0,newProxy,openjpa-kernel/src/main/java/org/apache/openjpa/kernel/DetachedStateManager.java,3,1,0,0,0,0,0,0,45,3,7,0,false
0.9.0,run,openjpa-kernel/src/main/java/org/apache/openjpa/event/TCPRemoteCommitProvider.java,11,3,1,0,1,0,0,4,45,2,7,0,false
0.9.0,getFieldGenerator,openjpa-persistence/src/main/java/org/apache/openjpa/persistence/EntityManagerImpl.java,12,4,3,0,1,1,0,11,45,2,7,3,false
0.9.0,findExportedForeignKeys,openjpa-jdbc/src/main/java/org/apache/openjpa/jdbc/schema/SchemaGroup.java,17,7,7,0,0,2,1,2,37,1,2,2,false
0.9.0,getFetchConfiguration,openjpa-kernel/src/main/java/org/apache/openjpa/kernel/BrokerImpl.java,3,1,0,0,0,1,11,0,45,3,11,0,false
0.9.0,getBooleanExtension,openjpa-kernel/src/main/java/org/apache/openjpa/meta/Extensions.java,4,2,1,0,0,1,1,1,45,1,4,1,false
0.9.0,setAutoCommit,openjpa-lib/src/main/java/org/apache/openjpa/lib/jdbc/ConfiguringConnectionDecorator.java,3,1,1,0,0,0,1,0,0,1,4,0,false
0.9.0,close,openjpa-kernel/src/main/java/org/apache/openjpa/abstractstore/AbstractStoreManager.java,2,1,0,0,0,0,0,0,45,3,6,0,false
0.9.0,isWarnEnabled,openjpa-lib/src/main/java/org/apache/openjpa/lib/log/CommonsLogFactory.java,3,1,0,0,0,1,0,0,0,1,5,0,false
0.9.0,matches,openjpa-lib/src/main/java/org/apache/openjpa/lib/meta/ClassAnnotationMetaDataFilter.java,24,7,19,4,0,3,0,2,0,2,5,1,false
0.9.0,fetchFloat,openjpa-kernel/src/main/java/org/apache/openjpa/kernel/OpenJPAStateManager.java,1,1,0,0,0,0,2,0,45,2,5,0,false
0.9.0,beforeRefresh,openjpa-kernel/src/main/java/org/apache/openjpa/kernel/OpenJPAStateManager.java,1,1,0,0,0,0,0,0,45,2,5,0,false
0.9.0,storeCharField,openjpa-kernel/src/main/java/org/apache/openjpa/kernel/DetachManager.java,4,1,0,0,0,0,0,1,45,4,9,0,false
0.9.0,hasVerticalSubclasses,openjpa-jdbc/src/main/java/org/apache/openjpa/jdbc/kernel/JDBCStoreQuery.java,5,3,2,0,0,2,3,0,37,2,5,0,false
0.9.0,writeObject,openjpa-lib/src/main/java/org/apache/openjpa/lib/util/concurrent/CopyOnWriteArrayList.java,7,2,3,0,0,0,0,1,0,1,5,0,false
0.9.0,commit,openjpa-kernel/src/main/java/org/apache/openjpa/kernel/BrokerImpl.java,3,1,0,0,0,0,0,1,45,3,11,0,false
0.9.0,next,openjpa-lib/src/main/java/org/apache/openjpa/lib/util/concurrent/ConcurrentHashMap.java,6,4,3,0,0,1,0,1,0,1,7,0,false
0.9.0,dereferenceDependent,openjpa-kernel/src/main/java/org/apache/openjpa/kernel/SingleFieldManager.java,3,2,1,0,0,0,1,1,45,2,4,0,false
0.9.0,findChildByID,openjpa-kernel/src/main/java/org/apache/openjpa/kernel/jpql/JPQLExpressionBuilder.java,11,6,3,0,0,3,18,1,45,2,8,1,false
0.9.0,toArray,openjpa-kernel/src/main/java/org/apache/openjpa/kernel/BrokerImpl.java,3,1,0,0,0,0,0,0,45,3,11,0,false
0.9.0,main,openjpa-lib/src/main/java/org/apache/openjpa/lib/jdbc/SQLFormatter.java,6,2,2,0,0,0,0,2,0,1,4,0,false
0.9.0,reset,openjpa-persistence-jdbc/src/main/java/org/apache/openjpa/persistence/jdbc/XMLPersistenceMappingParser.java,9,1,3,0,0,0,0,3,37,2,3,0,false
0.9.0,isReadOnly,openjpa-lib/src/main/java/org/apache/openjpa/lib/jdbc/DelegatingConnection.java,3,1,0,0,0,1,0,0,0,1,7,0,false
0.9.0,write,openjpa-lib/src/main/java/org/apache/openjpa/lib/util/FormatPreservingProperties.java,18,13,0,0,0,4,1,2,0,1,8,0,false
0.9.0,getConnection2UserName,openjpa-kernel/src/main/java/org/apache/openjpa/conf/OpenJPAConfigurationImpl.java,3,1,0,0,0,1,1,1,45,3,13,0,false
0.9.0,requiresParameterDeclarations,openjpa-kernel/src/main/java/org/apache/openjpa/kernel/AbstractStoreQuery.java,3,1,0,0,0,1,0,0,45,2,4,0,false
0.9.0,settingObjectField,openjpa-kernel/src/main/java/org/apache/openjpa/kernel/DetachedStateManager.java,14,3,2,0,1,1,0,3,45,3,7,0,false
0.9.0,getCatalog,openjpa-lib/src/main/java/org/apache/openjpa/lib/jdbc/DelegatingConnection.java,3,1,0,0,0,1,0,0,0,1,7,0,false
0.9.0,getString,openjpa-lib/src/main/java/org/apache/openjpa/lib/conf/PluginValue.java,3,1,0,0,0,1,0,2,0,1,5,0,false
0.9.0,removeName,openjpa-jdbc/src/main/java/org/apache/openjpa/jdbc/schema/NameSet.java,3,3,0,0,0,0,1,0,37,1,2,0,false
0.9.0,getName,openjpa-lib/src/main/java/org/apache/openjpa/lib/meta/FileMetaDataIterator.java,3,1,0,0,0,1,0,0,0,2,7,0,false
0.9.0,getComments,openjpa-kernel/src/main/java/org/apache/openjpa/meta/PersistenceAwareClass.java,3,2,0,0,0,1,0,0,2,1,1,0,false
0.9.0,isDebugEnabled,openjpa-lib/src/main/java/org/apache/openjpa/lib/log/NoneLogFactory.java,3,1,0,0,0,1,0,0,0,1,5,0,false
0.9.0,open,openjpa-jdbc/src/main/java/org/apache/openjpa/jdbc/kernel/GenericResultObjectProvider.java,2,1,0,0,0,0,0,0,37,2,3,0,false
0.9.0,othersInsertsAreVisible,openjpa-kernel/src/main/java/org/apache/openjpa/kernel/BrokerImpl.java,3,1,0,0,0,1,0,0,45,3,11,0,false
0.9.0,closeDataSource,openjpa-jdbc/src/main/java/org/apache/openjpa/jdbc/schema/DataSourceFactory.java,4,2,1,0,0,0,1,1,37,1,2,0,false
0.9.0,getResultSet,openjpa-lib/src/main/java/org/apache/openjpa/lib/jdbc/DelegatingPreparedStatement.java,6,2,2,0,0,1,3,2,0,1,6,1,false
0.9.0,cancelAll,openjpa-kernel/src/main/java/org/apache/openjpa/abstractstore/AbstractStoreManager.java,3,1,0,0,0,1,0,0,45,3,6,0,false
0.9.0,newInstance,openjpa-kernel/src/main/java/org/apache/openjpa/enhance/PCRegistry.java,4,2,1,0,0,1,4,1,45,2,4,1,false
0.9.0,getType,openjpa-kernel/src/main/java/org/apache/openjpa/kernel/exps/FilterListener.java,1,1,0,0,0,0,0,0,45,1,4,0,false
0.9.0,remove,openjpa-kernel/src/main/java/org/apache/openjpa/datacache/DelegatingDataCache.java,9,3,0,0,1,2,0,2,45,2,5,1,false
0.9.0,rollback,openjpa-lib/src/main/java/org/apache/openjpa/lib/jdbc/JDBCEventConnectionDecorator.java,9,1,1,0,1,0,0,2,0,1,5,0,false
0.9.0,fetchChar,openjpa-kernel/src/main/java/org/apache/openjpa/kernel/OpenJPAStateManager.java,1,1,0,0,0,0,2,0,45,2,5,0,false
0.9.0,getType,openjpa-jdbc/src/main/java/org/apache/openjpa/jdbc/kernel/exps/ConstGetObjectId.java,3,1,0,0,0,1,0,0,37,2,2,0,false
0.9.0,getInnermostDelegate,openjpa-kernel/src/main/java/org/apache/openjpa/kernel/DelegatingStoreManager.java,3,2,0,0,0,1,3,1,45,3,5,0,false
0.9.0,newJoinsSelect,openjpa-jdbc/src/main/java/org/apache/openjpa/jdbc/kernel/exps/SelectConstructor.java,28,15,4,0,0,1,1,2,37,2,8,1,false
0.9.0,appendIsNotNull,openjpa-jdbc/src/main/java/org/apache/openjpa/jdbc/kernel/exps/Args.java,2,1,0,0,0,0,0,0,37,2,3,0,false
0.9.0,endSystemMappingElement,openjpa-persistence-jdbc/src/main/java/org/apache/openjpa/persistence/jdbc/XMLPersistenceMappingParser.java,15,5,2,0,0,1,0,2,37,2,3,0,false
0.9.0,setConnectionDriverName,openjpa-jdbc/src/main/java/org/apache/openjpa/jdbc/schema/SimpleDriverDataSource.java,3,1,1,0,0,0,0,0,37,2,2,0,false
0.9.0,setConfiguration,openjpa-kernel/src/main/java/org/apache/openjpa/ee/AutomaticManagedRuntime.java,3,1,1,0,0,0,0,0,45,1,4,0,false
0.9.0,startConfiguration,openjpa-jdbc/src/main/java/org/apache/openjpa/jdbc/schema/SimpleDriverDataSource.java,2,1,0,0,0,0,0,0,37,2,2,0,false
0.9.0,newConfiguration,openjpa-kernel/src/main/java/org/apache/openjpa/abstractstore/AbstractStoreManager.java,3,1,0,0,0,1,1,1,45,3,6,0,false
0.9.0,open,openjpa-kernel/src/main/java/org/apache/openjpa/abstractstore/AbstractStoreManager.java,1,1,0,0,0,0,0,0,45,3,6,0,false
0.9.0,getFetchSize,openjpa-lib/src/main/java/org/apache/openjpa/lib/jdbc/DelegatingCallableStatement.java,3,1,0,0,0,1,0,0,0,1,6,0,false
0.9.0,appendHashCodeCode,openjpa-kernel/src/main/java/org/apache/openjpa/enhance/ApplicationIdTool.java,32,10,2,1,0,0,1,0,45,2,6,39,false
0.9.0,getCacheMap,openjpa-kernel/src/main/java/org/apache/openjpa/datacache/ConcurrentDataCache.java,3,1,0,0,0,1,0,0,45,2,4,0,false
0.9.0,isUnique,openjpa-kernel/src/main/java/org/apache/openjpa/kernel/QueryContext.java,1,1,0,0,0,0,2,0,45,1,4,0,false
0.9.0,setBoolean,openjpa-lib/src/main/java/org/apache/openjpa/lib/jdbc/DelegatingPreparedStatement.java,3,1,0,0,0,0,0,0,0,1,6,0,false
0.9.0,syncVersion,openjpa-kernel/src/main/java/org/apache/openjpa/kernel/StateManagerImpl.java,3,1,0,0,0,1,4,1,45,3,13,1,false
0.9.0,rollbackOptimistic,openjpa-kernel/src/main/java/org/apache/openjpa/abstractstore/AbstractStoreManager.java,2,1,0,0,0,0,0,0,45,3,6,0,false
0.9.0,addListener,openjpa-jdbc/src/main/java/org/apache/openjpa/jdbc/schema/SchemaGenerator.java,4,2,1,0,0,0,0,0,37,1,2,0,false
0.9.0,getClassLoader,openjpa-kernel/src/main/java/org/apache/openjpa/kernel/BrokerImpl.java,3,1,0,0,0,1,9,0,45,3,11,0,false
0.9.0,getDriverName,openjpa-lib/src/main/java/org/apache/openjpa/lib/jdbc/DelegatingDatabaseMetaData.java,3,1,0,0,0,1,0,0,0,1,4,0,false
0.9.0,providedLongField,openjpa-kernel/src/main/java/org/apache/openjpa/kernel/DetachedStateManager.java,3,1,1,0,0,0,0,0,45,3,7,0,false
0.9.0,compareVersion,openjpa-kernel/src/main/java/org/apache/openjpa/kernel/VersionAttachStrategy.java,16,6,2,0,0,1,4,6,45,3,7,1,false
0.9.0,resolveIndexes,openjpa-jdbc/src/main/java/org/apache/openjpa/jdbc/schema/XMLSchemaParser.java,14,4,5,0,0,0,1,2,37,1,2,5,false
0.9.0,getStatement,openjpa-lib/src/main/java/org/apache/openjpa/lib/jdbc/JDBCEvent.java,3,1,0,0,0,1,0,0,0,1,4,0,false
0.9.0,executeQuery,openjpa-lib/src/main/java/org/apache/openjpa/lib/jdbc/DelegatingCallableStatement.java,3,1,0,0,0,1,0,1,0,1,6,0,false
0.9.0,setConfiguration,openjpa-kernel/src/main/java/org/apache/openjpa/ee/InvocationManagedRuntime.java,3,1,1,0,0,0,1,0,45,1,3,0,false
0.9.0,getValueType,openjpa-lib/src/main/java/org/apache/openjpa/lib/conf/IntValue.java,3,1,0,0,0,1,0,0,0,1,4,0,false
0.9.0,getPCState,openjpa-kernel/src/main/java/org/apache/openjpa/kernel/DetachedStateManager.java,3,1,0,0,0,0,0,0,45,3,7,0,false
0.9.0,setProperties,openjpa-lib/src/main/java/org/apache/openjpa/lib/conf/PluginListValue.java,6,2,2,0,0,0,0,2,0,1,5,0,false
0.9.0,and,openjpa-kernel/src/main/java/org/apache/openjpa/kernel/jpql/JPQLExpressionBuilder.java,3,3,0,0,0,1,12,0,45,2,8,0,false
0.9.0,addListener,openjpa-kernel/src/main/java/org/apache/openjpa/event/RemoteCommitEventManager.java,4,2,0,0,0,0,0,1,45,1,4,0,false
0.9.0,newConfiguration,openjpa-jdbc/src/main/java/org/apache/openjpa/jdbc/ant/SchemaToolTask.java,3,1,0,0,0,1,0,1,37,2,3,0,false
0.9.0,getAutoCommit,openjpa-lib/src/main/java/org/apache/openjpa/lib/jdbc/DelegatingConnection.java,3,1,0,0,0,1,2,0,0,1,7,0,false
0.9.0,getObjectIdClass,openjpa-persistence/src/main/java/org/apache/openjpa/persistence/EntityManagerImpl.java,4,2,0,0,0,2,0,5,45,2,7,0,false
0.9.0,getPendingTransactionalStates,openjpa-kernel/src/main/java/org/apache/openjpa/kernel/BrokerImpl.java,4,2,0,0,0,2,1,0,45,3,11,0,false
0.9.0,switchStructure,openjpa-kernel/src/main/java/org/apache/openjpa/util/AbstractChangeTracker.java,14,9,1,0,0,6,1,0,45,1,4,0,false
0.9.0,clearParameters,openjpa-lib/src/main/java/org/apache/openjpa/lib/jdbc/DelegatingCallableStatement.java,3,1,0,0,0,0,0,0,0,1,6,0,false
0.9.0,setResultSetType,openjpa-jdbc/src/main/java/org/apache/openjpa/jdbc/kernel/DelegatingJDBCFetchConfiguration.java,1,1,0,0,0,0,1,0,37,2,3,0,false
0.9.0,setWriteLockLevel,openjpa-kernel/src/main/java/org/apache/openjpa/conf/OpenJPAConfiguration.java,1,1,0,0,0,0,0,0,45,3,8,0,false
0.9.0,getSelectAliases,openjpa-jdbc/src/main/java/org/apache/openjpa/jdbc/sql/LogicalUnion.java,3,1,0,0,0,1,0,1,37,2,4,0,false
0.9.0,getJoins,openjpa-jdbc/src/main/java/org/apache/openjpa/jdbc/kernel/exps/NotContainsExpression.java,3,1,0,0,0,1,0,0,37,2,3,0,false
0.9.0,getLockLevel,openjpa-kernel/src/main/java/org/apache/openjpa/kernel/StoreContext.java,1,1,0,0,0,0,0,0,45,3,6,0,false
0.9.0,setAsciiStream,openjpa-lib/src/main/java/org/apache/openjpa/lib/jdbc/DelegatingCallableStatement.java,3,1,0,0,0,0,0,0,0,1,6,0,false
0.9.0,addDeclaredField,openjpa-kernel/src/main/java/org/apache/openjpa/meta/ClassMetaData.java,6,1,1,0,0,1,5,2,45,3,8,0,false
0.9.0,group,openjpa-kernel/src/main/java/org/apache/openjpa/kernel/exps/InMemoryExpressionFactory.java,27,9,12,0,0,2,1,1,45,3,6,0,false
0.9.0,getClassLoader,openjpa-kernel-5/src/main/java/org/apache/openjpa/enhance/PCEnhancerAgent.java,3,1,0,0,0,1,0,0,45,2,6,0,false
0.9.0,getVendor,openjpa-kernel/src/main/java/org/apache/openjpa/meta/Extensions.java,3,2,0,0,0,1,3,0,45,1,4,0,false
0.9.0,defineSuperclassFields,openjpa-kernel/src/main/java/org/apache/openjpa/meta/ClassMetaData.java,15,8,3,0,0,1,5,13,45,3,8,2,false
0.9.0,getDiscriminatorValue,openjpa-jdbc/src/main/java/org/apache/openjpa/jdbc/meta/strats/InValueDiscriminatorStrategy.java,1,1,0,0,0,0,5,0,37,2,2,0,false
0.9.0,doesMaxRowSizeIncludeBlobs,openjpa-lib/src/main/java/org/apache/openjpa/lib/jdbc/DelegatingDatabaseMetaData.java,3,1,0,0,0,1,0,0,0,1,4,0,false
0.9.0,validateSQL,openjpa-persistence/src/main/java/org/apache/openjpa/persistence/EntityManagerImpl.java,3,3,0,0,0,0,2,1,45,2,7,1,false
0.9.0,appendIsNotEmpty,openjpa-jdbc/src/main/java/org/apache/openjpa/jdbc/kernel/exps/AbstractVal.java,3,1,0,0,0,0,0,0,37,2,4,0,false
0.9.0,clone,openjpa-jdbc/src/main/java/org/apache/openjpa/jdbc/schema/SchemaGroup.java,5,1,1,0,0,1,0,2,37,1,2,1,false
0.9.0,afterStateTransitions,openjpa-kernel/src/main/java/org/apache/openjpa/event/RemoteCommitEventManager.java,2,1,0,0,0,0,0,0,45,1,4,0,false
0.9.0,getResultObject,openjpa-kernel/src/main/java/org/apache/openjpa/kernel/AbstractPCResultObjectProvider.java,9,2,5,0,0,1,0,7,45,2,5,2,false
0.9.0,copyInto,openjpa-jdbc/src/main/java/org/apache/openjpa/jdbc/sql/PrimaryRow.java,29,17,10,0,0,1,0,0,37,1,2,2,false
0.9.0,getReadLockMode,openjpa-persistence/src/main/java/org/apache/openjpa/persistence/FetchPlan.java,3,1,0,0,0,1,2,1,45,2,5,0,false
0.9.0,getFirstResult,openjpa-persistence/src/main/java/org/apache/openjpa/persistence/QueryImpl.java,3,1,0,0,0,1,0,2,45,2,6,0,false
0.9.0,isLoaded,openjpa-kernel/src/main/java/org/apache/openjpa/datacache/DataCachePCDataImpl.java,3,1,0,0,0,1,0,0,45,1,3,0,false
0.9.0,setCharacterStream,openjpa-lib/src/main/java/org/apache/openjpa/lib/jdbc/LoggingConnectionDecorator.java,4,1,0,0,0,0,0,1,0,1,8,0,false
0.9.0,getSuperTypes,openjpa-lib/src/main/java/org/apache/openjpa/lib/jdbc/DelegatingDatabaseMetaData.java,3,1,0,0,0,0,0,0,0,1,4,0,false
0.9.0,findField,openjpa-kernel/src/main/java/org/apache/openjpa/meta/ClassMetaData.java,9,6,0,0,1,3,2,1,45,3,8,0,false
0.9.0,afterPrepareStatement,openjpa-lib/src/main/java/org/apache/openjpa/lib/jdbc/AbstractJDBCListener.java,1,1,0,0,0,0,1,0,0,1,4,0,false
0.9.0,updateImpls,openjpa-kernel/src/main/java/org/apache/openjpa/meta/MetaDataRepository.java,15,8,3,0,0,0,2,4,45,3,8,2,false
0.9.0,wrapLine,openjpa-lib/src/main/java/org/apache/openjpa/lib/jdbc/SQLFormatter.java,32,8,8,1,0,1,1,0,0,1,4,0,false
0.9.0,makeReadOnly,openjpa-kernel/src/main/java/org/apache/openjpa/kernel/AbstractBrokerFactory.java,32,7,8,0,1,2,6,12,45,2,6,8,false
0.9.0,executeUpdate,openjpa-lib/src/main/java/org/apache/openjpa/lib/jdbc/DelegatingCallableStatement.java,3,1,0,0,0,0,0,0,0,1,6,0,false
0.9.0,iterator,openjpa-lib/src/main/java/org/apache/openjpa/lib/util/concurrent/CopyOnWriteArrayList.java,3,1,0,0,0,1,0,1,0,1,5,0,false
0.9.0,startEntityListener,openjpa-persistence/src/main/java/org/apache/openjpa/persistence/XMLPersistenceMetaDataParser.java,17,9,8,0,0,2,2,8,45,2,6,0,false
0.9.0,locatorsUpdateCopy,openjpa-lib/src/main/java/org/apache/openjpa/lib/jdbc/DelegatingDatabaseMetaData.java,3,1,0,0,0,0,0,0,0,1,4,0,false
0.9.0,startDTD,openjpa-lib/src/main/java/org/apache/openjpa/lib/meta/XMLMetaDataParser.java,3,2,0,0,0,0,0,1,0,2,9,0,false
0.9.0,processEagerParallelResult,openjpa-jdbc/src/main/java/org/apache/openjpa/jdbc/meta/strats/RelationFieldStrategy.java,17,3,7,0,0,1,1,1,37,2,5,1,false
0.9.0,connect,openjpa-jdbc/src/main/java/org/apache/openjpa/jdbc/kernel/JDBCStoreManager.java,13,4,1,0,1,0,2,2,37,3,9,0,false
0.9.0,getWarningAction,openjpa-lib/src/main/java/org/apache/openjpa/lib/jdbc/LoggingConnectionDecorator.java,3,1,0,0,0,1,0,0,0,1,8,0,false
0.9.0,isSeendVariable,openjpa-kernel/src/main/java/org/apache/openjpa/kernel/jpql/JPQLExpressionBuilder.java,3,2,0,0,0,1,1,0,45,2,8,0,false
0.9.0,setSavepointManager,openjpa-kernel/src/main/java/org/apache/openjpa/conf/OpenJPAConfiguration.java,1,1,0,0,0,0,0,0,45,3,8,0,false
0.9.0,isPath,openjpa-kernel/src/main/java/org/apache/openjpa/kernel/jpql/JPQLExpressionBuilder.java,10,6,2,0,0,6,3,7,45,2,8,1,false
0.9.0,open,openjpa-kernel/src/main/java/org/apache/openjpa/datacache/QueryCacheStoreQuery.java,4,1,2,0,0,0,1,0,45,2,7,0,false
0.9.0,removeAllInternal,openjpa-kernel/src/main/java/org/apache/openjpa/datacache/ConcurrentDataCache.java,3,1,0,0,0,0,0,0,45,2,4,0,false
0.9.0,store,openjpa-kernel/src/main/java/org/apache/openjpa/kernel/StateManagerImpl.java,16,8,2,0,1,0,1,7,45,3,13,0,false
0.9.0,add,openjpa-kernel/src/main/java/org/apache/openjpa/kernel/Filters.java,3,1,0,0,0,1,0,1,45,2,10,0,false
0.9.0,close,openjpa-kernel/src/main/java/org/apache/openjpa/util/ImplHelper.java,11,4,0,0,1,0,5,1,45,3,10,2,false
0.9.0,getStoreContext,openjpa-kernel/src/main/java/org/apache/openjpa/kernel/QueryContext.java,1,1,0,0,0,0,12,0,45,1,4,0,false
0.9.0,setCursorName,openjpa-lib/src/main/java/org/apache/openjpa/lib/jdbc/DelegatingStatement.java,3,1,0,0,0,0,0,0,0,1,5,0,false
0.9.0,removeQueryMetaData,openjpa-kernel/src/main/java/org/apache/openjpa/meta/MetaDataRepository.java,4,3,0,0,0,2,0,1,45,3,8,0,false
0.9.0,clearRelationId,openjpa-jdbc/src/main/java/org/apache/openjpa/jdbc/sql/PrimaryRow.java,8,2,3,0,0,0,0,1,37,1,2,0,false
0.9.0,containsNullValue,openjpa-lib/src/main/java/org/apache/openjpa/lib/util/concurrent/ConcurrentHashMap.java,9,4,4,0,0,2,1,0,0,1,7,0,false
0.9.0,hasVariable,openjpa-jdbc/src/main/java/org/apache/openjpa/jdbc/kernel/exps/OrExpression.java,3,1,0,0,0,1,0,1,37,2,3,0,false
0.9.0,storeBoolean,openjpa-kernel/src/main/java/org/apache/openjpa/kernel/DetachedValueStateManager.java,3,1,0,0,0,0,0,0,45,2,5,0,false
0.9.0,getAscending,openjpa-kernel/src/main/java/org/apache/openjpa/kernel/AbstractStoreQuery.java,3,1,0,0,0,1,0,0,45,2,4,0,false
0.9.0,evictTypes,openjpa-kernel/src/main/java/org/apache/openjpa/datacache/DataCacheStoreManager.java,12,4,5,0,0,1,1,3,45,4,9,2,false
0.9.0,newQuery,openjpa-kernel/src/main/java/org/apache/openjpa/kernel/DelegatingStoreManager.java,3,1,0,0,0,1,1,1,45,3,5,0,false
0.9.0,flush,openjpa-persistence/src/main/java/org/apache/openjpa/persistence/EntityManagerImpl.java,4,1,0,0,0,0,0,5,45,2,7,0,false
0.9.0,setCandidate,openjpa-kernel/src/main/java/org/apache/openjpa/kernel/jpql/JPQLExpressionBuilder.java,5,3,2,0,0,0,7,2,45,2,8,1,false
0.9.0,delete,openjpa-kernel/src/main/java/org/apache/openjpa/kernel/SingleFieldManager.java,5,7,1,0,0,1,2,0,45,2,4,0,false
0.9.0,currentParent,openjpa-persistence/src/main/java/org/apache/openjpa/persistence/XMLPersistenceMetaDataParser.java,4,2,0,0,0,2,2,0,45,2,6,0,false
0.9.0,getRelationIdSet,openjpa-jdbc/src/main/java/org/apache/openjpa/jdbc/sql/PrimaryRow.java,3,2,0,0,0,1,0,1,37,1,2,0,false
0.9.0,lessThan,openjpa-kernel/src/main/java/org/apache/openjpa/kernel/exps/InMemoryExpressionFactory.java,3,1,0,0,0,1,0,0,45,3,6,0,false
0.9.0,getConnectionRetainMode,openjpa-kernel/src/main/java/org/apache/openjpa/conf/OpenJPAConfiguration.java,1,1,0,0,0,0,2,0,45,3,8,0,false
0.9.0,fetchDouble,openjpa-kernel/src/main/java/org/apache/openjpa/kernel/OpenJPAStateManager.java,1,1,0,0,0,0,2,0,45,2,5,0,false
0.9.0,setData,openjpa-kernel/src/main/java/org/apache/openjpa/datacache/DataCachePCDataImpl.java,3,1,0,0,0,0,0,0,45,1,3,0,false
0.9.0,getRestoreState,openjpa-kernel/src/main/java/org/apache/openjpa/conf/OpenJPAConfiguration.java,1,1,0,0,0,0,0,0,45,3,8,0,false
0.9.0,initialize,openjpa-kernel/src/main/java/org/apache/openjpa/kernel/StateManagerImpl.java,20,8,7,0,0,0,10,13,45,3,13,4,false
0.9.0,getString,openjpa-lib/src/main/java/org/apache/openjpa/lib/jdbc/DelegatingResultSet.java,3,1,0,0,0,1,0,0,0,1,4,0,false
0.9.0,getQueryString,openjpa-persistence/src/main/java/org/apache/openjpa/persistence/QueryImpl.java,3,1,0,0,0,1,2,0,45,2,6,0,false
0.9.0,fetchLong,openjpa-kernel/src/main/java/org/apache/openjpa/kernel/DetachedValueStateManager.java,3,1,0,0,0,0,0,0,45,2,5,0,false
0.9.0,endClassMappingElement,openjpa-persistence/src/main/java/org/apache/openjpa/persistence/XMLPersistenceMetaDataParser.java,2,1,0,0,0,0,1,0,45,2,6,0,false
0.9.0,isClassElementName,openjpa-persistence/src/main/java/org/apache/openjpa/persistence/XMLPersistenceMetaDataParser.java,3,1,0,0,0,1,0,0,45,2,6,0,false
0.9.0,reset,openjpa-kernel/src/main/java/org/apache/openjpa/kernel/AbstractPCResultObjectProvider.java,3,1,0,0,0,0,0,0,45,2,5,0,false
0.9.0,calculateValue,openjpa-jdbc/src/main/java/org/apache/openjpa/jdbc/kernel/exps/UnaryOp.java,3,1,0,0,0,0,1,0,37,2,5,0,false
0.9.0,getDirectory,openjpa-kernel/src/main/java/org/apache/openjpa/enhance/ApplicationIdTool.java,3,1,0,0,0,1,0,0,45,2,6,0,false
0.9.0,persist,openjpa-kernel/src/main/java/org/apache/openjpa/kernel/StateManagerImpl.java,3,1,0,0,0,0,2,1,45,3,13,0,false
0.9.0,beforeExecuteStatement,openjpa-jdbc/src/main/java/org/apache/openjpa/jdbc/kernel/JDBCStoreManager.java,3,1,0,0,0,0,5,0,37,3,9,0,false
0.9.0,hasVariable,openjpa-jdbc/src/main/java/org/apache/openjpa/jdbc/kernel/exps/CompareEqualExpression.java,3,1,0,0,0,1,0,0,37,2,3,0,false
0.9.0,getManagedRuntime,openjpa-persistence/src/main/java/org/apache/openjpa/persistence/EntityManagerImpl.java,3,1,0,0,0,1,0,1,45,2,7,0,false
0.9.0,getInstance,openjpa-lib/src/main/java/org/apache/openjpa/lib/log/NoneLogFactory.java,3,1,0,0,0,1,3,0,0,1,5,0,false
0.9.0,hasContainsExpression,openjpa-jdbc/src/main/java/org/apache/openjpa/jdbc/kernel/exps/IsEmptyExpression.java,3,1,0,0,0,1,0,0,37,2,3,0,false
0.9.0,getFile,openjpa-lib/src/main/java/org/apache/openjpa/lib/meta/FileMetaDataIterator.java,4,2,0,0,0,1,0,0,0,2,7,0,false
0.9.0,getValidate,openjpa-kernel/src/main/java/org/apache/openjpa/meta/MetaDataRepository.java,3,1,0,0,0,1,4,0,45,3,8,0,false
0.9.0,getCode,openjpa-kernel/src/main/java/org/apache/openjpa/enhance/CodeGenerator.java,3,2,0,0,0,1,0,0,45,2,6,0,false
0.9.0,endClassMapping,openjpa-persistence-jdbc/src/main/java/org/apache/openjpa/persistence/jdbc/XMLPersistenceMappingParser.java,22,6,2,0,0,0,0,1,37,2,3,3,false
0.9.0,newUnboundVariable,openjpa-kernel/src/main/java/org/apache/openjpa/kernel/exps/InMemoryExpressionFactory.java,6,2,2,0,0,1,0,0,45,3,6,0,false
0.9.0,setMode,openjpa-persistence/src/main/java/org/apache/openjpa/persistence/XMLPersistenceMetaDataSerializer.java,5,3,0,0,0,0,0,1,45,2,6,0,false
0.9.0,getLock,openjpa-kernel/src/main/java/org/apache/openjpa/kernel/StateManagerImpl.java,3,1,0,0,0,1,0,0,45,3,13,0,false
0.9.0,setObjectIdType,openjpa-kernel/src/main/java/org/apache/openjpa/enhance/ApplicationIdTool.java,8,8,4,1,0,1,2,2,45,2,6,1,false
0.9.0,getForeignKeyWhere,openjpa-jdbc/src/main/java/org/apache/openjpa/jdbc/sql/PrimaryRow.java,3,2,0,0,0,1,0,0,37,1,2,0,false
0.9.0,supportsTransactions,openjpa-lib/src/main/java/org/apache/openjpa/lib/jdbc/DelegatingDatabaseMetaData.java,3,1,0,0,0,1,0,0,0,1,4,0,false
0.9.0,setBinaryStream,openjpa-lib/src/main/java/org/apache/openjpa/lib/jdbc/DelegatingCallableStatement.java,3,1,0,0,0,0,0,0,0,1,6,0,false
0.9.0,hashCode,openjpa-lib/src/main/java/org/apache/openjpa/lib/jdbc/DelegatingResultSet.java,3,1,0,0,0,1,1,0,0,1,4,0,false
0.9.0,newInMemoryExecutor,openjpa-kernel/src/main/java/org/apache/openjpa/kernel/MethodStoreQuery.java,1,1,0,0,0,0,2,0,45,2,5,0,false
0.9.0,validateMeta,openjpa-kernel/src/main/java/org/apache/openjpa/meta/ClassMetaData.java,7,1,0,0,0,0,1,6,45,3,8,0,false
0.9.0,getEqualsByteArrayCode,openjpa-kernel/src/main/java/org/apache/openjpa/enhance/ApplicationIdTool.java,16,1,1,0,0,1,1,1,45,2,6,46,false
0.9.0,getConnection2Properties,openjpa-kernel/src/main/java/org/apache/openjpa/conf/OpenJPAConfiguration.java,1,1,0,0,0,0,0,0,45,3,8,0,false
0.9.0,getPrettyPrint,openjpa-lib/src/main/java/org/apache/openjpa/lib/jdbc/LoggingConnectionDecorator.java,3,1,0,0,0,1,0,0,0,1,8,0,false
0.9.0,getFloat,openjpa-lib/src/main/java/org/apache/openjpa/lib/jdbc/DelegatingResultSet.java,3,1,0,0,0,1,0,0,0,1,4,0,false
0.9.0,replaceStateManager,openjpa-kernel/src/main/java/org/apache/openjpa/kernel/DetachedValueStateManager.java,3,1,0,0,0,1,0,0,45,2,5,0,false
0.9.0,recordEager,openjpa-jdbc/src/main/java/org/apache/openjpa/jdbc/meta/QueryResultMapping.java,18,5,5,1,0,0,1,1,37,1,2,4,false
0.9.0,getTransactionManager,openjpa-kernel/src/main/java/org/apache/openjpa/ee/InvocationManagedRuntime.java,7,2,2,0,0,1,1,1,45,1,3,2,false
0.9.0,setLargeTransaction,openjpa-kernel/src/main/java/org/apache/openjpa/kernel/StoreContext.java,1,1,0,0,0,0,0,0,45,3,6,0,false
0.9.0,select,openjpa-jdbc/src/main/java/org/apache/openjpa/jdbc/kernel/exps/UnaryOp.java,4,2,0,0,0,0,0,2,37,2,5,0,false
0.9.0,getType,openjpa-lib/src/main/java/org/apache/openjpa/lib/util/Options.java,4,2,0,0,0,2,2,0,0,1,8,0,false
0.9.0,newRepository,openjpa-persistence/src/main/java/org/apache/openjpa/persistence/XMLPersistenceMetaDataParser.java,3,1,0,0,0,1,1,0,45,2,6,0,false
0.9.0,select,openjpa-jdbc/src/main/java/org/apache/openjpa/jdbc/meta/strats/SubclassJoinDiscriminatorStrategy.java,20,8,6,0,0,3,0,3,37,2,2,1,false
0.9.0,toClassNames,openjpa-kernel/src/main/java/org/apache/openjpa/event/RemoteCommitEventManager.java,6,3,2,0,0,2,1,0,45,1,4,0,false
0.9.0,greaterThan,openjpa-kernel/src/main/java/org/apache/openjpa/kernel/exps/InMemoryExpressionFactory.java,3,1,0,0,0,1,0,0,45,3,6,0,false
0.9.0,getMapping,openjpa-jdbc/src/main/java/org/apache/openjpa/jdbc/meta/QueryResultMapping.java,3,2,0,0,0,1,0,0,37,1,2,0,false
0.9.0,getCopyObjectIds,openjpa-kernel/src/main/java/org/apache/openjpa/conf/Compatibility.java,3,1,0,0,0,1,0,0,45,1,3,0,false
0.9.0,isAggregate,openjpa-kernel/src/main/java/org/apache/openjpa/kernel/AbstractStoreQuery.java,3,1,0,0,0,1,0,0,45,2,4,0,false
0.9.0,rollback,openjpa-lib/src/main/java/org/apache/openjpa/lib/jdbc/ConfiguringConnectionDecorator.java,4,4,0,0,0,0,0,1,0,1,4,0,false
0.9.0,assignObjectId,openjpa-jdbc/src/main/java/org/apache/openjpa/jdbc/kernel/JDBCStoreManager.java,9,5,3,0,0,3,1,6,37,3,9,2,false
0.9.0,getManagedType,openjpa-jdbc/src/main/java/org/apache/openjpa/jdbc/kernel/JDBCStoreManager.java,4,2,0,0,0,2,1,0,37,3,9,0,false
0.9.0,initialize,openjpa-jdbc/src/main/java/org/apache/openjpa/jdbc/kernel/exps/PCPath.java,46,16,27,0,0,0,2,1,37,2,6,2,false
0.9.0,getURL,openjpa-lib/src/main/java/org/apache/openjpa/lib/jdbc/DelegatingResultSet.java,3,1,0,0,0,0,0,0,0,1,4,0,false
0.9.0,assertJDBC3,openjpa-lib/src/main/java/org/apache/openjpa/lib/jdbc/DelegatingConnection.java,3,2,0,0,0,0,15,0,0,1,7,0,false
0.9.0,setClassNames,openjpa-lib/src/main/java/org/apache/openjpa/lib/conf/PluginListValue.java,6,2,2,0,0,0,0,2,0,1,5,0,false
0.9.0,getIndependentExpressionCandidates,openjpa-jdbc/src/main/java/org/apache/openjpa/jdbc/kernel/JDBCStoreQuery.java,4,2,0,0,0,2,0,0,37,2,5,0,false
0.9.0,getType,openjpa-jdbc/src/main/java/org/apache/openjpa/jdbc/kernel/exps/Null.java,3,1,0,0,0,1,0,0,37,2,2,0,false
0.9.0,getObjectId,openjpa-persistence/src/main/java/org/apache/openjpa/persistence/EntityManagerImpl.java,3,1,0,0,0,1,0,5,45,2,7,0,false
0.9.0,parseManyToOne,openjpa-persistence/src/main/java/org/apache/openjpa/persistence/XMLPersistenceMetaDataParser.java,7,3,1,0,0,0,1,3,45,2,6,0,false
0.9.0,orContains,openjpa-jdbc/src/main/java/org/apache/openjpa/jdbc/kernel/exps/InExpression.java,20,10,4,0,0,0,1,0,37,2,4,0,false
0.9.0,getDelegate,openjpa-lib/src/main/java/org/apache/openjpa/lib/jdbc/DelegatingResultSet.java,3,1,0,0,0,1,2,0,0,1,4,0,false
0.9.0,setDataCacheName,openjpa-kernel/src/main/java/org/apache/openjpa/meta/ClassMetaData.java,3,1,1,0,0,0,1,0,45,3,8,0,false
0.9.0,getManagedInstance,openjpa-kernel/src/main/java/org/apache/openjpa/kernel/DetachedValueStateManager.java,3,1,0,0,0,1,0,0,45,2,5,0,false
0.9.0,setConfiguration,openjpa-kernel/src/main/java/org/apache/openjpa/util/ProxyManagerImpl.java,3,1,1,0,0,0,0,0,45,1,5,0,false
0.9.0,setTrackParameters,openjpa-lib/src/main/java/org/apache/openjpa/lib/jdbc/LoggingConnectionDecorator.java,3,1,1,0,0,0,0,0,0,1,8,0,false
0.9.0,getType,openjpa-lib/src/main/java/org/apache/openjpa/lib/jdbc/DelegatingResultSet.java,3,1,0,0,0,1,0,0,0,1,4,0,false
0.9.0,getRepository,openjpa-persistence/src/main/java/org/apache/openjpa/persistence/XMLPersistenceMetaDataParser.java,10,4,4,0,0,1,8,4,45,2,6,1,false
0.9.0,updateAsciiStream,openjpa-lib/src/main/java/org/apache/openjpa/lib/jdbc/DelegatingResultSet.java,3,1,0,0,0,0,0,0,0,1,4,0,false
0.9.0,fromObjectId,openjpa-kernel/src/main/java/org/apache/openjpa/datacache/QueryCacheStoreQuery.java,6,3,1,0,0,2,2,0,45,2,7,0,false
0.9.0,removeDeclaredField,openjpa-kernel/src/main/java/org/apache/openjpa/meta/ClassMetaData.java,7,3,0,0,0,2,0,2,45,3,8,0,false
0.9.0,newInstance,openjpa-jdbc/src/main/java/org/apache/openjpa/jdbc/kernel/JDBCFetchConfigurationImpl.java,4,2,1,0,0,1,0,1,37,3,6,0,false
0.9.0,setClob,openjpa-lib/src/main/java/org/apache/openjpa/lib/jdbc/LoggingConnectionDecorator.java,4,1,0,0,0,0,0,1,0,1,8,0,false
0.9.0,supportsOrderByUnrelated,openjpa-lib/src/main/java/org/apache/openjpa/lib/jdbc/DelegatingDatabaseMetaData.java,3,1,0,0,0,1,0,0,0,1,4,0,false
0.9.0,setManagement,openjpa-kernel/src/main/java/org/apache/openjpa/meta/FieldMetaData.java,4,2,1,0,0,0,4,1,45,3,10,0,false
0.9.0,getJoinForeignKey,openjpa-jdbc/src/main/java/org/apache/openjpa/jdbc/meta/strats/ContainerFieldStrategy.java,1,1,0,0,0,0,2,0,37,2,2,0,false
0.9.0,replaceDoubleField,openjpa-kernel/src/main/java/org/apache/openjpa/kernel/DetachedStateManager.java,3,1,0,0,0,1,0,0,45,3,7,0,false
0.9.0,setContext,openjpa-jdbc/src/main/java/org/apache/openjpa/jdbc/kernel/JDBCFetchConfigurationImpl.java,11,2,1,0,0,1,0,13,37,3,6,7,false
0.9.0,supportsANSI92IntermediateSQL,openjpa-lib/src/main/java/org/apache/openjpa/lib/jdbc/DelegatingDatabaseMetaData.java,3,1,0,0,0,1,0,0,0,1,4,0,false
0.9.0,close,openjpa-lib/src/main/java/org/apache/openjpa/lib/meta/FileMetaDataIterator.java,2,1,0,0,0,0,0,0,0,2,7,0,false
0.9.0,resolvePrimaryKeys,openjpa-jdbc/src/main/java/org/apache/openjpa/jdbc/schema/XMLSchemaParser.java,14,4,5,0,0,0,1,2,37,1,2,5,false
0.9.0,fetchInt,openjpa-kernel/src/main/java/org/apache/openjpa/kernel/DetachedValueStateManager.java,3,1,0,0,0,0,0,0,45,2,5,0,false
0.9.0,clearParameters,openjpa-jdbc/src/main/java/org/apache/openjpa/jdbc/kernel/exps/Variable.java,3,2,0,0,0,0,0,1,37,2,3,0,false
0.9.0,toString,openjpa-kernel/src/main/java/org/apache/openjpa/datacache/QueryKey.java,5,1,1,0,0,1,0,0,45,2,4,0,false
0.9.0,releaseWriteLock,openjpa-kernel/src/main/java/org/apache/openjpa/event/TCPRemoteCommitProvider.java,3,1,0,0,0,0,3,0,45,2,7,1,false
0.9.0,min,openjpa-lib/src/main/java/org/apache/openjpa/lib/util/StringDistance.java,6,3,3,0,0,1,1,0,0,1,6,0,false
0.9.0,reset,openjpa-kernel/src/main/java/org/apache/openjpa/datacache/QueryCacheStoreQuery.java,4,1,1,0,0,0,0,1,45,2,7,0,false
0.9.0,setNextVersion,openjpa-kernel/src/main/java/org/apache/openjpa/kernel/DetachedStateManager.java,3,1,0,0,0,0,0,0,45,3,7,0,false
0.9.0,putString,openjpa-jdbc/src/main/java/org/apache/openjpa/jdbc/sql/OracleDictionary.java,11,3,1,0,1,0,0,1,37,2,3,1,false
0.9.0,loadFactor,openjpa-lib/src/main/java/org/apache/openjpa/lib/util/concurrent/ConcurrentHashMap.java,3,1,0,0,0,1,0,0,0,1,7,0,false
0.9.0,setMappingDefaults,openjpa-jdbc/src/main/java/org/apache/openjpa/jdbc/meta/MappingRepository.java,3,1,1,0,0,0,0,0,37,2,4,0,false
0.9.0,isPersistent,openjpa-kernel/src/main/java/org/apache/openjpa/kernel/PNonTransState.java,3,1,0,0,0,1,0,0,45,2,4,0,false
0.9.0,getParseText,openjpa-lib/src/main/java/org/apache/openjpa/lib/meta/XMLMetaDataParser.java,3,1,0,0,0,1,0,0,0,2,9,0,false
0.9.0,getBrokerImpl,openjpa-kernel/src/main/java/org/apache/openjpa/conf/OpenJPAConfiguration.java,1,1,0,0,0,0,1,0,45,3,8,0,false
0.9.0,parseSecondaryTables,openjpa-persistence-jdbc/src/main/java/org/apache/openjpa/persistence/jdbc/AnnotationPersistenceMappingParser.java,19,8,7,1,0,0,1,4,37,2,3,4,false
0.9.0,clearFetchGroups,openjpa-persistence/src/main/java/org/apache/openjpa/persistence/FetchPlan.java,4,1,0,0,0,1,0,0,45,2,5,0,false
0.9.0,getWarnings,openjpa-lib/src/main/java/org/apache/openjpa/lib/jdbc/DelegatingCallableStatement.java,3,1,0,0,0,1,0,0,0,1,6,0,false
0.9.0,toTableName,openjpa-persistence-jdbc/src/main/java/org/apache/openjpa/persistence/jdbc/XMLPersistenceMappingParser.java,6,4,1,1,0,3,4,0,37,2,3,0,false
0.9.0,getRepository,openjpa-persistence/src/main/java/org/apache/openjpa/persistence/AnnotationPersistenceMetaDataParser.java,10,4,4,0,0,1,7,1,45,3,11,1,false
0.9.0,clear,openjpa-kernel/src/main/java/org/apache/openjpa/datacache/QueryCache.java,1,1,0,0,0,0,1,0,45,1,4,0,false
0.9.0,getSelectSubclasses,openjpa-jdbc/src/main/java/org/apache/openjpa/jdbc/meta/ValueMappingImpl.java,15,10,2,0,0,4,0,3,37,1,2,2,false
0.9.0,clearPlaceholders,openjpa-jdbc/src/main/java/org/apache/openjpa/jdbc/sql/SelectImpl.java,11,4,2,0,0,1,1,0,37,2,6,0,false
0.9.0,getKey,openjpa-jdbc/src/main/java/org/apache/openjpa/jdbc/kernel/ClassTableJDBCSeq.java,10,5,2,0,0,2,2,0,37,2,3,3,false
0.9.0,getConnection2UserName,openjpa-kernel/src/main/java/org/apache/openjpa/conf/OpenJPAConfiguration.java,1,1,0,0,0,0,0,0,45,3,8,0,false
0.9.0,setParameter,openjpa-persistence/src/main/java/org/apache/openjpa/persistence/QueryImpl.java,3,1,0,0,0,1,0,4,45,2,6,0,false
0.9.0,getNontransactionalRead,openjpa-kernel/src/main/java/org/apache/openjpa/conf/OpenJPAConfiguration.java,1,1,0,0,0,0,1,0,45,3,8,0,false
0.9.0,getMetaData,openjpa-kernel/src/main/java/org/apache/openjpa/kernel/exps/AbstractExpressionBuilder.java,3,1,0,0,0,1,1,2,45,2,7,0,false
0.9.0,getStoreFacadeTypeRegistry,openjpa-kernel/src/main/java/org/apache/openjpa/conf/OpenJPAConfigurationImpl.java,3,1,0,0,0,1,0,0,45,3,13,0,false
0.9.0,getForeignKeys,openjpa-jdbc/src/main/java/org/apache/openjpa/jdbc/schema/SchemaGenerator.java,3,1,0,0,0,1,0,0,37,1,2,0,false
0.9.0,isReadOnly,openjpa-kernel/src/main/java/org/apache/openjpa/kernel/QueryContext.java,1,1,0,0,0,0,1,0,45,1,4,0,false
0.9.0,fatal,openjpa-lib/src/main/java/org/apache/openjpa/lib/log/AbstractLog.java,3,1,0,0,0,0,0,2,0,1,6,0,false
0.9.0,getType,openjpa-kernel/src/main/java/org/apache/openjpa/enhance/ApplicationIdTool.java,6,4,0,0,0,4,2,0,45,2,6,3,false
0.9.0,addSystemListener,openjpa-kernel/src/main/java/org/apache/openjpa/meta/MetaDataRepository.java,5,1,2,0,0,0,0,0,45,3,8,0,false
0.9.0,getSynchronizeMappings,openjpa-jdbc/src/main/java/org/apache/openjpa/jdbc/conf/JDBCConfigurationImpl.java,3,1,0,0,0,1,0,1,37,3,6,0,false
0.9.0,setResolve,openjpa-kernel/src/main/java/org/apache/openjpa/meta/MetaDataRepository.java,3,1,1,0,0,0,3,0,45,3,8,0,false
0.9.0,setConnection2DriverName,openjpa-kernel/src/main/java/org/apache/openjpa/conf/OpenJPAConfiguration.java,1,1,0,0,0,0,0,0,45,3,8,0,false
0.9.0,getPCSubclassMetaDatas,openjpa-kernel/src/main/java/org/apache/openjpa/meta/ClassMetaData.java,13,5,6,0,0,2,3,4,45,3,8,0,false
0.9.0,othersDeletesAreVisible,openjpa-lib/src/main/java/org/apache/openjpa/lib/jdbc/DelegatingDatabaseMetaData.java,3,1,0,0,0,1,0,0,0,1,4,0,false
0.9.0,updateClob,openjpa-lib/src/main/java/org/apache/openjpa/lib/jdbc/DelegatingResultSet.java,3,1,0,0,0,0,0,0,0,1,4,0,false
0.9.0,setSource,openjpa-kernel/src/main/java/org/apache/openjpa/meta/ClassMetaData.java,4,1,2,0,0,0,4,0,45,3,8,0,false
0.9.0,insert,openjpa-jdbc/src/main/java/org/apache/openjpa/jdbc/kernel/AbstractUpdateManager.java,19,10,7,0,0,1,2,7,37,1,2,2,false
0.9.0,getOptimistic,openjpa-kernel/src/main/java/org/apache/openjpa/conf/OpenJPAConfiguration.java,1,1,0,0,0,0,1,0,45,3,8,0,false
0.9.0,commit,openjpa-kernel/src/main/java/org/apache/openjpa/kernel/DelegatingStoreManager.java,3,1,0,0,0,0,1,1,45,3,5,0,false
0.9.0,supportsCatalogsInDataManipulation,openjpa-lib/src/main/java/org/apache/openjpa/lib/jdbc/DelegatingDatabaseMetaData.java,3,1,0,0,0,1,0,0,0,1,4,0,false
0.9.0,getClassElementDepth,openjpa-persistence/src/main/java/org/apache/openjpa/persistence/XMLPersistenceMetaDataParser.java,3,1,0,0,0,1,0,0,45,2,6,0,false
0.9.0,toString,openjpa-kernel/src/main/java/org/apache/openjpa/conf/OpenJPAVersion.java,22,2,2,1,0,1,1,3,45,2,6,5,false
0.9.0,isVariable,openjpa-jdbc/src/main/java/org/apache/openjpa/jdbc/kernel/exps/UnaryOp.java,3,1,0,0,0,1,0,0,37,2,5,0,false
0.9.0,setBoolean,openjpa-lib/src/main/java/org/apache/openjpa/lib/jdbc/LoggingConnectionDecorator.java,4,1,0,0,0,0,0,1,0,1,8,0,false
0.9.0,isOraclePreparedStatement,openjpa-jdbc/src/main/java/org/apache/openjpa/jdbc/sql/OracleDictionary.java,8,2,0,0,1,2,1,0,37,2,3,2,false
0.9.0,usesImplData,openjpa-kernel/src/main/java/org/apache/openjpa/meta/FieldMetaData.java,3,1,0,0,0,1,4,0,45,3,10,0,false
0.9.0,setReadSchema,openjpa-jdbc/src/main/java/org/apache/openjpa/jdbc/ant/MappingToolTask.java,3,1,1,0,0,0,0,0,37,2,3,0,false
0.9.0,hasContainsExpression,openjpa-jdbc/src/main/java/org/apache/openjpa/jdbc/kernel/exps/IsNotEmptyExpression.java,3,1,0,0,0,1,0,0,37,2,3,0,false
0.9.0,providedCharField,openjpa-kernel/src/main/java/org/apache/openjpa/kernel/StateManagerImpl.java,3,1,0,0,0,0,0,0,45,3,13,0,false
0.9.0,declareClasses,openjpa-kernel/src/main/java/org/apache/openjpa/enhance/PCDataGenerator.java,5,1,0,0,0,0,0,0,45,4,8,0,false
0.9.0,storeObject,openjpa-kernel/src/main/java/org/apache/openjpa/kernel/DetachedStateManager.java,3,1,0,0,0,0,0,0,45,3,7,0,false
0.9.0,getLocalizer,openjpa-kernel/src/main/java/org/apache/openjpa/kernel/jpql/JPQLExpressionBuilder.java,3,1,0,0,0,1,0,0,45,2,8,0,false
0.9.0,prepareStatement,openjpa-lib/src/main/java/org/apache/openjpa/lib/jdbc/LoggingConnectionDecorator.java,10,2,1,0,1,1,0,5,0,1,8,0,false
0.9.0,getIdentityStrategy,openjpa-kernel/src/main/java/org/apache/openjpa/meta/ClassMetaData.java,8,5,3,0,0,1,13,3,45,3,8,2,false
0.9.0,parseColumn,openjpa-persistence-jdbc/src/main/java/org/apache/openjpa/persistence/jdbc/XMLPersistenceMappingParser.java,29,14,13,0,0,1,4,1,37,2,3,0,false
0.9.0,or,openjpa-kernel/src/main/java/org/apache/openjpa/kernel/exps/InMemoryExpressionFactory.java,7,1,5,0,0,0,1,0,45,3,6,0,false
0.9.0,getConnectionDecorators,openjpa-jdbc/src/main/java/org/apache/openjpa/jdbc/conf/JDBCConfigurationImpl.java,3,1,0,0,0,1,0,1,37,3,6,0,false
0.9.0,getIntermediate,openjpa-kernel/src/main/java/org/apache/openjpa/datacache/DataCachePCDataImpl.java,3,1,0,0,0,1,0,0,45,1,3,0,false
0.9.0,getDeclaringMetaData,openjpa-kernel/src/main/java/org/apache/openjpa/meta/FieldMetaData.java,5,3,1,0,0,2,12,3,45,3,10,1,false
0.9.0,setChannel,openjpa-lib/src/main/java/org/apache/openjpa/lib/log/LogFactoryImpl.java,3,1,1,0,0,0,1,0,0,1,6,0,false
0.9.0,addFieldMappingAttributes,openjpa-persistence/src/main/java/org/apache/openjpa/persistence/XMLPersistenceMetaDataSerializer.java,2,1,0,0,0,0,1,0,45,2,6,0,false
0.9.0,setBinaryStream,openjpa-lib/src/main/java/org/apache/openjpa/lib/jdbc/DelegatingPreparedStatement.java,3,1,0,0,0,0,0,0,0,1,6,0,false
0.9.0,copyCalendar,openjpa-kernel/src/main/java/org/apache/openjpa/util/ProxyManagerImpl.java,3,1,0,0,0,1,1,3,45,1,5,0,false
0.9.0,isDebugEnabled,openjpa-lib/src/main/java/org/apache/openjpa/lib/log/Log4JLogFactory.java,3,2,0,0,0,1,1,0,0,1,5,1,false
0.9.0,getInverseManager,openjpa-kernel/src/main/java/org/apache/openjpa/conf/OpenJPAConfiguration.java,1,1,0,0,0,0,0,0,45,3,8,0,false
0.9.0,setNontransactionalRead,openjpa-kernel/src/main/java/org/apache/openjpa/conf/OpenJPAConfiguration.java,1,1,0,0,0,0,0,0,45,3,8,0,false
0.9.0,getFlushMode,openjpa-persistence/src/main/java/org/apache/openjpa/persistence/EntityManagerImpl.java,3,1,0,0,0,1,0,5,45,2,7,1,false
0.9.0,executeUpdate,openjpa-lib/src/main/java/org/apache/openjpa/lib/jdbc/JDBCEventConnectionDecorator.java,9,1,1,0,1,1,0,3,0,1,5,0,false
0.9.0,setAutoClear,openjpa-kernel/src/main/java/org/apache/openjpa/kernel/BrokerImpl.java,4,1,1,0,0,0,1,1,45,3,11,0,false
0.9.0,isDeclaredInFetchGroup,openjpa-kernel/src/main/java/org/apache/openjpa/meta/FieldMetaData.java,3,2,0,0,0,1,0,0,45,3,10,0,false
0.9.0,getOptimistic,openjpa-persistence/src/main/java/org/apache/openjpa/persistence/EntityManagerImpl.java,3,1,0,0,0,1,0,1,45,2,7,0,false
0.9.0,getGetter,openjpa-kernel/src/main/java/org/apache/openjpa/util/ImplHelper.java,14,3,1,2,2,2,2,0,45,3,10,2,false
0.9.0,isLob,openjpa-jdbc/src/main/java/org/apache/openjpa/jdbc/sql/SelectImpl.java,3,2,0,0,0,1,1,0,37,2,6,0,false
0.9.0,assertPC,openjpa-persistence/src/main/java/org/apache/openjpa/persistence/XMLPersistenceMetaDataParser.java,10,5,0,0,0,0,2,2,45,2,6,0,false
0.9.0,getProcedureTerm,openjpa-lib/src/main/java/org/apache/openjpa/lib/jdbc/DelegatingDatabaseMetaData.java,3,1,0,0,0,1,0,0,0,1,4,0,false
0.9.0,setLogParameter,openjpa-lib/src/main/java/org/apache/openjpa/lib/jdbc/LoggingConnectionDecorator.java,3,2,0,1,0,0,1,2,0,1,8,0,false
0.9.0,getSourceFile,openjpa-jdbc/src/main/java/org/apache/openjpa/jdbc/meta/QueryResultMapping.java,3,1,0,0,0,1,0,0,37,1,2,0,false
0.9.0,setInto,openjpa-persistence/src/main/java/org/apache/openjpa/persistence/ConfigurationProviderImpl.java,6,3,1,0,0,0,0,1,45,2,8,0,false
0.9.0,store,openjpa-kernel/src/main/java/org/apache/openjpa/kernel/DetachedValueStateManager.java,3,1,0,0,0,0,0,0,45,2,5,0,false
0.9.0,removeEmbeddedExtensions,openjpa-kernel/src/main/java/org/apache/openjpa/meta/Extensions.java,3,1,0,0,0,1,1,1,45,1,4,0,false
0.9.0,getInternalString,openjpa-lib/src/main/java/org/apache/openjpa/lib/conf/PluginValue.java,3,1,0,0,0,0,0,0,0,1,5,0,false
0.9.0,moveToInsertRow,openjpa-lib/src/main/java/org/apache/openjpa/lib/jdbc/DelegatingResultSet.java,3,1,0,0,0,0,0,0,0,1,4,0,false
0.9.0,clearConstraintInfo,openjpa-jdbc/src/main/java/org/apache/openjpa/jdbc/schema/XMLSchemaParser.java,6,1,0,0,0,0,2,0,37,1,2,0,false
0.9.0,addJoin,openjpa-jdbc/src/main/java/org/apache/openjpa/jdbc/kernel/JDBCFetchConfigurationImpl.java,5,4,1,0,0,2,2,1,37,3,6,0,false
0.9.0,getCreateException,openjpa-lib/src/main/java/org/apache/openjpa/lib/conf/Configurations.java,26,5,14,2,0,1,1,3,0,2,13,0,false
0.9.0,setRecord,openjpa-jdbc/src/main/java/org/apache/openjpa/jdbc/ant/SchemaToolTask.java,3,1,1,0,0,0,0,0,37,2,3,0,false
0.9.0,getFetchDirection,openjpa-lib/src/main/java/org/apache/openjpa/lib/jdbc/DelegatingPreparedStatement.java,3,1,0,0,0,1,0,0,0,1,6,0,false
0.9.0,equals,openjpa-kernel/src/main/java/org/apache/openjpa/datacache/QueryKey.java,6,8,1,0,0,3,0,0,45,2,4,0,false
0.9.0,isTraceEnabled,openjpa-lib/src/main/java/org/apache/openjpa/lib/log/NoneLogFactory.java,3,1,0,0,0,1,0,0,0,1,5,0,false
0.9.0,getPackageAttributeName,openjpa-lib/src/main/java/org/apache/openjpa/lib/meta/CFMetaDataParser.java,3,1,0,0,0,1,4,0,0,1,5,0,false
0.9.0,getDataStoreActions,openjpa-kernel/src/main/java/org/apache/openjpa/kernel/ExpressionStoreQuery.java,3,1,0,0,0,1,1,0,45,2,6,0,false
0.9.0,useTransactionalState,openjpa-kernel/src/main/java/org/apache/openjpa/kernel/BrokerImpl.java,3,4,0,0,0,1,6,1,45,3,11,0,false
0.9.0,startExcludeDefaultListeners,openjpa-persistence/src/main/java/org/apache/openjpa/persistence/XMLPersistenceMetaDataParser.java,6,2,1,0,0,2,1,3,45,2,6,2,false
0.9.0,isStoreActive,openjpa-persistence/src/main/java/org/apache/openjpa/persistence/EntityManagerImpl.java,3,1,0,0,0,1,0,1,45,2,7,0,false
0.9.0,lock,openjpa-kernel/src/main/java/org/apache/openjpa/kernel/AbstractBrokerFactory.java,3,1,0,0,0,0,11,1,45,2,6,0,false
0.9.0,isGrouping,openjpa-jdbc/src/main/java/org/apache/openjpa/jdbc/sql/SelectImpl.java,3,2,0,0,0,1,8,0,37,2,6,0,false
0.9.0,getReference,openjpa-persistence/src/main/java/org/apache/openjpa/persistence/EntityManagerImpl.java,4,1,1,0,0,1,0,4,45,2,7,0,false
0.9.0,removeMetaData,openjpa-persistence/src/main/java/org/apache/openjpa/persistence/XMLPersistenceMetaDataSerializer.java,3,4,0,0,0,1,2,0,45,2,6,1,false
0.9.0,addBatch,openjpa-lib/src/main/java/org/apache/openjpa/lib/jdbc/LoggingConnectionDecorator.java,14,4,2,0,1,0,0,3,0,1,8,0,false
0.9.0,appendIsNull,openjpa-jdbc/src/main/java/org/apache/openjpa/jdbc/meta/strats/RelationFieldStrategy.java,9,3,2,0,0,0,0,3,37,2,5,0,false
0.9.0,getManagedRuntime,openjpa-kernel/src/main/java/org/apache/openjpa/conf/OpenJPAConfiguration.java,1,1,0,0,0,0,3,0,45,3,8,0,false
0.9.0,calculateValue,openjpa-jdbc/src/main/java/org/apache/openjpa/jdbc/kernel/exps/PCPath.java,2,1,0,0,0,0,1,0,37,2,6,0,false
0.9.0,setDataCache,openjpa-kernel/src/main/java/org/apache/openjpa/conf/OpenJPAConfiguration.java,1,1,0,0,0,0,0,0,45,3,8,0,false
0.9.0,findOptionsFor,openjpa-lib/src/main/java/org/apache/openjpa/lib/util/Options.java,16,6,6,0,0,1,1,0,0,1,8,4,false
0.9.0,validate,openjpa-kernel/src/main/java/org/apache/openjpa/kernel/ExpressionStoreQuery.java,4,1,1,0,0,0,0,2,45,2,6,0,false
0.9.0,toString,openjpa-lib/src/main/java/org/apache/openjpa/lib/jdbc/DelegatingConnection.java,5,1,1,0,0,1,0,2,0,1,7,0,false
0.9.0,setClob,openjpa-lib/src/main/java/org/apache/openjpa/lib/jdbc/DelegatingCallableStatement.java,3,1,0,0,0,0,0,0,0,1,6,0,false
0.9.0,commit,openjpa-jdbc/src/main/java/org/apache/openjpa/jdbc/kernel/JDBCStoreManager.java,16,5,1,0,2,0,0,3,37,3,9,1,false
0.9.0,getLogs,openjpa-lib/src/main/java/org/apache/openjpa/lib/jdbc/LoggingConnectionDecorator.java,3,1,0,0,0,1,1,0,0,1,8,0,false
0.9.0,isVersionUpdateRequired,openjpa-kernel/src/main/java/org/apache/openjpa/kernel/DetachedStateManager.java,3,1,0,0,0,1,0,0,45,3,7,0,false
0.9.0,newRemoteCommitProviderInstance,openjpa-kernel/src/main/java/org/apache/openjpa/conf/OpenJPAConfiguration.java,1,1,0,0,0,0,0,0,45,3,8,0,false
0.9.0,commit,openjpa-kernel/src/main/java/org/apache/openjpa/datacache/DelegatingDataCache.java,9,3,0,0,1,1,0,2,45,2,5,1,false
0.9.0,isEnhanced,openjpa-kernel-5/src/main/java/org/apache/openjpa/enhance/PCClassFileTransformer.java,45,14,16,4,1,2,1,1,45,2,7,1,false
0.9.0,getLog,openjpa-persistence/src/main/java/org/apache/openjpa/persistence/AnnotationPersistenceMetaDataParser.java,3,1,0,0,0,1,0,0,45,3,11,0,false
0.9.0,getImplementorMetaDatas,openjpa-kernel/src/main/java/org/apache/openjpa/meta/MetaDataRepository.java,22,12,5,0,0,3,2,6,45,3,8,1,false
0.9.0,getAutoDetach,openjpa-persistence/src/main/java/org/apache/openjpa/persistence/EntityManagerImpl.java,3,1,0,0,0,1,0,1,45,2,7,0,false
0.9.0,secondChild,openjpa-kernel/src/main/java/org/apache/openjpa/kernel/jpql/JPQLExpressionBuilder.java,3,1,0,0,0,1,4,0,45,2,8,0,false
0.9.0,asExpression,openjpa-jdbc/src/main/java/org/apache/openjpa/jdbc/kernel/exps/JDBCExpressionFactory.java,3,1,0,0,0,1,0,2,37,3,6,0,false
0.9.0,getIndexInfo,openjpa-lib/src/main/java/org/apache/openjpa/lib/jdbc/DelegatingDatabaseMetaData.java,3,1,0,0,0,1,0,0,0,1,4,0,false
0.9.0,resolveConstraints,openjpa-jdbc/src/main/java/org/apache/openjpa/jdbc/schema/XMLSchemaParser.java,7,1,0,0,0,0,1,5,37,1,2,0,false
0.9.0,setInternalString,openjpa-lib/src/main/java/org/apache/openjpa/lib/conf/PluginListValue.java,3,1,0,0,0,0,0,0,0,1,5,0,false
0.9.0,newInstance,openjpa-jdbc/src/main/java/org/apache/openjpa/jdbc/meta/MappingRepository.java,7,1,1,0,0,1,0,3,37,2,4,0,false
0.9.0,getClassLoader,openjpa-persistence/src/main/java/org/apache/openjpa/persistence/EntityManagerImpl.java,3,1,0,0,0,1,0,1,45,2,7,0,false
0.9.0,getMetaData,openjpa-kernel/src/main/java/org/apache/openjpa/kernel/StateManagerImpl.java,3,1,0,0,0,1,44,0,45,3,13,0,false
0.9.0,getTrackKeys,openjpa-kernel/src/main/java/org/apache/openjpa/util/MapChangeTrackerImpl.java,3,1,0,0,0,1,8,0,45,1,4,0,false
0.9.0,wasNull,openjpa-lib/src/main/java/org/apache/openjpa/lib/jdbc/DelegatingCallableStatement.java,3,1,0,0,0,1,0,0,0,1,6,0,false
0.9.0,afterRollback,openjpa-kernel/src/main/java/org/apache/openjpa/event/RemoteCommitEventManager.java,2,1,0,0,0,0,0,0,45,1,4,0,false
0.9.0,getImportedKeys,openjpa-lib/src/main/java/org/apache/openjpa/lib/jdbc/LoggingConnectionDecorator.java,4,2,0,1,0,1,0,2,0,1,8,0,false
0.9.0,replaceByteField,openjpa-kernel/src/main/java/org/apache/openjpa/kernel/StateManagerImpl.java,3,1,0,0,0,1,0,0,45,3,13,0,false
0.9.0,newJoins,openjpa-jdbc/src/main/java/org/apache/openjpa/jdbc/kernel/MappedQueryResultObjectProvider.java,3,1,0,0,0,1,0,0,37,2,2,0,false
0.9.0,getNullValue,openjpa-kernel/src/main/java/org/apache/openjpa/meta/FieldMetaData.java,3,1,0,0,0,1,9,0,45,3,10,0,false
0.9.0,assertWriteOperation,openjpa-kernel/src/main/java/org/apache/openjpa/kernel/BrokerImpl.java,3,6,0,0,0,0,8,1,45,3,11,0,false
0.9.0,newDataStoreExecutor,openjpa-jdbc/src/main/java/org/apache/openjpa/jdbc/kernel/SQLStoreQuery.java,3,1,0,0,0,1,0,1,37,2,3,0,false
0.9.0,getCompatibility,openjpa-kernel/src/main/java/org/apache/openjpa/conf/OpenJPAConfigurationImpl.java,3,1,0,0,0,1,0,1,45,3,13,0,false
0.9.0,addTimeout,openjpa-kernel/src/main/java/org/apache/openjpa/datacache/DataCachePCDataGenerator.java,25,1,7,0,0,0,1,0,45,1,3,19,false
0.9.0,hasNext,openjpa-kernel/src/main/java/org/apache/openjpa/kernel/ExtentImpl.java,3,2,0,0,0,1,0,0,45,2,5,0,false
0.9.0,appendTo,openjpa-jdbc/src/main/java/org/apache/openjpa/jdbc/kernel/exps/ConstGetObjectId.java,4,2,0,0,0,0,0,1,37,2,2,0,false
0.9.0,setFloat,openjpa-lib/src/main/java/org/apache/openjpa/lib/jdbc/DelegatingCallableStatement.java,3,1,0,0,0,0,0,0,0,1,6,0,false
0.9.0,newPath,openjpa-jdbc/src/main/java/org/apache/openjpa/jdbc/kernel/exps/JDBCExpressionFactory.java,3,1,0,0,0,1,0,1,37,3,6,0,false
0.9.0,makeCallbacks,openjpa-kernel/src/main/java/org/apache/openjpa/event/LifecycleEventManager.java,12,5,3,0,1,0,1,1,45,1,5,2,false
0.9.0,getGeneratedValueStrategy,openjpa-persistence/src/main/java/org/apache/openjpa/persistence/AnnotationPersistenceMetaDataParser.java,6,5,0,0,0,3,3,0,45,3,11,2,false
0.9.0,storeCallbacks,openjpa-persistence/src/main/java/org/apache/openjpa/persistence/XMLPersistenceMetaDataParser.java,21,8,6,0,0,1,1,5,45,2,6,1,false
0.9.0,getType,openjpa-kernel/src/main/java/org/apache/openjpa/util/InternalException.java,3,1,0,0,0,1,0,0,45,1,4,0,false
0.9.0,appendTo,openjpa-jdbc/src/main/java/org/apache/openjpa/jdbc/kernel/exps/Args.java,2,1,0,0,0,0,0,0,37,2,3,0,false
0.9.0,setIgnoreChanges,openjpa-persistence/src/main/java/org/apache/openjpa/persistence/QueryImpl.java,4,1,0,0,0,1,0,2,45,2,6,0,false
0.9.0,getHaving,openjpa-jdbc/src/main/java/org/apache/openjpa/jdbc/sql/SelectImpl.java,3,1,0,0,0,1,1,0,37,2,6,0,false
0.9.0,getDescribedType,openjpa-kernel/src/main/java/org/apache/openjpa/meta/ClassMetaData.java,3,1,0,0,0,1,174,0,45,3,8,0,false
0.9.0,calculateValue,openjpa-jdbc/src/main/java/org/apache/openjpa/jdbc/kernel/exps/Math.java,4,1,0,0,0,0,1,0,37,2,4,0,false
0.9.0,hasJoin,openjpa-jdbc/src/main/java/org/apache/openjpa/jdbc/sql/SelectImpl.java,4,4,0,0,0,2,1,0,37,2,6,0,false
0.9.0,afterSpecificationSet,openjpa-kernel/src/main/java/org/apache/openjpa/conf/ProductDerivations.java,10,3,1,0,1,0,0,0,45,2,9,1,false
0.9.0,supportsMixedCaseIdentifiers,openjpa-lib/src/main/java/org/apache/openjpa/lib/jdbc/DelegatingDatabaseMetaData.java,3,1,0,0,0,1,0,0,0,1,4,0,false
0.9.0,select,openjpa-jdbc/src/main/java/org/apache/openjpa/jdbc/kernel/exps/Trim.java,3,1,0,0,0,0,0,2,37,2,4,0,false
0.9.0,getDataStoreActions,openjpa-jdbc/src/main/java/org/apache/openjpa/jdbc/kernel/SQLStoreQuery.java,3,1,0,0,0,1,0,0,37,2,3,1,false
0.9.0,getClassMetaData,openjpa-kernel/src/main/java/org/apache/openjpa/kernel/jpql/JPQLExpressionBuilder.java,11,6,6,0,0,2,4,6,45,2,8,2,false
0.9.0,setStrategyInstaller,openjpa-jdbc/src/main/java/org/apache/openjpa/jdbc/meta/MappingRepository.java,3,1,1,0,0,0,0,0,37,2,4,0,false
0.9.0,keySet,openjpa-kernel/src/main/java/org/apache/openjpa/datacache/AbstractQueryCache.java,1,1,0,0,0,0,1,0,45,2,7,0,false
0.9.0,afterCreateStatement,openjpa-lib/src/main/java/org/apache/openjpa/lib/jdbc/AbstractJDBCListener.java,1,1,0,0,0,0,1,0,0,1,4,0,false
0.9.0,setBrokerFactory,openjpa-kernel/src/main/java/org/apache/openjpa/conf/OpenJPAConfigurationImpl.java,4,1,0,0,0,0,0,1,45,3,13,0,false
0.9.0,provideField,openjpa-kernel/src/main/java/org/apache/openjpa/kernel/DetachedValueStateManager.java,6,2,0,0,0,0,1,1,45,2,5,0,false
0.9.0,isLRS,openjpa-jdbc/src/main/java/org/apache/openjpa/jdbc/sql/LogicalUnion.java,3,1,0,0,0,1,1,1,37,2,4,0,false
0.9.0,getType,openjpa-kernel/src/main/java/org/apache/openjpa/util/StoreException.java,3,1,0,0,0,1,0,0,45,1,4,0,false
0.9.0,getBrokerFactory,openjpa-persistence/src/main/java/org/apache/openjpa/persistence/EntityManagerFactoryImpl.java,3,1,0,0,0,1,1,0,45,2,8,0,false
0.9.0,validateValue,openjpa-kernel/src/main/java/org/apache/openjpa/meta/FieldMetaData.java,5,5,0,0,0,0,1,4,45,3,10,0,false
0.9.0,getDeclaredVariableType,openjpa-kernel/src/main/java/org/apache/openjpa/kernel/jpql/JPQLExpressionBuilder.java,6,4,1,0,0,3,0,4,45,2,8,2,false
0.9.0,getType,openjpa-jdbc/src/main/java/org/apache/openjpa/jdbc/kernel/exps/Variable.java,4,2,0,0,0,2,1,0,37,2,3,0,false
0.9.0,setRef,openjpa-lib/src/main/java/org/apache/openjpa/lib/jdbc/DelegatingCallableStatement.java,3,1,0,0,0,0,0,0,0,1,6,0,false
0.9.0,select,openjpa-jdbc/src/main/java/org/apache/openjpa/jdbc/kernel/JDBCStoreQuery.java,4,2,2,0,0,0,0,1,37,2,5,0,false
0.9.0,hasSubclasses,openjpa-persistence/src/main/java/org/apache/openjpa/persistence/QueryImpl.java,3,1,0,0,0,1,0,0,45,2,6,0,false
0.9.0,isTransactional,openjpa-persistence/src/main/java/org/apache/openjpa/persistence/EntityManagerImpl.java,3,1,0,0,0,1,0,3,45,2,7,0,false
0.9.0,trimQuotes,openjpa-kernel/src/main/java/org/apache/openjpa/kernel/jpql/JPQLExpressionBuilder.java,7,6,4,5,0,2,1,0,45,2,8,2,false
0.9.0,selectColumns,openjpa-jdbc/src/main/java/org/apache/openjpa/jdbc/kernel/exps/IsEmptyExpression.java,3,1,0,0,0,0,0,0,37,2,3,0,false
0.9.0,getJDBCMinorVersion,openjpa-lib/src/main/java/org/apache/openjpa/lib/jdbc/DelegatingDatabaseMetaData.java,3,1,0,0,0,0,0,0,0,1,4,0,false
0.9.0,beforeWrite,openjpa-kernel/src/main/java/org/apache/openjpa/kernel/PNonTransState.java,3,1,0,0,0,1,0,1,45,2,4,0,false
0.9.0,endGeneratedValue,openjpa-persistence/src/main/java/org/apache/openjpa/persistence/XMLPersistenceMetaDataParser.java,2,1,0,0,0,0,1,0,45,2,6,0,false
0.9.0,storeInt,openjpa-kernel/src/main/java/org/apache/openjpa/kernel/DetachedValueStateManager.java,3,1,0,0,0,0,0,0,45,2,5,0,false
0.9.0,loadDefaults,openjpa-lib/src/main/java/org/apache/openjpa/lib/conf/Configurations.java,3,1,0,0,0,1,3,3,0,2,13,0,false
0.9.0,isPersistent,openjpa-kernel/src/main/java/org/apache/openjpa/kernel/StateManagerImpl.java,3,1,0,0,0,1,25,0,45,3,13,0,false
0.9.0,isTracking,openjpa-kernel/src/main/java/org/apache/openjpa/util/AbstractChangeTracker.java,3,1,0,0,0,1,2,0,45,1,4,0,false
0.9.0,startId,openjpa-persistence/src/main/java/org/apache/openjpa/persistence/XMLPersistenceMetaDataParser.java,6,1,1,0,0,1,1,3,45,2,6,2,false
0.9.0,toDataStoreValue,openjpa-jdbc/src/main/java/org/apache/openjpa/jdbc/meta/strats/RelationFieldStrategy.java,3,1,0,0,0,1,1,0,37,2,5,0,false
0.9.0,getIndexInfo,openjpa-jdbc/src/main/java/org/apache/openjpa/jdbc/sql/OracleDictionary.java,29,10,6,0,3,1,0,3,37,2,3,0,false
0.9.0,getDelegate,openjpa-kernel/src/main/java/org/apache/openjpa/kernel/DelegatingFetchConfiguration.java,3,1,0,0,0,1,2,0,45,3,7,0,false
0.9.0,fromLockLevel,openjpa-persistence/src/main/java/org/apache/openjpa/persistence/EntityManagerImpl.java,5,3,0,0,0,3,3,0,45,2,7,0,false
0.9.0,getAttributeOverride,openjpa-persistence-jdbc/src/main/java/org/apache/openjpa/persistence/jdbc/XMLPersistenceMappingParser.java,5,2,2,0,0,1,1,0,37,2,3,0,false
0.9.0,needsEnhance,openjpa-kernel-5/src/main/java/org/apache/openjpa/enhance/PCClassFileTransformer.java,24,12,3,0,1,8,1,3,45,2,7,4,false
0.9.0,close,openjpa-jdbc/src/main/java/org/apache/openjpa/jdbc/kernel/SQLProjectionResultObjectProvider.java,3,1,0,0,0,0,0,0,37,1,2,0,false
0.9.0,getPersistentTypeNames,openjpa-kernel/src/main/java/org/apache/openjpa/meta/MetaDataRepository.java,3,1,0,0,0,1,13,1,45,3,8,0,false
0.9.0,getTransmitPersistedObjectIds,openjpa-kernel/src/main/java/org/apache/openjpa/event/RemoteCommitEventManager.java,3,1,0,0,0,1,0,0,45,1,4,0,false
0.9.0,appendTo,openjpa-jdbc/src/main/java/org/apache/openjpa/jdbc/kernel/exps/Math.java,3,1,0,0,0,0,1,2,37,2,4,0,false
0.9.0,getOrdering,openjpa-jdbc/src/main/java/org/apache/openjpa/jdbc/sql/LogicalUnion.java,8,2,0,1,1,1,1,1,37,2,4,2,false
0.9.0,groupBy,openjpa-jdbc/src/main/java/org/apache/openjpa/jdbc/kernel/exps/IndexOf.java,3,1,0,0,0,0,0,1,37,2,4,0,false
0.9.0,othersUpdatesAreVisible,openjpa-lib/src/main/java/org/apache/openjpa/lib/jdbc/DelegatingDatabaseMetaData.java,3,1,0,0,0,1,0,0,0,1,4,0,false
0.9.0,getDataCache,openjpa-kernel/src/main/java/org/apache/openjpa/conf/OpenJPAConfigurationImpl.java,3,1,0,0,0,1,0,1,45,3,13,0,false
0.9.0,setDetachable,openjpa-jdbc/src/main/java/org/apache/openjpa/jdbc/ant/ReverseMappingToolTask.java,3,1,1,0,0,0,0,0,37,2,2,0,false
0.9.0,endStoreManagerTransaction,openjpa-kernel/src/main/java/org/apache/openjpa/kernel/BrokerImpl.java,40,11,9,0,3,1,2,4,45,3,11,5,false
0.9.0,getInserts,openjpa-jdbc/src/main/java/org/apache/openjpa/jdbc/sql/RowManagerImpl.java,3,2,0,0,0,1,1,0,37,1,2,0,false
0.9.0,hasVariable,openjpa-jdbc/src/main/java/org/apache/openjpa/jdbc/kernel/exps/PCPath.java,9,5,2,0,0,3,2,0,37,2,6,1,false
0.9.0,getConstructor,openjpa-kernel/src/main/java/org/apache/openjpa/enhance/CodeGenerator.java,35,10,7,1,0,2,1,1,45,2,6,9,false
0.9.0,hasConcretePCSuperclass,openjpa-kernel/src/main/java/org/apache/openjpa/meta/ClassMetaData.java,5,3,0,0,0,3,3,3,45,3,8,1,false
0.9.0,setOrderDirtyObjects,openjpa-kernel/src/main/java/org/apache/openjpa/kernel/StoreContext.java,1,1,0,0,0,0,1,0,45,3,6,0,false
0.9.0,load,openjpa-kernel/src/main/java/org/apache/openjpa/kernel/OpenJPAStateManager.java,1,1,0,0,0,0,0,0,45,2,5,0,false
0.9.0,putInternal,openjpa-kernel/src/main/java/org/apache/openjpa/datacache/ConcurrentQueryCache.java,3,1,0,0,0,1,0,0,45,2,4,0,false
0.9.0,setWriteLockLevel,openjpa-kernel/src/main/java/org/apache/openjpa/kernel/DelegatingFetchConfiguration.java,9,2,0,0,1,1,1,2,45,3,7,1,false
0.9.0,formatMessage,openjpa-lib/src/main/java/org/apache/openjpa/lib/log/LogFactoryImpl.java,23,5,3,0,0,1,1,3,0,1,6,1,false
0.9.0,isInfoEnabled,openjpa-lib/src/main/java/org/apache/openjpa/lib/log/Log4JLogFactory.java,3,2,0,0,0,1,0,0,0,1,5,1,false
0.9.0,getCachedMetaData,openjpa-kernel/src/main/java/org/apache/openjpa/meta/MetaDataRepository.java,3,1,0,0,0,1,4,0,45,3,8,0,false
0.9.0,setIdentityType,openjpa-kernel/src/main/java/org/apache/openjpa/meta/ClassMetaData.java,7,2,3,0,0,0,4,0,45,3,8,0,false
0.9.0,setNontransactionalWrite,openjpa-kernel/src/main/java/org/apache/openjpa/conf/OpenJPAConfigurationImpl.java,4,1,0,0,0,0,1,2,45,3,13,0,false
0.9.0,initialize,openjpa-jdbc/src/main/java/org/apache/openjpa/jdbc/kernel/exps/Distinct.java,4,2,0,0,0,0,0,2,37,2,2,0,false
0.9.0,getIntermediate,openjpa-kernel/src/main/java/org/apache/openjpa/kernel/OpenJPAStateManager.java,1,1,0,0,0,0,5,0,45,2,5,0,false
0.9.0,getSubtype,openjpa-kernel/src/main/java/org/apache/openjpa/util/NoTransactionException.java,3,1,0,0,0,1,0,0,45,1,4,0,false
0.9.0,setContext,openjpa-kernel/src/main/java/org/apache/openjpa/datacache/DataCacheStoreManager.java,5,1,2,0,0,0,0,0,45,4,9,2,false
0.9.0,setStateManager,openjpa-kernel/src/main/java/org/apache/openjpa/kernel/BrokerImpl.java,24,5,0,0,1,0,3,8,45,3,11,0,false
0.9.0,addClassAttributes,openjpa-persistence/src/main/java/org/apache/openjpa/persistence/XMLPersistenceMetaDataSerializer.java,6,6,1,0,0,1,1,1,45,2,6,4,false
0.9.0,set,openjpa-lib/src/main/java/org/apache/openjpa/lib/conf/FileValue.java,3,1,0,0,0,0,0,1,0,1,4,0,false
0.9.0,replaceLongField,openjpa-kernel/src/main/java/org/apache/openjpa/kernel/DetachedValueStateManager.java,3,1,0,0,0,0,0,0,45,2,5,0,false
0.9.0,keyRemoved,openjpa-kernel/src/main/java/org/apache/openjpa/datacache/AbstractDataCache.java,4,4,0,0,0,0,1,5,45,2,5,0,false
0.9.0,setNontransactionalWrite,openjpa-kernel/src/main/java/org/apache/openjpa/kernel/BrokerImpl.java,5,3,1,0,0,0,1,3,45,3,11,0,false
0.9.0,getDelegate,openjpa-lib/src/main/java/org/apache/openjpa/lib/jdbc/DelegatingDataSource.java,3,1,0,0,0,1,2,0,0,1,5,0,false
0.9.0,beforeConfigurationLoad,openjpa-jdbc/src/main/java/org/apache/openjpa/jdbc/conf/JDBCProductDerivation.java,1,1,0,0,0,0,1,0,37,2,2,0,false
0.9.0,parseStrategy,openjpa-persistence/src/main/java/org/apache/openjpa/persistence/XMLPersistenceMetaDataParser.java,25,8,0,0,0,0,1,8,45,2,6,0,false
0.9.0,hasVariable,openjpa-jdbc/src/main/java/org/apache/openjpa/jdbc/kernel/exps/InstanceofExpression.java,3,1,0,0,0,1,0,1,37,2,5,0,false
0.9.0,appendIsNotEmpty,openjpa-jdbc/src/main/java/org/apache/openjpa/jdbc/kernel/exps/Variable.java,2,1,0,0,0,0,0,0,37,2,3,0,false
0.9.0,setRetainState,openjpa-persistence/src/main/java/org/apache/openjpa/persistence/EntityManagerImpl.java,3,1,0,0,0,0,0,3,45,2,7,0,false
0.9.0,beforeFirst,openjpa-lib/src/main/java/org/apache/openjpa/lib/jdbc/LoggingConnectionDecorator.java,8,1,0,0,1,0,0,4,0,1,8,0,false
0.9.0,getCreateSequenceSQL,openjpa-jdbc/src/main/java/org/apache/openjpa/jdbc/sql/OracleDictionary.java,5,2,2,1,0,1,0,0,37,2,3,0,false
0.9.0,handleUnknownMemberMappingAnnotation,openjpa-persistence-jdbc/src/main/java/org/apache/openjpa/persistence/jdbc/AnnotationPersistenceMappingParser.java,3,1,0,0,0,1,2,0,37,2,3,0,false
0.9.0,isLRS,openjpa-jdbc/src/main/java/org/apache/openjpa/jdbc/sql/SelectImpl.java,3,2,0,0,0,1,5,0,37,2,6,0,false
0.9.0,getMetaDataFactory,openjpa-kernel/src/main/java/org/apache/openjpa/conf/OpenJPAConfigurationImpl.java,3,1,0,0,0,1,0,1,45,3,13,0,false
0.9.0,startSystemMappingElement,openjpa-persistence-jdbc/src/main/java/org/apache/openjpa/persistence/jdbc/XMLPersistenceMappingParser.java,28,9,7,0,0,3,0,5,37,2,3,0,false
0.9.0,setId,openjpa-kernel/src/main/java/org/apache/openjpa/enhance/PCDataGenerator.java,1,1,0,0,0,0,2,0,45,4,8,0,false
0.9.0,setReadOnly,openjpa-kernel/src/main/java/org/apache/openjpa/kernel/QueryContext.java,1,1,0,0,0,0,1,0,45,1,4,0,false
0.9.0,assertTransactionOperation,openjpa-kernel/src/main/java/org/apache/openjpa/kernel/BrokerImpl.java,3,3,0,0,0,0,5,1,45,3,11,0,false
0.9.0,parsePrimaryKeyJoinColumns,openjpa-persistence-jdbc/src/main/java/org/apache/openjpa/persistence/jdbc/AnnotationPersistenceMappingParser.java,5,2,1,0,0,0,3,1,37,2,3,1,false
0.9.0,getEISProductVersion,openjpa-kernel/src/main/java/org/apache/openjpa/kernel/BrokerImpl.java,3,1,0,0,0,1,0,0,45,3,11,0,false
0.9.0,getNontransactionalRead,openjpa-kernel/src/main/java/org/apache/openjpa/kernel/BrokerImpl.java,3,1,0,0,0,1,1,0,45,3,11,0,false
0.9.0,getContext,openjpa-kernel/src/main/java/org/apache/openjpa/kernel/AbstractLockManager.java,3,1,0,0,0,1,0,0,45,1,4,0,false
0.9.0,getSearchStringEscape,openjpa-lib/src/main/java/org/apache/openjpa/lib/jdbc/DelegatingDatabaseMetaData.java,3,1,0,0,0,1,0,0,0,1,4,0,false
0.9.0,replaceDefinedSuperclassFields,openjpa-kernel/src/main/java/org/apache/openjpa/meta/ClassMetaData.java,11,5,3,0,0,1,2,2,45,3,8,0,false
0.9.0,setFetchGroups,openjpa-kernel/src/main/java/org/apache/openjpa/conf/OpenJPAConfiguration.java,1,1,0,0,0,0,0,0,45,3,8,0,false
0.9.0,setNextSequence,openjpa-kernel/src/main/java/org/apache/openjpa/util/AbstractChangeTracker.java,3,1,1,0,0,0,2,0,45,1,4,0,false
0.9.0,setDBDictionary,openjpa-jdbc/src/main/java/org/apache/openjpa/jdbc/conf/JDBCConfigurationImpl.java,4,1,0,0,0,0,0,2,37,3,6,0,false
0.9.0,appendTo,openjpa-jdbc/src/main/java/org/apache/openjpa/jdbc/kernel/exps/CompareEqualExpression.java,1,1,0,0,0,0,1,0,37,2,3,0,false
0.9.0,isFlushed,openjpa-kernel/src/main/java/org/apache/openjpa/kernel/StateManagerImpl.java,3,2,0,0,0,1,0,0,45,3,13,0,false
0.9.0,getPath,openjpa-jdbc/src/main/java/org/apache/openjpa/jdbc/kernel/exps/PCPath.java,14,8,3,1,0,2,0,0,37,2,6,0,false
0.9.0,getFetchDirection,openjpa-jdbc/src/main/java/org/apache/openjpa/jdbc/kernel/DelegatingJDBCFetchConfiguration.java,1,1,0,0,0,0,5,0,37,2,3,0,false
0.9.0,startPersistenceUnit,openjpa-persistence/src/main/java/org/apache/openjpa/persistence/ConfigurationProviderImpl.java,8,3,2,0,0,0,1,5,45,2,8,0,false
0.9.0,setUseSchemaName,openjpa-jdbc/src/main/java/org/apache/openjpa/jdbc/ant/ReverseMappingToolTask.java,3,1,1,0,0,0,0,0,37,2,2,0,false
0.9.0,getRetain,openjpa-jdbc/src/main/java/org/apache/openjpa/jdbc/kernel/JDBCStoreManager.java,3,1,0,0,0,1,0,0,37,3,9,0,false
0.9.0,nontransactional,openjpa-kernel/src/main/java/org/apache/openjpa/kernel/StateManagerImpl.java,3,1,0,0,0,0,1,1,45,3,13,0,false
0.9.0,getSQLExceptions,openjpa-jdbc/src/main/java/org/apache/openjpa/jdbc/sql/SQLExceptions.java,9,4,2,0,0,2,1,0,37,1,2,0,false
0.9.0,getAlias,openjpa-kernel/src/main/java/org/apache/openjpa/kernel/AbstractStoreQuery.java,3,1,0,0,0,1,0,0,45,2,4,0,false
0.9.0,evalSetClause,openjpa-kernel/src/main/java/org/apache/openjpa/kernel/jpql/JPQLExpressionBuilder.java,11,5,7,0,0,0,1,9,45,2,8,2,false
0.9.0,matchAnnotation,openjpa-lib/src/main/java/org/apache/openjpa/lib/meta/ClassAnnotationMetaDataFilter.java,4,3,1,0,0,2,1,0,0,2,5,0,false
0.9.0,isTimedOut,openjpa-kernel/src/main/java/org/apache/openjpa/datacache/DataCachePCDataImpl.java,3,3,0,0,0,1,0,0,45,1,3,0,false
0.9.0,isJDBCEnabled,openjpa-lib/src/main/java/org/apache/openjpa/lib/jdbc/DataSourceLogs.java,3,2,0,0,0,1,27,1,0,1,5,0,false
0.9.0,getAccessUnloaded,openjpa-kernel/src/main/java/org/apache/openjpa/conf/DetachOptions.java,3,1,0,0,0,1,0,0,45,1,3,0,false
0.9.0,startUnique,openjpa-jdbc/src/main/java/org/apache/openjpa/jdbc/schema/XMLSchemaParser.java,7,2,3,0,0,0,1,3,37,1,2,2,false
0.9.0,openClassBrace,openjpa-kernel/src/main/java/org/apache/openjpa/enhance/CodeGenerator.java,3,1,0,0,0,0,1,0,45,2,6,1,false
0.9.0,isEmpty,openjpa-jdbc/src/main/java/org/apache/openjpa/jdbc/kernel/exps/JDBCExpressionFactory.java,3,1,0,0,0,1,0,1,37,3,6,0,false
0.9.0,cascadeTransient,openjpa-kernel/src/main/java/org/apache/openjpa/kernel/BrokerImpl.java,25,5,3,0,1,0,4,14,45,3,11,2,false
0.9.0,setEvictionSchedule,openjpa-kernel/src/main/java/org/apache/openjpa/datacache/AbstractDataCache.java,3,1,1,0,0,0,0,0,45,2,5,0,false
0.9.0,persist,openjpa-kernel/src/main/java/org/apache/openjpa/kernel/BrokerImpl.java,57,26,9,0,1,6,1,27,45,3,11,13,false
0.9.0,dropSequence,openjpa-jdbc/src/main/java/org/apache/openjpa/jdbc/kernel/NativeJDBCSeq.java,7,2,2,0,0,0,2,0,37,2,2,2,false
0.9.0,orderBy,openjpa-jdbc/src/main/java/org/apache/openjpa/jdbc/kernel/exps/UnaryOp.java,3,1,0,0,0,0,0,1,37,2,5,0,false
0.9.0,forPackage,openjpa-lib/src/main/java/org/apache/openjpa/lib/util/Localizer.java,20,9,12,3,0,2,1,6,0,2,9,3,false
0.9.0,setContext,openjpa-kernel/src/main/java/org/apache/openjpa/kernel/DelegatingStoreManager.java,3,1,0,0,0,0,1,1,45,3,5,0,false
0.9.0,startElement,openjpa-lib/src/main/java/org/apache/openjpa/lib/meta/XMLMetaDataParser.java,4,3,0,0,0,0,0,2,0,2,9,0,false
0.9.0,getStateManager,openjpa-kernel/src/main/java/org/apache/openjpa/kernel/StoreContext.java,1,1,0,0,0,0,7,0,45,3,6,0,false
0.9.0,getJavaType,openjpa-jdbc/src/main/java/org/apache/openjpa/jdbc/meta/strats/ValueMapDiscriminatorStrategy.java,12,7,4,0,0,4,0,1,37,1,2,4,false
0.9.0,setProxyManager,openjpa-kernel/src/main/java/org/apache/openjpa/conf/OpenJPAConfigurationImpl.java,4,1,0,0,0,0,0,2,45,3,13,0,false
0.9.0,appendInfo,openjpa-lib/src/main/java/org/apache/openjpa/lib/jdbc/DelegatingConnection.java,3,2,0,0,0,0,2,1,0,1,7,0,false
0.9.0,getMappingOverride,openjpa-persistence/src/main/java/org/apache/openjpa/persistence/AnnotationPersistenceMetaDataParser.java,3,1,0,0,0,1,0,0,45,3,11,0,false
0.9.0,newInstance,openjpa-jdbc/src/main/java/org/apache/openjpa/jdbc/kernel/JDBCBrokerFactory.java,5,1,1,0,0,1,1,3,37,2,2,0,false
0.9.0,setPCPath,openjpa-jdbc/src/main/java/org/apache/openjpa/jdbc/kernel/exps/Variable.java,3,1,1,0,0,0,1,0,37,2,3,0,false
0.9.0,getIntegrityViolation,openjpa-kernel/src/main/java/org/apache/openjpa/util/ReferentialIntegrityException.java,3,1,0,0,0,1,0,0,45,1,4,0,false
0.9.0,replaceStateManager,openjpa-kernel/src/main/java/org/apache/openjpa/kernel/DetachedStateManager.java,3,1,0,0,0,1,0,0,45,3,7,0,false
0.9.0,loadElement,openjpa-jdbc/src/main/java/org/apache/openjpa/jdbc/meta/strats/RelationToManyInverseKeyFieldStrategy.java,5,2,2,0,0,1,0,0,37,2,3,1,false
0.9.0,handleUnknownClassMappingAnnotation,openjpa-persistence-jdbc/src/main/java/org/apache/openjpa/persistence/jdbc/AnnotationPersistenceMappingParser.java,3,1,0,0,0,1,1,0,37,2,3,0,false
0.9.0,setClassLoader,openjpa-jdbc/src/main/java/org/apache/openjpa/jdbc/schema/SimpleDriverDataSource.java,3,1,1,0,0,0,0,0,37,2,2,0,false
0.9.0,getExtraFieldDataLength,openjpa-kernel/src/main/java/org/apache/openjpa/meta/ClassMetaData.java,5,3,2,2,0,2,1,1,45,3,8,0,false
0.9.0,appendTo,openjpa-jdbc/src/main/java/org/apache/openjpa/jdbc/kernel/exps/StringFunction.java,5,1,0,0,0,0,1,0,37,2,4,0,false
0.9.0,createJDBC3Method,openjpa-lib/src/main/java/org/apache/openjpa/lib/jdbc/DelegatingConnection.java,10,2,1,0,1,1,14,0,0,1,7,0,false
0.9.0,getMapping,openjpa-kernel/src/main/java/org/apache/openjpa/conf/OpenJPAConfiguration.java,1,1,0,0,0,0,0,0,45,3,8,0,false
0.9.0,isPersistent,openjpa-kernel/src/main/java/org/apache/openjpa/kernel/BrokerImpl.java,5,2,0,0,0,2,0,3,45,3,11,0,false
0.9.0,setAutoClear,openjpa-kernel/src/main/java/org/apache/openjpa/conf/OpenJPAConfiguration.java,1,1,0,0,0,0,0,0,45,3,8,0,false
0.9.0,getClass,openjpa-jdbc/src/main/java/org/apache/openjpa/jdbc/meta/strats/SubclassJoinDiscriminatorStrategy.java,13,7,5,0,0,2,0,0,37,2,2,0,false
0.9.0,destroyObject,openjpa-kernel/src/main/java/org/apache/openjpa/event/TCPRemoteCommitProvider.java,10,3,1,3,1,0,0,2,45,2,7,4,false
0.9.0,resolve,openjpa-kernel/src/main/java/org/apache/openjpa/meta/MetaDataRepository.java,19,8,5,1,1,1,1,1,45,3,8,1,false
0.9.0,lock,openjpa-kernel/src/main/java/org/apache/openjpa/kernel/QueryContext.java,1,1,0,0,0,0,2,0,45,1,4,0,false
0.9.0,newFlushException,openjpa-kernel/src/main/java/org/apache/openjpa/kernel/BrokerImpl.java,16,10,6,0,0,4,1,1,45,3,11,1,false
0.9.0,hasContainsExpression,openjpa-jdbc/src/main/java/org/apache/openjpa/jdbc/kernel/exps/InstanceofExpression.java,3,1,0,0,0,1,0,0,37,2,5,0,false
0.9.0,getClassElementDepth,openjpa-lib/src/main/java/org/apache/openjpa/lib/meta/CFMetaDataParser.java,3,1,0,0,0,1,2,0,0,1,5,0,false
0.9.0,appendTo,openjpa-jdbc/src/main/java/org/apache/openjpa/jdbc/kernel/exps/IndexOf.java,12,2,6,0,0,0,1,3,37,2,4,0,false
0.9.0,appendTo,openjpa-jdbc/src/main/java/org/apache/openjpa/jdbc/kernel/exps/ConstInstanceofExpression.java,6,2,0,0,0,0,0,2,37,2,3,0,false
0.9.0,getInstance,openjpa-jdbc/src/main/java/org/apache/openjpa/jdbc/kernel/JDBCBrokerFactory.java,7,2,2,0,0,2,0,3,37,2,2,0,false
0.9.0,setPrimaryKey,openjpa-kernel/src/main/java/org/apache/openjpa/meta/FieldMetaData.java,3,1,1,0,0,0,3,0,45,3,10,0,false
0.9.0,getCacheLevel,openjpa-jdbc/src/main/java/org/apache/openjpa/jdbc/kernel/exps/JDBCExpressionFactory.java,12,7,4,0,0,3,1,0,37,3,6,0,false
0.9.0,iterator,openjpa-kernel/src/main/java/org/apache/openjpa/kernel/jpql/JPQLExpressionBuilder.java,3,1,0,0,0,1,1,0,45,2,8,1,false
0.9.0,setURL,openjpa-lib/src/main/java/org/apache/openjpa/lib/jdbc/DelegatingCallableStatement.java,3,1,0,0,0,0,0,0,0,1,6,0,false
0.9.0,supportsSchemasInProcedureCalls,openjpa-lib/src/main/java/org/apache/openjpa/lib/jdbc/DelegatingDatabaseMetaData.java,3,1,0,0,0,1,0,0,0,1,4,0,false
0.9.0,afterOptimisticRefresh,openjpa-kernel/src/main/java/org/apache/openjpa/kernel/PCState.java,3,1,0,0,0,1,1,0,45,1,4,0,false
0.9.0,addLifecycleListener,openjpa-kernel/src/main/java/org/apache/openjpa/kernel/AbstractBrokerFactory.java,11,2,1,0,1,0,0,3,45,2,6,0,false
0.9.0,getRef,openjpa-lib/src/main/java/org/apache/openjpa/lib/jdbc/DelegatingResultSet.java,3,1,0,0,0,1,0,0,0,1,4,0,false
0.9.0,setupConnectionFactory,openjpa-jdbc/src/main/java/org/apache/openjpa/jdbc/conf/JDBCConfigurationImpl.java,9,7,2,0,0,2,4,2,37,3,6,0,false
0.9.0,getLog,openjpa-lib/src/main/java/org/apache/openjpa/lib/log/MultiLogFactory.java,11,4,4,0,0,1,0,2,0,2,6,1,false
0.9.0,getFetchConfiguration,openjpa-kernel/src/main/java/org/apache/openjpa/kernel/ExtentImpl.java,3,1,0,0,0,1,0,0,45,2,5,0,false
0.9.0,getUpdates,openjpa-kernel/src/main/java/org/apache/openjpa/datacache/QueryCacheStoreQuery.java,3,1,0,0,0,1,0,1,45,2,7,0,false
0.9.0,relative,openjpa-lib/src/main/java/org/apache/openjpa/lib/jdbc/LoggingConnectionDecorator.java,8,1,0,0,1,1,0,4,0,1,8,0,false
0.9.0,newUnionSelect,openjpa-jdbc/src/main/java/org/apache/openjpa/jdbc/sql/LogicalUnion.java,3,1,0,0,0,1,2,1,37,2,4,0,false
0.9.0,getElementType,openjpa-kernel/src/main/java/org/apache/openjpa/kernel/ExtentImpl.java,3,1,0,0,0,1,0,0,45,2,5,0,false
0.9.0,currentElement,openjpa-persistence/src/main/java/org/apache/openjpa/persistence/XMLPersistenceMetaDataParser.java,4,2,0,0,0,2,44,0,45,2,6,0,false
0.9.0,getPersistentSuperclass,openjpa-kernel/src/main/java/org/apache/openjpa/enhance/PCRegistry.java,4,1,1,0,0,1,1,1,45,2,4,0,false
0.9.0,getVariable,openjpa-jdbc/src/main/java/org/apache/openjpa/jdbc/kernel/exps/BindVariableExpression.java,3,1,0,0,0,1,0,0,37,2,3,0,false
0.9.0,groupBy,openjpa-jdbc/src/main/java/org/apache/openjpa/jdbc/sql/LogicalUnion.java,3,1,0,0,0,1,0,2,37,2,4,0,false
0.9.0,fetchString,openjpa-kernel/src/main/java/org/apache/openjpa/kernel/OpenJPAStateManager.java,1,1,0,0,0,0,3,0,45,2,5,0,false
0.9.0,writeObject,openjpa-kernel/src/main/java/org/apache/openjpa/util/ReferentialIntegrityException.java,3,1,0,0,0,0,0,0,45,1,4,0,false
0.9.0,getClobString,openjpa-jdbc/src/main/java/org/apache/openjpa/jdbc/sql/OracleDictionary.java,14,7,1,0,1,5,0,1,37,2,3,5,false
0.9.0,assertNoPrimaryKeyChange,openjpa-kernel/src/main/java/org/apache/openjpa/kernel/StateManagerImpl.java,3,3,0,0,0,0,10,4,45,3,13,1,false
0.9.0,getOperation,openjpa-kernel/src/main/java/org/apache/openjpa/kernel/AbstractStoreQuery.java,3,1,0,0,0,1,0,0,45,2,4,0,false
0.9.0,storesUpperCaseIdentifiers,openjpa-lib/src/main/java/org/apache/openjpa/lib/jdbc/DelegatingDatabaseMetaData.java,3,1,0,0,0,1,0,0,0,1,4,0,false
0.9.0,newListenerCollection,openjpa-kernel/src/main/java/org/apache/openjpa/datacache/AbstractQueryCache.java,3,1,0,0,0,1,0,1,45,2,7,0,false
0.9.0,replaceDoubleField,openjpa-kernel/src/main/java/org/apache/openjpa/kernel/StateManagerImpl.java,3,1,0,0,0,1,0,0,45,3,13,0,false
0.9.0,setAutoClear,openjpa-persistence/src/main/java/org/apache/openjpa/persistence/EntityManagerImpl.java,3,1,0,0,0,0,0,3,45,2,7,0,false
0.9.0,retrieve,openjpa-persistence/src/main/java/org/apache/openjpa/persistence/EntityManagerImpl.java,3,1,0,0,0,0,0,1,45,2,7,0,false
0.9.0,toEntityManagerFactory,openjpa-persistence/src/main/java/org/apache/openjpa/persistence/OpenJPAPersistence.java,18,4,2,0,1,2,5,2,45,2,5,1,false
0.9.0,bufferCustomUpdate,openjpa-jdbc/src/main/java/org/apache/openjpa/jdbc/kernel/AbstractUpdateManager.java,5,2,1,0,0,1,3,1,37,1,2,2,false
0.9.0,pushBack,openjpa-jdbc/src/main/java/org/apache/openjpa/jdbc/sql/SelectImpl.java,4,1,1,0,0,0,0,0,37,2,6,0,false
0.9.0,syncVersion,openjpa-jdbc/src/main/java/org/apache/openjpa/jdbc/kernel/JDBCStoreManager.java,9,2,1,0,1,1,0,0,37,3,9,1,false
0.9.0,startConfiguration,openjpa-jdbc/src/main/java/org/apache/openjpa/jdbc/kernel/AbstractUpdateManager.java,2,1,0,0,0,0,0,0,37,1,2,0,false
0.9.0,saveFields,openjpa-kernel/src/main/java/org/apache/openjpa/kernel/StateManagerImpl.java,8,6,4,0,0,1,2,3,45,3,13,0,false
0.9.0,addAll,openjpa-jdbc/src/main/java/org/apache/openjpa/jdbc/schema/XMLSchemaSerializer.java,7,4,4,0,0,1,1,4,37,1,2,0,false
0.9.0,getDeclaration,openjpa-kernel/src/main/java/org/apache/openjpa/enhance/CodeGenerator.java,3,1,0,0,0,1,1,0,45,2,6,0,false
0.9.0,getEntityManagerFactory,openjpa-persistence/src/main/java/org/apache/openjpa/persistence/OpenJPAPersistence.java,9,2,1,0,1,1,1,3,45,2,5,1,false
0.9.0,isNotEmpty,openjpa-jdbc/src/main/java/org/apache/openjpa/jdbc/kernel/exps/JDBCExpressionFactory.java,3,1,0,0,0,1,0,1,37,3,6,0,false
0.9.0,getQueryCache,openjpa-kernel/src/main/java/org/apache/openjpa/conf/OpenJPAConfigurationImpl.java,3,1,0,0,0,1,0,1,45,3,13,0,false
0.9.0,setArray,openjpa-lib/src/main/java/org/apache/openjpa/lib/jdbc/DelegatingPreparedStatement.java,3,1,0,0,0,0,0,0,0,1,6,0,false
0.9.0,isTransactional,openjpa-kernel/src/main/java/org/apache/openjpa/kernel/BrokerImpl.java,5,2,0,0,0,2,0,3,45,3,11,0,false
0.9.0,getType,openjpa-jdbc/src/main/java/org/apache/openjpa/jdbc/kernel/exps/ConstPath.java,11,4,3,0,0,4,0,1,37,2,3,1,false
0.9.0,nontransactional,openjpa-kernel/src/main/java/org/apache/openjpa/kernel/BrokerImpl.java,18,7,1,0,1,2,1,5,45,3,11,2,false
0.9.0,supportsTableCorrelationNames,openjpa-lib/src/main/java/org/apache/openjpa/lib/jdbc/DelegatingDatabaseMetaData.java,3,1,0,0,0,1,0,0,0,1,4,0,false
0.9.0,setPopulateDataCache,openjpa-kernel/src/main/java/org/apache/openjpa/kernel/StoreContext.java,1,1,0,0,0,0,0,0,45,3,6,0,false
0.9.0,castTo,openjpa-kernel/src/main/java/org/apache/openjpa/kernel/exps/CandidatePath.java,4,2,1,0,0,0,0,0,45,2,6,0,false
0.9.0,setDeclaringType,openjpa-kernel/src/main/java/org/apache/openjpa/meta/FieldMetaData.java,5,1,3,0,0,0,2,0,45,3,10,0,false
0.9.0,getCandidateCollection,openjpa-persistence/src/main/java/org/apache/openjpa/persistence/QueryImpl.java,3,1,0,0,0,1,0,0,45,2,6,0,false
0.9.0,parseIndex,openjpa-persistence-jdbc/src/main/java/org/apache/openjpa/persistence/jdbc/AnnotationPersistenceMappingParser.java,3,1,0,0,0,0,3,1,37,2,3,0,false
0.9.0,clearWarnings,openjpa-lib/src/main/java/org/apache/openjpa/lib/jdbc/DelegatingCallableStatement.java,3,1,0,0,0,0,0,0,0,1,6,0,false
0.9.0,set,openjpa-lib/src/main/java/org/apache/openjpa/lib/util/concurrent/CopyOnWriteArrayList.java,3,1,0,0,0,0,0,0,0,1,5,0,false
0.9.0,supportsPositionedUpdate,openjpa-lib/src/main/java/org/apache/openjpa/lib/jdbc/DelegatingDatabaseMetaData.java,3,1,0,0,0,1,0,0,0,1,4,0,false
0.9.0,getResultMappingScope,openjpa-kernel/src/main/java/org/apache/openjpa/kernel/QueryContext.java,1,1,0,0,0,0,2,0,45,1,4,0,false
0.9.0,assertOpen,openjpa-kernel/src/main/java/org/apache/openjpa/kernel/BrokerImpl.java,3,2,0,0,0,0,38,1,45,3,11,0,false
0.9.0,dataDefinitionIgnoredInTransactions,openjpa-lib/src/main/java/org/apache/openjpa/lib/jdbc/DelegatingDatabaseMetaData.java,3,1,0,0,0,1,0,0,0,1,4,0,false
0.9.0,getMappingRepositoryInstance,openjpa-jdbc/src/main/java/org/apache/openjpa/jdbc/conf/JDBCConfigurationImpl.java,3,1,0,0,0,1,0,1,37,3,6,0,false
0.9.0,getLifecycleEventManager,openjpa-kernel/src/main/java/org/apache/openjpa/kernel/BrokerImpl.java,3,1,0,0,0,1,1,0,45,3,11,0,false
0.9.0,appendInfo,openjpa-lib/src/main/java/org/apache/openjpa/lib/jdbc/DelegatingCallableStatement.java,3,2,0,0,0,0,2,1,0,1,6,0,false
0.9.0,load,openjpa-jdbc/src/main/java/org/apache/openjpa/jdbc/kernel/exps/UnaryOp.java,3,1,0,0,0,1,0,1,37,2,5,0,false
0.9.0,executeBatch,openjpa-jdbc/src/main/java/org/apache/openjpa/jdbc/kernel/JDBCStoreManager.java,9,1,0,0,1,1,0,2,37,3,9,0,false
0.9.0,values,openjpa-kernel/src/main/java/org/apache/openjpa/util/ProxyTreeMap.java,3,1,0,0,0,1,0,0,45,1,4,0,false
0.9.0,append,openjpa-jdbc/src/main/java/org/apache/openjpa/jdbc/sql/SelectImpl.java,19,8,3,0,0,1,1,7,37,2,6,0,false
0.9.0,setLoaded,openjpa-kernel/src/main/java/org/apache/openjpa/kernel/StateManagerImpl.java,11,5,4,0,0,0,1,5,45,3,13,0,false
0.9.0,validateParameter,openjpa-persistence/src/main/java/org/apache/openjpa/persistence/QueryImpl.java,4,4,0,0,0,1,1,0,45,2,6,0,false
0.9.0,getDetachedObjectId,openjpa-kernel/src/main/java/org/apache/openjpa/kernel/AttachManager.java,4,2,0,0,0,2,2,2,45,2,5,1,false
0.9.0,getDynamicDataStructs,openjpa-kernel/src/main/java/org/apache/openjpa/conf/OpenJPAConfigurationImpl.java,3,1,0,0,0,1,0,1,45,3,13,0,false
0.9.0,getMetaDataFactory,openjpa-kernel/src/main/java/org/apache/openjpa/conf/OpenJPAConfiguration.java,1,1,0,0,0,0,1,0,45,3,8,0,false
0.9.0,setLoadFetchGroup,openjpa-kernel/src/main/java/org/apache/openjpa/meta/FieldMetaData.java,3,1,1,0,0,0,1,0,45,3,10,0,false
0.9.0,getFetchGroups,openjpa-kernel/src/main/java/org/apache/openjpa/conf/OpenJPAConfiguration.java,1,1,0,0,0,0,0,0,45,3,8,0,false
0.9.0,getExtensionKeys,openjpa-kernel/src/main/java/org/apache/openjpa/meta/Extensions.java,3,1,0,0,0,1,0,1,45,1,4,0,false
0.9.0,isFull,openjpa-lib/src/main/java/org/apache/openjpa/lib/util/concurrent/ConcurrentHashMap.java,3,3,0,0,0,1,0,1,0,1,7,0,false
0.9.0,addProvider,openjpa-lib/src/main/java/org/apache/openjpa/lib/util/Localizer.java,3,1,0,0,0,0,0,0,0,2,9,0,false
0.9.0,setConfiguration,openjpa-jdbc/src/main/java/org/apache/openjpa/jdbc/kernel/NativeJDBCSeq.java,3,1,1,0,0,0,0,0,37,2,2,0,false
0.9.0,getIntermediate,openjpa-kernel/src/main/java/org/apache/openjpa/kernel/DetachedValueStateManager.java,3,1,0,0,0,0,0,0,45,2,5,0,false
0.9.0,instantiateVersionStrategy,openjpa-jdbc/src/main/java/org/apache/openjpa/jdbc/meta/MappingRepository.java,10,2,1,1,1,1,1,3,37,2,4,1,false
0.9.0,getMaxCursorNameLength,openjpa-lib/src/main/java/org/apache/openjpa/lib/jdbc/DelegatingDatabaseMetaData.java,3,1,0,0,0,1,0,0,0,1,4,0,false
0.9.0,setTableName,openjpa-jdbc/src/main/java/org/apache/openjpa/jdbc/kernel/NativeJDBCSeq.java,3,1,1,0,0,0,0,0,37,2,2,0,false
0.9.0,getTypeInfo,openjpa-lib/src/main/java/org/apache/openjpa/lib/jdbc/LoggingConnectionDecorator.java,4,2,0,0,0,1,0,2,0,1,8,0,false
0.9.0,getResultSetType,openjpa-jdbc/src/main/java/org/apache/openjpa/jdbc/kernel/JDBCFetchConfigurationImpl.java,3,1,0,0,0,1,0,0,37,3,6,0,false
0.9.0,getMetaData,openjpa-lib/src/main/java/org/apache/openjpa/lib/jdbc/DelegatingConnection.java,3,1,0,0,0,1,0,1,0,1,7,0,false
0.9.0,close,openjpa-lib/src/main/java/org/apache/openjpa/lib/jdbc/DelegatingResultSet.java,3,1,0,0,0,0,0,0,0,1,4,0,false
0.9.0,startGeneratedValue,openjpa-persistence/src/main/java/org/apache/openjpa/persistence/XMLPersistenceMetaDataParser.java,14,8,3,0,0,2,1,5,45,2,6,1,false
0.9.0,storesMixedCaseIdentifiers,openjpa-lib/src/main/java/org/apache/openjpa/lib/jdbc/DelegatingDatabaseMetaData.java,3,1,0,0,0,1,0,0,0,1,4,0,false
0.9.0,getRow,openjpa-lib/src/main/java/org/apache/openjpa/lib/jdbc/DelegatingResultSet.java,3,1,0,0,0,1,0,0,0,1,4,0,false
0.9.0,getTimestamp,openjpa-jdbc/src/main/java/org/apache/openjpa/jdbc/sql/OracleDictionary.java,6,4,1,0,0,2,0,0,37,2,3,0,false
0.9.0,classForName,openjpa-lib/src/main/java/org/apache/openjpa/lib/meta/CFMetaDataParser.java,6,3,1,0,0,2,0,1,0,1,5,0,false
0.9.0,getSQLValue,openjpa-jdbc/src/main/java/org/apache/openjpa/jdbc/kernel/exps/FilterValueImpl.java,3,2,0,0,0,1,0,2,37,2,2,0,false
0.9.0,setFromSelect,openjpa-jdbc/src/main/java/org/apache/openjpa/jdbc/sql/LogicalUnion.java,3,1,0,0,0,0,0,0,37,2,4,0,false
0.9.0,isSerialized,openjpa-kernel/src/main/java/org/apache/openjpa/meta/FieldMetaData.java,3,1,0,0,0,1,3,1,45,3,10,0,false
0.9.0,getFloat,openjpa-lib/src/main/java/org/apache/openjpa/lib/jdbc/DelegatingCallableStatement.java,3,1,0,0,0,0,0,0,0,1,6,0,false
0.9.0,parseUnique,openjpa-persistence-jdbc/src/main/java/org/apache/openjpa/persistence/jdbc/AnnotationPersistenceMappingParser.java,11,3,2,0,0,1,2,0,37,2,3,0,false
0.9.0,getValues,openjpa-jdbc/src/main/java/org/apache/openjpa/jdbc/ant/MappingToolTask.java,3,1,0,0,0,1,0,0,37,2,3,0,false
0.9.0,setInDefaultFetchGroup,openjpa-kernel/src/main/java/org/apache/openjpa/meta/FieldMetaData.java,5,2,3,0,0,0,17,0,45,3,10,0,false
0.9.0,setLogWriter,openjpa-lib/src/main/java/org/apache/openjpa/lib/jdbc/DelegatingDataSource.java,3,1,0,0,0,0,0,0,0,1,5,0,false
0.9.0,getMaxSize,openjpa-lib/src/main/java/org/apache/openjpa/lib/util/concurrent/ConcurrentHashMap.java,3,1,0,0,0,1,0,0,0,1,7,0,false
0.9.0,getSchema,openjpa-jdbc/src/main/java/org/apache/openjpa/jdbc/conf/JDBCConfigurationImpl.java,3,1,0,0,0,1,0,1,37,3,6,0,false
0.9.0,initialize,openjpa-kernel/src/main/java/org/apache/openjpa/kernel/DetachedValueStateManager.java,3,1,0,0,0,0,0,0,45,2,5,0,false
0.9.0,setConnectionDriverName,openjpa-kernel/src/main/java/org/apache/openjpa/conf/OpenJPAConfigurationImpl.java,4,1,0,0,0,0,0,2,45,3,13,0,false
0.9.0,toDataStoreValue,openjpa-jdbc/src/main/java/org/apache/openjpa/jdbc/kernel/exps/IndexOf.java,3,1,0,0,0,1,0,0,37,2,4,0,false
0.9.0,setProxyType,openjpa-kernel/src/main/java/org/apache/openjpa/meta/FieldMetaData.java,3,1,1,0,0,0,1,0,45,3,10,0,false
0.9.0,getValues,openjpa-jdbc/src/main/java/org/apache/openjpa/jdbc/ant/SchemaToolTask.java,3,1,0,0,0,1,0,0,37,2,3,0,false
0.9.0,assertInversable,openjpa-jdbc/src/main/java/org/apache/openjpa/jdbc/meta/strats/RelationToManyInverseKeyFieldStrategy.java,4,2,1,0,0,0,6,1,37,2,3,2,false
0.9.0,setInitializer,openjpa-kernel/src/main/java/org/apache/openjpa/meta/FieldMetaData.java,3,1,1,0,0,0,1,0,45,3,10,0,false
0.9.0,toDataStoreValue,openjpa-jdbc/src/main/java/org/apache/openjpa/jdbc/kernel/exps/Variable.java,3,1,0,0,0,1,0,0,37,2,3,0,false
0.9.0,setJoinSyntax,openjpa-jdbc/src/main/java/org/apache/openjpa/jdbc/sql/LogicalUnion.java,3,1,0,0,0,0,1,1,37,2,4,0,false
0.9.0,getCount,openjpa-jdbc/src/main/java/org/apache/openjpa/jdbc/sql/LogicalUnion.java,3,1,0,0,0,1,1,1,37,2,4,0,false
0.9.0,putUserObject,openjpa-persistence/src/main/java/org/apache/openjpa/persistence/EntityManagerImpl.java,3,1,0,0,0,1,0,3,45,2,7,0,false
0.9.0,isInvalidProperty,openjpa-jdbc/src/main/java/org/apache/openjpa/jdbc/conf/JDBCConfigurationImpl.java,3,1,0,0,0,1,0,0,37,3,6,0,false
0.9.0,clearLogParameters,openjpa-lib/src/main/java/org/apache/openjpa/lib/jdbc/LoggingConnectionDecorator.java,4,4,0,0,0,0,8,0,0,1,8,0,false
0.9.0,setComments,openjpa-jdbc/src/main/java/org/apache/openjpa/jdbc/meta/QueryResultMapping.java,3,1,1,0,0,0,0,0,37,1,2,0,false
0.9.0,setInitialValue,openjpa-jdbc/src/main/java/org/apache/openjpa/jdbc/kernel/NativeJDBCSeq.java,3,1,1,0,0,0,0,0,37,2,2,0,false
0.9.0,getFilterListenerInstances,openjpa-kernel/src/main/java/org/apache/openjpa/conf/OpenJPAConfigurationImpl.java,4,2,0,0,0,1,0,0,45,3,13,0,false
0.9.0,setJoinSyntax,openjpa-jdbc/src/main/java/org/apache/openjpa/jdbc/kernel/JDBCFetchConfigurationImpl.java,8,3,3,0,0,1,3,2,37,3,6,2,false
0.9.0,getProjectionAliases,openjpa-kernel/src/main/java/org/apache/openjpa/kernel/QueryContext.java,1,1,0,0,0,0,3,0,45,1,4,0,false
0.9.0,clear,openjpa-persistence/src/main/java/org/apache/openjpa/persistence/XMLPersistenceMetaDataSerializer.java,5,4,0,0,0,0,0,0,45,2,6,0,false
0.9.0,providedLongField,openjpa-kernel/src/main/java/org/apache/openjpa/kernel/DetachedValueStateManager.java,3,1,1,0,0,0,0,0,45,2,5,0,false
0.9.0,setName,openjpa-kernel/src/main/java/org/apache/openjpa/datacache/DelegatingDataCache.java,9,3,0,0,1,1,0,2,45,2,5,1,false
0.9.0,setMapping,openjpa-kernel/src/main/java/org/apache/openjpa/conf/OpenJPAConfigurationImpl.java,4,1,0,0,0,0,0,2,45,3,13,0,false
0.9.0,getEager,openjpa-jdbc/src/main/java/org/apache/openjpa/jdbc/sql/SelectImpl.java,6,4,1,0,0,3,0,2,37,2,6,3,false
0.9.0,isPendingTransactional,openjpa-kernel/src/main/java/org/apache/openjpa/kernel/StateManagerImpl.java,3,1,0,0,0,1,1,0,45,3,13,0,false
0.9.0,setMultiLine,openjpa-lib/src/main/java/org/apache/openjpa/lib/jdbc/SQLFormatter.java,3,1,1,0,0,0,0,0,0,1,4,0,false
0.9.0,addProvider,openjpa-kernel/src/main/java/org/apache/openjpa/event/TCPRemoteCommitProvider.java,5,1,0,0,0,0,1,0,45,2,7,0,false
0.9.0,put,openjpa-lib/src/main/java/org/apache/openjpa/lib/util/Options.java,3,1,0,0,0,0,0,0,0,1,8,0,false
0.9.0,calculateValue,openjpa-jdbc/src/main/java/org/apache/openjpa/jdbc/kernel/exps/IndexOf.java,4,1,0,0,0,0,1,0,37,2,4,0,false
0.9.0,setMetaData,openjpa-jdbc/src/main/java/org/apache/openjpa/jdbc/kernel/exps/Substring.java,3,1,1,0,0,0,0,0,37,2,4,0,false
0.9.0,setValidateFalseReturnsHollow,openjpa-kernel/src/main/java/org/apache/openjpa/conf/Compatibility.java,3,1,1,0,0,0,0,0,45,1,3,0,false
0.9.0,loadElement,openjpa-jdbc/src/main/java/org/apache/openjpa/jdbc/meta/strats/RelationToManyTableFieldStrategy.java,5,2,2,0,0,1,0,0,37,2,4,1,false
0.9.0,getDelegate,openjpa-persistence/src/main/java/org/apache/openjpa/persistence/FetchPlan.java,3,1,0,0,0,1,0,0,45,2,5,0,false
0.9.0,setType,openjpa-kernel/src/main/java/org/apache/openjpa/meta/FieldMetaData.java,3,1,0,0,0,0,5,1,45,3,10,0,false
0.9.0,setMaxActive,openjpa-kernel/src/main/java/org/apache/openjpa/event/TCPRemoteCommitProvider.java,3,1,1,0,0,0,0,0,45,2,7,0,false
0.9.0,setNextVersion,openjpa-kernel/src/main/java/org/apache/openjpa/kernel/OpenJPAStateManager.java,1,1,0,0,0,0,3,0,45,2,5,0,false
0.9.0,setListingIndex,openjpa-kernel/src/main/java/org/apache/openjpa/meta/PersistenceAwareClass.java,3,1,1,0,0,0,0,0,2,1,1,0,false
0.9.0,getSourceScope,openjpa-kernel/src/main/java/org/apache/openjpa/meta/PersistenceAwareClass.java,3,1,0,0,0,1,0,0,2,1,1,0,false
0.9.0,getMaxBinaryLiteralLength,openjpa-lib/src/main/java/org/apache/openjpa/lib/jdbc/DelegatingDatabaseMetaData.java,3,1,0,0,0,1,0,0,0,1,4,0,false
0.9.0,getNull,openjpa-jdbc/src/main/java/org/apache/openjpa/jdbc/kernel/exps/JDBCExpressionFactory.java,3,1,0,0,0,1,0,0,37,3,6,0,false
0.9.0,supportsTransactionIsolationLevel,openjpa-lib/src/main/java/org/apache/openjpa/lib/jdbc/DelegatingDatabaseMetaData.java,3,1,0,0,0,1,0,0,0,1,4,0,false
0.9.0,getId,openjpa-kernel/src/main/java/org/apache/openjpa/kernel/DetachedStateManager.java,3,1,0,0,0,1,0,1,45,3,7,0,false
0.9.0,isPacking,openjpa-jdbc/src/main/java/org/apache/openjpa/jdbc/kernel/SQLStoreQuery.java,3,2,0,0,0,1,0,0,37,2,3,1,false
0.9.0,getConfiguration,openjpa-persistence/src/main/java/org/apache/openjpa/persistence/EntityManagerImpl.java,3,1,0,0,0,1,6,1,45,2,7,0,false
0.9.0,dataDefinitionCausesTransactionCommit,openjpa-lib/src/main/java/org/apache/openjpa/lib/jdbc/DelegatingDatabaseMetaData.java,3,1,0,0,0,1,0,0,0,1,4,0,false
0.9.0,startEntityListeners,openjpa-persistence/src/main/java/org/apache/openjpa/persistence/XMLPersistenceMetaDataParser.java,7,4,2,0,0,3,1,3,45,2,6,0,false
0.9.0,open,openjpa-jdbc/src/main/java/org/apache/openjpa/jdbc/kernel/SelectResultObjectProvider.java,3,1,1,0,0,0,1,0,37,2,2,0,false
0.9.0,newFieldProxy,openjpa-kernel/src/main/java/org/apache/openjpa/kernel/StateManagerImpl.java,16,8,3,0,0,5,4,8,45,3,13,3,false
0.9.0,begin,openjpa-jdbc/src/main/java/org/apache/openjpa/jdbc/kernel/JDBCStoreManager.java,10,5,2,0,1,0,0,3,37,3,9,0,false
0.9.0,acquireWriteLock,openjpa-kernel/src/main/java/org/apache/openjpa/event/TCPRemoteCommitProvider.java,7,2,0,0,1,0,3,0,45,2,7,1,false
0.9.0,getStartRange,openjpa-kernel/src/main/java/org/apache/openjpa/kernel/QueryContext.java,1,1,0,0,0,0,1,0,45,1,4,0,false
0.9.0,getRootInstances,openjpa-kernel/src/main/java/org/apache/openjpa/kernel/DelegatingFetchConfiguration.java,8,2,0,0,1,1,0,2,45,3,7,1,false
0.9.0,newRemoteCommitProviderInstance,openjpa-kernel/src/main/java/org/apache/openjpa/conf/OpenJPAConfigurationImpl.java,3,1,0,0,0,1,0,0,45,3,13,0,false
0.9.0,setConnection2Properties,openjpa-kernel/src/main/java/org/apache/openjpa/conf/OpenJPAConfiguration.java,1,1,0,0,0,0,0,0,45,3,8,0,false
0.9.0,getConnection2URL,openjpa-kernel/src/main/java/org/apache/openjpa/conf/OpenJPAConfiguration.java,1,1,0,0,0,0,0,0,45,3,8,0,false
0.9.0,isNew,openjpa-kernel/src/main/java/org/apache/openjpa/kernel/DetachedStateManager.java,3,1,0,0,0,1,0,0,45,3,7,0,false
0.9.0,getUserName,openjpa-lib/src/main/java/org/apache/openjpa/lib/jdbc/DelegatingDatabaseMetaData.java,3,1,0,0,0,1,0,0,0,1,4,0,false
0.9.0,parseTemporal,openjpa-persistence-jdbc/src/main/java/org/apache/openjpa/persistence/jdbc/AnnotationPersistenceMappingParser.java,17,7,3,0,0,0,2,2,37,2,3,5,false
0.9.0,getType,openjpa-kernel/src/main/java/org/apache/openjpa/kernel/exps/UnboundVariable.java,3,1,0,0,0,1,2,0,45,2,5,0,false
0.9.0,isPersistent,openjpa-kernel/src/main/java/org/apache/openjpa/kernel/DetachedValueStateManager.java,3,1,0,0,0,1,0,0,45,2,5,0,false
0.9.0,removeProvider,openjpa-lib/src/main/java/org/apache/openjpa/lib/util/Localizer.java,3,1,0,0,0,1,0,0,0,2,9,0,false
0.9.0,getMetaData,openjpa-jdbc/src/main/java/org/apache/openjpa/jdbc/kernel/exps/IndexOf.java,3,1,0,0,0,1,0,0,37,2,4,0,false
0.9.0,getFieldMapping,openjpa-jdbc/src/main/java/org/apache/openjpa/jdbc/kernel/exps/StartsWithExpression.java,3,1,0,0,0,1,0,0,37,2,3,0,false
0.9.0,getStoreFacadeTypeRegistry,openjpa-kernel/src/main/java/org/apache/openjpa/conf/OpenJPAConfiguration.java,1,1,0,0,0,0,1,0,45,3,8,0,false
0.9.0,setImplicitType,openjpa-jdbc/src/main/java/org/apache/openjpa/jdbc/kernel/exps/ConstGetObjectId.java,2,1,0,0,0,0,0,0,37,2,2,0,false
0.9.0,acquireReadLock,openjpa-kernel/src/main/java/org/apache/openjpa/event/TCPRemoteCommitProvider.java,7,2,0,0,1,0,1,0,45,2,7,1,false
0.9.0,dirtyClass,openjpa-persistence/src/main/java/org/apache/openjpa/persistence/EntityManagerImpl.java,3,1,0,0,0,0,0,3,45,2,7,0,false
0.9.0,getCandidateMetaData,openjpa-kernel/src/main/java/org/apache/openjpa/kernel/jpql/JPQLExpressionBuilder.java,15,6,5,0,0,3,2,11,45,2,8,0,false
0.9.0,getPrimaryKeyIndex,openjpa-kernel/src/main/java/org/apache/openjpa/meta/FieldMetaData.java,3,1,0,0,0,1,5,0,45,3,10,0,false
0.9.0,isDeleted,openjpa-kernel/src/main/java/org/apache/openjpa/kernel/StoreContext.java,1,1,0,0,0,0,1,0,45,3,6,0,false
0.9.0,nextAlias,openjpa-kernel/src/main/java/org/apache/openjpa/kernel/jpql/JPQLExpressionBuilder.java,3,1,0,1,0,1,8,0,45,2,8,0,false
0.9.0,retainConnection,openjpa-kernel/src/main/java/org/apache/openjpa/kernel/DelegatingStoreManager.java,3,1,0,0,0,0,1,1,45,3,5,0,false
0.9.0,getMappingDefaults,openjpa-jdbc/src/main/java/org/apache/openjpa/jdbc/conf/JDBCConfigurationImpl.java,4,2,0,0,0,1,0,2,37,3,6,0,false
0.9.0,getConnectionFactory,openjpa-kernel/src/main/java/org/apache/openjpa/conf/OpenJPAConfiguration.java,1,1,0,0,0,0,0,0,45,3,8,0,false
0.9.0,validateIdentity,openjpa-kernel/src/main/java/org/apache/openjpa/meta/ClassMetaData.java,18,12,2,0,0,0,1,7,45,3,8,6,false
0.9.0,addQueryMetaData,openjpa-kernel/src/main/java/org/apache/openjpa/meta/MetaDataRepository.java,5,1,1,0,0,1,4,2,45,3,8,0,false
0.9.0,nullPlusNonNullIsNull,openjpa-lib/src/main/java/org/apache/openjpa/lib/jdbc/DelegatingDatabaseMetaData.java,3,1,0,0,0,1,0,0,0,1,4,0,false
0.9.0,getStoreManager,openjpa-kernel/src/main/java/org/apache/openjpa/kernel/StoreContext.java,1,1,0,0,0,0,2,0,45,3,6,0,false
0.9.0,executeUpdate,openjpa-lib/src/main/java/org/apache/openjpa/lib/jdbc/LoggingConnectionDecorator.java,14,2,1,0,1,1,0,7,0,1,8,0,false
0.9.0,startClass,openjpa-persistence/src/main/java/org/apache/openjpa/persistence/XMLPersistenceMetaDataParser.java,40,19,9,0,0,3,0,47,45,2,6,5,false
0.9.0,assertPersistenceCapable,openjpa-kernel/src/main/java/org/apache/openjpa/kernel/BrokerImpl.java,5,3,0,0,0,2,11,8,45,3,11,0,false
0.9.0,releaseConnection,openjpa-kernel/src/main/java/org/apache/openjpa/kernel/DelegatingStoreManager.java,3,1,0,0,0,0,1,1,45,3,5,0,false
0.9.0,getMetaData,openjpa-kernel/src/main/java/org/apache/openjpa/meta/MetaDataRepository.java,11,7,2,0,0,1,38,4,45,3,8,1,false
0.9.0,appendIsNotNull,openjpa-jdbc/src/main/java/org/apache/openjpa/jdbc/meta/strats/RelationFieldStrategy.java,9,3,2,0,0,0,0,3,37,2,5,0,false
0.9.0,hasVariable,openjpa-jdbc/src/main/java/org/apache/openjpa/jdbc/kernel/exps/Args.java,4,3,1,0,0,2,0,0,37,2,3,0,false
0.9.0,setImplicitType,openjpa-kernel/src/main/java/org/apache/openjpa/kernel/exps/SubQ.java,4,3,1,0,0,0,0,0,45,2,4,0,false
0.9.0,getPackage,openjpa-lib/src/main/java/org/apache/openjpa/lib/meta/CFMetaDataSerializer.java,3,1,0,0,0,1,1,0,0,1,5,0,false
0.9.0,getConst,openjpa-jdbc/src/main/java/org/apache/openjpa/jdbc/kernel/exps/InExpression.java,3,1,0,0,0,1,1,0,37,2,4,0,false
0.9.0,setFetchDirection,openjpa-lib/src/main/java/org/apache/openjpa/lib/jdbc/DelegatingStatement.java,3,1,0,0,0,0,0,0,0,1,5,0,false
0.9.0,supportsResultSetType,openjpa-lib/src/main/java/org/apache/openjpa/lib/jdbc/DelegatingDatabaseMetaData.java,3,1,0,0,0,1,0,0,0,1,4,0,false
0.9.0,trace,openjpa-lib/src/main/java/org/apache/openjpa/lib/log/Log4JLogFactory.java,3,1,0,0,0,0,0,0,0,1,5,0,false
0.9.0,isVersionCheckRequired,openjpa-kernel/src/main/java/org/apache/openjpa/kernel/OpenJPAStateManager.java,1,1,0,0,0,0,2,0,45,2,5,0,false
0.9.0,providedCharField,openjpa-kernel/src/main/java/org/apache/openjpa/kernel/DetachedValueStateManager.java,3,1,1,0,0,0,0,0,45,2,5,0,false
0.9.0,getCreateFieldMethods,openjpa-kernel/src/main/java/org/apache/openjpa/enhance/PCDataGenerator.java,4,2,0,0,0,2,0,0,45,4,8,0,false
0.9.0,close,openjpa-lib/src/main/java/org/apache/openjpa/lib/jdbc/LoggingConnectionDecorator.java,8,1,0,0,1,0,0,4,0,1,8,0,false
0.9.0,setRepository,openjpa-persistence/src/main/java/org/apache/openjpa/persistence/AnnotationPersistenceMetaDataParser.java,3,1,1,0,0,0,0,0,45,3,11,0,false
0.9.0,removeLogFactory,openjpa-lib/src/main/java/org/apache/openjpa/lib/log/MultiLogFactory.java,3,1,0,0,0,0,0,0,0,2,6,0,false
0.9.0,getExpression,openjpa-kernel/src/main/java/org/apache/openjpa/kernel/jpql/JPQLExpressionBuilder.java,5,2,1,0,0,2,3,1,45,2,8,0,false
0.9.0,releaseSavepoint,openjpa-lib/src/main/java/org/apache/openjpa/lib/jdbc/DelegatingConnection.java,6,2,2,0,0,0,0,4,0,1,7,0,false
0.9.0,isPendingTransactional,openjpa-kernel/src/main/java/org/apache/openjpa/kernel/PCState.java,3,1,0,0,0,1,2,0,45,1,4,0,false
0.9.0,getSourceFile,openjpa-kernel/src/main/java/org/apache/openjpa/meta/ClassMetaData.java,3,1,0,0,0,1,6,0,45,3,8,0,false
0.9.0,debug,openjpa-lib/src/main/java/org/apache/openjpa/lib/log/CommonsLogFactory.java,3,1,0,0,0,0,0,0,0,1,5,0,false
0.9.0,equals,openjpa-jdbc/src/main/java/org/apache/openjpa/jdbc/sql/RowManagerImpl.java,5,4,1,0,0,2,0,0,37,1,2,0,false
0.9.0,getRemovedClasses,openjpa-persistence/src/main/java/org/apache/openjpa/persistence/EntityManagerImpl.java,3,1,0,0,0,1,0,1,45,2,7,0,false
0.9.0,getIntermediate,openjpa-kernel/src/main/java/org/apache/openjpa/kernel/DetachedStateManager.java,3,1,0,0,0,0,0,0,45,3,7,0,false
0.9.0,getExternalizer,openjpa-kernel/src/main/java/org/apache/openjpa/meta/FieldMetaData.java,3,1,0,0,0,1,1,0,45,3,10,0,false
0.9.0,getMetaData,openjpa-persistence/src/main/java/org/apache/openjpa/persistence/AnnotationPersistenceMetaDataParser.java,14,10,2,0,0,2,1,4,45,3,11,4,false
0.9.0,initialSequence,openjpa-kernel/src/main/java/org/apache/openjpa/util/CollectionChangeTrackerImpl.java,4,2,0,0,0,2,0,0,45,1,4,0,false
0.9.0,isEnabled,openjpa-lib/src/main/java/org/apache/openjpa/lib/log/LogFactoryImpl.java,3,2,0,0,0,1,0,0,0,1,6,0,false
0.9.0,getSourceMode,openjpa-persistence/src/main/java/org/apache/openjpa/persistence/AnnotationPersistenceMetaDataParser.java,4,2,1,0,0,1,1,0,45,3,11,1,false
0.9.0,getCode,openjpa-kernel/src/main/java/org/apache/openjpa/meta/ValueStrategies.java,10,4,4,0,0,2,0,0,45,1,4,0,false
0.9.0,equal,openjpa-kernel/src/main/java/org/apache/openjpa/kernel/exps/InMemoryExpressionFactory.java,3,1,0,0,0,1,0,0,45,3,6,0,false
0.9.0,setLoginTimeout,openjpa-lib/src/main/java/org/apache/openjpa/lib/jdbc/DelegatingDataSource.java,3,1,0,0,0,0,0,0,0,1,5,0,false
0.9.0,supportsRandomAccess,openjpa-jdbc/src/main/java/org/apache/openjpa/jdbc/sql/SelectImpl.java,3,1,0,0,0,1,5,1,37,2,6,0,false
0.9.0,skipAnnotationPropertyValue,openjpa-lib/src/main/java/org/apache/openjpa/lib/meta/ClassAnnotationMetaDataFilter.java,35,16,13,5,0,1,2,1,0,2,5,0,false
0.9.0,initialize,openjpa-jdbc/src/main/java/org/apache/openjpa/jdbc/kernel/exps/Args.java,7,3,3,0,0,0,0,0,37,2,3,0,false
0.9.0,getTypes,openjpa-kernel/src/main/java/org/apache/openjpa/datacache/TypesChangedEvent.java,3,1,0,0,0,1,2,0,45,1,3,0,false
0.9.0,fromUserProperties,openjpa-persistence/src/main/java/org/apache/openjpa/persistence/PersistenceUnitInfoImpl.java,25,12,4,0,0,1,4,9,45,1,7,1,false
0.9.0,getDiscriminatorValue,openjpa-jdbc/src/main/java/org/apache/openjpa/jdbc/meta/strats/ClassNameDiscriminatorStrategy.java,3,1,0,0,0,1,0,0,37,1,2,1,false
0.9.0,setQuery,openjpa-kernel/src/main/java/org/apache/openjpa/kernel/AbstractStoreQuery.java,3,1,0,0,0,1,0,0,45,2,4,0,false
0.9.0,setAddWhitespaceAfterDelimiter,openjpa-lib/src/main/java/org/apache/openjpa/lib/util/FormatPreservingProperties.java,3,1,1,0,0,0,0,0,0,1,8,0,false
0.9.0,root,openjpa-kernel/src/main/java/org/apache/openjpa/kernel/jpql/JPQLExpressionBuilder.java,3,1,0,0,0,1,24,1,45,2,8,2,false
0.9.0,selectColumns,openjpa-jdbc/src/main/java/org/apache/openjpa/jdbc/kernel/exps/CompareEqualExpression.java,4,1,0,0,0,0,0,0,37,2,3,0,false
0.9.0,usesIntermediate,openjpa-kernel/src/main/java/org/apache/openjpa/meta/FieldMetaData.java,3,1,0,0,0,1,3,0,45,3,10,0,false
0.9.0,replaceObjectField,openjpa-kernel/src/main/java/org/apache/openjpa/kernel/DetachedStateManager.java,5,1,2,0,0,1,0,0,45,3,7,0,false
0.9.0,isDirty,openjpa-jdbc/src/main/java/org/apache/openjpa/jdbc/sql/SelectImpl.java,3,1,0,0,0,1,0,0,37,2,6,0,false
0.9.0,rollback,openjpa-lib/src/main/java/org/apache/openjpa/lib/jdbc/DelegatingConnection.java,3,1,0,0,0,0,2,0,0,1,7,0,false
0.9.0,execute,openjpa-jdbc/src/main/java/org/apache/openjpa/jdbc/kernel/AbstractUpdateManager.java,13,4,0,0,0,0,1,0,37,1,2,0,false
0.9.0,getType,openjpa-kernel/src/main/java/org/apache/openjpa/kernel/exps/SubQ.java,7,4,0,0,0,3,2,0,45,2,4,0,false
0.9.0,getEagerFetchMode,openjpa-jdbc/src/main/java/org/apache/openjpa/jdbc/kernel/JDBCFetchConfigurationImpl.java,3,1,0,0,0,1,0,0,37,3,6,0,false
0.9.0,executeOn,openjpa-lib/src/main/java/org/apache/openjpa/lib/ant/AbstractTask.java,1,1,0,0,0,0,1,0,0,2,12,0,false
0.9.0,store,openjpa-kernel/src/main/java/org/apache/openjpa/kernel/OpenJPAStateManager.java,1,1,0,0,0,0,1,0,45,2,5,0,false
0.9.0,beforeOptimisticWrite,openjpa-kernel/src/main/java/org/apache/openjpa/kernel/PCState.java,3,1,0,0,0,1,1,0,45,1,4,0,false
0.9.0,fetchLong,openjpa-kernel/src/main/java/org/apache/openjpa/kernel/DetachedStateManager.java,3,1,0,0,0,0,0,0,45,3,7,0,false
0.9.0,getOrderDirtyObjects,openjpa-kernel/src/main/java/org/apache/openjpa/kernel/StoreContext.java,1,1,0,0,0,0,0,0,45,3,6,0,false
0.9.0,getSubtype,openjpa-kernel/src/main/java/org/apache/openjpa/util/CallbackException.java,3,1,0,0,0,1,0,0,45,1,4,0,false
0.9.0,executeDelete,openjpa-kernel/src/main/java/org/apache/openjpa/datacache/QueryCacheStoreQuery.java,8,1,0,0,1,1,0,3,45,2,7,0,false
0.9.0,parsePackageMappingAnnotations,openjpa-persistence-jdbc/src/main/java/org/apache/openjpa/persistence/jdbc/AnnotationPersistenceMappingParser.java,17,4,1,0,0,0,0,2,37,2,3,0,false
0.9.0,storeChar,openjpa-kernel/src/main/java/org/apache/openjpa/kernel/DetachedStateManager.java,3,1,0,0,0,0,0,0,45,3,7,0,false
0.9.0,getLockTimeout,openjpa-kernel/src/main/java/org/apache/openjpa/conf/OpenJPAConfigurationImpl.java,3,1,0,0,0,1,0,1,45,3,13,0,false
0.9.0,settingIntField,openjpa-kernel/src/main/java/org/apache/openjpa/kernel/StateManagerImpl.java,16,5,1,0,1,1,2,6,45,3,13,0,false
0.9.0,afterCommit,openjpa-kernel/src/main/java/org/apache/openjpa/datacache/AbstractQueryCache.java,13,4,5,0,0,1,0,4,45,2,7,0,false
0.9.0,getMaxColumnsInOrderBy,openjpa-lib/src/main/java/org/apache/openjpa/lib/jdbc/DelegatingDatabaseMetaData.java,3,1,0,0,0,1,0,0,0,1,4,0,false
0.9.0,setFetchSize,openjpa-lib/src/main/java/org/apache/openjpa/lib/jdbc/DelegatingPreparedStatement.java,3,1,0,0,0,0,0,0,0,1,6,0,false
0.9.0,getFlushBeforeQueries,openjpa-kernel/src/main/java/org/apache/openjpa/conf/OpenJPAConfigurationImpl.java,3,1,0,0,0,1,0,1,45,3,13,0,false
0.9.0,getByte,openjpa-lib/src/main/java/org/apache/openjpa/lib/jdbc/DelegatingCallableStatement.java,3,1,0,0,0,0,0,0,0,1,6,0,false
0.9.0,getObjectIdType,openjpa-kernel/src/main/java/org/apache/openjpa/kernel/StoreContext.java,1,1,0,0,0,0,0,0,45,3,6,0,false
0.9.0,getFetchBatchSize,openjpa-kernel/src/main/java/org/apache/openjpa/conf/OpenJPAConfigurationImpl.java,3,1,0,0,0,1,0,1,45,3,13,0,false
0.9.0,providedDoubleField,openjpa-kernel/src/main/java/org/apache/openjpa/kernel/DetachedStateManager.java,3,1,1,0,0,0,0,0,45,3,7,0,false
0.9.0,set,openjpa-lib/src/main/java/org/apache/openjpa/lib/conf/StringListValue.java,5,3,3,0,0,0,0,1,0,1,4,0,false
0.9.0,executeExtent,openjpa-kernel/src/main/java/org/apache/openjpa/kernel/DelegatingStoreManager.java,3,1,0,0,0,1,0,1,45,3,5,0,false
0.9.0,setPolymorphic,openjpa-jdbc/src/main/java/org/apache/openjpa/jdbc/meta/ValueMappingImpl.java,3,1,1,0,0,0,1,0,37,1,2,0,false
0.9.0,error,openjpa-lib/src/main/java/org/apache/openjpa/lib/log/MultiLogFactory.java,3,2,1,0,0,0,0,1,0,2,6,0,false
0.9.0,setString,openjpa-lib/src/main/java/org/apache/openjpa/lib/conf/PluginListValue.java,52,13,18,0,0,1,0,6,0,1,5,3,false
0.9.0,writeObject,openjpa-lib/src/main/java/org/apache/openjpa/lib/util/FormatPreservingProperties.java,3,1,0,0,0,0,0,0,0,1,8,0,false
0.9.0,close,openjpa-lib/src/main/java/org/apache/openjpa/lib/meta/ClassMetaDataIterator.java,2,1,0,0,0,0,0,0,0,1,5,0,false
0.9.0,getFromSelect,openjpa-jdbc/src/main/java/org/apache/openjpa/jdbc/sql/LogicalUnion.java,3,1,0,0,0,1,0,0,37,2,4,0,false
0.9.0,getConfiguration,openjpa-lib/src/main/java/org/apache/openjpa/lib/ant/AbstractTask.java,4,2,1,0,0,1,1,1,0,2,12,0,false
0.9.0,getInterval,openjpa-kernel/src/main/java/org/apache/openjpa/datacache/DataCacheScheduler.java,3,1,0,0,0,1,0,0,45,2,6,0,false
0.9.0,getConnection,openjpa-lib/src/main/java/org/apache/openjpa/lib/jdbc/DelegatingPreparedStatement.java,3,1,0,0,0,1,0,0,0,1,6,0,false
0.9.0,getResultSetHoldability,openjpa-lib/src/main/java/org/apache/openjpa/lib/jdbc/DelegatingDatabaseMetaData.java,3,1,0,0,0,0,0,0,0,1,4,0,false
0.9.0,load,openjpa-jdbc/src/main/java/org/apache/openjpa/jdbc/kernel/exps/Args.java,3,1,0,0,0,1,0,0,37,2,3,0,false
0.9.0,getRestoreState,openjpa-kernel/src/main/java/org/apache/openjpa/conf/OpenJPAConfigurationImpl.java,3,1,0,0,0,1,0,1,45,3,13,0,false
0.9.0,getDetachStateInstance,openjpa-kernel/src/main/java/org/apache/openjpa/conf/OpenJPAConfiguration.java,1,1,0,0,0,0,1,0,45,3,8,0,false
0.9.0,getJoinSyntax,openjpa-jdbc/src/main/java/org/apache/openjpa/jdbc/kernel/JDBCFetchConfigurationImpl.java,3,1,0,0,0,1,0,0,37,3,6,0,false
0.9.0,setImplData,openjpa-kernel/src/main/java/org/apache/openjpa/kernel/DetachedStateManager.java,3,1,0,0,0,0,0,0,45,3,7,0,false
0.9.0,getUpdates,openjpa-kernel/src/main/java/org/apache/openjpa/kernel/ExpressionStoreQuery.java,3,1,0,0,0,1,0,1,45,2,6,1,false
0.9.0,setSource,openjpa-kernel/src/main/java/org/apache/openjpa/meta/PersistenceAwareClass.java,4,1,2,0,0,0,0,0,2,1,1,0,false
0.9.0,getFile,openjpa-lib/src/main/java/org/apache/openjpa/lib/meta/ClassMetaDataIterator.java,5,4,1,0,0,1,0,1,0,1,5,0,false
0.9.0,providedObjectField,openjpa-kernel/src/main/java/org/apache/openjpa/kernel/StateManagerImpl.java,3,1,0,0,0,0,0,0,45,3,13,0,false
0.9.0,convertTypes,openjpa-kernel/src/main/java/org/apache/openjpa/kernel/exps/AbstractExpressionBuilder.java,28,15,6,0,0,0,3,2,45,2,7,6,false
0.9.0,setPrimaryKeys,openjpa-jdbc/src/main/java/org/apache/openjpa/jdbc/schema/SchemaGenerator.java,3,1,1,0,0,0,2,0,37,1,2,0,false
0.9.0,eventOccurred,openjpa-lib/src/main/java/org/apache/openjpa/lib/jdbc/AbstractJDBCListener.java,2,1,0,0,0,0,14,0,0,1,4,0,false
0.9.0,eval,openjpa-kernel/src/main/java/org/apache/openjpa/kernel/exps/CandidatePath.java,33,10,11,0,1,3,0,6,45,2,6,0,false
0.9.0,isVariable,openjpa-jdbc/src/main/java/org/apache/openjpa/jdbc/kernel/exps/Args.java,3,1,0,0,0,1,0,0,37,2,3,0,false
0.9.0,currentComments,openjpa-lib/src/main/java/org/apache/openjpa/lib/meta/XMLMetaDataParser.java,4,3,0,0,0,2,1,0,0,2,9,0,false
0.9.0,indexOf,openjpa-jdbc/src/main/java/org/apache/openjpa/jdbc/sql/SelectImpl.java,5,4,1,0,0,3,6,0,37,2,6,0,false
0.9.0,getDataStoreActions,openjpa-kernel/src/main/java/org/apache/openjpa/kernel/AbstractStoreQuery.java,3,1,0,0,0,1,0,0,45,2,4,0,false
0.9.0,handleCheckedException,openjpa-kernel/src/main/java/org/apache/openjpa/kernel/AbstractPCResultObjectProvider.java,3,1,0,0,0,0,0,0,45,2,5,0,false
0.9.0,copyDataStoreId,openjpa-kernel/src/main/java/org/apache/openjpa/kernel/DelegatingStoreManager.java,3,1,0,0,0,1,1,1,45,3,5,0,false
0.9.0,removeJoin,openjpa-jdbc/src/main/java/org/apache/openjpa/jdbc/kernel/DelegatingJDBCFetchConfiguration.java,1,1,0,0,0,0,1,0,37,2,3,0,false
0.9.0,removePersistenceAware,openjpa-kernel/src/main/java/org/apache/openjpa/meta/MetaDataRepository.java,3,2,0,0,0,1,0,0,45,3,8,0,false
0.9.0,evalFetchJoins,openjpa-kernel/src/main/java/org/apache/openjpa/kernel/jpql/JPQLExpressionBuilder.java,10,8,9,0,0,1,1,5,45,2,8,3,false
0.9.0,greaterThan,openjpa-jdbc/src/main/java/org/apache/openjpa/jdbc/kernel/exps/JDBCExpressionFactory.java,3,1,0,0,0,1,0,1,37,3,6,0,false
0.9.0,assignProjections,openjpa-kernel/src/main/java/org/apache/openjpa/kernel/jpql/JPQLExpressionBuilder.java,20,6,14,0,0,1,1,14,45,2,8,1,false
0.9.0,setPrimaryKeys,openjpa-jdbc/src/main/java/org/apache/openjpa/jdbc/ant/MappingToolTask.java,3,1,1,0,0,0,0,0,37,2,3,0,false
0.9.0,finish,openjpa-kernel/src/main/java/org/apache/openjpa/enhance/PCDataGenerator.java,2,1,0,0,0,0,1,0,45,4,8,0,false
0.9.0,shouldTrackParameters,openjpa-lib/src/main/java/org/apache/openjpa/lib/jdbc/LoggingConnectionDecorator.java,3,1,0,0,0,1,10,1,0,1,8,0,false
0.9.0,close,openjpa-lib/src/main/java/org/apache/openjpa/lib/jdbc/DelegatingDataSource.java,3,2,0,0,0,0,0,0,0,1,5,0,false
0.9.0,addNewEmbedded,openjpa-kernel/src/main/java/org/apache/openjpa/enhance/PCDataGenerator.java,14,1,2,0,0,0,1,1,45,4,8,12,false
0.9.0,getDelayConstraintResolve,openjpa-jdbc/src/main/java/org/apache/openjpa/jdbc/schema/XMLSchemaParser.java,3,1,0,0,0,1,0,0,37,1,2,0,false
0.9.0,getSyncWithManagedTransactions,openjpa-persistence/src/main/java/org/apache/openjpa/persistence/EntityManagerImpl.java,3,1,0,0,0,1,0,1,45,2,7,0,false
0.9.0,getFieldCode,openjpa-kernel/src/main/java/org/apache/openjpa/enhance/CodeGenerator.java,9,3,6,0,0,1,1,2,45,2,6,0,false
0.9.0,readObject,openjpa-kernel/src/main/java/org/apache/openjpa/util/LockException.java,3,1,1,0,0,0,0,0,45,1,4,0,false
0.9.0,endSecondaryTable,openjpa-persistence-jdbc/src/main/java/org/apache/openjpa/persistence/jdbc/XMLPersistenceMappingParser.java,6,1,2,0,0,0,1,2,37,2,3,2,false
0.9.0,populateFromCompilation,openjpa-kernel/src/main/java/org/apache/openjpa/kernel/AbstractStoreQuery.java,2,1,0,0,0,0,0,0,45,2,4,0,false
0.9.0,addLifecycleListener,openjpa-persistence/src/main/java/org/apache/openjpa/persistence/EntityManagerFactoryImpl.java,3,1,0,0,0,0,0,0,45,2,8,0,false
0.9.0,getAnnotationParser,openjpa-persistence/src/main/java/org/apache/openjpa/persistence/XMLPersistenceMetaDataParser.java,3,1,0,0,0,1,1,0,45,2,6,0,false
0.9.0,setAssertAllowedType,openjpa-kernel/src/main/java/org/apache/openjpa/util/ProxyManagerImpl.java,3,1,1,0,0,0,0,0,45,1,5,0,false
0.9.0,hashCode,openjpa-lib/src/main/java/org/apache/openjpa/lib/jdbc/DelegatingStatement.java,3,1,0,0,0,1,1,1,0,1,5,1,false
0.9.0,endEntityListener,openjpa-persistence/src/main/java/org/apache/openjpa/persistence/XMLPersistenceMetaDataParser.java,7,3,2,0,0,0,2,1,45,2,6,0,false
0.9.0,startJoinColumn,openjpa-persistence-jdbc/src/main/java/org/apache/openjpa/persistence/jdbc/XMLPersistenceMappingParser.java,6,3,1,0,0,2,1,2,37,2,3,0,false
0.9.0,getEISProductName,openjpa-kernel/src/main/java/org/apache/openjpa/kernel/BrokerImpl.java,3,1,0,0,0,1,0,1,45,3,11,0,false
0.9.0,main,openjpa-kernel/src/main/java/org/apache/openjpa/enhance/ApplicationIdTool.java,11,2,3,0,1,0,0,6,45,2,6,0,false
0.9.0,getSourceType,openjpa-persistence/src/main/java/org/apache/openjpa/persistence/PersistenceUnitInfoImpl.java,3,1,0,0,0,1,0,0,45,1,7,0,false
0.9.0,child,openjpa-kernel/src/main/java/org/apache/openjpa/kernel/jpql/JPQLExpressionBuilder.java,4,2,0,0,0,1,3,1,45,2,8,0,false
0.9.0,getRetainState,openjpa-kernel/src/main/java/org/apache/openjpa/conf/OpenJPAConfiguration.java,1,1,0,0,0,0,1,0,45,3,8,0,false
0.9.0,setDropTables,openjpa-jdbc/src/main/java/org/apache/openjpa/jdbc/ant/MappingToolTask.java,3,1,1,0,0,0,0,0,37,2,3,0,false
0.9.0,orderBy,openjpa-jdbc/src/main/java/org/apache/openjpa/jdbc/kernel/exps/StringFunction.java,3,1,0,0,0,0,0,2,37,2,4,0,false
0.9.0,hasNext,openjpa-lib/src/main/java/org/apache/openjpa/lib/meta/ClassMetaDataIterator.java,11,4,2,1,0,2,1,1,0,1,5,0,false
0.9.0,parseColumns,openjpa-persistence-jdbc/src/main/java/org/apache/openjpa/persistence/jdbc/AnnotationPersistenceMappingParser.java,18,9,7,0,0,1,6,10,37,2,3,4,false
0.9.0,isVariable,openjpa-kernel/src/main/java/org/apache/openjpa/kernel/exps/UnboundVariable.java,3,1,0,0,0,1,0,0,45,2,5,0,false
0.9.0,getValue,openjpa-jdbc/src/main/java/org/apache/openjpa/jdbc/kernel/exps/ConstGetObjectId.java,3,1,0,0,0,1,0,0,37,2,2,0,false
0.9.0,setFetchSize,openjpa-lib/src/main/java/org/apache/openjpa/lib/jdbc/DelegatingCallableStatement.java,3,1,0,0,0,0,0,0,0,1,6,0,false
0.9.0,getPolymorphic,openjpa-jdbc/src/main/java/org/apache/openjpa/jdbc/meta/ValueMappingImpl.java,3,1,0,0,0,1,0,0,37,1,2,0,false
0.9.0,or,openjpa-jdbc/src/main/java/org/apache/openjpa/jdbc/sql/SelectImpl.java,10,13,4,0,0,0,1,0,37,2,6,2,false
0.9.0,getQueryResultMapping,openjpa-jdbc/src/main/java/org/apache/openjpa/jdbc/meta/MappingRepository.java,4,1,1,0,0,1,0,0,37,2,4,1,false
0.9.0,getResourceName,openjpa-kernel/src/main/java/org/apache/openjpa/meta/PersistenceAwareClass.java,3,1,0,0,0,1,0,0,2,1,1,0,false
0.9.0,syncWithManagedTransaction,openjpa-kernel/src/main/java/org/apache/openjpa/kernel/BrokerImpl.java,16,5,0,0,1,2,1,6,45,3,11,0,false
0.9.0,getConnectionRetainMode,openjpa-persistence/src/main/java/org/apache/openjpa/persistence/EntityManagerImpl.java,3,1,0,0,0,1,0,2,45,2,7,0,false
0.9.0,setSequence,openjpa-jdbc/src/main/java/org/apache/openjpa/jdbc/kernel/NativeJDBCSeq.java,3,1,0,0,0,0,0,1,37,2,2,0,false
0.9.0,setVersion,openjpa-kernel/src/main/java/org/apache/openjpa/kernel/DetachedStateManager.java,3,1,0,0,0,0,0,1,45,3,7,0,false
0.9.0,getLockLevel,openjpa-kernel/src/main/java/org/apache/openjpa/kernel/BrokerImpl.java,7,3,1,0,0,3,0,3,45,3,11,0,false
0.9.0,added,openjpa-kernel/src/main/java/org/apache/openjpa/util/AbstractChangeTracker.java,5,2,0,0,0,1,0,2,45,1,4,0,false
0.9.0,selectColumns,openjpa-jdbc/src/main/java/org/apache/openjpa/jdbc/kernel/exps/BindVariableExpression.java,2,1,0,0,0,0,0,0,37,2,3,0,false
0.9.0,validateMapping,openjpa-kernel/src/main/java/org/apache/openjpa/meta/ClassMetaData.java,3,3,0,0,0,0,1,2,45,3,8,0,false
0.9.0,orderBy,openjpa-jdbc/src/main/java/org/apache/openjpa/jdbc/kernel/exps/Args.java,2,1,0,0,0,0,0,0,37,2,3,0,false
0.9.0,debug,openjpa-lib/src/main/java/org/apache/openjpa/lib/log/NoneLogFactory.java,2,1,0,0,0,0,0,0,0,1,5,0,false
0.9.0,getNestedThrowables,openjpa-kernel/src/main/java/org/apache/openjpa/util/OpenJPAException.java,3,2,0,0,0,1,0,0,45,1,4,0,false
0.9.0,getTransactionIsolation,openjpa-lib/src/main/java/org/apache/openjpa/lib/jdbc/DelegatingConnection.java,3,1,0,0,0,1,0,0,0,1,7,0,false
0.9.0,absolute,openjpa-jdbc/src/main/java/org/apache/openjpa/jdbc/kernel/PagingResultObjectProvider.java,5,2,1,1,0,2,0,1,37,3,3,0,false
0.9.0,providedShortField,openjpa-kernel/src/main/java/org/apache/openjpa/kernel/StateManagerImpl.java,3,1,0,0,0,0,0,0,45,3,13,0,false
0.9.0,setRetryClassRegistration,openjpa-kernel/src/main/java/org/apache/openjpa/conf/OpenJPAConfigurationImpl.java,3,2,0,0,0,0,0,1,45,3,13,0,false
0.9.0,initialize,openjpa-jdbc/src/main/java/org/apache/openjpa/jdbc/kernel/exps/IsEmptyExpression.java,3,1,0,0,0,0,0,0,37,2,3,0,false
0.9.0,getLoaded,openjpa-kernel/src/main/java/org/apache/openjpa/kernel/DetachedValueStateManager.java,3,1,0,0,0,0,0,0,45,2,5,0,false
0.9.0,createQuery,openjpa-persistence/src/main/java/org/apache/openjpa/persistence/EntityManagerImpl.java,3,1,0,0,0,1,2,11,45,2,7,0,false
0.9.0,getTime,openjpa-lib/src/main/java/org/apache/openjpa/lib/jdbc/DelegatingCallableStatement.java,3,1,0,0,0,0,0,0,0,1,6,0,false
0.9.0,isKey,openjpa-jdbc/src/main/java/org/apache/openjpa/jdbc/kernel/exps/PCPath.java,3,1,0,0,0,1,1,0,37,2,6,0,false
0.9.0,storeLong,openjpa-kernel/src/main/java/org/apache/openjpa/kernel/OpenJPAStateManager.java,1,1,0,0,0,0,2,0,45,2,5,0,false
0.9.0,isOuter,openjpa-jdbc/src/main/java/org/apache/openjpa/jdbc/sql/SelectImpl.java,3,1,0,0,0,1,0,0,37,2,6,0,false
0.9.0,newEmbeddedClassMetaData,openjpa-jdbc/src/main/java/org/apache/openjpa/jdbc/meta/MappingRepository.java,3,1,0,0,0,1,0,1,37,2,4,0,false
0.9.0,getConnection,openjpa-kernel/src/main/java/org/apache/openjpa/kernel/StoreContext.java,1,1,0,0,0,0,0,0,45,3,6,0,false
0.9.0,toAccessType,openjpa-persistence/src/main/java/org/apache/openjpa/persistence/XMLPersistenceMetaDataParser.java,5,3,0,0,0,3,2,0,45,2,6,0,false
0.9.0,writeCode,openjpa-kernel/src/main/java/org/apache/openjpa/enhance/CodeGenerator.java,4,2,0,0,0,1,1,0,45,2,6,0,false
0.9.0,appendTo,openjpa-jdbc/src/main/java/org/apache/openjpa/jdbc/kernel/exps/IsEmptyExpression.java,6,1,0,0,0,0,0,0,37,2,3,0,false
0.9.0,getClassMapping,openjpa-jdbc/src/main/java/org/apache/openjpa/jdbc/kernel/exps/StartsWithExpression.java,3,1,0,0,0,1,0,0,37,2,3,0,false
0.9.0,wherePrimaryKey,openjpa-jdbc/src/main/java/org/apache/openjpa/jdbc/sql/LogicalUnion.java,3,1,0,0,0,0,0,1,37,2,4,0,false
0.9.0,populate,openjpa-persistence-jdbc/src/main/java/org/apache/openjpa/persistence/jdbc/AnnotationPersistenceMappingParser.java,6,2,0,0,0,0,4,5,37,2,3,1,false
0.9.0,isTransactional,openjpa-kernel/src/main/java/org/apache/openjpa/kernel/StoreContext.java,1,1,0,0,0,0,0,0,45,3,6,0,false
0.9.0,removed,openjpa-kernel/src/main/java/org/apache/openjpa/util/MapChangeTrackerImpl.java,4,2,0,0,0,0,4,0,45,1,4,0,false
0.9.0,next,openjpa-jdbc/src/main/java/org/apache/openjpa/jdbc/kernel/GenericResultObjectProvider.java,3,1,0,0,0,1,0,0,37,2,3,0,false
0.9.0,first,openjpa-lib/src/main/java/org/apache/openjpa/lib/jdbc/LoggingConnectionDecorator.java,8,1,0,0,1,1,0,4,0,1,8,0,false
0.9.0,getTransactionIsolation,openjpa-lib/src/main/java/org/apache/openjpa/lib/jdbc/ConfiguringConnectionDecorator.java,3,1,0,0,0,1,0,0,0,1,4,0,false
0.9.0,getPrimaryKeys,openjpa-jdbc/src/main/java/org/apache/openjpa/jdbc/schema/SchemaGenerator.java,3,1,0,0,0,1,0,0,37,1,2,0,false
0.9.0,setDirectory,openjpa-kernel/src/main/java/org/apache/openjpa/enhance/CodeGenerator.java,3,1,1,0,0,0,0,0,45,2,6,0,false
0.9.0,traverseField,openjpa-jdbc/src/main/java/org/apache/openjpa/jdbc/kernel/exps/PCPath.java,9,6,2,0,0,4,2,1,37,2,6,0,false
0.9.0,providedFloatField,openjpa-kernel/src/main/java/org/apache/openjpa/kernel/DetachedStateManager.java,3,1,1,0,0,0,0,0,45,3,7,0,false
0.9.0,setInt,openjpa-lib/src/main/java/org/apache/openjpa/lib/jdbc/DelegatingPreparedStatement.java,3,1,0,0,0,0,0,0,0,1,6,0,false
0.9.0,setToken,openjpa-kernel/src/main/java/org/apache/openjpa/kernel/jpql/JPQLExpressionBuilder.java,3,1,0,0,0,0,0,1,45,2,8,0,false
0.9.0,getFieldType,openjpa-kernel/src/main/java/org/apache/openjpa/kernel/jpql/JPQLExpressionBuilder.java,10,7,8,0,0,2,10,1,45,2,8,2,false
0.9.0,load,openjpa-jdbc/src/main/java/org/apache/openjpa/jdbc/kernel/exps/Math.java,3,1,0,0,0,1,0,1,37,2,4,0,false
0.9.0,initialize,openjpa-jdbc/src/main/java/org/apache/openjpa/jdbc/meta/strats/RelationFieldStrategy.java,6,3,3,0,0,0,0,4,37,2,5,0,false
0.9.0,isDebugEnabled,openjpa-lib/src/main/java/org/apache/openjpa/lib/log/CommonsLogFactory.java,3,1,0,0,0,1,0,0,0,1,5,0,false
0.9.0,setConnection2UserName,openjpa-kernel/src/main/java/org/apache/openjpa/conf/OpenJPAConfiguration.java,1,1,0,0,0,0,0,0,45,3,8,0,false
0.9.0,addGetMethod,openjpa-kernel/src/main/java/org/apache/openjpa/enhance/DynamicStorageGenerator.java,48,8,13,3,0,1,1,4,45,1,4,16,false
0.9.0,getFetchGroups,openjpa-kernel/src/main/java/org/apache/openjpa/kernel/DelegatingFetchConfiguration.java,8,2,0,0,1,1,1,2,45,3,7,1,false
0.9.0,getUpdatedTypes,openjpa-kernel/src/main/java/org/apache/openjpa/kernel/BrokerImpl.java,4,3,0,0,0,2,0,0,45,3,11,0,false
0.9.0,appendSize,openjpa-jdbc/src/main/java/org/apache/openjpa/jdbc/kernel/exps/PCPath.java,4,2,0,0,0,0,0,0,37,2,6,0,false
0.9.0,getDynamicDataStructs,openjpa-kernel/src/main/java/org/apache/openjpa/conf/OpenJPAConfiguration.java,1,1,0,0,0,0,0,0,45,3,8,0,false
0.9.0,setLockTimeout,openjpa-kernel/src/main/java/org/apache/openjpa/conf/OpenJPAConfigurationImpl.java,3,2,0,0,0,0,0,1,45,3,13,0,false
0.9.0,remove,openjpa-lib/src/main/java/org/apache/openjpa/lib/util/concurrent/ConcurrentHashMap.java,3,2,0,0,0,1,0,1,0,1,7,2,false
0.9.0,getProperties,openjpa-lib/src/main/java/org/apache/openjpa/lib/conf/PluginValue.java,3,1,0,0,0,1,0,0,0,1,5,0,false
0.9.0,objectChanged,openjpa-lib/src/main/java/org/apache/openjpa/lib/conf/PluginListValue.java,9,5,6,0,0,0,0,1,0,1,5,2,false
0.9.0,setDataCacheManager,openjpa-kernel/src/main/java/org/apache/openjpa/conf/OpenJPAConfigurationImpl.java,5,2,0,0,0,0,0,2,45,3,13,0,false
0.9.0,newDiscriminator,openjpa-jdbc/src/main/java/org/apache/openjpa/jdbc/meta/MappingRepository.java,3,1,0,0,0,1,3,0,37,2,4,0,false
0.9.0,isDeleted,openjpa-kernel/src/main/java/org/apache/openjpa/kernel/BrokerImpl.java,5,2,0,0,0,2,0,3,45,3,11,0,false
0.9.0,getJoins,openjpa-jdbc/src/main/java/org/apache/openjpa/jdbc/kernel/exps/UnaryOp.java,3,1,0,0,0,1,0,1,37,2,5,0,false
0.9.0,getImplData,openjpa-kernel/src/main/java/org/apache/openjpa/kernel/DetachedValueStateManager.java,3,1,0,0,0,0,0,0,45,2,5,0,false
0.9.0,newQuery,openjpa-kernel/src/main/java/org/apache/openjpa/datacache/DataCacheStoreManager.java,7,4,2,0,0,3,0,2,45,4,9,0,false
0.9.0,hasContainsExpression,openjpa-jdbc/src/main/java/org/apache/openjpa/jdbc/kernel/exps/ConstInstanceofExpression.java,3,1,0,0,0,1,0,0,37,2,3,0,false
0.9.0,addDefinedSuperclassField,openjpa-kernel/src/main/java/org/apache/openjpa/meta/ClassMetaData.java,9,2,3,0,0,1,2,3,45,3,8,1,false
0.9.0,multiply,openjpa-kernel/src/main/java/org/apache/openjpa/kernel/Filters.java,3,1,0,0,0,1,0,1,45,2,10,0,false
0.9.0,getFilterListener,openjpa-kernel/src/main/java/org/apache/openjpa/kernel/ExpressionStoreQuery.java,3,1,0,0,0,1,0,0,45,2,6,0,false
0.9.0,setConnectionProperties,openjpa-kernel/src/main/java/org/apache/openjpa/conf/OpenJPAConfigurationImpl.java,4,1,0,0,0,0,0,2,45,3,13,0,false
0.9.0,resetFetchGroups,openjpa-kernel/src/main/java/org/apache/openjpa/kernel/DelegatingFetchConfiguration.java,9,2,0,0,1,1,1,2,45,3,7,1,false
0.9.0,executeUpdate,openjpa-jdbc/src/main/java/org/apache/openjpa/jdbc/kernel/JDBCStoreManager.java,9,1,0,0,1,1,0,2,37,3,9,0,false
0.9.0,processArgument,openjpa-kernel/src/main/java/org/apache/openjpa/kernel/AttachManager.java,4,2,0,0,0,2,2,1,45,2,5,0,false
0.9.0,getPCState,openjpa-kernel/src/main/java/org/apache/openjpa/kernel/DetachedValueStateManager.java,3,1,0,0,0,0,0,0,45,2,5,0,false
0.9.0,toData,openjpa-kernel/src/main/java/org/apache/openjpa/datacache/DataCachePCDataImpl.java,4,2,0,0,0,2,0,0,45,1,3,0,false
0.9.0,getParent,openjpa-jdbc/src/main/java/org/apache/openjpa/jdbc/sql/SelectImpl.java,3,1,0,0,0,1,0,0,37,2,6,0,false
0.9.0,getDataCacheName,openjpa-kernel/src/main/java/org/apache/openjpa/meta/ClassMetaData.java,7,3,2,0,0,1,4,3,45,3,8,1,false
0.9.0,setClob,openjpa-lib/src/main/java/org/apache/openjpa/lib/jdbc/DelegatingPreparedStatement.java,3,1,0,0,0,0,0,0,0,1,6,0,false
0.9.0,assignObjectId,openjpa-kernel/src/main/java/org/apache/openjpa/kernel/BrokerImpl.java,11,6,3,0,0,0,1,5,45,3,11,0,false
0.9.0,beforeStateChange,openjpa-jdbc/src/main/java/org/apache/openjpa/jdbc/kernel/JDBCStoreManager.java,2,1,0,0,0,0,1,0,37,3,9,0,false
0.9.0,copy,openjpa-kernel/src/main/java/org/apache/openjpa/util/ProxyManagerImpl.java,8,4,2,0,0,3,4,1,45,1,5,0,false
0.9.0,appendTo,openjpa-jdbc/src/main/java/org/apache/openjpa/jdbc/kernel/exps/CurrentDate.java,5,4,0,0,0,0,0,1,37,2,2,2,false
0.9.0,appendInfo,openjpa-lib/src/main/java/org/apache/openjpa/lib/jdbc/DelegatingPreparedStatement.java,3,2,0,0,0,0,2,1,0,1,6,0,false
0.9.0,newStoreManager,openjpa-jdbc/src/main/java/org/apache/openjpa/jdbc/kernel/JDBCBrokerFactory.java,3,1,0,0,0,1,0,1,37,2,2,0,false
0.9.0,getName,openjpa-jdbc/src/main/java/org/apache/openjpa/jdbc/kernel/exps/Variable.java,3,1,0,0,0,1,5,0,37,2,3,0,false
0.9.0,getNamedParameters,openjpa-persistence/src/main/java/org/apache/openjpa/persistence/QueryImpl.java,9,2,0,0,1,1,1,5,45,2,6,0,false
0.9.0,getFetchPlan,openjpa-persistence/src/main/java/org/apache/openjpa/persistence/QueryImpl.java,11,2,1,0,1,1,4,4,45,2,6,0,false
0.9.0,getLog,openjpa-kernel/src/main/java/org/apache/openjpa/meta/MetaDataRepository.java,3,1,0,0,0,1,13,0,45,3,8,0,false
0.9.0,handleSQLWarning,openjpa-lib/src/main/java/org/apache/openjpa/lib/jdbc/LoggingConnectionDecorator.java,9,2,0,0,1,1,27,1,0,1,8,0,false
0.9.0,evict,openjpa-kernel/src/main/java/org/apache/openjpa/datacache/DataCacheScheduler.java,3,1,0,0,0,0,1,1,45,2,6,0,false
0.9.0,setDeclaredType,openjpa-kernel/src/main/java/org/apache/openjpa/meta/FieldMetaData.java,8,3,0,0,0,0,5,1,45,3,10,0,false
0.9.0,getMaxStatementLength,openjpa-lib/src/main/java/org/apache/openjpa/lib/jdbc/DelegatingDatabaseMetaData.java,3,1,0,0,0,1,0,0,0,1,4,0,false
0.9.0,activateObject,openjpa-kernel/src/main/java/org/apache/openjpa/event/TCPRemoteCommitProvider.java,2,1,0,0,0,0,0,0,45,2,7,0,false
0.9.0,getExtraFieldData,openjpa-kernel/src/main/java/org/apache/openjpa/kernel/StateManagerImpl.java,5,4,1,0,0,2,2,1,45,3,13,0,false
0.9.0,updatesAreDetected,openjpa-kernel/src/main/java/org/apache/openjpa/kernel/BrokerImpl.java,3,1,0,0,0,1,0,0,45,3,11,0,false
0.9.0,nullsAreSortedHigh,openjpa-lib/src/main/java/org/apache/openjpa/lib/jdbc/DelegatingDatabaseMetaData.java,3,1,0,0,0,1,0,0,0,1,4,0,false
0.9.0,clearParameters,openjpa-jdbc/src/main/java/org/apache/openjpa/jdbc/kernel/exps/ConstGetObjectId.java,5,1,2,0,0,0,0,0,37,2,2,0,false
0.9.0,initialize,openjpa-kernel/src/main/java/org/apache/openjpa/datacache/ConcurrentQueryCache.java,4,1,0,0,0,0,0,1,45,2,4,1,false
0.9.0,getGeneratedKeys,openjpa-lib/src/main/java/org/apache/openjpa/lib/jdbc/DelegatingPreparedStatement.java,3,1,0,0,0,0,0,0,0,1,6,0,false
0.9.0,getNumberValue,openjpa-kernel/src/main/java/org/apache/openjpa/kernel/jpql/JPQLExpressionBuilder.java,3,1,0,0,0,1,1,2,45,2,8,0,false
0.9.0,fetch,openjpa-kernel/src/main/java/org/apache/openjpa/kernel/StateManagerImpl.java,6,2,2,0,0,2,0,6,45,3,13,2,false
0.9.0,getSchemaSource,openjpa-persistence/src/main/java/org/apache/openjpa/persistence/XMLPersistenceMetaDataParser.java,3,1,0,0,0,1,0,0,45,2,6,0,false
0.9.0,getInstance,openjpa-kernel/src/main/java/org/apache/openjpa/meta/ClassMetaData.java,3,1,0,0,0,1,2,0,45,3,8,0,false
0.9.0,createClasspath,openjpa-lib/src/main/java/org/apache/openjpa/lib/ant/AbstractTask.java,4,2,1,0,0,1,1,0,0,2,12,0,false
0.9.0,getType,openjpa-kernel/src/main/java/org/apache/openjpa/util/UnsupportedException.java,3,1,0,0,0,1,0,0,45,1,4,0,false
0.9.0,setLRS,openjpa-jdbc/src/main/java/org/apache/openjpa/jdbc/sql/LogicalUnion.java,3,1,0,0,0,0,1,1,37,2,4,0,false
0.9.0,beforeConfigurationLoad,openjpa-persistence-jdbc/src/main/java/org/apache/openjpa/persistence/jdbc/JDBCPersistenceProductDerivation.java,13,2,3,0,0,1,0,0,37,2,4,3,false
0.9.0,orderBy,openjpa-jdbc/src/main/java/org/apache/openjpa/jdbc/kernel/exps/Trim.java,3,1,0,0,0,0,0,2,37,2,4,0,false
0.9.0,isAggregate,openjpa-jdbc/src/main/java/org/apache/openjpa/jdbc/sql/SelectImpl.java,3,2,0,0,0,1,6,0,37,2,6,0,false
0.9.0,getPath,openjpa-kernel/src/main/java/org/apache/openjpa/kernel/jpql/JPQLExpressionBuilder.java,25,7,11,0,0,1,7,20,45,2,8,10,false
0.9.0,ownUpdatesAreVisible,openjpa-lib/src/main/java/org/apache/openjpa/lib/jdbc/DelegatingDatabaseMetaData.java,3,1,0,0,0,1,0,0,0,1,4,0,false
0.9.0,getValueSequence,openjpa-kernel/src/main/java/org/apache/openjpa/kernel/DelegatingStoreManager.java,3,1,0,0,0,1,2,1,45,3,5,0,false
0.9.0,add,openjpa-kernel/src/main/java/org/apache/openjpa/util/MapChangeTrackerImpl.java,13,7,2,1,0,0,0,6,45,1,4,3,false
0.9.0,endSequenceGenerator,openjpa-persistence/src/main/java/org/apache/openjpa/persistence/XMLPersistenceMetaDataParser.java,2,1,0,0,0,0,2,0,45,2,6,0,false
0.9.0,serialize,openjpa-persistence/src/main/java/org/apache/openjpa/persistence/XMLPersistenceMetaDataSerializer.java,10,2,3,0,0,0,1,0,45,2,6,0,false
0.9.0,getEagerFetchMode,openjpa-jdbc/src/main/java/org/apache/openjpa/jdbc/conf/JDBCConfigurationImpl.java,3,1,0,0,0,1,0,0,37,3,6,0,false
0.9.0,addSetMethods,openjpa-kernel/src/main/java/org/apache/openjpa/enhance/DynamicStorageGenerator.java,3,2,1,0,0,0,1,1,45,1,4,0,false
0.9.0,getTrackKeys,openjpa-kernel/src/main/java/org/apache/openjpa/util/MapChangeTracker.java,1,1,0,0,0,0,0,0,45,1,4,0,false
0.9.0,isAggregate,openjpa-jdbc/src/main/java/org/apache/openjpa/jdbc/kernel/exps/Min.java,3,1,0,0,0,1,0,0,37,2,2,0,false
0.9.0,getStoreFacadeType,openjpa-kernel/src/main/java/org/apache/openjpa/util/ImplHelper.java,21,7,8,4,1,3,0,0,45,3,10,6,false
0.9.0,supportsCoreSQLGrammar,openjpa-lib/src/main/java/org/apache/openjpa/lib/jdbc/DelegatingDatabaseMetaData.java,3,1,0,0,0,1,0,0,0,1,4,0,false
0.9.0,newSQLBuffer,openjpa-jdbc/src/main/java/org/apache/openjpa/jdbc/kernel/exps/UnaryOp.java,7,1,1,0,0,1,3,3,37,2,5,0,false
0.9.0,getMaxRows,openjpa-lib/src/main/java/org/apache/openjpa/lib/jdbc/DelegatingStatement.java,3,1,0,0,0,1,0,0,0,1,5,0,false
0.9.0,requiresParameterDeclarations,openjpa-kernel/src/main/java/org/apache/openjpa/datacache/QueryCacheStoreQuery.java,3,1,0,0,0,1,0,1,45,2,7,0,false
0.9.0,supportsMultipleResultSets,openjpa-lib/src/main/java/org/apache/openjpa/lib/jdbc/DelegatingDatabaseMetaData.java,3,1,0,0,0,1,0,0,0,1,4,0,false
0.9.0,hasPositionalParameters,openjpa-persistence/src/main/java/org/apache/openjpa/persistence/QueryImpl.java,3,2,0,0,0,1,1,1,45,2,6,0,false
0.9.0,jjtSetParent,openjpa-kernel/src/main/java/org/apache/openjpa/kernel/jpql/JPQLExpressionBuilder.java,3,1,1,0,0,0,0,0,45,2,8,0,false
0.9.0,getClob,openjpa-lib/src/main/java/org/apache/openjpa/lib/jdbc/DelegatingResultSet.java,3,1,0,0,0,1,0,0,0,1,4,0,false
0.9.0,newConfiguration,openjpa-jdbc/src/main/java/org/apache/openjpa/jdbc/ant/ReverseMappingToolTask.java,3,1,0,0,0,1,0,1,37,2,2,0,false
0.9.0,getBroker,openjpa-kernel/src/main/java/org/apache/openjpa/kernel/BrokerImpl.java,3,1,0,0,0,1,0,0,45,3,11,0,false
0.9.0,getFlushBeforeQueries,openjpa-kernel/src/main/java/org/apache/openjpa/conf/OpenJPAConfiguration.java,1,1,0,0,0,0,0,0,45,3,8,0,false
0.9.0,getLength,openjpa-lib/src/main/java/org/apache/openjpa/lib/util/concurrent/FIFOWaitQueue.java,9,3,3,0,0,1,0,0,0,1,5,0,false
0.9.0,updateDouble,openjpa-lib/src/main/java/org/apache/openjpa/lib/jdbc/DelegatingResultSet.java,3,1,0,0,0,0,0,0,0,1,4,0,false
0.9.0,setParent,openjpa-jdbc/src/main/java/org/apache/openjpa/jdbc/sql/LogicalUnion.java,3,1,0,0,0,0,0,0,37,2,4,0,false
0.9.0,retrieve,openjpa-kernel/src/main/java/org/apache/openjpa/kernel/StoreContext.java,1,1,0,0,0,0,0,0,45,3,6,0,false
0.9.0,setImplicitType,openjpa-kernel/src/main/java/org/apache/openjpa/kernel/exps/UnboundVariable.java,3,1,1,0,0,0,0,0,45,2,5,0,false
0.9.0,appendSize,openjpa-jdbc/src/main/java/org/apache/openjpa/jdbc/kernel/exps/Args.java,2,1,0,0,0,0,0,0,37,2,3,0,false
0.9.0,getDriverMajorVersion,openjpa-lib/src/main/java/org/apache/openjpa/lib/jdbc/DelegatingDatabaseMetaData.java,3,1,0,0,0,1,0,0,0,1,4,0,false
0.9.0,getDeclaredField,openjpa-kernel/src/main/java/org/apache/openjpa/meta/ClassMetaData.java,5,3,1,0,0,2,1,1,45,3,8,0,false
0.9.0,getJavaType,openjpa-jdbc/src/main/java/org/apache/openjpa/jdbc/meta/strats/InValueDiscriminatorStrategy.java,1,1,0,0,0,0,1,0,37,2,2,0,false
0.9.0,newCompilationKey,openjpa-jdbc/src/main/java/org/apache/openjpa/jdbc/kernel/JDBCStoreQuery.java,4,1,1,0,0,1,0,0,37,2,5,1,false
0.9.0,setProvider,openjpa-kernel/src/main/java/org/apache/openjpa/conf/RemoteCommitProviderValue.java,3,1,0,0,0,0,0,0,45,1,4,0,false
0.9.0,setConnection2UserName,openjpa-kernel/src/main/java/org/apache/openjpa/conf/OpenJPAConfigurationImpl.java,4,1,0,0,0,0,0,2,45,3,13,0,false
0.9.0,getQueryResultCache,openjpa-persistence/src/main/java/org/apache/openjpa/persistence/EntityManagerFactoryImpl.java,10,2,1,0,1,1,0,1,45,2,8,2,false
0.9.0,getResultList,openjpa-persistence/src/main/java/org/apache/openjpa/persistence/QueryImpl.java,9,3,2,0,0,3,1,7,45,2,6,0,false
0.9.0,hashCode,openjpa-persistence/src/main/java/org/apache/openjpa/persistence/AnnotationPersistenceMetaDataParser.java,5,2,2,4,0,1,0,0,45,3,11,1,false
0.9.0,copyMap,openjpa-kernel/src/main/java/org/apache/openjpa/util/ProxyManagerImpl.java,3,1,0,0,0,1,1,3,45,1,5,0,false
0.9.0,remove,openjpa-kernel/src/main/java/org/apache/openjpa/datacache/AbstractQueryCache.java,3,2,1,0,0,0,1,1,45,2,7,0,false
0.9.0,getSubtype,openjpa-kernel/src/main/java/org/apache/openjpa/util/LockException.java,3,1,0,0,0,1,0,0,45,1,4,0,false
0.9.0,endSystemElement,openjpa-persistence/src/main/java/org/apache/openjpa/persistence/XMLPersistenceMetaDataParser.java,23,10,1,0,0,0,0,9,45,2,6,0,false
0.9.0,put,openjpa-kernel/src/main/java/org/apache/openjpa/datacache/DelegatingDataCache.java,9,3,0,0,1,2,0,2,45,2,5,1,false
0.9.0,beforeCompletion,openjpa-kernel/src/main/java/org/apache/openjpa/kernel/AbstractBrokerFactory.java,2,1,0,0,0,0,0,0,45,2,6,0,false
0.9.0,op,openjpa-kernel/src/main/java/org/apache/openjpa/kernel/Filters.java,14,5,0,0,0,4,1,0,45,2,10,0,false
0.9.0,findChildrenByID,openjpa-kernel/src/main/java/org/apache/openjpa/kernel/jpql/JPQLExpressionBuilder.java,5,1,1,0,0,1,4,2,45,2,8,0,false
0.9.0,getFetchBatchSize,openjpa-kernel/src/main/java/org/apache/openjpa/kernel/DelegatingFetchConfiguration.java,8,2,0,0,1,1,1,2,45,3,7,1,false
0.9.0,addTransactionListener,openjpa-kernel/src/main/java/org/apache/openjpa/kernel/BrokerImpl.java,11,3,2,0,1,0,3,3,45,3,11,0,false
0.9.0,clearSubclassCache,openjpa-kernel/src/main/java/org/apache/openjpa/meta/ClassMetaData.java,5,1,3,0,0,0,4,0,45,3,8,0,false
0.9.0,eagerClone,openjpa-jdbc/src/main/java/org/apache/openjpa/jdbc/sql/LogicalUnion.java,4,2,1,0,0,1,0,1,37,2,4,0,false
0.9.0,setRetainState,openjpa-kernel/src/main/java/org/apache/openjpa/conf/OpenJPAConfiguration.java,1,1,0,0,0,0,0,0,45,3,8,0,false
0.9.0,getMaxUserNameLength,openjpa-lib/src/main/java/org/apache/openjpa/lib/jdbc/DelegatingDatabaseMetaData.java,3,1,0,0,0,1,0,0,0,1,4,0,false
0.9.0,fromOpenJPAObjectId,openjpa-persistence/src/main/java/org/apache/openjpa/persistence/OpenJPAPersistence.java,4,2,0,0,0,2,1,0,45,2,5,0,false
0.9.0,handleCheckedException,openjpa-jdbc/src/main/java/org/apache/openjpa/jdbc/kernel/SelectResultObjectProvider.java,4,2,0,0,0,0,0,1,37,2,2,0,false
0.9.0,getFilterListener,openjpa-jdbc/src/main/java/org/apache/openjpa/jdbc/kernel/JDBCStoreQuery.java,3,1,0,0,0,1,0,0,37,2,5,0,false
0.9.0,executeDelete,openjpa-jdbc/src/main/java/org/apache/openjpa/jdbc/kernel/JDBCStoreQuery.java,3,1,0,0,0,1,0,1,37,2,5,0,false
0.9.0,getAutoCommit,openjpa-lib/src/main/java/org/apache/openjpa/lib/jdbc/ConfiguringConnectionDecorator.java,3,1,0,0,0,1,0,0,0,1,4,0,false
0.9.0,hasFetchGroup,openjpa-kernel/src/main/java/org/apache/openjpa/kernel/DelegatingFetchConfiguration.java,8,2,0,0,1,1,0,2,45,3,7,1,false
0.9.0,isSingleTableMapping,openjpa-jdbc/src/main/java/org/apache/openjpa/jdbc/kernel/JDBCStoreQuery.java,15,8,6,0,0,4,1,2,37,2,5,2,false
0.9.0,beforeFlush,openjpa-kernel/src/main/java/org/apache/openjpa/kernel/StateManagerImpl.java,3,2,0,0,0,0,2,0,45,3,13,0,false
0.9.0,removeLifecycleListener,openjpa-kernel/src/main/java/org/apache/openjpa/kernel/BrokerImpl.java,9,1,0,0,1,0,0,2,45,3,11,0,false
0.9.0,addRegisterClassListener,openjpa-kernel/src/main/java/org/apache/openjpa/enhance/PCRegistry.java,9,3,1,0,0,1,1,1,45,2,4,0,false
0.9.0,getConnection,openjpa-lib/src/main/java/org/apache/openjpa/lib/jdbc/DelegatingDataSource.java,4,3,0,0,0,2,0,0,0,1,5,0,false
0.9.0,getConnection2Password,openjpa-kernel/src/main/java/org/apache/openjpa/conf/OpenJPAConfiguration.java,1,1,0,0,0,0,0,0,45,3,8,0,false
0.9.0,getPCState,openjpa-kernel/src/main/java/org/apache/openjpa/kernel/StateManagerImpl.java,3,1,0,0,0,1,5,0,45,3,13,0,false
0.9.0,onExpire,openjpa-kernel/src/main/java/org/apache/openjpa/datacache/ExpirationListener.java,1,1,0,0,0,0,1,0,45,1,3,0,false
0.9.0,dirty,openjpa-kernel/src/main/java/org/apache/openjpa/kernel/DetachedStateManager.java,3,1,0,0,0,0,0,1,45,3,7,0,false
0.9.0,getEntityManagerFactory,openjpa-persistence/src/main/java/org/apache/openjpa/persistence/EntityManagerImpl.java,3,1,0,0,0,1,3,0,45,2,7,0,false
0.9.0,passivateObject,openjpa-kernel/src/main/java/org/apache/openjpa/event/TCPRemoteCommitProvider.java,2,1,0,0,0,0,0,0,45,2,7,0,false
0.9.0,cancelAll,openjpa-kernel/src/main/java/org/apache/openjpa/kernel/DelegatingStoreManager.java,3,1,0,0,0,1,1,1,45,3,5,0,false
0.9.0,updateShort,openjpa-lib/src/main/java/org/apache/openjpa/lib/jdbc/DelegatingResultSet.java,3,1,0,0,0,0,0,0,0,1,4,0,false
0.9.0,getExpressionFactory,openjpa-kernel/src/main/java/org/apache/openjpa/kernel/ExpressionStoreQuery.java,3,1,0,0,0,0,1,0,45,2,6,0,false
0.9.0,defaultTypeStrategy,openjpa-jdbc/src/main/java/org/apache/openjpa/jdbc/meta/MappingRepository.java,49,39,11,0,0,12,1,20,37,2,4,4,false
0.9.0,hasNext,openjpa-lib/src/main/java/org/apache/openjpa/lib/util/concurrent/ConcurrentHashMap.java,20,7,4,2,0,4,1,0,0,1,7,0,false
0.9.0,getDirty,openjpa-kernel/src/main/java/org/apache/openjpa/kernel/OpenJPAStateManager.java,1,1,0,0,0,0,8,0,45,2,5,0,false
0.9.0,instantiate,openjpa-lib/src/main/java/org/apache/openjpa/lib/conf/PluginListValue.java,13,3,4,0,0,1,0,4,0,1,5,0,false
0.9.0,evict,openjpa-kernel/src/main/java/org/apache/openjpa/kernel/PCState.java,3,1,0,0,0,1,1,0,45,1,4,0,false
0.9.0,getBroker,openjpa-kernel/src/main/java/org/apache/openjpa/kernel/AttachManager.java,3,1,0,0,0,1,18,0,45,2,5,0,false
0.9.0,getObjects,openjpa-persistence/src/main/java/org/apache/openjpa/persistence/XMLPersistenceMetaDataSerializer.java,9,7,1,0,0,1,0,7,45,2,6,0,false
0.9.0,equals,openjpa-lib/src/main/java/org/apache/openjpa/lib/util/concurrent/CopyOnWriteArrayList.java,19,8,6,1,0,4,0,2,0,1,5,0,false
0.9.0,isVariable,openjpa-kernel/src/main/java/org/apache/openjpa/kernel/exps/Concat.java,3,1,0,0,0,1,0,0,45,2,5,0,false
0.9.0,initialize,openjpa-jdbc/src/main/java/org/apache/openjpa/jdbc/kernel/exps/MatchesExpression.java,5,1,1,0,0,0,0,2,37,2,3,0,false
0.9.0,update,openjpa-jdbc/src/main/java/org/apache/openjpa/jdbc/kernel/AbstractUpdateManager.java,12,5,3,0,0,0,3,1,37,1,2,3,false
0.9.0,setResultSetType,openjpa-jdbc/src/main/java/org/apache/openjpa/jdbc/kernel/JDBCFetchConfigurationImpl.java,8,3,3,0,0,1,3,2,37,3,6,1,false
0.9.0,getPopulateDataCache,openjpa-kernel/src/main/java/org/apache/openjpa/kernel/BrokerImpl.java,3,1,0,0,0,1,0,0,45,3,11,0,false
0.9.0,getDataCache,openjpa-kernel/src/main/java/org/apache/openjpa/datacache/DataCacheManager.java,1,1,0,0,0,0,1,0,45,1,3,0,false
0.9.0,evict,openjpa-kernel/src/main/java/org/apache/openjpa/kernel/StateManagerImpl.java,3,1,0,0,0,0,1,1,45,3,13,0,false
0.9.0,beforeCompletion,openjpa-kernel/src/main/java/org/apache/openjpa/kernel/BrokerImpl.java,18,6,0,0,1,0,0,5,45,3,11,1,false
0.9.0,validateAppIdClass,openjpa-kernel/src/main/java/org/apache/openjpa/meta/ClassMetaData.java,43,27,9,5,1,0,1,8,45,3,8,5,false
0.9.0,detach,openjpa-persistence/src/main/java/org/apache/openjpa/persistence/EntityManagerImpl.java,3,1,0,0,0,1,0,3,45,2,7,0,false
0.9.0,setNonJtaDataSourceName,openjpa-persistence/src/main/java/org/apache/openjpa/persistence/PersistenceUnitInfoImpl.java,4,2,2,0,0,0,3,0,45,1,7,0,false
0.9.0,setTransactionIsolation,openjpa-jdbc/src/main/java/org/apache/openjpa/jdbc/conf/JDBCConfigurationImpl.java,4,1,0,0,0,0,0,2,37,3,6,0,false
0.9.0,parseContainerTable,openjpa-persistence-jdbc/src/main/java/org/apache/openjpa/persistence/jdbc/AnnotationPersistenceMappingParser.java,6,3,0,0,0,0,4,7,37,2,3,3,false
0.9.0,isErrorEnabled,openjpa-lib/src/main/java/org/apache/openjpa/lib/log/CommonsLogFactory.java,3,1,0,0,0,1,0,0,0,1,5,0,false
0.9.0,getProjectionAliases,openjpa-kernel/src/main/java/org/apache/openjpa/kernel/ExpressionStoreQuery.java,3,1,0,0,0,1,0,1,45,2,6,1,false
0.9.0,evaluate,openjpa-jdbc/src/main/java/org/apache/openjpa/jdbc/kernel/exps/SelectConstructor.java,52,24,18,0,0,3,0,2,37,2,8,6,false
0.9.0,parseDiscriminatorColumn,openjpa-persistence-jdbc/src/main/java/org/apache/openjpa/persistence/jdbc/AnnotationPersistenceMappingParser.java,18,6,1,0,0,0,1,5,37,2,3,0,false
0.9.0,getListingIndex,openjpa-jdbc/src/main/java/org/apache/openjpa/jdbc/meta/QueryResultMapping.java,3,1,0,0,0,1,0,0,37,1,2,0,false
0.9.0,evalFromItem,openjpa-kernel/src/main/java/org/apache/openjpa/kernel/jpql/JPQLExpressionBuilder.java,25,5,7,0,0,2,2,22,45,2,8,6,false
0.9.0,execute,openjpa-lib/src/main/java/org/apache/openjpa/lib/jdbc/DelegatingStatement.java,3,1,0,0,0,0,0,0,0,1,5,0,false
0.9.0,onTypesChanged,openjpa-kernel/src/main/java/org/apache/openjpa/datacache/TypesChangedListener.java,1,1,0,0,0,0,4,0,45,1,3,0,false
0.9.0,getFullName,openjpa-kernel/src/main/java/org/apache/openjpa/meta/FieldMetaData.java,4,2,1,1,0,1,8,2,45,3,10,1,false
0.9.0,addLoadWithFieldsMethod,openjpa-kernel/src/main/java/org/apache/openjpa/enhance/PCDataGenerator.java,42,6,10,0,0,0,1,9,45,4,8,18,false
0.9.0,getJoins,openjpa-jdbc/src/main/java/org/apache/openjpa/jdbc/kernel/JDBCFetchConfigurationImpl.java,3,2,0,0,0,1,0,0,37,3,6,0,false
0.9.0,hasConnection,openjpa-kernel/src/main/java/org/apache/openjpa/kernel/StoreContext.java,1,1,0,0,0,0,0,0,45,3,6,0,false
0.9.0,pin,openjpa-kernel/src/main/java/org/apache/openjpa/datacache/DelegatingDataCache.java,9,3,0,0,1,2,0,2,45,2,5,1,false
0.9.0,setUnicodeStream,openjpa-lib/src/main/java/org/apache/openjpa/lib/jdbc/DelegatingCallableStatement.java,3,1,0,0,0,0,0,0,0,1,6,0,false
0.9.0,addJoin,openjpa-kernel/src/main/java/org/apache/openjpa/kernel/jpql/JPQLExpressionBuilder.java,21,6,8,0,0,1,3,11,45,2,8,1,false
0.9.0,search,openjpa-lib/src/main/java/org/apache/openjpa/lib/util/concurrent/CopyOnWriteArrayList.java,13,6,0,0,0,3,12,0,0,1,5,0,false
0.9.0,setSerializeAnnotations,openjpa-persistence/src/main/java/org/apache/openjpa/persistence/XMLPersistenceMetaDataSerializer.java,3,1,1,0,0,0,0,0,45,2,6,0,false
0.9.0,getProcedures,openjpa-lib/src/main/java/org/apache/openjpa/lib/jdbc/DelegatingDatabaseMetaData.java,3,1,0,0,0,1,0,0,0,1,4,0,false
0.9.0,setQueryCache,openjpa-kernel/src/main/java/org/apache/openjpa/conf/OpenJPAConfigurationImpl.java,4,1,0,0,0,0,0,2,45,3,13,0,false
0.9.0,executeQuery,openjpa-lib/src/main/java/org/apache/openjpa/lib/jdbc/JDBCEventConnectionDecorator.java,9,1,1,0,1,1,0,3,0,1,5,0,false
0.9.0,appendTo,openjpa-jdbc/src/main/java/org/apache/openjpa/jdbc/kernel/exps/MatchesExpression.java,32,9,13,3,0,0,0,3,37,2,3,6,false
0.9.0,hashCode,openjpa-lib/src/main/java/org/apache/openjpa/lib/util/concurrent/CopyOnWriteArrayList.java,15,4,6,3,0,1,0,1,0,1,5,1,false
0.9.0,endConfiguration,openjpa-jdbc/src/main/java/org/apache/openjpa/jdbc/meta/MappingRepository.java,6,2,3,0,0,0,1,1,37,2,4,2,false
0.9.0,synchronizeMappings,openjpa-jdbc/src/main/java/org/apache/openjpa/jdbc/kernel/JDBCBrokerFactory.java,22,6,8,0,1,2,1,7,37,2,2,5,false
0.9.0,supportsANSI92EntryLevelSQL,openjpa-lib/src/main/java/org/apache/openjpa/lib/jdbc/DelegatingDatabaseMetaData.java,3,1,0,0,0,1,0,0,0,1,4,0,false
0.9.0,setSQLFile,openjpa-jdbc/src/main/java/org/apache/openjpa/jdbc/ant/MappingToolTask.java,3,1,1,0,0,0,0,0,37,2,3,0,false
0.9.0,getMaxFieldSize,openjpa-lib/src/main/java/org/apache/openjpa/lib/jdbc/DelegatingCallableStatement.java,3,1,0,0,0,1,0,0,0,1,6,0,false
0.9.0,getProjectionTypes,openjpa-kernel/src/main/java/org/apache/openjpa/kernel/ExpressionStoreQuery.java,10,4,3,0,0,2,0,0,45,2,6,2,false
0.9.0,removeRegisterClassListener,openjpa-kernel/src/main/java/org/apache/openjpa/enhance/PCRegistry.java,5,1,0,0,0,0,1,0,45,2,4,0,false
0.9.0,clear,openjpa-kernel/src/main/java/org/apache/openjpa/datacache/DelegatingQueryCache.java,9,3,0,0,1,1,1,2,45,1,4,1,false
0.9.0,getEnvClassLoader,openjpa-persistence/src/main/java/org/apache/openjpa/persistence/XMLPersistenceMetaDataParser.java,3,1,0,0,0,1,0,0,45,2,6,0,false
0.9.0,decorate,openjpa-lib/src/main/java/org/apache/openjpa/lib/jdbc/LoggingConnectionDecorator.java,3,1,0,0,0,1,0,2,0,1,8,0,false
0.9.0,newJoins,openjpa-jdbc/src/main/java/org/apache/openjpa/jdbc/sql/SelectImpl.java,7,3,3,0,0,2,0,3,37,2,6,3,false
0.9.0,getFieldMapping,openjpa-jdbc/src/main/java/org/apache/openjpa/jdbc/meta/ValueMappingImpl.java,3,1,0,0,0,1,1,1,37,1,2,0,false
0.9.0,setTimeout,openjpa-kernel/src/main/java/org/apache/openjpa/util/LockException.java,4,1,1,0,0,1,1,0,45,1,4,0,false
0.9.0,getClassLoader,openjpa-kernel/src/main/java/org/apache/openjpa/kernel/exps/AbstractExpressionBuilder.java,1,1,0,0,0,0,2,0,45,2,7,0,false
0.9.0,addMetaData,openjpa-persistence/src/main/java/org/apache/openjpa/persistence/XMLPersistenceMetaDataSerializer.java,5,3,1,0,0,1,2,0,45,2,6,0,false
0.9.0,getResults,openjpa-lib/src/main/java/org/apache/openjpa/lib/meta/XMLMetaDataParser.java,4,2,0,0,0,2,2,0,0,2,9,0,false
0.9.0,getContext,openjpa-kernel/src/main/java/org/apache/openjpa/kernel/AbstractPCResultObjectProvider.java,3,1,0,0,0,1,0,0,45,2,5,0,false
0.9.0,notEqual,openjpa-kernel/src/main/java/org/apache/openjpa/kernel/exps/InMemoryExpressionFactory.java,3,1,0,0,0,1,0,0,45,3,6,0,false
0.9.0,usesIntermediate,openjpa-kernel/src/main/java/org/apache/openjpa/enhance/PCDataGenerator.java,3,1,0,0,0,1,7,0,45,4,8,0,false
0.9.0,removeListener,openjpa-jdbc/src/main/java/org/apache/openjpa/jdbc/schema/SchemaGenerator.java,3,2,0,0,0,1,0,0,37,1,2,0,false
0.9.0,executeEagerSelects,openjpa-jdbc/src/main/java/org/apache/openjpa/jdbc/kernel/PagingResultObjectProvider.java,17,8,5,0,0,1,1,1,37,3,3,0,false
0.9.0,startFieldResult,openjpa-persistence-jdbc/src/main/java/org/apache/openjpa/persistence/jdbc/XMLPersistenceMappingParser.java,7,1,3,0,0,1,2,1,37,2,3,1,false
0.9.0,startSequence,openjpa-jdbc/src/main/java/org/apache/openjpa/jdbc/schema/XMLSchemaParser.java,15,5,4,0,1,0,1,12,37,1,2,1,false
0.9.0,setImplData,openjpa-kernel/src/main/java/org/apache/openjpa/datacache/DataCachePCDataImpl.java,3,1,0,0,0,0,0,0,45,1,3,0,false
0.9.0,select,openjpa-jdbc/src/main/java/org/apache/openjpa/jdbc/sql/SelectImpl.java,4,2,0,0,0,2,0,2,37,2,6,0,false
0.9.0,characters,openjpa-lib/src/main/java/org/apache/openjpa/lib/meta/XMLMetaDataParser.java,6,4,1,0,0,0,0,0,0,2,9,0,false
0.9.0,executeBulkOperation,openjpa-jdbc/src/main/java/org/apache/openjpa/jdbc/kernel/JDBCStoreQuery.java,55,16,18,0,4,4,2,1,37,2,5,4,false
0.9.0,serializeProperties,openjpa-lib/src/main/java/org/apache/openjpa/lib/conf/Configurations.java,15,6,4,0,0,2,4,0,0,2,13,1,false
0.9.0,ownDeletesAreVisible,openjpa-lib/src/main/java/org/apache/openjpa/lib/jdbc/DelegatingDatabaseMetaData.java,3,1,0,0,0,1,0,0,0,1,4,0,false
0.9.0,supportsGetGeneratedKeys,openjpa-lib/src/main/java/org/apache/openjpa/lib/jdbc/DelegatingDatabaseMetaData.java,3,1,0,0,0,0,0,0,0,1,4,0,false
0.9.0,providedBooleanField,openjpa-kernel/src/main/java/org/apache/openjpa/kernel/DetachedValueStateManager.java,3,2,1,0,0,0,0,0,45,2,5,0,false
0.9.0,setCloseOnManagedCommit,openjpa-kernel/src/main/java/org/apache/openjpa/conf/Compatibility.java,3,1,1,0,0,0,0,0,45,1,3,0,false
0.9.0,setRecordOrderedIndexes,openjpa-jdbc/src/main/java/org/apache/openjpa/jdbc/sql/SelectImpl.java,7,2,3,0,0,0,1,0,37,2,6,0,false
0.9.0,getGenericContext,openjpa-kernel/src/main/java/org/apache/openjpa/kernel/DetachedValueStateManager.java,3,1,0,0,0,1,0,0,45,2,5,0,false
0.9.0,newQuery,openjpa-kernel/src/main/java/org/apache/openjpa/abstractstore/AbstractStoreManager.java,3,1,0,0,0,1,0,0,45,3,6,0,false
0.9.0,getCacheSize,openjpa-kernel/src/main/java/org/apache/openjpa/datacache/ConcurrentQueryCache.java,3,1,0,0,0,1,0,0,45,2,4,0,false
0.9.0,getPendingTransactionalObjects,openjpa-kernel/src/main/java/org/apache/openjpa/kernel/BrokerImpl.java,9,1,0,0,1,1,0,4,45,3,11,0,false
0.9.0,remove,openjpa-kernel/src/main/java/org/apache/openjpa/kernel/ExtentImpl.java,3,1,0,0,0,0,0,0,45,2,5,0,false
0.9.0,supportsInMemoryExecution,openjpa-kernel/src/main/java/org/apache/openjpa/kernel/ExpressionStoreQuery.java,3,1,0,0,0,1,0,0,45,2,6,0,false
0.9.0,getStrategy,openjpa-persistence/src/main/java/org/apache/openjpa/persistence/XMLPersistenceMetaDataSerializer.java,25,19,2,0,0,10,2,0,45,2,6,2,false
0.9.0,decorate,openjpa-kernel/src/main/java/org/apache/openjpa/datacache/DataCachePCDataGenerator.java,7,1,0,0,0,0,0,6,45,1,3,0,false
0.9.0,newDataStoreId,openjpa-kernel/src/main/java/org/apache/openjpa/kernel/DelegatingStoreManager.java,3,1,0,0,0,1,1,1,45,3,5,0,false
0.9.0,addSequence,openjpa-jdbc/src/main/java/org/apache/openjpa/jdbc/schema/XMLSchemaSerializer.java,3,2,0,0,0,0,1,0,37,1,2,0,false
0.9.0,setInverse,openjpa-kernel/src/main/java/org/apache/openjpa/meta/FieldMetaData.java,4,1,2,0,0,0,1,0,45,3,10,0,false
0.9.0,hasSubclasses,openjpa-kernel/src/main/java/org/apache/openjpa/kernel/ExtentImpl.java,3,1,0,0,0,1,0,0,45,2,5,0,false
0.9.0,getContext,openjpa-kernel/src/main/java/org/apache/openjpa/kernel/OpenJPAStateManager.java,1,1,0,0,0,0,17,0,45,2,5,0,false
0.9.0,hasClearListeners,openjpa-kernel/src/main/java/org/apache/openjpa/event/LifecycleEventManager.java,3,1,0,0,0,1,0,2,45,1,5,0,false
0.9.0,isLargeTransaction,openjpa-persistence/src/main/java/org/apache/openjpa/persistence/EntityManagerImpl.java,3,1,0,0,0,1,0,2,45,2,7,0,false
0.9.0,findEntry,openjpa-lib/src/main/java/org/apache/openjpa/lib/util/concurrent/ConcurrentHashMap.java,10,10,2,3,0,4,2,1,0,1,7,1,false
0.9.0,isWaiting,openjpa-lib/src/main/java/org/apache/openjpa/lib/util/concurrent/FIFOWaitQueue.java,7,5,2,0,0,2,0,0,0,1,5,0,false
0.9.0,nontransactionalAll,openjpa-kernel/src/main/java/org/apache/openjpa/kernel/BrokerImpl.java,18,3,3,0,2,0,0,5,45,3,11,0,false
0.9.0,getValueType,openjpa-lib/src/main/java/org/apache/openjpa/lib/conf/DoubleValue.java,3,1,0,0,0,1,0,0,0,1,4,0,false
0.9.0,writeLock,openjpa-kernel/src/main/java/org/apache/openjpa/datacache/ConcurrentQueryCache.java,3,1,0,0,0,0,0,0,45,2,4,0,false
0.9.0,setRootInstances,openjpa-kernel/src/main/java/org/apache/openjpa/kernel/DelegatingFetchConfiguration.java,9,2,0,0,1,1,0,2,45,3,7,1,false
0.9.0,getComments,openjpa-kernel/src/main/java/org/apache/openjpa/meta/ClassMetaData.java,3,2,0,0,0,1,0,0,45,3,8,0,false
0.9.0,getThis,openjpa-jdbc/src/main/java/org/apache/openjpa/jdbc/kernel/exps/JDBCExpressionFactory.java,3,1,0,0,0,1,0,1,37,3,6,0,false
0.9.0,copyDataStoreId,openjpa-jdbc/src/main/java/org/apache/openjpa/jdbc/kernel/JDBCStoreManager.java,4,1,1,0,0,1,1,0,37,3,9,2,false
0.9.0,setLob,openjpa-jdbc/src/main/java/org/apache/openjpa/jdbc/sql/LogicalUnion.java,3,1,0,0,0,0,0,1,37,2,4,0,false
0.9.0,getAlias,openjpa-jdbc/src/main/java/org/apache/openjpa/jdbc/meta/strats/ValueMapDiscriminatorStrategy.java,3,1,0,0,0,1,0,0,37,1,2,0,false
0.9.0,getSAXParser,openjpa-lib/src/main/java/org/apache/openjpa/lib/xml/XMLFactory.java,21,5,1,0,2,1,1,2,0,2,6,1,false
0.9.0,getSecondaryDeletes,openjpa-jdbc/src/main/java/org/apache/openjpa/jdbc/sql/RowManagerImpl.java,3,2,0,0,0,1,1,0,37,1,2,0,false
0.9.0,getJoinSyntax,openjpa-jdbc/src/main/java/org/apache/openjpa/jdbc/sql/LogicalUnion.java,3,1,0,0,0,1,1,1,37,2,4,0,false
0.9.0,setStream,openjpa-lib/src/main/java/org/apache/openjpa/lib/log/LogFactoryImpl.java,4,2,1,0,0,0,0,0,0,1,6,0,false
0.9.0,getAccessPathMetaDatas,openjpa-kernel/src/main/java/org/apache/openjpa/kernel/ExpressionStoreQuery.java,8,4,4,0,0,3,0,1,45,2,6,0,false
0.9.0,storeBoolean,openjpa-kernel/src/main/java/org/apache/openjpa/kernel/OpenJPAStateManager.java,1,1,0,0,0,0,2,0,45,2,5,0,false
0.9.0,getQuotedNumbersInQueries,openjpa-kernel/src/main/java/org/apache/openjpa/conf/Compatibility.java,3,1,0,0,0,1,0,0,45,1,3,0,false
0.9.0,nontransactional,openjpa-kernel/src/main/java/org/apache/openjpa/kernel/PCState.java,3,1,0,0,0,1,1,0,45,1,4,0,false
0.9.0,getImportPackages,openjpa-kernel/src/main/java/org/apache/openjpa/enhance/ApplicationIdTool.java,15,8,4,0,0,1,2,3,45,2,6,4,false
0.9.0,getBroker,openjpa-kernel/src/main/java/org/apache/openjpa/kernel/ExtentImpl.java,3,1,0,0,0,1,0,0,45,2,5,0,false
0.9.0,wasNull,openjpa-lib/src/main/java/org/apache/openjpa/lib/jdbc/DelegatingResultSet.java,3,1,0,0,0,1,0,0,0,1,4,0,false
0.9.0,lock,openjpa-kernel/src/main/java/org/apache/openjpa/kernel/LockManager.java,1,1,0,0,0,0,1,0,45,1,4,0,false
0.9.0,endDTD,openjpa-lib/src/main/java/org/apache/openjpa/lib/meta/XMLMetaDataParser.java,3,2,0,0,0,0,0,1,0,2,9,0,false
0.9.0,supportsParameterDeclarations,openjpa-jdbc/src/main/java/org/apache/openjpa/jdbc/kernel/SQLStoreQuery.java,3,1,0,0,0,1,0,0,37,2,3,0,false
0.9.0,setStorageGenerator,openjpa-kernel/src/main/java/org/apache/openjpa/enhance/PCDataGenerator.java,1,1,0,0,0,0,2,0,45,4,8,0,false
0.9.0,getConnection2Password,openjpa-kernel/src/main/java/org/apache/openjpa/conf/OpenJPAConfigurationImpl.java,3,1,0,0,0,1,1,3,45,3,13,0,false
0.9.0,nextInternal,openjpa-jdbc/src/main/java/org/apache/openjpa/jdbc/kernel/NativeJDBCSeq.java,4,1,1,0,0,1,0,3,37,2,2,0,false
0.9.0,storeDouble,openjpa-kernel/src/main/java/org/apache/openjpa/kernel/DetachedValueStateManager.java,3,1,0,0,0,0,0,0,45,2,5,0,false
0.9.0,absolute,openjpa-jdbc/src/main/java/org/apache/openjpa/jdbc/kernel/GenericResultObjectProvider.java,3,1,0,0,0,1,0,0,37,2,3,0,false
0.9.0,isNew,openjpa-kernel/src/main/java/org/apache/openjpa/kernel/StateManagerImpl.java,3,1,0,0,0,1,20,0,45,3,13,0,false
0.9.0,addTypesChangedListener,openjpa-kernel/src/main/java/org/apache/openjpa/datacache/AbstractQueryCache.java,3,1,0,0,0,0,0,1,45,2,7,0,false
0.9.0,hashCode,openjpa-lib/src/main/java/org/apache/openjpa/lib/jdbc/DelegatingCallableStatement.java,3,1,0,0,0,1,1,1,0,1,6,1,false
0.9.0,getVal,openjpa-jdbc/src/main/java/org/apache/openjpa/jdbc/kernel/exps/UnaryOp.java,3,1,0,0,0,1,4,0,37,2,5,0,false
0.9.0,endUnique,openjpa-jdbc/src/main/java/org/apache/openjpa/jdbc/schema/XMLSchemaParser.java,4,1,1,0,0,0,1,0,37,1,2,0,false
0.9.0,settingStringField,openjpa-kernel/src/main/java/org/apache/openjpa/kernel/StateManagerImpl.java,16,5,1,0,1,1,2,6,45,3,13,0,false
0.9.0,storeLong,openjpa-kernel/src/main/java/org/apache/openjpa/kernel/DetachedValueStateManager.java,3,1,0,0,0,0,0,0,45,2,5,0,false
0.9.0,hasNext,openjpa-lib/src/main/java/org/apache/openjpa/lib/meta/FileMetaDataIterator.java,3,2,0,0,0,1,0,0,0,2,7,0,false
0.9.0,getToStringCode,openjpa-kernel/src/main/java/org/apache/openjpa/enhance/ApplicationIdTool.java,27,13,4,1,0,2,1,7,45,2,6,13,false
0.9.0,toOpenJPAProperties,openjpa-persistence/src/main/java/org/apache/openjpa/persistence/PersistenceUnitInfoImpl.java,75,33,19,0,0,1,3,11,45,1,7,7,false
0.9.0,storeByte,openjpa-kernel/src/main/java/org/apache/openjpa/kernel/DetachedStateManager.java,3,1,0,0,0,0,0,0,45,3,7,0,false
0.9.0,hasSubclasses,openjpa-kernel/src/main/java/org/apache/openjpa/kernel/QueryContext.java,1,1,0,0,0,0,1,0,45,1,4,0,false
0.9.0,setExternalValues,openjpa-kernel/src/main/java/org/apache/openjpa/meta/FieldMetaData.java,4,1,2,0,0,0,1,0,45,3,10,0,false
0.9.0,getNontransactionalWrite,openjpa-kernel/src/main/java/org/apache/openjpa/conf/OpenJPAConfigurationImpl.java,3,1,0,0,0,1,0,1,45,3,13,0,false
0.9.0,retainConnection,openjpa-kernel/src/main/java/org/apache/openjpa/abstractstore/AbstractStoreManager.java,2,1,0,0,0,0,0,0,45,3,6,0,false
0.9.0,getEmbeddedExtensions,openjpa-kernel/src/main/java/org/apache/openjpa/meta/Extensions.java,3,1,0,0,0,1,0,1,45,1,4,0,false
0.9.0,getSystemDataCache,openjpa-kernel/src/main/java/org/apache/openjpa/datacache/DataCacheManager.java,1,1,0,0,0,0,0,0,45,1,3,0,false
0.9.0,startMapKey,openjpa-persistence/src/main/java/org/apache/openjpa/persistence/XMLPersistenceMetaDataParser.java,8,3,2,0,0,2,1,5,45,2,6,2,false
0.9.0,setAutoDetach,openjpa-kernel/src/main/java/org/apache/openjpa/kernel/BrokerImpl.java,4,1,1,0,0,0,1,1,45,3,11,0,false
0.9.0,insertsAreDetected,openjpa-lib/src/main/java/org/apache/openjpa/lib/jdbc/DelegatingDatabaseMetaData.java,3,1,0,0,0,1,0,0,0,1,4,0,false
0.9.0,execute,openjpa-lib/src/main/java/org/apache/openjpa/lib/jdbc/LoggingConnectionDecorator.java,14,2,1,0,1,1,0,7,0,1,8,0,false
0.9.0,storeShort,openjpa-kernel/src/main/java/org/apache/openjpa/kernel/DetachedValueStateManager.java,3,1,0,0,0,0,0,0,45,2,5,0,false
0.9.0,clear,openjpa-kernel/src/main/java/org/apache/openjpa/datacache/DelegatingDataCache.java,9,3,0,0,1,1,0,2,45,2,5,1,false
0.9.0,setObjectId,openjpa-kernel/src/main/java/org/apache/openjpa/kernel/DetachedValueStateManager.java,3,1,0,0,0,0,0,0,45,2,5,0,false
0.9.0,setComments,openjpa-kernel/src/main/java/org/apache/openjpa/meta/FieldMetaData.java,3,1,1,0,0,0,0,0,45,3,10,0,false
0.9.0,getIgnoreChanges,openjpa-persistence/src/main/java/org/apache/openjpa/persistence/QueryImpl.java,3,1,0,0,0,1,0,0,45,2,6,0,false
0.9.0,reset,openjpa-jdbc/src/main/java/org/apache/openjpa/jdbc/kernel/SelectResultObjectProvider.java,4,1,0,0,0,0,0,2,37,2,2,0,false
0.9.0,initialize,openjpa-jdbc/src/main/java/org/apache/openjpa/jdbc/kernel/exps/InSubQExpression.java,4,1,0,0,0,0,0,0,37,2,3,0,false
0.9.0,supportsNamedParameters,openjpa-lib/src/main/java/org/apache/openjpa/lib/jdbc/DelegatingDatabaseMetaData.java,3,1,0,0,0,0,0,0,0,1,4,0,false
0.9.0,isRuntime,openjpa-persistence/src/main/java/org/apache/openjpa/persistence/XMLPersistenceMetaDataParser.java,3,2,0,0,0,1,1,2,45,2,6,1,false
0.9.0,isStopped,openjpa-kernel/src/main/java/org/apache/openjpa/datacache/DataCacheScheduler.java,3,1,0,0,0,1,1,0,45,2,6,0,false
0.9.0,hasAnyFetchGroup,openjpa-kernel/src/main/java/org/apache/openjpa/kernel/DelegatingFetchConfiguration.java,8,2,0,0,1,1,0,2,45,3,7,1,false
0.9.0,addGetMethods,openjpa-kernel/src/main/java/org/apache/openjpa/enhance/DynamicStorageGenerator.java,3,2,1,0,0,0,1,1,45,1,4,0,false
0.9.0,getId,openjpa-kernel/src/main/java/org/apache/openjpa/kernel/StateManagerImpl.java,3,1,0,0,0,1,6,0,45,3,13,0,false
0.9.0,getIntExtension,openjpa-kernel/src/main/java/org/apache/openjpa/meta/Extensions.java,3,1,0,0,0,1,0,1,45,1,4,0,false
0.9.0,contains,openjpa-kernel/src/main/java/org/apache/openjpa/datacache/AbstractDataCache.java,9,5,2,0,0,1,1,4,45,2,5,1,false
0.9.0,hintToSetter,openjpa-kernel/src/main/java/org/apache/openjpa/kernel/Filters.java,16,7,5,0,1,1,0,0,45,2,10,1,false
0.9.0,newFetchState,openjpa-jdbc/src/main/java/org/apache/openjpa/jdbc/kernel/JDBCFetchConfigurationImpl.java,3,1,0,0,0,1,0,1,37,3,6,0,false
0.9.0,newCollectionProxy,openjpa-kernel/src/main/java/org/apache/openjpa/util/ProxyManagerImpl.java,5,2,2,0,0,1,1,5,45,1,5,1,false
0.9.0,startElement,openjpa-persistence/src/main/java/org/apache/openjpa/persistence/ConfigurationProviderImpl.java,5,4,0,0,0,1,0,3,45,2,8,0,false
0.9.0,startForeignKey,openjpa-jdbc/src/main/java/org/apache/openjpa/jdbc/schema/XMLSchemaParser.java,12,5,6,0,0,0,1,6,37,1,2,1,false
0.9.0,getPrimaryKeys,openjpa-lib/src/main/java/org/apache/openjpa/lib/jdbc/LoggingConnectionDecorator.java,4,2,0,1,0,1,0,2,0,1,8,0,false
0.9.0,isFatalEnabled,openjpa-lib/src/main/java/org/apache/openjpa/lib/log/MultiLogFactory.java,4,3,1,0,0,2,0,1,0,2,6,0,false
0.9.0,getAutoDistinct,openjpa-jdbc/src/main/java/org/apache/openjpa/jdbc/sql/SelectImpl.java,3,2,0,0,0,1,1,0,37,2,6,0,false
0.9.0,update,openjpa-kernel/src/main/java/org/apache/openjpa/datacache/AbstractDataCache.java,3,2,0,0,0,0,0,2,45,2,5,0,false
0.9.0,newConfiguration,openjpa-xmlstore/src/main/java/org/apache/openjpa/xmlstore/XMLStoreManager.java,3,1,0,0,0,1,0,1,45,2,6,0,false
0.9.0,startSequenceGenerator,openjpa-persistence/src/main/java/org/apache/openjpa/persistence/XMLPersistenceMetaDataParser.java,32,10,16,0,0,2,2,22,45,2,6,10,false
0.9.0,isClob,openjpa-jdbc/src/main/java/org/apache/openjpa/jdbc/meta/MappingRepository.java,9,7,2,0,0,4,3,2,37,2,4,5,false
0.9.0,setCandidateCollection,openjpa-persistence/src/main/java/org/apache/openjpa/persistence/QueryImpl.java,4,1,0,0,0,1,0,2,45,2,6,0,false
0.9.0,addExpirationListener,openjpa-kernel/src/main/java/org/apache/openjpa/datacache/DelegatingDataCache.java,9,3,0,0,1,1,0,2,45,2,5,1,false
0.9.0,getQueryMetaData,openjpa-kernel/src/main/java/org/apache/openjpa/meta/MetaDataRepository.java,5,3,1,0,0,1,0,3,45,3,8,0,false
0.9.0,validateDetachable,openjpa-kernel/src/main/java/org/apache/openjpa/meta/ClassMetaData.java,12,8,5,0,0,0,1,4,45,3,8,3,false
0.9.0,currentText,openjpa-lib/src/main/java/org/apache/openjpa/lib/meta/XMLMetaDataParser.java,4,2,0,0,0,2,11,0,0,2,9,0,false
0.9.0,getCachedQueryMetaData,openjpa-kernel/src/main/java/org/apache/openjpa/meta/MetaDataRepository.java,3,1,0,0,0,1,4,1,45,3,8,0,false
0.9.0,providedFloatField,openjpa-kernel/src/main/java/org/apache/openjpa/kernel/StateManagerImpl.java,3,1,0,0,0,0,0,0,45,3,13,0,false
0.9.0,groupBy,openjpa-jdbc/src/main/java/org/apache/openjpa/jdbc/sql/SelectImpl.java,12,6,5,1,0,1,0,4,37,2,6,0,false
0.9.0,setSubclasses,openjpa-persistence/src/main/java/org/apache/openjpa/persistence/QueryImpl.java,5,1,1,0,0,1,3,2,45,2,6,1,false
0.9.0,setDirty,openjpa-kernel/src/main/java/org/apache/openjpa/kernel/BrokerImpl.java,33,16,7,0,1,0,3,11,45,3,11,5,false
0.9.0,startConfiguration,openjpa-kernel/src/main/java/org/apache/openjpa/ee/InvocationManagedRuntime.java,2,1,0,0,0,0,0,0,45,1,3,0,false
0.9.0,assertSingleColumn,openjpa-jdbc/src/main/java/org/apache/openjpa/jdbc/meta/QueryResultMapping.java,3,2,0,0,0,0,1,0,37,1,2,0,false
0.9.0,getExportedKeys,openjpa-lib/src/main/java/org/apache/openjpa/lib/jdbc/DelegatingDatabaseMetaData.java,3,1,0,0,0,1,0,0,0,1,4,0,false
0.9.0,begin,openjpa-kernel/src/main/java/org/apache/openjpa/abstractstore/AbstractStoreManager.java,2,1,0,0,0,0,0,0,45,3,6,0,false
0.9.0,setUpdateVersion,openjpa-kernel/src/main/java/org/apache/openjpa/kernel/StateManagerImpl.java,4,2,2,0,0,0,2,0,45,3,13,0,false
0.9.0,premain,openjpa-kernel-5/src/main/java/org/apache/openjpa/enhance/PCEnhancerAgent.java,21,1,4,0,0,0,1,13,45,2,6,1,false
0.9.0,getRequiresExtent,openjpa-kernel/src/main/java/org/apache/openjpa/meta/ClassMetaData.java,9,6,3,0,0,2,2,3,45,3,8,1,false
0.9.0,begin,openjpa-kernel/src/main/java/org/apache/openjpa/kernel/BrokerImpl.java,11,3,0,0,1,0,1,5,45,3,11,0,false
0.9.0,addProperties,openjpa-lib/src/main/java/org/apache/openjpa/lib/conf/MapConfigurationProvider.java,5,4,1,0,0,1,1,0,0,2,6,0,false
0.9.0,appendTo,openjpa-jdbc/src/main/java/org/apache/openjpa/jdbc/kernel/exps/BindVariableExpression.java,3,1,0,0,0,0,0,0,37,2,3,0,false
0.9.0,select,openjpa-jdbc/src/main/java/org/apache/openjpa/jdbc/meta/strats/AbstractDiscriminatorStrategy.java,3,1,0,0,0,1,0,0,37,2,2,0,false
0.9.0,add,openjpa-kernel/src/main/java/org/apache/openjpa/kernel/DetachManager.java,5,2,1,0,0,1,2,0,45,4,9,0,false
0.9.0,wrapResult,openjpa-kernel/src/main/java/org/apache/openjpa/datacache/QueryCacheStoreQuery.java,4,3,0,0,0,2,4,3,45,2,7,2,false
0.9.0,hashCode,openjpa-kernel/src/main/java/org/apache/openjpa/meta/Extensions.java,6,3,3,1,0,1,0,0,45,1,4,0,false
0.9.0,getMetaDataFactory,openjpa-kernel/src/main/java/org/apache/openjpa/meta/MetaDataRepository.java,3,1,0,0,0,1,25,0,45,3,8,0,false
0.9.0,free,openjpa-jdbc/src/main/java/org/apache/openjpa/jdbc/kernel/JDBCStoreManager.java,10,3,2,0,1,1,3,1,37,3,9,2,false
0.9.0,isTypePC,openjpa-kernel/src/main/java/org/apache/openjpa/meta/FieldMetaData.java,3,1,0,0,0,1,1,1,45,3,10,0,false
0.9.0,update,openjpa-jdbc/src/main/java/org/apache/openjpa/jdbc/meta/strats/RelationToManyTableFieldStrategy.java,42,12,17,0,0,2,0,5,37,2,4,8,false
0.9.0,setPCSuperclass,openjpa-kernel/src/main/java/org/apache/openjpa/meta/ClassMetaData.java,5,2,1,0,0,0,1,4,45,3,8,0,false
0.9.0,hashCode,openjpa-kernel/src/main/java/org/apache/openjpa/datacache/QueryKey.java,6,3,3,6,0,1,0,0,45,2,4,0,false
0.9.0,isLRS,openjpa-kernel/src/main/java/org/apache/openjpa/meta/FieldMetaData.java,3,3,0,0,0,1,2,0,45,3,10,0,false
0.9.0,run,openjpa-kernel/src/main/java/org/apache/openjpa/datacache/DataCacheScheduler.java,30,8,8,2,1,0,0,7,45,2,6,6,false
0.9.0,setSavepoint,openjpa-persistence/src/main/java/org/apache/openjpa/persistence/EntityManagerImpl.java,3,1,0,0,0,0,0,3,45,2,7,0,false
0.9.0,handleCheckedException,openjpa-jdbc/src/main/java/org/apache/openjpa/jdbc/kernel/GenericResultObjectProvider.java,4,2,0,0,0,0,0,1,37,2,3,0,false
0.9.0,isTransactional,openjpa-kernel/src/main/java/org/apache/openjpa/kernel/DetachedValueStateManager.java,3,1,0,0,0,1,0,0,45,2,5,0,false
0.9.0,trace,openjpa-lib/src/main/java/org/apache/openjpa/lib/log/NoneLogFactory.java,2,1,0,0,0,0,0,0,0,1,5,0,false
0.9.0,getProperties,openjpa-lib/src/main/java/org/apache/openjpa/lib/conf/PluginListValue.java,3,1,0,0,0,1,0,0,0,1,5,0,false
0.9.0,setDefaultEntryDelimiter,openjpa-lib/src/main/java/org/apache/openjpa/lib/util/FormatPreservingProperties.java,3,1,1,0,0,0,0,0,0,1,8,0,false
0.9.0,writeObject,openjpa-kernel/src/main/java/org/apache/openjpa/util/LockException.java,3,1,0,0,0,0,0,0,45,1,4,0,false
0.9.0,setComments,openjpa-kernel/src/main/java/org/apache/openjpa/meta/ClassMetaData.java,3,1,1,0,0,0,0,0,45,3,8,0,false
0.9.0,removed,openjpa-kernel/src/main/java/org/apache/openjpa/util/CollectionChangeTrackerImpl.java,3,1,0,0,0,0,6,0,45,1,4,0,false
0.9.0,run,openjpa-jdbc/src/main/java/org/apache/openjpa/jdbc/kernel/NativeJDBCSeq.java,6,3,1,0,0,2,2,1,37,2,2,0,false
0.9.0,getDirtyObjects,openjpa-kernel/src/main/java/org/apache/openjpa/kernel/StoreContext.java,1,1,0,0,0,0,0,0,45,3,6,0,false
0.9.0,appendInfo,openjpa-lib/src/main/java/org/apache/openjpa/lib/jdbc/DelegatingDataSource.java,3,2,0,0,0,0,2,1,0,1,5,0,false
0.9.0,get,openjpa-lib/src/main/java/org/apache/openjpa/lib/util/Localizer.java,3,1,0,0,0,1,62,4,0,2,9,0,false
0.9.0,newValueMetaData,openjpa-jdbc/src/main/java/org/apache/openjpa/jdbc/meta/MappingRepository.java,3,1,0,0,0,1,0,0,37,2,4,0,false
0.9.0,setQuery,openjpa-kernel/src/main/java/org/apache/openjpa/datacache/QueryCacheStoreQuery.java,3,1,0,0,0,1,0,1,45,2,7,0,false
0.9.0,hasVariable,openjpa-jdbc/src/main/java/org/apache/openjpa/jdbc/kernel/exps/UnaryOp.java,3,1,0,0,0,1,0,1,37,2,5,0,false
0.9.0,getDeclaringType,openjpa-kernel/src/main/java/org/apache/openjpa/meta/FieldMetaData.java,3,2,0,0,0,1,11,1,45,3,10,0,false
0.9.0,parallelClone,openjpa-jdbc/src/main/java/org/apache/openjpa/jdbc/sql/SelectImpl.java,10,3,4,0,0,1,2,2,37,2,6,1,false
0.9.0,newFieldProxy,openjpa-kernel/src/main/java/org/apache/openjpa/kernel/OpenJPAStateManager.java,1,1,0,0,0,0,3,0,45,2,5,0,false
0.9.0,getResultObject,openjpa-jdbc/src/main/java/org/apache/openjpa/jdbc/kernel/SQLProjectionResultObjectProvider.java,9,5,4,1,0,2,0,0,37,1,2,0,false
0.9.0,setConnectionFactoryName,openjpa-kernel/src/main/java/org/apache/openjpa/conf/OpenJPAConfigurationImpl.java,4,1,0,0,0,0,0,2,45,3,13,0,false
0.9.0,getImplData,openjpa-kernel/src/main/java/org/apache/openjpa/kernel/OpenJPAStateManager.java,1,1,0,0,0,0,1,0,45,2,5,0,false
0.9.0,storeObject,openjpa-kernel/src/main/java/org/apache/openjpa/kernel/OpenJPAStateManager.java,1,1,0,0,0,0,11,0,45,2,5,0,false
0.9.0,setIncrement,openjpa-jdbc/src/main/java/org/apache/openjpa/jdbc/kernel/NativeJDBCSeq.java,3,1,1,0,0,0,0,0,37,2,2,0,false
0.9.0,getReadLockLevel,openjpa-kernel/src/main/java/org/apache/openjpa/kernel/DelegatingFetchConfiguration.java,8,2,0,0,1,1,1,2,45,3,7,1,false
0.9.0,toBroker,openjpa-persistence/src/main/java/org/apache/openjpa/persistence/OpenJPAPersistence.java,13,4,2,0,1,2,0,2,45,2,5,0,false
0.9.0,setLRS,openjpa-kernel/src/main/java/org/apache/openjpa/meta/FieldMetaData.java,3,2,1,0,0,0,1,0,45,3,10,0,false
0.9.0,releaseConnection,openjpa-kernel/src/main/java/org/apache/openjpa/abstractstore/AbstractStoreManager.java,2,1,0,0,0,0,0,0,45,3,6,0,false
0.9.0,valueChanged,openjpa-lib/src/main/java/org/apache/openjpa/lib/conf/ValueListener.java,1,1,0,0,0,0,1,0,0,1,4,0,false
0.9.0,setMetaData,openjpa-jdbc/src/main/java/org/apache/openjpa/jdbc/kernel/exps/UnaryOp.java,3,1,1,0,0,0,0,0,37,2,5,0,false
0.9.0,getJoinForeignKey,openjpa-jdbc/src/main/java/org/apache/openjpa/jdbc/meta/strats/RelationToManyInverseKeyFieldStrategy.java,3,1,0,0,0,1,0,0,37,2,3,1,false
0.9.0,hasVariables,openjpa-kernel/src/main/java/org/apache/openjpa/kernel/exps/Concat.java,3,1,0,0,0,1,0,0,45,2,5,0,false
0.9.0,replaceIntField,openjpa-kernel/src/main/java/org/apache/openjpa/kernel/DetachedStateManager.java,3,1,0,0,0,1,0,0,45,3,7,0,false
0.9.0,cacheDriverBehavior,openjpa-jdbc/src/main/java/org/apache/openjpa/jdbc/sql/OracleDictionary.java,7,5,4,2,0,1,2,0,37,2,3,3,false
0.9.0,processArgument,openjpa-persistence/src/main/java/org/apache/openjpa/persistence/EntityManagerImpl.java,3,1,0,0,0,1,0,0,45,2,7,0,false
0.9.0,getProxyManager,openjpa-kernel/src/main/java/org/apache/openjpa/conf/OpenJPAConfiguration.java,1,1,0,0,0,0,0,0,45,3,8,0,false
0.9.0,replaceFloatField,openjpa-kernel/src/main/java/org/apache/openjpa/kernel/StateManagerImpl.java,3,1,0,0,0,1,0,0,45,3,13,0,false
0.9.0,getLocation,openjpa-lib/src/main/java/org/apache/openjpa/lib/meta/XMLMetaDataParser.java,3,1,0,0,0,1,0,0,0,2,9,0,false
0.9.0,toArray,openjpa-lib/src/main/java/org/apache/openjpa/lib/util/concurrent/CopyOnWriteArrayList.java,12,3,3,0,0,1,0,1,0,1,5,1,false
0.9.0,requiresLoad,openjpa-kernel/src/main/java/org/apache/openjpa/kernel/BrokerImpl.java,7,8,0,0,0,5,4,2,45,3,11,2,false
0.9.0,setRestoreState,openjpa-persistence/src/main/java/org/apache/openjpa/persistence/EntityManagerImpl.java,3,1,0,0,0,0,0,3,45,2,7,0,false
0.9.0,toTableName,openjpa-persistence-jdbc/src/main/java/org/apache/openjpa/persistence/jdbc/AnnotationPersistenceMappingParser.java,5,3,0,1,0,3,5,0,37,2,3,0,false
0.9.0,invalidateCompilation,openjpa-kernel/src/main/java/org/apache/openjpa/datacache/QueryCacheStoreQuery.java,3,1,0,0,0,0,0,1,45,2,7,0,false
0.9.0,supportsOuterJoins,openjpa-lib/src/main/java/org/apache/openjpa/lib/jdbc/DelegatingDatabaseMetaData.java,3,1,0,0,0,1,0,0,0,1,4,0,false
0.9.0,parseOptions,openjpa-kernel/src/main/java/org/apache/openjpa/conf/RemoteCommitProviderValue.java,9,4,4,0,0,1,2,0,45,1,4,0,false
0.9.0,getFailedObject,openjpa-kernel/src/main/java/org/apache/openjpa/util/OpenJPAException.java,3,1,0,0,0,1,1,0,45,1,4,0,false
0.9.0,close,openjpa-kernel/src/main/java/org/apache/openjpa/kernel/LockManager.java,1,1,0,0,0,0,1,0,45,1,4,0,false
0.9.0,setToken,openjpa-kernel/src/main/java/org/apache/openjpa/enhance/ApplicationIdTool.java,3,1,1,0,0,0,2,0,45,2,6,0,false
0.9.0,getClassCode,openjpa-kernel/src/main/java/org/apache/openjpa/enhance/CodeGenerator.java,3,1,0,0,0,1,1,0,45,2,6,0,false
0.9.0,createEntityManagerFactory,openjpa-persistence/src/main/java/org/apache/openjpa/persistence/PersistenceProviderImpl.java,10,3,1,0,1,2,1,7,45,2,7,1,false
0.9.0,getManagedRuntime,openjpa-kernel/src/main/java/org/apache/openjpa/conf/OpenJPAConfigurationImpl.java,4,2,0,0,0,1,0,2,45,3,13,0,false
0.9.0,previousIndex,openjpa-lib/src/main/java/org/apache/openjpa/lib/util/concurrent/CopyOnWriteArrayList.java,3,1,0,1,0,1,0,0,0,1,5,0,false
0.9.0,clear,openjpa-jdbc/src/main/java/org/apache/openjpa/jdbc/meta/MappingRepository.java,5,1,1,0,0,0,0,0,37,2,4,0,false
0.9.0,getMaxFetchDepth,openjpa-kernel/src/main/java/org/apache/openjpa/kernel/DelegatingFetchConfiguration.java,8,2,0,0,1,1,1,2,45,3,7,1,false
0.9.0,endEmbeddedId,openjpa-persistence/src/main/java/org/apache/openjpa/persistence/XMLPersistenceMetaDataParser.java,3,1,0,0,0,0,1,1,45,2,6,0,false
0.9.0,translate,openjpa-kernel/src/main/java/org/apache/openjpa/kernel/DelegatingFetchConfiguration.java,3,2,0,0,0,1,76,0,45,3,7,0,false
0.9.0,parseOneToOne,openjpa-persistence/src/main/java/org/apache/openjpa/persistence/XMLPersistenceMetaDataParser.java,7,3,1,0,0,0,1,4,45,2,6,0,false
0.9.0,supportsNonNullableColumns,openjpa-lib/src/main/java/org/apache/openjpa/lib/jdbc/DelegatingDatabaseMetaData.java,3,1,0,0,0,1,0,0,0,1,4,0,false
0.9.0,getInternalString,openjpa-lib/src/main/java/org/apache/openjpa/lib/conf/PluginListValue.java,3,1,0,0,0,0,0,0,0,1,5,0,false
0.9.0,getArray,openjpa-lib/src/main/java/org/apache/openjpa/lib/jdbc/DelegatingCallableStatement.java,3,1,0,0,0,1,0,0,0,1,6,0,false
0.9.0,addLifecycleListener,openjpa-kernel/src/main/java/org/apache/openjpa/kernel/BrokerImpl.java,9,1,0,0,1,0,2,2,45,3,11,0,false
0.9.0,getLRSSize,openjpa-jdbc/src/main/java/org/apache/openjpa/jdbc/kernel/DelegatingJDBCFetchConfiguration.java,1,1,0,0,0,0,7,0,37,2,3,0,false
0.9.0,fireEvent,openjpa-lib/src/main/java/org/apache/openjpa/lib/jdbc/JDBCEventConnectionDecorator.java,42,13,2,0,0,0,1,13,0,1,5,1,false
0.9.0,getDatabaseMinorVersion,openjpa-lib/src/main/java/org/apache/openjpa/lib/jdbc/DelegatingDatabaseMetaData.java,3,1,0,0,0,0,0,0,0,1,4,0,false
0.9.0,getFieldMapping,openjpa-jdbc/src/main/java/org/apache/openjpa/jdbc/kernel/exps/PCPath.java,3,1,0,0,0,1,4,0,37,2,6,0,false
0.9.0,getMetaData,openjpa-jdbc/src/main/java/org/apache/openjpa/jdbc/kernel/exps/PCPath.java,3,1,0,0,0,1,0,0,37,2,6,0,false
0.9.0,getUniqueName,openjpa-kernel/src/main/java/org/apache/openjpa/enhance/PCDataGenerator.java,3,1,0,1,0,1,1,0,45,4,8,0,false
0.9.0,getManagedStates,openjpa-kernel/src/main/java/org/apache/openjpa/kernel/BrokerImpl.java,3,1,0,0,0,1,4,1,45,3,11,0,false
0.9.0,appendIsNotNull,openjpa-jdbc/src/main/java/org/apache/openjpa/jdbc/meta/strats/ContainerFieldStrategy.java,3,1,0,0,0,0,0,1,37,2,2,0,false
0.9.0,setOrphanedKeyAction,openjpa-kernel/src/main/java/org/apache/openjpa/conf/OpenJPAConfiguration.java,1,1,0,0,0,0,0,0,45,3,8,0,false
0.9.0,validateExtensionKeys,openjpa-kernel/src/main/java/org/apache/openjpa/meta/Extensions.java,27,13,11,0,0,2,2,6,45,1,4,7,false
0.9.0,setCompatibility,openjpa-kernel/src/main/java/org/apache/openjpa/conf/OpenJPAConfigurationImpl.java,3,1,0,0,0,0,0,1,45,3,13,0,false
0.9.0,getClass,openjpa-jdbc/src/main/java/org/apache/openjpa/jdbc/meta/strats/SuperclassDiscriminatorStrategy.java,3,1,0,0,0,1,0,1,37,2,2,3,false
0.9.0,providedObjectField,openjpa-kernel/src/main/java/org/apache/openjpa/kernel/DetachedValueStateManager.java,3,1,1,0,0,0,0,0,45,2,5,0,false
0.9.0,assignObjectId,openjpa-kernel/src/main/java/org/apache/openjpa/kernel/DetachedValueStateManager.java,3,1,0,0,0,0,0,0,45,2,5,0,false
0.9.0,setLockTimeout,openjpa-persistence/src/main/java/org/apache/openjpa/persistence/FetchPlan.java,4,1,0,0,0,1,0,0,45,2,5,0,false
0.9.0,getLogWriter,openjpa-jdbc/src/main/java/org/apache/openjpa/jdbc/schema/SimpleDriverDataSource.java,3,1,0,0,0,1,0,0,37,2,2,0,false
0.9.0,supportsRandomAccess,openjpa-kernel/src/main/java/org/apache/openjpa/datacache/QueryCacheStoreQuery.java,3,1,0,0,0,1,0,1,45,2,7,0,false
0.9.0,getEventTypes,openjpa-kernel/src/main/java/org/apache/openjpa/event/LifecycleEventManager.java,37,12,20,17,0,2,2,1,45,1,5,3,false
0.9.0,setDescribedType,openjpa-kernel/src/main/java/org/apache/openjpa/meta/ClassMetaData.java,5,3,1,0,0,0,5,1,45,3,8,1,false
0.9.0,listIterator,openjpa-lib/src/main/java/org/apache/openjpa/lib/util/concurrent/CopyOnWriteArrayList.java,7,2,1,1,0,1,1,2,0,1,5,0,false
0.9.0,close,openjpa-lib/src/main/java/org/apache/openjpa/lib/jdbc/JDBCEventConnectionDecorator.java,8,1,0,0,1,0,0,2,0,1,5,0,false
0.9.0,instantiateProvider,openjpa-kernel/src/main/java/org/apache/openjpa/conf/RemoteCommitProviderValue.java,3,1,0,0,0,1,1,1,45,1,4,0,false
0.9.0,getFetchBatchSize,openjpa-kernel/src/main/java/org/apache/openjpa/conf/OpenJPAConfiguration.java,1,1,0,0,0,0,1,0,45,3,8,0,false
0.9.0,setConfiguration,openjpa-jdbc/src/main/java/org/apache/openjpa/jdbc/kernel/AbstractUpdateManager.java,4,1,2,0,0,0,0,1,37,1,2,0,false
0.9.0,appendIsNull,openjpa-jdbc/src/main/java/org/apache/openjpa/jdbc/kernel/exps/AbstractVal.java,4,1,0,0,0,0,0,0,37,2,4,1,false
0.9.0,setPersistenceUnitName,openjpa-persistence/src/main/java/org/apache/openjpa/persistence/PersistenceUnitInfoImpl.java,3,1,1,0,0,0,2,0,45,1,7,0,false
0.9.0,startPrimaryKey,openjpa-jdbc/src/main/java/org/apache/openjpa/jdbc/schema/XMLSchemaParser.java,7,2,3,0,0,0,1,3,37,1,2,2,false
0.9.0,getContext,openjpa-kernel/src/main/java/org/apache/openjpa/kernel/DetachedStateManager.java,3,1,0,0,0,1,0,0,45,3,7,0,false
0.9.0,getConfiguration,openjpa-jdbc/src/main/java/org/apache/openjpa/jdbc/kernel/JDBCStoreManager.java,3,1,0,0,0,1,1,0,37,3,9,0,false
0.9.0,setQuery,openjpa-kernel/src/main/java/org/apache/openjpa/kernel/ExpressionStoreQuery.java,4,1,1,0,0,1,0,0,45,2,6,0,false
0.9.0,findSequence,openjpa-jdbc/src/main/java/org/apache/openjpa/jdbc/schema/SchemaGroup.java,19,6,7,1,0,4,2,2,37,1,2,1,false
0.9.0,settingObjectField,openjpa-kernel/src/main/java/org/apache/openjpa/kernel/StateManagerImpl.java,39,17,3,0,1,2,3,15,45,3,13,7,false
0.9.0,setDouble,openjpa-lib/src/main/java/org/apache/openjpa/lib/jdbc/LoggingConnectionDecorator.java,4,1,0,0,0,0,0,1,0,1,8,0,false
0.9.0,popElement,openjpa-persistence/src/main/java/org/apache/openjpa/persistence/XMLPersistenceMetaDataParser.java,3,1,0,0,0,1,8,0,45,2,6,0,false
0.9.0,toOpenJPAObjectId,openjpa-persistence/src/main/java/org/apache/openjpa/persistence/OpenJPAPersistence.java,9,5,5,0,0,3,0,1,45,2,5,0,false
0.9.0,getEntityManager,openjpa-persistence/src/main/java/org/apache/openjpa/persistence/OpenJPAPersistence.java,9,3,0,0,1,2,1,4,45,2,5,1,false
0.9.0,setValue,openjpa-lib/src/main/java/org/apache/openjpa/lib/util/concurrent/ConcurrentHashMap.java,5,1,2,0,0,1,0,0,0,1,7,0,false
0.9.0,getSourceScope,openjpa-persistence/src/main/java/org/apache/openjpa/persistence/XMLPersistenceMetaDataSerializer.java,3,1,0,0,0,1,1,1,45,2,6,0,false
0.9.0,afterCommit,openjpa-kernel/src/main/java/org/apache/openjpa/datacache/AbstractDataCache.java,11,3,0,0,0,1,0,2,45,2,5,0,false
0.9.0,next,openjpa-lib/src/main/java/org/apache/openjpa/lib/jdbc/LoggingConnectionDecorator.java,8,1,0,0,1,1,0,4,0,1,8,0,false
0.9.0,isFatalEnabled,openjpa-lib/src/main/java/org/apache/openjpa/lib/log/CommonsLogFactory.java,3,1,0,0,0,1,0,0,0,1,5,0,false
0.9.0,removeField,openjpa-persistence/src/main/java/org/apache/openjpa/persistence/FetchPlan.java,3,1,0,0,0,1,1,2,45,2,5,0,false
0.9.0,getResultSet,openjpa-lib/src/main/java/org/apache/openjpa/lib/jdbc/DelegatingCallableStatement.java,6,2,2,0,0,1,2,2,0,1,6,1,false
0.9.0,toParameterArray,openjpa-kernel/src/main/java/org/apache/openjpa/kernel/QueryContext.java,1,1,0,0,0,0,0,0,45,1,4,0,false
0.9.0,supportsOpenCursorsAcrossRollback,openjpa-lib/src/main/java/org/apache/openjpa/lib/jdbc/DelegatingDatabaseMetaData.java,3,1,0,0,0,1,0,0,0,1,4,0,false
0.9.0,executeOn,openjpa-jdbc/src/main/java/org/apache/openjpa/jdbc/ant/SchemaToolTask.java,6,2,2,0,0,0,0,3,37,2,3,0,false
0.9.0,stop,openjpa-kernel/src/main/java/org/apache/openjpa/datacache/DataCacheScheduler.java,3,1,1,0,0,0,2,0,45,2,6,0,false
0.9.0,getConversionCode,openjpa-kernel/src/main/java/org/apache/openjpa/enhance/ApplicationIdTool.java,57,22,4,0,0,1,1,1,45,2,6,58,false
0.9.0,endJoinTable,openjpa-persistence-jdbc/src/main/java/org/apache/openjpa/persistence/jdbc/XMLPersistenceMappingParser.java,6,3,1,0,0,0,1,1,37,2,3,5,false
0.9.0,newLogAdapter,openjpa-lib/src/main/java/org/apache/openjpa/lib/log/Log4JLogFactory.java,3,1,0,0,0,1,0,1,0,1,5,0,false
0.9.0,appendIsNotNull,openjpa-jdbc/src/main/java/org/apache/openjpa/jdbc/kernel/exps/Variable.java,2,1,0,0,0,0,0,0,37,2,3,0,false
0.9.0,setLockManager,openjpa-kernel/src/main/java/org/apache/openjpa/conf/OpenJPAConfiguration.java,1,1,0,0,0,0,0,0,45,3,8,0,false
0.9.0,startJoinTable,openjpa-persistence-jdbc/src/main/java/org/apache/openjpa/persistence/jdbc/XMLPersistenceMappingParser.java,5,2,1,0,0,1,1,2,37,2,3,0,false
0.9.0,getBooleanProperty,openjpa-lib/src/main/java/org/apache/openjpa/lib/util/Options.java,6,3,2,0,0,2,0,1,0,1,8,0,false
0.9.0,getLexicalHandler,openjpa-lib/src/main/java/org/apache/openjpa/lib/meta/XMLMetaDataParser.java,3,1,0,0,0,1,0,0,0,2,9,0,false
0.9.0,replaceByteField,openjpa-kernel/src/main/java/org/apache/openjpa/kernel/DetachedValueStateManager.java,3,1,0,0,0,0,0,0,45,2,5,0,false
0.9.0,newRelatedFieldOrder,openjpa-kernel/src/main/java/org/apache/openjpa/meta/MetaDataRepository.java,3,1,0,0,0,1,1,2,45,3,8,0,false
0.9.0,releaseConnection,openjpa-jdbc/src/main/java/org/apache/openjpa/jdbc/kernel/JDBCStoreManager.java,3,2,0,0,0,0,0,1,37,3,9,0,false
0.9.0,contains,openjpa-kernel/src/main/java/org/apache/openjpa/datacache/DelegatingDataCache.java,9,3,0,0,1,2,0,2,45,2,5,1,false
0.9.0,changed,openjpa-kernel/src/main/java/org/apache/openjpa/util/AbstractChangeTracker.java,5,2,0,0,0,1,0,2,45,1,4,0,false
0.9.0,setImplData,openjpa-kernel/src/main/java/org/apache/openjpa/kernel/DetachedValueStateManager.java,3,1,0,0,0,0,0,0,45,2,5,0,false
0.9.0,getDecorators,openjpa-lib/src/main/java/org/apache/openjpa/lib/jdbc/DecoratingDataSource.java,3,1,0,0,0,1,1,0,0,1,6,0,false
0.9.0,refreshAll,openjpa-kernel/src/main/java/org/apache/openjpa/kernel/BrokerImpl.java,14,5,1,0,1,2,0,6,45,3,11,1,false
0.9.0,getContext,openjpa-kernel/src/main/java/org/apache/openjpa/kernel/DelegatingFetchConfiguration.java,8,2,0,0,1,1,0,2,45,3,7,1,false
0.9.0,getMultithreaded,openjpa-persistence/src/main/java/org/apache/openjpa/persistence/EntityManagerImpl.java,3,1,0,0,0,1,0,1,45,2,7,0,false
0.9.0,writeUnlock,openjpa-kernel/src/main/java/org/apache/openjpa/datacache/QueryCache.java,1,1,0,0,0,0,3,0,45,1,4,0,false
0.9.0,getClassResolver,openjpa-kernel/src/main/java/org/apache/openjpa/conf/OpenJPAConfigurationImpl.java,4,2,0,0,0,1,0,2,45,3,13,0,false
0.9.0,setShort,openjpa-lib/src/main/java/org/apache/openjpa/lib/jdbc/DelegatingPreparedStatement.java,3,1,0,0,0,0,0,0,0,1,6,0,false
0.9.0,resolveClassMetaData,openjpa-kernel/src/main/java/org/apache/openjpa/kernel/jpql/JPQLExpressionBuilder.java,10,3,3,0,0,3,3,7,45,2,8,1,false
0.9.0,groupBy,openjpa-jdbc/src/main/java/org/apache/openjpa/jdbc/kernel/exps/Variable.java,2,1,0,0,0,0,0,0,37,2,3,0,false
0.9.0,setVersion,openjpa-kernel/src/main/java/org/apache/openjpa/kernel/OpenJPAStateManager.java,1,1,0,0,0,0,8,0,45,2,5,0,false
0.9.0,getColumnPrivileges,openjpa-lib/src/main/java/org/apache/openjpa/lib/jdbc/LoggingConnectionDecorator.java,4,2,0,1,0,1,0,2,0,1,8,0,false
0.9.0,endConfiguration,openjpa-kernel/src/main/java/org/apache/openjpa/datacache/AbstractDataCache.java,3,2,0,0,0,0,0,1,45,2,5,0,false
0.9.0,retainConnection,openjpa-jdbc/src/main/java/org/apache/openjpa/jdbc/kernel/JDBCStoreManager.java,4,1,0,0,0,0,0,2,37,3,9,0,false
0.9.0,flushAllRows,openjpa-jdbc/src/main/java/org/apache/openjpa/jdbc/sql/RowManagerImpl.java,15,6,2,1,0,1,0,0,37,1,2,0,false
0.9.0,getEventTypes,openjpa-persistence/src/main/java/org/apache/openjpa/persistence/XMLPersistenceMetaDataParser.java,20,8,0,0,0,8,2,0,45,2,6,0,false
0.9.0,columnOperation,openjpa-jdbc/src/main/java/org/apache/openjpa/jdbc/sql/SelectImpl.java,22,13,7,0,0,1,3,7,37,2,6,0,false
0.9.0,hasConcreteSuperclass,openjpa-kernel/src/main/java/org/apache/openjpa/enhance/ApplicationIdTool.java,6,3,2,0,0,2,4,2,45,2,6,3,false
0.9.0,getTransactionalStates,openjpa-kernel/src/main/java/org/apache/openjpa/kernel/BrokerImpl.java,4,2,0,0,0,2,3,2,45,3,11,0,false
0.9.0,getColumnIO,openjpa-jdbc/src/main/java/org/apache/openjpa/jdbc/meta/strats/RelationFieldStrategy.java,3,1,0,0,0,1,0,1,37,2,5,0,false
0.9.0,setSuffix,openjpa-lib/src/main/java/org/apache/openjpa/lib/meta/XMLMetaDataParser.java,3,1,1,0,0,0,0,0,0,2,9,0,false
0.9.0,setDetachState,openjpa-kernel/src/main/java/org/apache/openjpa/conf/OpenJPAConfiguration.java,1,1,0,0,0,0,0,0,45,3,8,0,false
0.9.0,supportsInMemoryExecution,openjpa-kernel/src/main/java/org/apache/openjpa/datacache/QueryCacheStoreQuery.java,3,1,0,0,0,1,0,1,45,2,7,0,false
0.9.0,getCode,openjpa-kernel/src/main/java/org/apache/openjpa/enhance/ApplicationIdTool.java,3,1,0,0,0,1,1,0,45,2,6,0,false
0.9.0,isMetaDataMode,openjpa-persistence/src/main/java/org/apache/openjpa/persistence/XMLPersistenceMetaDataSerializer.java,3,2,0,0,0,1,6,0,45,2,6,0,false
0.9.0,beginOptimistic,openjpa-jdbc/src/main/java/org/apache/openjpa/jdbc/kernel/JDBCStoreManager.java,2,1,0,0,0,0,0,0,37,3,9,0,false
0.9.0,beforeFlush,openjpa-kernel/src/main/java/org/apache/openjpa/kernel/PCState.java,2,1,0,0,0,0,1,0,45,1,4,0,false
0.9.0,invalidateCompilation,openjpa-kernel/src/main/java/org/apache/openjpa/kernel/ExpressionStoreQuery.java,3,1,1,0,0,0,0,0,45,2,6,0,false
0.9.0,initMessage,openjpa-kernel/src/main/java/org/apache/openjpa/kernel/jpql/ParseException.java,20,7,12,0,0,1,1,1,45,1,4,2,false
0.9.0,getJoins,openjpa-jdbc/src/main/java/org/apache/openjpa/jdbc/kernel/exps/Variable.java,3,2,0,0,0,1,1,1,37,2,3,0,false
0.9.0,open,openjpa-jdbc/src/main/java/org/apache/openjpa/jdbc/kernel/PagingResultObjectProvider.java,8,4,1,0,0,0,2,1,37,3,3,1,false
0.9.0,load,openjpa-kernel/src/main/java/org/apache/openjpa/kernel/AbstractPCResultObjectProvider.java,1,1,0,0,0,0,1,0,45,2,5,0,false
0.9.0,setConnectionFactory,openjpa-jdbc/src/main/java/org/apache/openjpa/jdbc/conf/JDBCConfigurationImpl.java,9,3,2,0,0,1,0,5,37,3,6,0,false
0.9.0,find,openjpa-kernel/src/main/java/org/apache/openjpa/kernel/StoreContext.java,1,1,0,0,0,0,0,0,45,3,6,0,false
0.9.0,isImplDataCacheable,openjpa-kernel/src/main/java/org/apache/openjpa/kernel/OpenJPAStateManager.java,1,1,0,0,0,0,1,0,45,2,5,0,false
0.9.0,insertAlias,openjpa-jdbc/src/main/java/org/apache/openjpa/jdbc/sql/SelectImpl.java,5,2,0,1,0,0,1,0,37,2,6,0,false
0.9.0,execute,openjpa-jdbc/src/main/java/org/apache/openjpa/jdbc/sql/SelectImpl.java,4,2,1,0,0,1,1,3,37,2,6,1,false
0.9.0,getSourceType,openjpa-jdbc/src/main/java/org/apache/openjpa/jdbc/meta/QueryResultMapping.java,3,1,0,0,0,1,0,0,37,1,2,0,false
0.9.0,getManagedInstance,openjpa-kernel/src/main/java/org/apache/openjpa/kernel/OpenJPAStateManager.java,1,1,0,0,0,0,14,0,45,2,5,0,false
0.9.0,addStoreMethod,openjpa-kernel/src/main/java/org/apache/openjpa/enhance/PCDataGenerator.java,60,6,9,0,0,0,1,5,45,4,8,21,false
0.9.0,getFieldAccess,openjpa-kernel/src/main/java/org/apache/openjpa/enhance/DynamicStorageGenerator.java,3,1,0,0,0,1,2,0,45,1,4,0,false
0.9.0,getJavaType,openjpa-jdbc/src/main/java/org/apache/openjpa/jdbc/meta/strats/ClassNameDiscriminatorStrategy.java,3,1,0,0,0,1,0,0,37,1,2,0,false
0.9.0,getSchema,openjpa-jdbc/src/main/java/org/apache/openjpa/jdbc/schema/SchemaGroup.java,5,3,1,0,0,2,8,0,37,1,2,1,false
0.9.0,fatalError,openjpa-lib/src/main/java/org/apache/openjpa/lib/meta/XMLMetaDataParser.java,3,1,0,0,0,0,0,2,0,2,9,0,false
0.9.0,preFlush,openjpa-kernel/src/main/java/org/apache/openjpa/kernel/BrokerImpl.java,9,3,0,0,1,0,1,3,45,3,11,0,false
0.9.0,getExtraFieldDataIndex,openjpa-kernel/src/main/java/org/apache/openjpa/meta/ClassMetaData.java,3,1,0,0,0,1,4,1,45,3,8,0,false
0.9.0,getConnection,openjpa-lib/src/main/java/org/apache/openjpa/lib/jdbc/JDBCEvent.java,3,1,0,0,0,1,0,0,0,1,4,0,false
0.9.0,updateArray,openjpa-lib/src/main/java/org/apache/openjpa/lib/jdbc/DelegatingResultSet.java,3,1,0,0,0,0,0,0,0,1,4,0,false
0.9.0,loadPersistentTypes,openjpa-kernel/src/main/java/org/apache/openjpa/kernel/AbstractBrokerFactory.java,25,9,7,0,1,2,3,8,45,2,6,5,false
0.9.0,getPackageElementDepth,openjpa-lib/src/main/java/org/apache/openjpa/lib/meta/CFMetaDataParser.java,3,1,0,0,0,1,2,0,0,1,5,0,false
0.9.0,getFetchConfiguration,openjpa-jdbc/src/main/java/org/apache/openjpa/jdbc/kernel/JDBCStoreManager.java,3,1,0,0,0,1,2,0,37,3,9,0,false
0.9.0,warnUnsupportedTag,openjpa-persistence/src/main/java/org/apache/openjpa/persistence/XMLPersistenceMetaDataParser.java,4,2,1,0,0,0,2,2,45,2,6,2,false
0.9.0,newBoundVariable,openjpa-kernel/src/main/java/org/apache/openjpa/kernel/exps/InMemoryExpressionFactory.java,3,1,0,0,0,1,0,0,45,3,6,0,false
0.9.0,getArray,openjpa-lib/src/main/java/org/apache/openjpa/lib/util/concurrent/CopyOnWriteArrayList.java,3,1,0,0,0,1,54,0,0,1,5,0,false
0.9.0,newInstance,openjpa-jdbc/src/main/java/org/apache/openjpa/jdbc/conf/MappingRepositoryValue.java,16,5,1,0,1,3,0,0,37,1,2,2,false
0.9.0,getFactoryClass,openjpa-kernel/src/main/java/org/apache/openjpa/kernel/Bootstrap.java,15,5,4,0,1,2,4,3,45,2,7,1,false
0.9.0,getPersistenceXmlFileUrl,openjpa-persistence/src/main/java/org/apache/openjpa/persistence/PersistenceUnitInfoImpl.java,3,1,0,0,0,1,4,0,45,1,7,0,false
0.9.0,removed,openjpa-kernel/src/main/java/org/apache/openjpa/kernel/DetachedValueStateManager.java,3,1,0,0,0,0,0,0,45,2,5,0,false
0.9.0,getSubtype,openjpa-kernel/src/main/java/org/apache/openjpa/util/ObjectExistsException.java,3,1,0,0,0,1,0,0,45,1,4,0,false
0.9.0,clearJoins,openjpa-jdbc/src/main/java/org/apache/openjpa/jdbc/kernel/JDBCFetchConfigurationImpl.java,10,2,0,0,1,1,0,2,37,3,6,1,false
0.9.0,createRemoteCommitEvent,openjpa-kernel/src/main/java/org/apache/openjpa/event/RemoteCommitEventManager.java,48,23,19,0,0,4,1,6,45,1,4,14,false
0.9.0,getTableAliases,openjpa-jdbc/src/main/java/org/apache/openjpa/jdbc/sql/SelectImpl.java,3,2,0,0,0,1,1,0,37,2,6,0,false
0.9.0,parseTable,openjpa-persistence-jdbc/src/main/java/org/apache/openjpa/persistence/jdbc/AnnotationPersistenceMappingParser.java,6,4,2,0,0,0,1,4,37,2,3,1,false
0.9.0,setPrimaryKeyOnJoin,openjpa-jdbc/src/main/java/org/apache/openjpa/jdbc/ant/ReverseMappingToolTask.java,3,1,1,0,0,0,0,0,37,2,2,0,false
0.9.0,getBoolean,openjpa-lib/src/main/java/org/apache/openjpa/lib/jdbc/DelegatingResultSet.java,3,1,0,0,0,1,0,0,0,1,4,0,false
0.9.0,abortCaching,openjpa-kernel/src/main/java/org/apache/openjpa/datacache/QueryCacheStoreQuery.java,8,2,1,0,0,1,3,1,45,2,7,0,false
0.9.0,hintToFilterListener,openjpa-kernel/src/main/java/org/apache/openjpa/kernel/Filters.java,14,5,2,0,1,3,0,0,45,2,10,1,false
0.9.0,notEqual,openjpa-jdbc/src/main/java/org/apache/openjpa/jdbc/kernel/exps/JDBCExpressionFactory.java,3,1,0,0,0,1,0,1,37,3,6,0,false
0.9.0,clear,openjpa-kernel/src/main/java/org/apache/openjpa/meta/MetaDataRepository.java,13,2,0,0,0,0,1,1,45,3,8,0,false
0.9.0,setDirectory,openjpa-jdbc/src/main/java/org/apache/openjpa/jdbc/ant/ReverseMappingToolTask.java,3,1,1,0,0,0,0,0,37,2,2,0,false
0.9.0,getOwner,openjpa-kernel/src/main/java/org/apache/openjpa/util/ProxyTreeMap.java,3,1,0,0,0,1,0,0,45,1,4,0,false
0.9.0,setDirectory,openjpa-kernel/src/main/java/org/apache/openjpa/enhance/ApplicationIdTool.java,3,1,1,0,0,0,3,0,45,2,6,0,false
0.9.0,getIndexInfo,openjpa-lib/src/main/java/org/apache/openjpa/lib/jdbc/LoggingConnectionDecorator.java,4,2,0,1,0,1,0,2,0,1,8,0,false
0.9.0,getRelationIdIndex,openjpa-jdbc/src/main/java/org/apache/openjpa/jdbc/sql/PrimaryRow.java,5,3,2,0,0,2,4,1,37,1,2,1,false
0.9.0,findBroker,openjpa-kernel/src/main/java/org/apache/openjpa/kernel/AbstractBrokerFactory.java,4,2,0,0,0,2,1,1,45,2,6,0,false
0.9.0,addPacket,openjpa-kernel/src/main/java/org/apache/openjpa/event/TCPRemoteCommitProvider.java,4,1,0,0,0,0,1,0,45,2,7,0,false
0.9.0,setFloat,openjpa-lib/src/main/java/org/apache/openjpa/lib/jdbc/LoggingConnectionDecorator.java,4,1,0,0,0,0,0,1,0,1,8,0,false
0.9.0,rollback,openjpa-kernel/src/main/java/org/apache/openjpa/kernel/PCState.java,3,1,0,0,0,1,1,0,45,1,4,0,false
0.9.0,setRestoreState,openjpa-kernel/src/main/java/org/apache/openjpa/conf/OpenJPAConfigurationImpl.java,4,1,0,0,0,0,0,2,45,3,13,0,false
0.9.0,getRemoteCommitProvider,openjpa-kernel/src/main/java/org/apache/openjpa/conf/OpenJPAConfigurationImpl.java,3,1,0,0,0,1,0,0,45,3,13,0,false
0.9.0,getSequences,openjpa-persistence/src/main/java/org/apache/openjpa/persistence/XMLPersistenceMetaDataSerializer.java,3,1,0,0,0,1,1,0,45,2,6,0,false
0.9.0,removeTable,openjpa-jdbc/src/main/java/org/apache/openjpa/jdbc/schema/XMLSchemaSerializer.java,3,1,0,0,0,1,1,0,37,1,2,0,false
0.9.0,getSelect,openjpa-jdbc/src/main/java/org/apache/openjpa/jdbc/kernel/SelectResultObjectProvider.java,3,1,0,0,0,1,0,0,37,2,2,0,false
0.9.0,contains,openjpa-kernel/src/main/java/org/apache/openjpa/kernel/BrokerImpl.java,3,3,0,0,0,1,1,0,45,3,11,0,false
0.9.0,toFieldName,openjpa-persistence/src/main/java/org/apache/openjpa/persistence/FetchPlan.java,3,1,0,1,0,1,4,0,45,2,5,0,false
0.9.0,getStrictIdentityValues,openjpa-kernel/src/main/java/org/apache/openjpa/conf/Compatibility.java,3,1,0,0,0,1,0,0,45,1,3,0,false
0.9.0,insert,openjpa-jdbc/src/main/java/org/apache/openjpa/jdbc/meta/strats/RelationFieldStrategy.java,9,4,2,0,0,1,0,2,37,2,5,0,false
0.9.0,newLogImpl,openjpa-lib/src/main/java/org/apache/openjpa/lib/log/LogFactoryImpl.java,3,1,0,0,0,1,1,1,0,1,6,0,false
0.9.0,getPluginComponent,openjpa-lib/src/main/java/org/apache/openjpa/lib/conf/Configurations.java,14,11,5,3,0,5,2,0,0,2,13,7,false
0.9.0,getFlushed,openjpa-kernel/src/main/java/org/apache/openjpa/kernel/StateManagerImpl.java,3,1,0,0,0,1,3,0,45,3,13,0,false
0.9.0,handleUnknownMemberAnnotation,openjpa-persistence/src/main/java/org/apache/openjpa/persistence/AnnotationPersistenceMetaDataParser.java,3,1,0,0,0,1,1,0,45,3,11,0,false
0.9.0,getGrouping,openjpa-jdbc/src/main/java/org/apache/openjpa/jdbc/sql/SelectImpl.java,3,1,0,0,0,1,1,0,37,2,6,0,false
0.9.0,getContext,openjpa-kernel/src/main/java/org/apache/openjpa/datacache/QueryCacheStoreQuery.java,3,1,0,0,0,1,8,1,45,2,7,0,false
0.9.0,addBeanField,openjpa-kernel/src/main/java/org/apache/openjpa/enhance/DynamicStorageGenerator.java,25,3,7,2,0,1,0,1,45,1,4,13,false
0.9.0,createStatement,openjpa-lib/src/main/java/org/apache/openjpa/lib/jdbc/DelegatingConnection.java,7,3,3,0,0,1,2,3,0,1,7,0,false
0.9.0,endConfiguration,openjpa-kernel/src/main/java/org/apache/openjpa/event/TCPRemoteCommitProvider.java,35,8,4,0,2,0,0,10,45,2,7,3,false
0.9.0,isPersistent,openjpa-kernel/src/main/java/org/apache/openjpa/kernel/PCState.java,3,1,0,0,0,1,1,0,45,1,4,0,false
0.9.0,setBlob,openjpa-lib/src/main/java/org/apache/openjpa/lib/jdbc/DelegatingPreparedStatement.java,3,1,0,0,0,0,0,0,0,1,6,0,false
0.9.0,getUpdateManager,openjpa-jdbc/src/main/java/org/apache/openjpa/jdbc/conf/JDBCConfigurationImpl.java,4,2,0,0,0,1,0,2,37,3,6,0,false
0.9.0,loadPersistentTypes,openjpa-kernel/src/main/java/org/apache/openjpa/meta/MetaDataRepository.java,12,5,5,0,0,2,5,5,45,3,8,1,false
0.9.0,gatherCascadeRefresh,openjpa-kernel/src/main/java/org/apache/openjpa/kernel/BrokerImpl.java,9,6,2,0,0,3,5,4,45,3,11,0,false
0.9.0,clearParameters,openjpa-jdbc/src/main/java/org/apache/openjpa/jdbc/kernel/exps/CurrentDate.java,2,1,0,0,0,0,0,0,37,2,2,0,false
0.9.0,getTable,openjpa-jdbc/src/main/java/org/apache/openjpa/jdbc/kernel/JDBCStoreQuery.java,7,3,2,0,0,1,2,1,37,2,5,0,false
0.9.0,removeFromTransaction,openjpa-kernel/src/main/java/org/apache/openjpa/kernel/BrokerImpl.java,10,4,0,0,1,0,2,4,45,3,11,0,false
0.9.0,assertOpen,openjpa-kernel/src/main/java/org/apache/openjpa/kernel/AbstractBrokerFactory.java,3,2,0,0,0,0,11,1,45,2,6,0,false
0.9.0,orderByPrimaryKey,openjpa-jdbc/src/main/java/org/apache/openjpa/jdbc/sql/SelectImpl.java,3,1,0,0,0,1,0,1,37,2,6,0,false
0.9.0,addSynchronization,openjpa-kernel/src/main/java/org/apache/openjpa/datacache/DataCachePCDataGenerator.java,15,4,4,0,0,0,1,0,45,1,3,0,false
0.9.0,storeByte,openjpa-kernel/src/main/java/org/apache/openjpa/kernel/OpenJPAStateManager.java,1,1,0,0,0,0,2,0,45,2,5,0,false
0.9.0,setFromCmdLine,openjpa-lib/src/main/java/org/apache/openjpa/lib/util/Options.java,26,11,8,1,0,2,1,2,0,1,8,1,false
0.9.0,addBaseFields,openjpa-kernel/src/main/java/org/apache/openjpa/enhance/PCDataGenerator.java,5,1,1,0,0,0,1,0,45,4,8,2,false
0.9.0,getImports,openjpa-kernel/src/main/java/org/apache/openjpa/enhance/CodeGenerator.java,14,6,5,0,0,1,1,2,45,2,6,2,false
0.9.0,readUnsignedShort,openjpa-kernel-5/src/main/java/org/apache/openjpa/enhance/PCClassFileTransformer.java,3,1,0,2,0,1,1,0,45,2,7,0,false
0.9.0,initialize,openjpa-jdbc/src/main/java/org/apache/openjpa/jdbc/kernel/exps/NotContainsExpression.java,3,1,1,0,0,0,0,0,37,2,3,0,false
0.9.0,isNew,openjpa-kernel/src/main/java/org/apache/openjpa/kernel/StoreContext.java,1,1,0,0,0,0,1,0,45,3,6,0,false
0.9.0,getOperation,openjpa-kernel/src/main/java/org/apache/openjpa/kernel/QueryContext.java,1,1,0,0,0,0,1,0,45,1,4,0,false
0.9.0,instantiateDiscriminatorStrategy,openjpa-jdbc/src/main/java/org/apache/openjpa/jdbc/meta/MappingRepository.java,18,7,8,0,1,2,2,5,37,2,4,4,false
0.9.0,rollbackOptimistic,openjpa-jdbc/src/main/java/org/apache/openjpa/jdbc/kernel/JDBCStoreManager.java,2,1,0,0,0,0,0,0,37,3,9,0,false
0.9.0,hasChildID,openjpa-kernel/src/main/java/org/apache/openjpa/kernel/jpql/JPQLExpressionBuilder.java,3,2,0,0,0,1,2,1,45,2,8,0,false
0.9.0,close,openjpa-kernel/src/main/java/org/apache/openjpa/datacache/AbstractQueryCache.java,6,3,1,0,0,0,1,1,45,2,7,0,false
0.9.0,getSequences,openjpa-jdbc/src/main/java/org/apache/openjpa/jdbc/schema/SchemaGenerator.java,3,1,0,0,0,1,0,0,37,1,2,0,false
0.9.0,executeQuery,openjpa-lib/src/main/java/org/apache/openjpa/lib/jdbc/DelegatingPreparedStatement.java,3,1,0,0,0,1,0,1,0,1,6,0,false
0.9.0,setCharacterStream,openjpa-lib/src/main/java/org/apache/openjpa/lib/jdbc/DelegatingCallableStatement.java,3,1,0,0,0,0,0,0,0,1,6,0,false
0.9.0,getJoins,openjpa-jdbc/src/main/java/org/apache/openjpa/jdbc/kernel/exps/InExpression.java,3,1,0,0,0,1,0,1,37,2,4,0,false
0.9.0,newInMemoryExecutor,openjpa-kernel/src/main/java/org/apache/openjpa/datacache/QueryCacheStoreQuery.java,3,1,0,0,0,1,0,1,45,2,7,0,false
0.9.0,newFieldProxy,openjpa-kernel/src/main/java/org/apache/openjpa/kernel/DetachedValueStateManager.java,3,1,0,0,0,0,0,0,45,2,5,0,false
0.9.0,addColumnResult,openjpa-jdbc/src/main/java/org/apache/openjpa/jdbc/meta/QueryResultMapping.java,5,2,2,0,0,0,1,0,37,1,2,0,false
0.9.0,settingByteField,openjpa-kernel/src/main/java/org/apache/openjpa/kernel/DetachedValueStateManager.java,3,1,0,0,0,0,0,0,45,2,5,0,false
0.9.0,setEscapeProcessing,openjpa-lib/src/main/java/org/apache/openjpa/lib/jdbc/DelegatingStatement.java,3,1,0,0,0,0,0,0,0,1,5,0,false
0.9.0,compare,openjpa-persistence/src/main/java/org/apache/openjpa/persistence/XMLPersistenceMetaDataSerializer.java,7,3,2,0,0,3,0,1,45,2,6,3,false
0.9.0,newMetaDataRepositoryInstance,openjpa-kernel/src/main/java/org/apache/openjpa/conf/OpenJPAConfiguration.java,1,1,0,0,0,0,1,0,45,3,8,0,false
0.9.0,setConnection2DriverName,openjpa-kernel/src/main/java/org/apache/openjpa/conf/OpenJPAConfigurationImpl.java,4,1,0,0,0,0,0,2,45,3,13,0,false
0.9.0,isDirty,openjpa-kernel/src/main/java/org/apache/openjpa/kernel/StoreContext.java,1,1,0,0,0,0,0,0,45,3,6,0,false
0.9.0,invokePutLobMethod,openjpa-jdbc/src/main/java/org/apache/openjpa/jdbc/sql/OracleDictionary.java,13,4,1,0,1,0,6,0,37,2,3,1,false
0.9.0,supportsAlterTableWithAddColumn,openjpa-lib/src/main/java/org/apache/openjpa/lib/jdbc/DelegatingDatabaseMetaData.java,3,1,0,0,0,1,0,0,0,1,4,0,false
0.9.0,processRegisteredClass,openjpa-kernel/src/main/java/org/apache/openjpa/meta/MetaDataRepository.java,40,12,13,0,1,0,2,3,45,3,8,4,false
0.9.0,getClassLoader,openjpa-kernel/src/main/java/org/apache/openjpa/kernel/jpql/JPQLExpressionBuilder.java,3,1,0,0,0,1,1,0,45,2,8,1,false
0.9.0,isEmbedded,openjpa-kernel/src/main/java/org/apache/openjpa/kernel/StateManagerImpl.java,3,2,0,0,0,1,9,0,45,3,13,0,false
0.9.0,absolute,openjpa-jdbc/src/main/java/org/apache/openjpa/jdbc/kernel/SQLProjectionResultObjectProvider.java,3,1,0,0,0,1,0,0,37,1,2,0,false
0.9.0,getDataStoreActions,openjpa-persistence/src/main/java/org/apache/openjpa/persistence/QueryImpl.java,3,1,0,0,0,1,0,0,45,2,6,0,false
0.9.0,getAllRowUpdates,openjpa-jdbc/src/main/java/org/apache/openjpa/jdbc/sql/RowManagerImpl.java,3,2,0,0,0,1,1,0,37,1,2,0,false
0.9.0,getParameterMetaData,openjpa-lib/src/main/java/org/apache/openjpa/lib/jdbc/DelegatingPreparedStatement.java,3,1,0,0,0,0,0,0,0,1,6,0,false
0.9.0,newSQLBuffer,openjpa-jdbc/src/main/java/org/apache/openjpa/jdbc/kernel/exps/StringFunction.java,7,1,1,0,0,1,3,3,37,2,4,0,false
0.9.0,getForeignKeyIO,openjpa-jdbc/src/main/java/org/apache/openjpa/jdbc/sql/PrimaryRow.java,3,2,0,0,0,1,0,0,37,1,2,0,false
0.9.0,removeSequence,openjpa-jdbc/src/main/java/org/apache/openjpa/jdbc/schema/XMLSchemaSerializer.java,3,1,0,0,0,1,1,0,37,1,2,0,false
0.9.0,throwException,openjpa-kernel/src/main/java/org/apache/openjpa/enhance/DynamicStorageGenerator.java,7,1,1,0,0,1,2,0,45,1,4,2,false
0.9.0,isQueryMode,openjpa-persistence/src/main/java/org/apache/openjpa/persistence/XMLPersistenceMetaDataSerializer.java,3,2,0,0,0,1,4,0,45,2,6,0,false
0.9.0,expectsTarget,openjpa-jdbc/src/main/java/org/apache/openjpa/jdbc/kernel/exps/SQLEmbed.java,3,1,0,0,0,1,0,0,37,2,2,0,false
0.9.0,generateStorage,openjpa-kernel/src/main/java/org/apache/openjpa/enhance/PCDataGenerator.java,7,3,4,0,0,1,2,3,45,4,8,0,false
0.9.0,setCascadeAttach,openjpa-kernel/src/main/java/org/apache/openjpa/meta/FieldMetaData.java,3,1,0,0,0,0,0,1,45,3,10,0,false
0.9.0,writeExternal,openjpa-kernel/src/main/java/org/apache/openjpa/datacache/QueryKey.java,11,1,0,0,0,0,0,0,45,2,4,0,false
0.9.0,isInstance,openjpa-jdbc/src/main/java/org/apache/openjpa/jdbc/kernel/exps/JDBCExpressionFactory.java,4,2,0,0,0,2,0,2,37,3,6,0,false
0.9.0,getPCSubclasses,openjpa-kernel/src/main/java/org/apache/openjpa/meta/MetaDataRepository.java,5,2,1,0,0,2,1,0,45,3,8,0,false
0.9.0,getClauseIndent,openjpa-lib/src/main/java/org/apache/openjpa/lib/jdbc/SQLFormatter.java,3,1,0,0,0,1,0,0,0,1,4,0,false
0.9.0,isEmbedded,openjpa-kernel/src/main/java/org/apache/openjpa/kernel/DetachedValueStateManager.java,3,1,0,0,0,1,0,0,45,2,5,0,false
0.9.0,fetchBoolean,openjpa-kernel/src/main/java/org/apache/openjpa/kernel/DetachedValueStateManager.java,3,1,0,0,0,0,0,0,45,2,5,0,false
0.9.0,setNonJtaDataSource,openjpa-persistence/src/main/java/org/apache/openjpa/persistence/PersistenceUnitInfoImpl.java,4,2,2,0,0,0,1,0,45,1,7,0,false
0.9.0,getType,openjpa-jdbc/src/main/java/org/apache/openjpa/jdbc/kernel/exps/StartsWithExpression.java,3,1,0,0,0,1,0,0,37,2,3,0,false
0.9.0,decorate,openjpa-lib/src/main/java/org/apache/openjpa/lib/jdbc/DecoratingDataSource.java,4,3,2,0,0,1,2,1,0,1,6,0,false
0.9.0,setMappingOverride,openjpa-persistence/src/main/java/org/apache/openjpa/persistence/XMLPersistenceMetaDataParser.java,3,1,1,0,0,0,0,0,45,2,6,0,false
0.9.0,evalFromClause,openjpa-kernel/src/main/java/org/apache/openjpa/kernel/jpql/JPQLExpressionBuilder.java,15,8,8,0,0,1,1,8,45,2,8,2,false
0.9.0,startSystemElement,openjpa-persistence/src/main/java/org/apache/openjpa/persistence/XMLPersistenceMetaDataParser.java,39,21,15,0,0,1,0,15,45,2,6,0,false
0.9.0,newTable,openjpa-jdbc/src/main/java/org/apache/openjpa/jdbc/schema/SchemaGroup.java,3,1,0,0,0,1,0,1,37,1,2,0,false
0.9.0,instantiateClassStrategy,openjpa-jdbc/src/main/java/org/apache/openjpa/jdbc/meta/MappingRepository.java,18,7,8,0,1,2,2,5,37,2,4,4,false
0.9.0,getStrategy,openjpa-kernel/src/main/java/org/apache/openjpa/kernel/AttachManager.java,12,7,4,0,0,4,3,5,45,2,5,3,false
0.9.0,addBatch,openjpa-lib/src/main/java/org/apache/openjpa/lib/jdbc/DelegatingPreparedStatement.java,3,1,0,0,0,0,0,0,0,1,6,0,false
0.9.0,resetFetchGroups,openjpa-persistence/src/main/java/org/apache/openjpa/persistence/FetchPlan.java,4,1,0,0,0,1,0,0,45,2,5,0,false
0.9.0,getValues,openjpa-kernel/src/main/java/org/apache/openjpa/ant/MetaDataToolTask.java,3,1,0,0,0,1,0,0,45,2,5,0,false
0.9.0,afterExecuteStatement,openjpa-lib/src/main/java/org/apache/openjpa/lib/jdbc/AbstractJDBCListener.java,1,1,0,0,0,0,1,0,0,1,4,0,false
0.9.0,setInto,openjpa-kernel/src/main/java/org/apache/openjpa/event/JMSRemoteCommitProvider.java,8,3,2,0,0,0,0,0,45,1,5,0,false
0.9.0,printStackTrace,openjpa-kernel/src/main/java/org/apache/openjpa/util/OpenJPAException.java,3,1,0,0,0,0,0,1,45,1,4,0,false
0.9.0,serialize,openjpa-jdbc/src/main/java/org/apache/openjpa/jdbc/schema/XMLSchemaSerializer.java,12,9,0,0,0,0,1,8,37,1,2,2,false
0.9.0,log,openjpa-lib/src/main/java/org/apache/openjpa/lib/log/LogOutputStream.java,22,7,0,0,0,0,1,6,0,1,6,0,false
0.9.0,beforeClose,openjpa-lib/src/main/java/org/apache/openjpa/lib/jdbc/AbstractJDBCListener.java,1,1,0,0,0,0,1,0,0,1,4,0,false
0.9.0,getClassLoader,openjpa-kernel/src/main/java/org/apache/openjpa/kernel/StoreContext.java,1,1,0,0,0,0,9,0,45,3,6,0,false
0.9.0,getResolve,openjpa-kernel/src/main/java/org/apache/openjpa/meta/FieldMetaData.java,3,1,0,0,0,1,1,0,45,3,10,0,false
0.9.0,setSavepoint,openjpa-kernel/src/main/java/org/apache/openjpa/kernel/BrokerImpl.java,30,11,2,0,1,0,0,9,45,3,11,5,false
0.9.0,calculateValue,openjpa-jdbc/src/main/java/org/apache/openjpa/jdbc/kernel/exps/Trim.java,3,1,0,0,0,0,1,1,37,2,4,0,false
0.9.0,newSQLBuffer,openjpa-jdbc/src/main/java/org/apache/openjpa/jdbc/kernel/exps/IndexOf.java,7,1,1,0,0,1,3,4,37,2,4,0,false
0.9.0,parseSchemasList,openjpa-jdbc/src/main/java/org/apache/openjpa/jdbc/schema/SchemaGenerator.java,42,12,18,1,0,2,2,0,37,1,2,2,false
0.9.0,findProxy,openjpa-kernel/src/main/java/org/apache/openjpa/util/ProxyManagerImpl.java,16,4,2,0,1,1,4,2,45,1,5,1,false
0.9.0,removeFetchGroup,openjpa-kernel/src/main/java/org/apache/openjpa/meta/FieldMetaData.java,5,3,0,0,0,1,0,1,45,3,10,1,false
0.9.0,getDetachedObjectId,openjpa-kernel/src/main/java/org/apache/openjpa/kernel/DetachedStateManager.java,3,1,0,0,0,1,0,0,45,3,7,0,false
0.9.0,distinct,openjpa-kernel/src/main/java/org/apache/openjpa/kernel/exps/InMemoryExpressionFactory.java,3,1,0,0,0,1,0,0,45,3,6,0,false
0.9.0,customLoad,openjpa-jdbc/src/main/java/org/apache/openjpa/jdbc/kernel/JDBCStoreManager.java,8,3,0,0,0,3,2,0,37,3,9,1,false
0.9.0,getKey,openjpa-kernel/src/main/java/org/apache/openjpa/meta/Extensions.java,3,2,0,0,0,1,2,0,45,1,4,0,false
0.9.0,isDeclaredVariable,openjpa-kernel/src/main/java/org/apache/openjpa/kernel/jpql/JPQLExpressionBuilder.java,3,1,0,0,0,1,0,0,45,2,8,0,false
0.9.0,getForeignKey,openjpa-jdbc/src/main/java/org/apache/openjpa/jdbc/meta/ValueMappingImpl.java,19,11,6,0,0,6,2,6,37,1,2,4,false
0.9.0,newDataSource,openjpa-jdbc/src/main/java/org/apache/openjpa/jdbc/schema/DataSourceFactory.java,44,11,6,0,2,2,3,12,37,1,2,12,false
0.9.0,assertQueryExpression,openjpa-kernel/src/main/java/org/apache/openjpa/kernel/ExpressionStoreQuery.java,5,3,1,0,0,1,10,1,45,2,6,0,false
0.9.0,getWhere,openjpa-jdbc/src/main/java/org/apache/openjpa/jdbc/sql/LogicalUnion.java,3,1,0,0,0,1,0,1,37,2,4,0,false
0.9.0,compare,openjpa-jdbc/src/main/java/org/apache/openjpa/jdbc/sql/LogicalUnion.java,27,17,7,1,0,10,0,0,37,2,4,2,false
0.9.0,setBrokerFactory,openjpa-kernel/src/main/java/org/apache/openjpa/conf/OpenJPAConfiguration.java,1,1,0,0,0,0,0,0,45,3,8,0,false
0.9.0,hashCode,openjpa-persistence/src/main/java/org/apache/openjpa/persistence/EntityManagerFactoryImpl.java,3,1,0,0,0,1,0,0,45,2,8,0,false
0.9.0,settingBooleanField,openjpa-kernel/src/main/java/org/apache/openjpa/kernel/DetachedValueStateManager.java,3,1,0,0,0,0,0,0,45,2,5,0,false
0.9.0,getCrossReference,openjpa-lib/src/main/java/org/apache/openjpa/lib/jdbc/DelegatingDatabaseMetaData.java,3,1,0,0,0,1,0,0,0,1,4,0,false
0.9.0,setInto,openjpa-lib/src/main/java/org/apache/openjpa/lib/conf/MapConfigurationProvider.java,3,1,0,0,0,0,0,3,0,2,6,0,false
0.9.0,setValueIndex,openjpa-jdbc/src/main/java/org/apache/openjpa/jdbc/meta/ValueMappingImpl.java,3,1,1,0,0,0,0,0,37,1,2,0,false
0.9.0,getIdentitySequenceName,openjpa-kernel/src/main/java/org/apache/openjpa/meta/ClassMetaData.java,7,3,2,0,0,1,5,2,45,3,8,1,false
0.9.0,setMetaData,openjpa-jdbc/src/main/java/org/apache/openjpa/jdbc/kernel/exps/Trim.java,3,1,1,0,0,0,0,0,37,2,4,0,false
0.9.0,endDataRequest,openjpa-jdbc/src/main/java/org/apache/openjpa/jdbc/kernel/MappedQueryResultObjectProvider.java,3,1,0,0,0,0,0,0,37,2,2,0,false
0.9.0,getIdentifierAliases,openjpa-jdbc/src/main/java/org/apache/openjpa/jdbc/sql/LogicalUnion.java,3,1,0,0,0,1,0,1,37,2,4,0,false
0.9.0,getMoreResults,openjpa-lib/src/main/java/org/apache/openjpa/lib/jdbc/DelegatingStatement.java,3,1,0,0,0,0,0,0,0,1,5,0,false
0.9.0,startTableGenerator,openjpa-persistence-jdbc/src/main/java/org/apache/openjpa/persistence/jdbc/XMLPersistenceMappingParser.java,20,7,7,0,0,1,2,2,37,2,3,12,false
0.9.0,deleteAll,openjpa-kernel/src/main/java/org/apache/openjpa/kernel/BrokerImpl.java,21,4,4,0,2,0,0,7,45,3,11,0,false
0.9.0,replaceFlags,openjpa-kernel/src/main/java/org/apache/openjpa/kernel/DetachedStateManager.java,3,1,0,0,0,1,0,0,45,3,7,0,false
0.9.0,setMetaData,openjpa-jdbc/src/main/java/org/apache/openjpa/jdbc/kernel/exps/Math.java,3,1,1,0,0,0,0,0,37,2,4,0,false
0.9.0,setNontransactionalRead,openjpa-persistence/src/main/java/org/apache/openjpa/persistence/EntityManagerImpl.java,3,1,0,0,0,0,0,3,45,2,7,0,false
0.9.0,unwrap,openjpa-kernel/src/main/java/org/apache/openjpa/datacache/QueryCacheStoreQuery.java,3,1,0,0,0,1,18,1,45,2,7,0,false
0.9.0,getDriverMinorVersion,openjpa-lib/src/main/java/org/apache/openjpa/lib/jdbc/DelegatingDatabaseMetaData.java,3,1,0,0,0,1,0,0,0,1,4,0,false
0.9.0,addField,openjpa-kernel/src/main/java/org/apache/openjpa/kernel/DelegatingFetchConfiguration.java,9,2,0,0,1,1,1,2,45,3,7,1,false
0.9.0,setClassResolver,openjpa-kernel/src/main/java/org/apache/openjpa/conf/OpenJPAConfiguration.java,1,1,0,0,0,0,2,0,45,3,8,0,false
0.9.0,getBlob,openjpa-lib/src/main/java/org/apache/openjpa/lib/jdbc/DelegatingResultSet.java,3,1,0,0,0,1,0,0,0,1,4,0,false
0.9.0,clearBatch,openjpa-lib/src/main/java/org/apache/openjpa/lib/jdbc/DelegatingStatement.java,3,1,0,0,0,0,0,0,0,1,5,0,false
0.9.0,getUserObject,openjpa-persistence/src/main/java/org/apache/openjpa/persistence/EntityManagerFactoryImpl.java,3,1,0,0,0,1,0,0,45,2,8,0,false
0.9.0,setDefaultLevel,openjpa-lib/src/main/java/org/apache/openjpa/lib/log/LogFactoryImpl.java,3,1,1,0,0,0,0,0,0,1,6,0,false
0.9.0,setMappedBy,openjpa-kernel/src/main/java/org/apache/openjpa/meta/FieldMetaData.java,4,1,2,0,0,0,7,0,45,3,10,0,false
0.9.0,setTrackKeys,openjpa-kernel/src/main/java/org/apache/openjpa/util/MapChangeTrackerImpl.java,3,1,1,0,0,0,1,0,45,1,4,0,false
0.9.0,fetchDouble,openjpa-kernel/src/main/java/org/apache/openjpa/kernel/DetachedValueStateManager.java,3,1,0,0,0,0,0,0,45,2,5,0,false
0.9.0,setDataCache,openjpa-kernel/src/main/java/org/apache/openjpa/conf/OpenJPAConfigurationImpl.java,4,1,0,0,0,0,0,2,45,3,13,0,false
0.9.0,getWarnings,openjpa-lib/src/main/java/org/apache/openjpa/lib/jdbc/DelegatingStatement.java,3,1,0,0,0,1,0,0,0,1,5,0,false
0.9.0,setSingleResult,openjpa-jdbc/src/main/java/org/apache/openjpa/jdbc/sql/LogicalUnion.java,3,1,1,0,0,0,0,0,37,2,4,0,false
0.9.0,setUseForeignKeyName,openjpa-jdbc/src/main/java/org/apache/openjpa/jdbc/ant/ReverseMappingToolTask.java,3,1,1,0,0,0,0,0,37,2,2,0,false
0.9.0,evalSelectClause,openjpa-kernel/src/main/java/org/apache/openjpa/kernel/jpql/JPQLExpressionBuilder.java,27,11,12,0,0,5,1,13,45,2,8,3,false
0.9.0,removeAggregateListener,openjpa-persistence/src/main/java/org/apache/openjpa/persistence/QueryImpl.java,4,1,0,0,0,1,0,2,45,2,6,0,false
0.9.0,clearInternal,openjpa-kernel/src/main/java/org/apache/openjpa/datacache/ConcurrentDataCache.java,3,1,0,0,0,0,0,0,45,2,4,0,false
0.9.0,getProcedureColumns,openjpa-lib/src/main/java/org/apache/openjpa/lib/jdbc/LoggingConnectionDecorator.java,4,2,0,1,0,1,0,2,0,1,8,0,false
0.9.0,set,openjpa-lib/src/main/java/org/apache/openjpa/lib/conf/ObjectValue.java,3,1,0,0,0,0,0,1,0,1,5,0,false
0.9.0,change,openjpa-kernel/src/main/java/org/apache/openjpa/util/MapChangeTrackerImpl.java,8,8,1,1,0,1,0,6,45,1,4,2,false
0.9.0,getTableTypes,openjpa-lib/src/main/java/org/apache/openjpa/lib/jdbc/DelegatingDatabaseMetaData.java,3,1,0,0,0,1,0,0,0,1,4,0,false
0.9.0,isTransactionModeManaged,openjpa-kernel/src/main/java/org/apache/openjpa/conf/OpenJPAConfiguration.java,1,1,0,0,0,0,1,0,45,3,8,0,false
0.9.0,find,openjpa-kernel/src/main/java/org/apache/openjpa/kernel/BrokerImpl.java,5,2,2,0,0,1,0,2,45,3,11,0,false
0.9.0,getType,openjpa-kernel/src/main/java/org/apache/openjpa/util/GeneralException.java,3,1,0,0,0,1,0,0,45,1,4,0,false
0.9.0,getTransaction,openjpa-persistence/src/main/java/org/apache/openjpa/persistence/EntityManagerImpl.java,4,2,0,0,0,1,0,2,45,2,7,0,false
0.9.0,append,openjpa-jdbc/src/main/java/org/apache/openjpa/jdbc/sql/LogicalUnion.java,3,1,0,0,0,0,0,1,37,2,4,0,false
0.9.0,setIdentityStrategy,openjpa-kernel/src/main/java/org/apache/openjpa/meta/ClassMetaData.java,4,2,1,0,0,0,2,1,45,3,8,0,false
0.9.0,addStore,openjpa-kernel/src/main/java/org/apache/openjpa/enhance/PCDataGenerator.java,60,3,6,1,0,1,2,5,45,4,8,25,false
0.9.0,newCodeFormat,openjpa-kernel/src/main/java/org/apache/openjpa/enhance/CodeGenerator.java,4,2,0,0,0,2,4,0,45,2,6,0,false
0.9.0,getAlias,openjpa-jdbc/src/main/java/org/apache/openjpa/jdbc/meta/strats/ClassNameDiscriminatorStrategy.java,3,1,0,0,0,1,0,0,37,1,2,0,false
0.9.0,getClosestLevenshteinDistance,openjpa-lib/src/main/java/org/apache/openjpa/lib/util/StringDistance.java,6,2,2,1,0,2,2,2,0,1,6,0,false
0.9.0,getValueType,openjpa-lib/src/main/java/org/apache/openjpa/lib/conf/BooleanValue.java,3,1,0,0,0,1,0,0,0,1,4,0,false
0.9.0,isAfterLast,openjpa-lib/src/main/java/org/apache/openjpa/lib/jdbc/DelegatingResultSet.java,3,1,0,0,0,1,0,0,0,1,4,0,false
0.9.0,supportsSubqueriesInIns,openjpa-lib/src/main/java/org/apache/openjpa/lib/jdbc/DelegatingDatabaseMetaData.java,3,1,0,0,0,1,0,0,0,1,4,0,false
0.9.0,putInternal,openjpa-kernel/src/main/java/org/apache/openjpa/datacache/ConcurrentDataCache.java,3,1,0,0,0,1,0,0,45,2,4,0,false
0.9.0,storeDoubleField,openjpa-kernel/src/main/java/org/apache/openjpa/kernel/DetachManager.java,4,1,0,0,0,0,0,1,45,4,9,0,false
0.9.0,settingByteField,openjpa-kernel/src/main/java/org/apache/openjpa/kernel/StateManagerImpl.java,16,5,1,0,1,1,2,6,45,3,13,0,false
0.9.0,syncMappingInfo,openjpa-jdbc/src/main/java/org/apache/openjpa/jdbc/meta/ValueMappingImpl.java,8,3,1,0,0,0,0,3,37,1,2,1,false
0.9.0,afterLast,openjpa-lib/src/main/java/org/apache/openjpa/lib/jdbc/DelegatingResultSet.java,3,1,0,0,0,0,0,0,0,1,4,0,false
0.9.0,getObjectId,openjpa-kernel/src/main/java/org/apache/openjpa/kernel/OpenJPAStateManager.java,1,1,0,0,0,0,16,0,45,2,5,0,false
0.9.0,hasVariable,openjpa-jdbc/src/main/java/org/apache/openjpa/jdbc/kernel/exps/Trim.java,3,1,0,0,0,1,0,1,37,2,4,0,false
0.9.0,supportsParameterDeclarations,openjpa-kernel/src/main/java/org/apache/openjpa/datacache/QueryCacheStoreQuery.java,3,1,0,0,0,1,0,1,45,2,7,0,false
0.9.0,initialize,openjpa-jdbc/src/main/java/org/apache/openjpa/jdbc/kernel/exps/UnaryOp.java,3,1,0,0,0,0,0,0,37,2,5,0,false
0.9.0,close,openjpa-lib/src/main/java/org/apache/openjpa/lib/jdbc/DelegatingConnection.java,3,1,0,0,0,0,3,0,0,1,7,0,false
0.9.0,getTransactionIsolation,openjpa-jdbc/src/main/java/org/apache/openjpa/jdbc/conf/JDBCConfigurationImpl.java,3,1,0,0,0,1,0,1,37,3,6,0,false
0.9.0,isDirectComparison,openjpa-jdbc/src/main/java/org/apache/openjpa/jdbc/kernel/exps/CompareEqualExpression.java,3,1,0,0,0,1,3,0,37,2,3,0,false
0.9.0,getLevel,openjpa-kernel/src/main/java/org/apache/openjpa/event/LogOrphanedKeyAction.java,3,1,0,0,0,1,0,0,45,1,4,0,false
0.9.0,getCurrentDate,openjpa-kernel/src/main/java/org/apache/openjpa/kernel/exps/InMemoryExpressionFactory.java,3,1,0,0,0,1,0,0,45,3,6,0,false
0.9.0,providedStringField,openjpa-kernel/src/main/java/org/apache/openjpa/kernel/DetachedValueStateManager.java,3,1,1,0,0,0,0,0,45,2,5,0,false
0.9.0,fetchInt,openjpa-kernel/src/main/java/org/apache/openjpa/kernel/OpenJPAStateManager.java,1,1,0,0,0,0,2,0,45,2,5,0,false
0.9.0,comment,openjpa-lib/src/main/java/org/apache/openjpa/lib/meta/XMLMetaDataParser.java,7,5,1,0,0,0,0,1,0,2,9,0,false
0.9.0,setUnique,openjpa-kernel/src/main/java/org/apache/openjpa/kernel/QueryContext.java,1,1,0,0,0,0,1,0,45,1,4,0,false
0.9.0,hasEager,openjpa-jdbc/src/main/java/org/apache/openjpa/jdbc/meta/QueryResultMapping.java,8,5,1,0,0,4,0,1,37,1,2,1,false
0.9.0,removeSequenceMetaData,openjpa-persistence/src/main/java/org/apache/openjpa/persistence/XMLPersistenceMetaDataSerializer.java,10,7,3,0,0,4,2,0,45,2,6,1,false
0.9.0,getPort,openjpa-kernel/src/main/java/org/apache/openjpa/event/TCPRemoteCommitProvider.java,3,1,0,0,0,1,0,0,45,2,7,0,false
0.9.0,setExtraFieldData,openjpa-kernel/src/main/java/org/apache/openjpa/kernel/StateManagerImpl.java,12,8,5,0,0,1,2,3,45,3,13,0,false
0.9.0,findResource,openjpa-lib/src/main/java/org/apache/openjpa/lib/util/ZipResourceBundleProvider.java,26,8,5,1,2,3,0,1,0,1,6,6,false
0.9.0,assignObjectId,openjpa-kernel/src/main/java/org/apache/openjpa/kernel/DetachedStateManager.java,3,1,0,0,0,1,0,0,45,3,7,0,false
0.9.0,info,openjpa-lib/src/main/java/org/apache/openjpa/lib/log/Log4JLogFactory.java,3,1,0,0,0,0,0,0,0,1,5,0,false
0.9.0,setImplicitType,openjpa-jdbc/src/main/java/org/apache/openjpa/jdbc/kernel/exps/Null.java,2,1,0,0,0,0,0,0,37,2,2,0,false
0.9.0,getNextSequence,openjpa-kernel/src/main/java/org/apache/openjpa/util/AbstractChangeTracker.java,3,1,0,0,0,1,2,0,45,1,4,0,false
0.9.0,getOrderDeclaration,openjpa-kernel/src/main/java/org/apache/openjpa/meta/FieldMetaData.java,12,6,3,0,0,1,1,2,45,3,10,0,false
0.9.0,equals,openjpa-kernel/src/main/java/org/apache/openjpa/datacache/DelegatingDataCache.java,5,3,1,0,0,2,0,1,45,2,5,0,false
0.9.0,releaseReadLock,openjpa-kernel/src/main/java/org/apache/openjpa/event/TCPRemoteCommitProvider.java,3,1,0,0,0,0,1,0,45,2,7,1,false
0.9.0,getMetaData,openjpa-lib/src/main/java/org/apache/openjpa/lib/jdbc/DelegatingPreparedStatement.java,3,1,0,0,0,1,0,0,0,1,6,0,false
0.9.0,getInternal,openjpa-kernel/src/main/java/org/apache/openjpa/datacache/ConcurrentQueryCache.java,3,1,0,0,0,1,0,0,45,2,4,0,false
0.9.0,setIgnoreChanges,openjpa-persistence/src/main/java/org/apache/openjpa/persistence/EntityManagerImpl.java,3,1,0,0,0,0,0,3,45,2,7,0,false
0.9.0,appendIsNotEmpty,openjpa-jdbc/src/main/java/org/apache/openjpa/jdbc/kernel/exps/Args.java,2,1,0,0,0,0,0,0,37,2,3,0,false
0.9.0,setFetchDirection,openjpa-jdbc/src/main/java/org/apache/openjpa/jdbc/kernel/JDBCFetchConfigurationImpl.java,8,3,3,0,0,1,3,2,37,3,6,1,false
0.9.0,getSequence,openjpa-kernel/src/main/java/org/apache/openjpa/conf/OpenJPAConfigurationImpl.java,3,1,0,0,0,1,0,1,45,3,13,0,false
0.9.0,initDBDictionary,openjpa-jdbc/src/main/java/org/apache/openjpa/jdbc/schema/SimpleDriverDataSource.java,2,1,0,0,0,0,0,0,37,2,2,0,false
0.9.0,setBoolean,openjpa-lib/src/main/java/org/apache/openjpa/lib/jdbc/DelegatingCallableStatement.java,3,1,0,0,0,0,0,0,0,1,6,0,false
0.9.0,isValidating,openjpa-lib/src/main/java/org/apache/openjpa/lib/meta/XMLMetaDataParser.java,3,1,0,0,0,1,0,0,0,2,9,0,false
0.9.0,startElement,openjpa-jdbc/src/main/java/org/apache/openjpa/jdbc/schema/XMLSchemaParser.java,34,12,0,0,0,10,0,10,37,1,2,0,false
0.9.0,isExtent,openjpa-jdbc/src/main/java/org/apache/openjpa/jdbc/kernel/exps/SelectConstructor.java,3,1,0,0,0,1,0,0,37,2,8,0,false
0.9.0,setRange,openjpa-kernel/src/main/java/org/apache/openjpa/kernel/QueryContext.java,1,1,0,0,0,0,1,0,45,1,4,0,false
0.9.0,setEagerFetchMode,openjpa-jdbc/src/main/java/org/apache/openjpa/jdbc/conf/JDBCConfigurationImpl.java,4,1,0,0,0,0,0,1,37,3,6,0,false
0.9.0,getMaxSchemaNameLength,openjpa-lib/src/main/java/org/apache/openjpa/lib/jdbc/DelegatingDatabaseMetaData.java,3,1,0,0,0,1,0,0,0,1,4,0,false
0.9.0,addComments,openjpa-lib/src/main/java/org/apache/openjpa/lib/meta/XMLMetaDataParser.java,4,3,1,0,0,0,3,1,0,2,9,0,false
0.9.0,getAggregateListeners,openjpa-kernel/src/main/java/org/apache/openjpa/conf/OpenJPAConfigurationImpl.java,3,1,0,0,0,1,0,0,45,3,13,0,false
0.9.0,newMapProxy,openjpa-kernel/src/main/java/org/apache/openjpa/util/ProxyManagerImpl.java,8,2,3,0,0,1,1,5,45,1,5,1,false
0.9.0,setRetainState,openjpa-kernel/src/main/java/org/apache/openjpa/kernel/BrokerImpl.java,5,3,1,0,0,0,1,3,45,3,11,0,false
0.9.0,and,openjpa-jdbc/src/main/java/org/apache/openjpa/jdbc/sql/SelectImpl.java,18,15,3,0,0,2,1,6,37,2,6,2,false
0.9.0,setAsciiStream,openjpa-lib/src/main/java/org/apache/openjpa/lib/jdbc/DelegatingPreparedStatement.java,3,1,0,0,0,0,0,0,0,1,6,0,false
0.9.0,setContext,openjpa-kernel/src/main/java/org/apache/openjpa/kernel/LockManager.java,1,1,0,0,0,0,1,0,45,1,4,0,false
0.9.0,getSQL,openjpa-lib/src/main/java/org/apache/openjpa/lib/jdbc/JDBCEvent.java,3,1,0,0,0,1,0,0,0,1,4,0,false
0.9.0,close,openjpa-kernel/src/main/java/org/apache/openjpa/kernel/DelegatingStoreManager.java,3,1,0,0,0,0,1,1,45,3,5,0,false
0.9.0,storeFloat,openjpa-kernel/src/main/java/org/apache/openjpa/kernel/OpenJPAStateManager.java,1,1,0,0,0,0,2,0,45,2,5,0,false
0.9.0,getJoins,openjpa-jdbc/src/main/java/org/apache/openjpa/jdbc/sql/LogicalUnion.java,3,1,0,0,0,1,0,1,37,2,4,0,false
0.9.0,replaceBooleanField,openjpa-kernel/src/main/java/org/apache/openjpa/kernel/DetachedStateManager.java,3,2,0,0,0,1,0,0,45,3,7,0,false
0.9.0,addAggregateListener,openjpa-persistence/src/main/java/org/apache/openjpa/persistence/QueryImpl.java,4,1,0,0,0,1,3,2,45,2,6,0,false
0.9.0,newPCData,openjpa-kernel/src/main/java/org/apache/openjpa/datacache/DataCacheStoreManager.java,5,2,1,0,0,2,12,2,45,4,9,0,false
0.9.0,clearFetchGroups,openjpa-kernel/src/main/java/org/apache/openjpa/kernel/DelegatingFetchConfiguration.java,9,2,0,0,1,1,1,2,45,3,7,1,false
0.9.0,finish,openjpa-lib/src/main/java/org/apache/openjpa/lib/meta/XMLMetaDataParser.java,4,3,1,0,0,0,1,2,0,2,9,0,false
0.9.0,proxyFields,openjpa-kernel/src/main/java/org/apache/openjpa/kernel/StateManagerImpl.java,16,5,3,0,1,0,2,6,45,3,13,2,false
0.9.0,newPath,openjpa-kernel/src/main/java/org/apache/openjpa/kernel/jpql/JPQLExpressionBuilder.java,5,3,1,0,0,1,2,0,45,2,8,0,false
0.9.0,isDirty,openjpa-kernel/src/main/java/org/apache/openjpa/kernel/DetachedValueStateManager.java,3,1,0,0,0,1,0,0,45,2,5,0,false
0.9.0,setConfiguration,openjpa-jdbc/src/main/java/org/apache/openjpa/jdbc/schema/SimpleDriverDataSource.java,3,1,1,0,0,0,0,0,37,2,2,0,false
0.9.0,getSystemFunctions,openjpa-lib/src/main/java/org/apache/openjpa/lib/jdbc/DelegatingDatabaseMetaData.java,3,1,0,0,0,1,0,0,0,1,4,0,false
0.9.0,clear,openjpa-jdbc/src/main/java/org/apache/openjpa/jdbc/sql/SelectImpl.java,6,1,4,0,0,0,1,0,37,2,6,0,false
0.9.0,setExceptionReconnectAttempts,openjpa-kernel/src/main/java/org/apache/openjpa/event/JMSRemoteCommitProvider.java,3,1,1,0,0,0,0,0,45,1,5,0,false
0.9.0,load,openjpa-jdbc/src/main/java/org/apache/openjpa/jdbc/kernel/exps/Trim.java,3,1,0,0,0,1,0,1,37,2,4,0,false
0.9.0,supportsDataStoreExecution,openjpa-jdbc/src/main/java/org/apache/openjpa/jdbc/kernel/SQLStoreQuery.java,3,1,0,0,0,1,0,0,37,2,3,0,false
0.9.0,setLock,openjpa-kernel/src/main/java/org/apache/openjpa/kernel/StateManagerImpl.java,3,1,1,0,0,0,0,0,45,3,13,0,false
0.9.0,getUnsupportedOptions,openjpa-xmlstore/src/main/java/org/apache/openjpa/xmlstore/XMLStoreManager.java,9,1,1,0,0,1,0,0,45,2,6,4,false
0.9.0,setColumnIO,openjpa-jdbc/src/main/java/org/apache/openjpa/jdbc/meta/ValueMappingImpl.java,3,1,1,0,0,0,0,0,37,1,2,0,false
0.9.0,toEmbeddedDataStoreValue,openjpa-jdbc/src/main/java/org/apache/openjpa/jdbc/meta/strats/RelationFieldStrategy.java,3,1,0,0,0,1,0,1,37,2,5,0,false
0.9.0,getJoins,openjpa-jdbc/src/main/java/org/apache/openjpa/jdbc/kernel/exps/ConstInstanceofExpression.java,3,1,0,0,0,1,0,1,37,2,3,0,false
0.9.0,trace,openjpa-lib/src/main/java/org/apache/openjpa/lib/log/CommonsLogFactory.java,3,1,0,0,0,0,0,0,0,1,5,0,false
0.9.0,handleCheckedException,openjpa-jdbc/src/main/java/org/apache/openjpa/jdbc/kernel/MappedQueryResultObjectProvider.java,4,2,0,0,0,0,0,1,37,2,2,0,false
0.9.0,selectElement,openjpa-jdbc/src/main/java/org/apache/openjpa/jdbc/meta/strats/RelationToManyInverseKeyFieldStrategy.java,3,1,0,0,0,0,0,1,37,2,3,1,false
0.9.0,addGetType,openjpa-kernel/src/main/java/org/apache/openjpa/enhance/PCDataGenerator.java,27,1,6,0,0,0,1,2,45,4,8,16,false
0.9.0,getIndependentElementMappings,openjpa-jdbc/src/main/java/org/apache/openjpa/jdbc/meta/strats/ContainerFieldStrategy.java,1,1,0,0,0,0,2,0,37,2,2,0,false
0.9.0,makeObject,openjpa-kernel/src/main/java/org/apache/openjpa/event/TCPRemoteCommitProvider.java,7,2,1,2,0,1,0,2,45,2,7,0,false
0.9.0,getConnection2DriverName,openjpa-kernel/src/main/java/org/apache/openjpa/conf/OpenJPAConfiguration.java,1,1,0,0,0,0,0,0,45,3,8,0,false
0.9.0,replaceToEmbeddedData,openjpa-kernel/src/main/java/org/apache/openjpa/datacache/DataCachePCDataGenerator.java,8,1,2,0,0,0,1,0,45,1,3,5,false
0.9.0,setAutoDetach,openjpa-persistence/src/main/java/org/apache/openjpa/persistence/EntityManagerImpl.java,3,1,0,0,0,0,0,3,45,2,7,0,false
0.9.0,clearSelects,openjpa-jdbc/src/main/java/org/apache/openjpa/jdbc/sql/SelectImpl.java,3,1,0,0,0,0,1,1,37,2,6,0,false
0.9.0,recordCallbacks,openjpa-persistence/src/main/java/org/apache/openjpa/persistence/AnnotationPersistenceMetaDataParser.java,15,7,2,0,0,1,1,0,45,3,11,0,false
0.9.0,getConnectionURL,openjpa-kernel/src/main/java/org/apache/openjpa/conf/OpenJPAConfigurationImpl.java,3,1,0,0,0,1,1,1,45,3,13,0,false
0.9.0,processBuffer,openjpa-kernel/src/main/java/org/apache/openjpa/meta/MetaDataRepository.java,25,7,4,0,1,2,2,2,45,3,8,1,false
0.9.0,getMaxIdle,openjpa-kernel/src/main/java/org/apache/openjpa/event/TCPRemoteCommitProvider.java,3,1,0,0,0,1,0,0,45,2,7,0,false
0.9.0,toString,openjpa-kernel/src/main/java/org/apache/openjpa/meta/FieldMetaData.java,3,1,0,0,0,1,0,2,45,3,10,0,false
0.9.0,getJoins,openjpa-jdbc/src/main/java/org/apache/openjpa/jdbc/kernel/exps/Math.java,3,1,0,0,0,1,0,0,37,2,4,0,false
0.9.0,enter,openjpa-jdbc/src/main/java/org/apache/openjpa/jdbc/kernel/exps/HasContainsExpressionVisitor.java,3,2,1,0,0,0,0,0,6,1,1,0,false
0.9.0,updateBigDecimal,openjpa-lib/src/main/java/org/apache/openjpa/lib/jdbc/DelegatingResultSet.java,3,1,0,0,0,0,0,0,0,1,4,0,false
0.9.0,getChannel,openjpa-lib/src/main/java/org/apache/openjpa/lib/log/LogFactoryImpl.java,3,1,0,0,0,1,0,0,0,1,6,0,false
0.9.0,providedIntField,openjpa-kernel/src/main/java/org/apache/openjpa/kernel/DetachedValueStateManager.java,3,1,1,0,0,0,0,0,45,2,5,0,false
0.9.0,toString,openjpa-kernel/src/main/java/org/apache/openjpa/meta/ClassMetaData.java,3,1,0,0,0,1,1,1,45,3,8,1,false
0.9.0,getSubclassFetchMode,openjpa-jdbc/src/main/java/org/apache/openjpa/jdbc/kernel/JDBCFetchConfigurationImpl.java,6,3,1,0,0,3,0,0,37,3,6,0,false
0.9.0,executeUpdate,openjpa-lib/src/main/java/org/apache/openjpa/lib/jdbc/DelegatingStatement.java,3,1,0,0,0,0,0,0,0,1,5,0,false
0.9.0,isEnabled,openjpa-lib/src/main/java/org/apache/openjpa/lib/log/AbstractLog.java,1,1,0,0,0,0,6,0,0,1,6,0,false
0.9.0,shorten,openjpa-lib/src/main/java/org/apache/openjpa/lib/log/LogFactoryImpl.java,3,1,0,1,0,1,3,0,0,1,6,0,false
0.9.0,extentIterator,openjpa-kernel/src/main/java/org/apache/openjpa/kernel/BrokerImpl.java,5,1,1,0,0,1,0,3,45,3,11,2,false
0.9.0,compare,openjpa-kernel/src/main/java/org/apache/openjpa/kernel/exps/InMemoryExpressionFactory.java,26,14,7,1,1,6,0,0,45,3,6,2,false
0.9.0,abortUnion,openjpa-jdbc/src/main/java/org/apache/openjpa/jdbc/sql/LogicalUnion.java,2,1,0,0,0,0,0,0,37,2,4,0,false
0.9.0,setEagerFetchMode,openjpa-jdbc/src/main/java/org/apache/openjpa/jdbc/kernel/DelegatingJDBCFetchConfiguration.java,1,1,0,0,0,0,1,0,37,2,3,0,false
0.9.0,isDistinct,openjpa-jdbc/src/main/java/org/apache/openjpa/jdbc/sql/SelectImpl.java,3,5,0,0,0,1,1,0,37,2,6,0,false
0.9.0,getDateTypeCode,openjpa-jdbc/src/main/java/org/apache/openjpa/jdbc/meta/JavaSQLTypes.java,7,5,0,0,0,5,0,0,37,2,2,0,false
0.9.0,getSourceScope,openjpa-jdbc/src/main/java/org/apache/openjpa/jdbc/meta/QueryResultMapping.java,3,1,0,0,0,1,0,0,37,1,2,0,false
0.9.0,isImplDataCacheable,openjpa-kernel/src/main/java/org/apache/openjpa/kernel/DetachedValueStateManager.java,3,1,0,0,0,0,0,0,45,2,5,0,false
0.9.0,setCascadeDelete,openjpa-kernel/src/main/java/org/apache/openjpa/meta/FieldMetaData.java,3,1,0,0,0,0,1,1,45,3,10,0,false
0.9.0,setComments,openjpa-kernel/src/main/java/org/apache/openjpa/meta/PersistenceAwareClass.java,3,1,1,0,0,0,0,0,2,1,1,0,false
0.9.0,executeQuery,openjpa-lib/src/main/java/org/apache/openjpa/lib/jdbc/LoggingConnectionDecorator.java,14,2,1,0,1,1,0,7,0,1,8,0,false
0.9.0,getAlias,openjpa-jdbc/src/main/java/org/apache/openjpa/jdbc/sql/SelectImpl.java,3,2,0,0,0,1,0,0,37,2,6,0,false
0.9.0,getFetchDirection,openjpa-lib/src/main/java/org/apache/openjpa/lib/jdbc/DelegatingCallableStatement.java,3,1,0,0,0,1,0,0,0,1,6,0,false
0.9.0,add,openjpa-kernel/src/main/java/org/apache/openjpa/kernel/AttachManager.java,5,2,1,0,0,1,2,0,45,2,5,0,false
0.9.0,clearParameters,openjpa-lib/src/main/java/org/apache/openjpa/lib/jdbc/DelegatingPreparedStatement.java,3,1,0,0,0,0,0,0,0,1,6,0,false
0.9.0,getConnectionRetainMode,openjpa-kernel/src/main/java/org/apache/openjpa/conf/OpenJPAConfigurationImpl.java,3,1,0,0,0,1,0,1,45,3,13,0,false
0.9.0,requiresParameterDeclarations,openjpa-jdbc/src/main/java/org/apache/openjpa/jdbc/kernel/SQLStoreQuery.java,3,1,0,0,0,1,0,0,37,2,3,0,false
0.9.0,getPopulateDataCache,openjpa-kernel/src/main/java/org/apache/openjpa/kernel/StoreContext.java,1,1,0,0,0,0,10,0,45,3,6,0,false
0.9.0,getLoginTimeout,openjpa-jdbc/src/main/java/org/apache/openjpa/jdbc/schema/SimpleDriverDataSource.java,3,1,0,0,0,1,0,0,37,2,2,0,false
0.9.0,populateUnion,openjpa-jdbc/src/main/java/org/apache/openjpa/jdbc/kernel/JDBCStoreQuery.java,11,2,1,0,0,1,2,0,37,2,5,0,false
0.9.0,getConfiguration,openjpa-jdbc/src/main/java/org/apache/openjpa/jdbc/sql/LogicalUnion.java,3,1,0,0,0,1,1,1,37,2,4,0,false
0.9.0,getRepository,openjpa-kernel/src/main/java/org/apache/openjpa/meta/ClassMetaData.java,3,1,0,0,0,1,29,0,45,3,8,0,false
0.9.0,settingStringField,openjpa-kernel/src/main/java/org/apache/openjpa/kernel/DetachedValueStateManager.java,3,1,0,0,0,0,0,0,45,2,5,0,false
0.9.0,usesImplData,openjpa-kernel/src/main/java/org/apache/openjpa/enhance/PCDataGenerator.java,3,2,0,0,0,1,0,0,45,4,8,0,false
0.9.0,setConnectionRetainMode,openjpa-kernel/src/main/java/org/apache/openjpa/conf/OpenJPAConfiguration.java,1,1,0,0,0,0,0,0,45,3,8,0,false
0.9.0,getStringValue,openjpa-kernel/src/main/java/org/apache/openjpa/kernel/jpql/JPQLExpressionBuilder.java,3,1,0,0,0,1,1,2,45,2,8,0,false
0.9.0,getQueryTimeout,openjpa-lib/src/main/java/org/apache/openjpa/lib/jdbc/DelegatingStatement.java,3,1,0,0,0,1,0,0,0,1,5,0,false
0.9.0,fetchObject,openjpa-kernel/src/main/java/org/apache/openjpa/kernel/OpenJPAStateManager.java,1,1,0,0,0,0,18,0,45,2,5,0,false
0.9.0,setParseComments,openjpa-lib/src/main/java/org/apache/openjpa/lib/meta/XMLMetaDataParser.java,3,1,1,0,0,0,2,0,0,2,9,0,false
0.9.0,getVersion,openjpa-persistence/src/main/java/org/apache/openjpa/persistence/EntityManagerImpl.java,3,1,0,0,0,1,0,3,45,2,7,0,false
0.9.0,setJDBCListeners,openjpa-jdbc/src/main/java/org/apache/openjpa/jdbc/conf/JDBCConfigurationImpl.java,4,1,0,0,0,0,0,2,37,3,6,0,false
0.9.0,escape,openjpa-kernel/src/main/java/org/apache/openjpa/kernel/jpql/ParseException.java,44,13,4,3,0,1,1,0,45,1,4,4,false
0.9.0,setOptimistic,openjpa-kernel/src/main/java/org/apache/openjpa/kernel/BrokerImpl.java,6,5,1,0,0,0,1,5,45,3,11,0,false
0.9.0,bind,openjpa-kernel/src/main/java/org/apache/openjpa/kernel/exps/AbstractExpressionBuilder.java,4,2,1,0,0,0,5,0,45,2,7,0,false
0.9.0,addDefaultAlias,openjpa-kernel/src/main/java/org/apache/openjpa/conf/BrokerFactoryValue.java,4,1,0,0,0,0,1,0,45,2,8,0,false
0.9.0,newLiteral,openjpa-jdbc/src/main/java/org/apache/openjpa/jdbc/kernel/exps/JDBCExpressionFactory.java,3,1,0,0,0,1,1,1,37,3,6,0,false
0.9.0,addBatch,openjpa-lib/src/main/java/org/apache/openjpa/lib/jdbc/DelegatingStatement.java,3,1,0,0,0,0,0,0,0,1,5,0,false
0.9.0,getStringExtension,openjpa-kernel/src/main/java/org/apache/openjpa/meta/Extensions.java,4,2,1,0,0,1,4,1,45,1,4,1,false
0.9.0,copy,openjpa-kernel/src/main/java/org/apache/openjpa/meta/ClassMetaData.java,29,10,18,0,0,0,1,32,45,3,8,2,false
0.9.0,stringToObject,openjpa-lib/src/main/java/org/apache/openjpa/lib/util/Options.java,24,16,8,1,2,5,2,1,0,1,8,5,false
0.9.0,setRetainState,openjpa-kernel/src/main/java/org/apache/openjpa/conf/OpenJPAConfigurationImpl.java,4,1,0,0,0,0,1,2,45,3,13,0,false
0.9.0,hasAutoAssignConstraints,openjpa-jdbc/src/main/java/org/apache/openjpa/jdbc/sql/RowManagerImpl.java,3,1,0,0,0,1,1,0,37,1,2,0,false
0.9.0,size,openjpa-lib/src/main/java/org/apache/openjpa/lib/util/concurrent/CopyOnWriteArrayList.java,3,1,0,0,0,1,0,0,0,1,5,0,false
0.9.0,getUpdateCount,openjpa-lib/src/main/java/org/apache/openjpa/lib/jdbc/DelegatingPreparedStatement.java,3,1,0,0,0,1,0,0,0,1,6,0,false
0.9.0,buildWhere,openjpa-jdbc/src/main/java/org/apache/openjpa/jdbc/kernel/exps/SelectConstructor.java,8,3,2,0,0,2,1,0,37,2,8,1,false
0.9.0,releaseSavepoint,openjpa-persistence/src/main/java/org/apache/openjpa/persistence/EntityManagerImpl.java,3,1,0,0,0,0,0,3,45,2,7,0,false
0.9.0,parseException,openjpa-kernel/src/main/java/org/apache/openjpa/kernel/exps/AbstractExpressionBuilder.java,14,4,3,0,0,0,31,3,45,2,7,2,false
0.9.0,close,openjpa-jdbc/src/main/java/org/apache/openjpa/jdbc/kernel/MappedQueryResultObjectProvider.java,3,1,0,0,0,0,0,1,37,2,2,0,false
0.9.0,getExceptionMessage,openjpa-lib/src/main/java/org/apache/openjpa/lib/jdbc/LoggingConnectionDecorator.java,8,2,0,1,1,2,0,0,0,1,8,0,false
0.9.0,getInitializer,openjpa-kernel/src/main/java/org/apache/openjpa/meta/FieldMetaData.java,3,1,0,0,0,1,3,0,45,3,10,0,false
0.9.0,executeQuery,openjpa-jdbc/src/main/java/org/apache/openjpa/jdbc/kernel/JDBCStoreQuery.java,49,25,29,0,0,1,0,7,37,2,5,3,false
0.9.0,isQueryMode,openjpa-persistence/src/main/java/org/apache/openjpa/persistence/XMLPersistenceMetaDataParser.java,3,2,0,0,0,1,3,0,45,2,6,0,false
0.9.0,getClass,openjpa-jdbc/src/main/java/org/apache/openjpa/jdbc/meta/strats/InValueDiscriminatorStrategy.java,14,9,4,0,0,4,0,3,37,2,2,1,false
0.9.0,getTypeMap,openjpa-lib/src/main/java/org/apache/openjpa/lib/jdbc/DelegatingConnection.java,3,1,0,0,0,1,0,0,0,1,7,0,false
0.9.0,setQueryResultCache,openjpa-persistence/src/main/java/org/apache/openjpa/persistence/FetchPlan.java,4,1,0,0,0,1,0,0,45,2,5,0,false
0.9.0,getClassName,openjpa-lib/src/main/java/org/apache/openjpa/lib/meta/CFMetaDataSerializer.java,6,7,2,2,0,3,0,0,0,1,5,0,false
0.9.0,getInverseManager,openjpa-kernel/src/main/java/org/apache/openjpa/conf/OpenJPAConfigurationImpl.java,3,1,0,0,0,1,0,1,45,3,13,0,false
0.9.0,hasVariable,openjpa-jdbc/src/main/java/org/apache/openjpa/jdbc/kernel/exps/IsNotEmptyExpression.java,3,1,0,0,0,1,0,0,37,2,3,0,false
0.9.0,newPreparedStatementManager,openjpa-jdbc/src/main/java/org/apache/openjpa/jdbc/kernel/AbstractUpdateManager.java,1,1,0,0,0,0,1,0,37,1,2,0,false
0.9.0,eval,openjpa-kernel/src/main/java/org/apache/openjpa/kernel/exps/UnboundVariable.java,3,1,0,0,0,1,0,0,45,2,5,0,false
0.9.0,setNull,openjpa-lib/src/main/java/org/apache/openjpa/lib/jdbc/DelegatingCallableStatement.java,3,1,0,0,0,0,0,0,0,1,6,0,false
0.9.0,requiresCandidateType,openjpa-kernel/src/main/java/org/apache/openjpa/kernel/AbstractStoreQuery.java,3,1,0,0,0,1,0,0,45,2,4,0,false
0.9.0,setContext,openjpa-kernel/src/main/java/org/apache/openjpa/abstractstore/AbstractStoreManager.java,4,1,1,0,0,0,0,1,45,3,6,0,false
0.9.0,refreshSequence,openjpa-jdbc/src/main/java/org/apache/openjpa/jdbc/kernel/NativeJDBCSeq.java,7,2,2,0,0,0,2,0,37,2,2,2,false
0.9.0,addException,openjpa-jdbc/src/main/java/org/apache/openjpa/jdbc/kernel/AbstractUpdateManager.java,5,2,1,0,0,1,4,0,37,1,2,0,false
0.9.0,dirty,openjpa-persistence/src/main/java/org/apache/openjpa/persistence/EntityManagerImpl.java,9,3,1,0,1,0,0,5,45,2,7,1,false
0.9.0,map,openjpa-jdbc/src/main/java/org/apache/openjpa/jdbc/meta/strats/InValueDiscriminatorStrategy.java,16,3,5,0,0,0,0,8,37,2,2,5,false
0.9.0,setImplicitBehavior,openjpa-kernel/src/main/java/org/apache/openjpa/kernel/BrokerImpl.java,4,3,2,0,0,0,0,0,45,3,11,0,false
0.9.0,supportsLocking,openjpa-jdbc/src/main/java/org/apache/openjpa/jdbc/sql/OracleDictionary.java,4,2,0,0,0,2,0,4,37,2,3,0,false
0.9.0,getDelegate,openjpa-kernel/src/main/java/org/apache/openjpa/kernel/DelegatingStoreManager.java,3,1,0,0,0,1,1,0,45,3,5,0,false
0.9.0,getLogWriter,openjpa-lib/src/main/java/org/apache/openjpa/lib/jdbc/DelegatingDataSource.java,3,1,0,0,0,1,0,0,0,1,5,0,false
0.9.0,merge,openjpa-persistence/src/main/java/org/apache/openjpa/persistence/EntityManagerImpl.java,3,1,0,0,0,1,1,3,45,2,7,0,false
0.9.0,compare,openjpa-kernel/src/main/java/org/apache/openjpa/meta/ClassMetaData.java,16,10,2,2,0,10,0,4,45,3,8,5,false
0.9.0,getNamedGenerator,openjpa-persistence/src/main/java/org/apache/openjpa/persistence/EntityManagerImpl.java,10,2,2,0,1,1,0,9,45,2,7,4,false
0.9.0,isVariable,openjpa-jdbc/src/main/java/org/apache/openjpa/jdbc/kernel/exps/Math.java,3,1,0,0,0,1,0,0,37,2,4,0,false
0.9.0,getHashCodeByteArrayCode,openjpa-kernel/src/main/java/org/apache/openjpa/enhance/ApplicationIdTool.java,12,1,1,0,0,1,1,1,45,2,6,31,false
0.9.0,getDouble,openjpa-lib/src/main/java/org/apache/openjpa/lib/jdbc/DelegatingResultSet.java,3,1,0,0,0,1,0,0,0,1,4,0,false
0.9.0,setInFetchGroup,openjpa-kernel/src/main/java/org/apache/openjpa/meta/FieldMetaData.java,11,12,2,0,0,2,2,2,45,3,10,2,false
0.9.0,addExpirationListener,openjpa-kernel/src/main/java/org/apache/openjpa/datacache/AbstractDataCache.java,3,1,0,0,0,0,0,1,45,2,5,0,false
0.9.0,release,openjpa-kernel/src/main/java/org/apache/openjpa/kernel/LockManager.java,1,1,0,0,0,0,0,0,45,1,4,0,false
0.9.0,getOrderedIndexes,openjpa-jdbc/src/main/java/org/apache/openjpa/jdbc/sql/SelectImpl.java,6,3,2,0,0,2,1,0,37,2,6,0,false
0.9.0,setOptimistic,openjpa-persistence/src/main/java/org/apache/openjpa/persistence/EntityManagerImpl.java,3,1,0,0,0,0,0,3,45,2,7,0,false
0.9.0,setDocumentLocator,openjpa-lib/src/main/java/org/apache/openjpa/lib/meta/XMLMetaDataParser.java,3,1,0,0,0,0,0,1,0,2,9,0,false
0.9.0,setTransactionMode,openjpa-kernel/src/main/java/org/apache/openjpa/conf/OpenJPAConfiguration.java,1,1,0,0,0,0,0,0,45,3,8,0,false
0.9.0,getLockMode,openjpa-persistence/src/main/java/org/apache/openjpa/persistence/EntityManagerImpl.java,3,1,0,0,0,1,0,6,45,2,7,0,false
0.9.0,acceptVisit,openjpa-jdbc/src/main/java/org/apache/openjpa/jdbc/kernel/exps/AbstractVal.java,4,1,0,0,0,0,2,0,37,2,4,0,false
0.9.0,hasNext,openjpa-lib/src/main/java/org/apache/openjpa/lib/util/concurrent/CopyOnWriteArrayList.java,3,2,0,0,0,1,0,0,0,1,5,0,false
0.9.0,setDetachedStateTransient,openjpa-kernel/src/main/java/org/apache/openjpa/conf/DetachOptions.java,3,1,1,0,0,0,0,0,45,1,3,0,false
0.9.0,exit,openjpa-kernel/src/main/java/org/apache/openjpa/kernel/ExpressionStoreQuery.java,3,2,1,0,0,0,0,0,45,2,6,0,false
0.9.0,set,openjpa-kernel/src/main/java/org/apache/openjpa/conf/AutoDetachValue.java,4,2,3,0,0,0,0,0,45,1,5,0,false
0.9.0,getContext,openjpa-jdbc/src/main/java/org/apache/openjpa/jdbc/kernel/JDBCStoreManager.java,3,1,0,0,0,1,4,0,37,3,9,0,false
0.9.0,providedFloatField,openjpa-kernel/src/main/java/org/apache/openjpa/kernel/DetachedValueStateManager.java,3,1,1,0,0,0,0,0,45,2,5,0,false
0.9.0,setInt,openjpa-lib/src/main/java/org/apache/openjpa/lib/jdbc/DelegatingCallableStatement.java,3,1,0,0,0,0,0,0,0,1,6,0,false
0.9.0,setFirstResult,openjpa-persistence/src/main/java/org/apache/openjpa/persistence/QueryImpl.java,4,1,0,0,0,1,0,2,45,2,6,0,false
0.9.0,setDouble,openjpa-lib/src/main/java/org/apache/openjpa/lib/jdbc/DelegatingCallableStatement.java,3,1,0,0,0,0,0,0,0,1,6,0,false
0.9.0,toDataStoreValue,openjpa-jdbc/src/main/java/org/apache/openjpa/jdbc/kernel/exps/StartsWithExpression.java,3,1,0,0,0,1,0,0,37,2,3,0,false
0.9.0,endTemporal,openjpa-persistence-jdbc/src/main/java/org/apache/openjpa/persistence/jdbc/XMLPersistenceMappingParser.java,4,2,2,0,0,0,1,0,37,2,3,0,false
0.9.0,storesLowerCaseQuotedIdentifiers,openjpa-lib/src/main/java/org/apache/openjpa/lib/jdbc/DelegatingDatabaseMetaData.java,3,1,0,0,0,1,0,0,0,1,4,0,false
0.9.0,isPrimaryKeyAutoAssigned,openjpa-jdbc/src/main/java/org/apache/openjpa/jdbc/sql/PrimaryRow.java,7,4,4,0,0,2,2,1,37,1,2,3,false
0.9.0,addSystemMappingElements,openjpa-persistence/src/main/java/org/apache/openjpa/persistence/XMLPersistenceMetaDataSerializer.java,2,1,0,0,0,0,1,0,45,2,6,0,false
0.9.0,getTransactionManager,openjpa-kernel/src/main/java/org/apache/openjpa/ee/WLSManagedRuntime.java,4,1,1,0,0,1,0,0,45,1,3,0,false
0.9.0,outerJoin,openjpa-jdbc/src/main/java/org/apache/openjpa/jdbc/sql/Joins.java,1,1,0,0,0,0,2,0,37,2,2,0,false
0.9.0,entryRemoved,openjpa-kernel/src/main/java/org/apache/openjpa/datacache/ConcurrentDataCache.java,3,1,0,0,0,0,0,1,45,2,4,0,false
0.9.0,getSourceFile,openjpa-kernel/src/main/java/org/apache/openjpa/meta/PersistenceAwareClass.java,3,1,0,0,0,1,0,0,2,1,1,0,false
0.9.0,getType,openjpa-kernel/src/main/java/org/apache/openjpa/kernel/exps/AggregateVal.java,1,1,0,0,0,0,1,0,45,2,5,0,false
0.9.0,hasVariable,openjpa-jdbc/src/main/java/org/apache/openjpa/jdbc/kernel/exps/MatchesExpression.java,3,1,0,0,0,1,0,1,37,2,3,0,false
0.9.0,next,openjpa-jdbc/src/main/java/org/apache/openjpa/jdbc/kernel/SelectResultObjectProvider.java,3,1,0,0,0,1,0,0,37,2,2,0,false
0.9.0,isSeenVariable,openjpa-kernel/src/main/java/org/apache/openjpa/kernel/exps/AbstractExpressionBuilder.java,3,2,0,0,0,1,2,0,45,2,7,0,false
0.9.0,supportsRandomAccess,openjpa-kernel/src/main/java/org/apache/openjpa/kernel/AbstractPCResultObjectProvider.java,3,1,0,0,0,1,0,0,45,2,5,0,false
0.9.0,writeUnlock,openjpa-kernel/src/main/java/org/apache/openjpa/datacache/DelegatingDataCache.java,9,3,0,0,1,1,0,2,45,2,5,1,false
0.9.0,calculateValue,openjpa-jdbc/src/main/java/org/apache/openjpa/jdbc/kernel/exps/Variable.java,3,2,0,0,0,0,0,1,37,2,3,0,false
0.9.0,getAutoClear,openjpa-kernel/src/main/java/org/apache/openjpa/kernel/BrokerImpl.java,3,1,0,0,0,1,0,0,45,3,11,0,false
0.9.0,remove,openjpa-lib/src/main/java/org/apache/openjpa/lib/util/concurrent/CopyOnWriteArrayList.java,3,1,0,0,0,0,0,0,0,1,5,0,false
0.9.0,endClassMappingElement,openjpa-persistence-jdbc/src/main/java/org/apache/openjpa/persistence/jdbc/XMLPersistenceMappingParser.java,30,10,1,0,0,1,0,10,37,2,3,0,false
0.9.0,clearAllSockets,openjpa-kernel/src/main/java/org/apache/openjpa/event/TCPRemoteCommitProvider.java,3,1,0,0,0,0,1,0,45,2,7,0,false
0.9.0,getSuperclassField,openjpa-kernel/src/main/java/org/apache/openjpa/meta/ClassMetaData.java,5,3,1,0,0,1,1,4,45,3,8,2,false
0.9.0,setDiscriminator,openjpa-jdbc/src/main/java/org/apache/openjpa/jdbc/meta/strats/AbstractDiscriminatorStrategy.java,5,1,3,0,0,0,0,1,37,2,2,2,false
0.9.0,getSchemaSource,openjpa-lib/src/main/java/org/apache/openjpa/lib/meta/XMLMetaDataParser.java,3,1,0,0,0,1,1,0,0,2,9,0,false
0.9.0,setVariable,openjpa-jdbc/src/main/java/org/apache/openjpa/jdbc/sql/SelectImpl.java,4,2,0,0,0,2,0,2,37,2,6,0,false
0.9.0,setConnection2Password,openjpa-kernel/src/main/java/org/apache/openjpa/conf/OpenJPAConfiguration.java,1,1,0,0,0,0,0,0,45,3,8,0,false
0.9.0,settingShortField,openjpa-kernel/src/main/java/org/apache/openjpa/kernel/DetachedStateManager.java,13,3,1,0,1,1,0,3,45,3,7,0,false
0.9.0,setLong,openjpa-lib/src/main/java/org/apache/openjpa/lib/jdbc/DelegatingCallableStatement.java,3,1,0,0,0,0,0,0,0,1,6,0,false
0.9.0,last,openjpa-lib/src/main/java/org/apache/openjpa/lib/jdbc/LoggingConnectionDecorator.java,8,1,0,0,1,1,0,4,0,1,8,0,false
0.9.0,rollback,openjpa-xmlstore/src/main/java/org/apache/openjpa/xmlstore/XMLStoreManager.java,5,1,2,0,0,0,0,0,45,2,6,0,false
0.9.0,hasVariable,openjpa-jdbc/src/main/java/org/apache/openjpa/jdbc/kernel/exps/Math.java,3,1,0,0,0,1,0,0,37,2,4,0,false
0.9.0,removeFromPendingTransaction,openjpa-kernel/src/main/java/org/apache/openjpa/kernel/BrokerImpl.java,10,4,0,0,1,0,2,3,45,3,11,0,false
0.9.0,hasVariable,openjpa-jdbc/src/main/java/org/apache/openjpa/jdbc/kernel/exps/Substring.java,3,1,0,0,0,1,0,0,37,2,4,0,false
0.9.0,getMaxActive,openjpa-kernel/src/main/java/org/apache/openjpa/event/TCPRemoteCommitProvider.java,3,1,0,0,0,1,0,0,45,2,7,0,false
0.9.0,classForName,openjpa-persistence/src/main/java/org/apache/openjpa/persistence/XMLPersistenceMetaDataParser.java,4,2,0,0,0,2,15,1,45,2,6,0,false
0.9.0,clearForeignKey,openjpa-jdbc/src/main/java/org/apache/openjpa/jdbc/sql/PrimaryRow.java,5,3,2,0,0,0,0,0,37,1,2,0,false
0.9.0,getMultithreaded,openjpa-kernel/src/main/java/org/apache/openjpa/conf/OpenJPAConfigurationImpl.java,3,1,0,0,0,1,0,1,45,3,13,0,false
0.9.0,getStore,openjpa-jdbc/src/main/java/org/apache/openjpa/jdbc/kernel/SelectResultObjectProvider.java,3,1,0,0,0,1,7,0,37,2,2,0,false
0.9.0,processReturn,openjpa-kernel/src/main/java/org/apache/openjpa/kernel/BrokerImpl.java,3,2,0,0,0,1,0,1,45,3,11,0,false
0.9.0,setTrackKeys,openjpa-kernel/src/main/java/org/apache/openjpa/util/MapChangeTracker.java,1,1,0,0,0,0,0,0,45,1,4,0,false
0.9.0,getOrderingValue,openjpa-kernel/src/main/java/org/apache/openjpa/datacache/QueryCacheStoreQuery.java,3,1,0,0,0,1,0,1,45,2,7,0,false
0.9.0,removeLifecycleListener,openjpa-persistence/src/main/java/org/apache/openjpa/persistence/EntityManagerFactoryImpl.java,3,1,0,0,0,0,0,0,45,2,8,0,false
0.9.0,setBlob,openjpa-lib/src/main/java/org/apache/openjpa/lib/jdbc/DelegatingCallableStatement.java,3,1,0,0,0,0,0,0,0,1,6,0,false
0.9.0,getResultSetType,openjpa-jdbc/src/main/java/org/apache/openjpa/jdbc/conf/JDBCConfigurationImpl.java,3,1,0,0,0,1,0,1,37,3,6,0,false
0.9.0,fatal,openjpa-lib/src/main/java/org/apache/openjpa/lib/log/MultiLogFactory.java,3,2,1,0,0,0,0,1,0,2,6,0,false
0.9.0,remove,openjpa-kernel/src/main/java/org/apache/openjpa/datacache/QueryCache.java,1,1,0,0,0,0,1,0,45,1,4,0,false
0.9.0,createNamedQuery,openjpa-persistence/src/main/java/org/apache/openjpa/persistence/EntityManagerImpl.java,16,3,6,0,1,1,0,20,45,2,7,8,false
0.9.0,appendIsEmpty,openjpa-jdbc/src/main/java/org/apache/openjpa/jdbc/kernel/exps/PCPath.java,4,2,0,0,0,0,0,0,37,2,6,0,false
0.9.0,findColumn,openjpa-lib/src/main/java/org/apache/openjpa/lib/jdbc/DelegatingResultSet.java,3,1,0,0,0,1,0,0,0,1,4,0,false
0.9.0,getMetaData,openjpa-persistence/src/main/java/org/apache/openjpa/persistence/EntityManagerImpl.java,3,1,0,0,0,1,0,1,45,2,7,0,false
0.9.0,evaluate,openjpa-kernel/src/main/java/org/apache/openjpa/kernel/exps/FilterListener.java,1,1,0,0,0,0,0,0,45,1,4,0,false
0.9.0,isFatalEnabled,openjpa-lib/src/main/java/org/apache/openjpa/lib/log/NoneLogFactory.java,3,1,0,0,0,1,0,0,0,1,5,0,false
0.9.0,getPrimaryKeyFields,openjpa-kernel/src/main/java/org/apache/openjpa/meta/ClassMetaData.java,21,7,9,0,0,1,39,4,45,3,8,0,false
0.9.0,providedCharField,openjpa-kernel/src/main/java/org/apache/openjpa/kernel/DetachedStateManager.java,3,1,1,0,0,0,0,0,45,3,7,0,false
0.9.0,getColumns,openjpa-jdbc/src/main/java/org/apache/openjpa/jdbc/meta/ValueMappingImpl.java,6,4,0,0,0,4,1,3,37,1,2,1,false
0.9.0,classForName,openjpa-kernel/src/main/java/org/apache/openjpa/kernel/QueryContext.java,1,1,0,0,0,0,4,0,45,1,4,0,false
0.9.0,main,openjpa-jdbc/src/main/java/org/apache/openjpa/jdbc/kernel/ClassTableJDBCSeq.java,11,2,3,0,1,0,0,5,37,2,3,0,false
0.9.0,toEagerFetchModeConstant,openjpa-persistence-jdbc/src/main/java/org/apache/openjpa/persistence/jdbc/AnnotationPersistenceMappingParser.java,12,4,0,0,0,3,2,0,37,2,3,0,false
0.9.0,setImplicitType,openjpa-jdbc/src/main/java/org/apache/openjpa/jdbc/kernel/exps/PCPath.java,3,1,1,0,0,0,1,0,37,2,6,0,false
0.9.0,prepareCall,openjpa-lib/src/main/java/org/apache/openjpa/lib/jdbc/DelegatingConnection.java,7,3,3,0,0,1,2,3,0,1,7,0,false
0.9.0,getMaxCatalogNameLength,openjpa-lib/src/main/java/org/apache/openjpa/lib/jdbc/DelegatingDatabaseMetaData.java,3,1,0,0,0,1,0,0,0,1,4,0,false
0.9.0,endConfiguration,openjpa-kernel/src/main/java/org/apache/openjpa/ee/AutomaticManagedRuntime.java,2,1,0,0,0,0,0,0,45,1,4,0,false
0.9.0,getParameterTypes,openjpa-kernel/src/main/java/org/apache/openjpa/kernel/QueryContext.java,1,1,0,0,0,0,3,0,45,1,4,0,false
0.9.0,getVerticalMappings,openjpa-jdbc/src/main/java/org/apache/openjpa/jdbc/kernel/JDBCStoreQuery.java,7,5,1,0,0,3,1,2,37,2,5,0,false
0.9.0,endEntity,openjpa-lib/src/main/java/org/apache/openjpa/lib/meta/XMLMetaDataParser.java,3,2,0,0,0,0,0,1,0,2,9,0,false
0.9.0,getDetachState,openjpa-kernel/src/main/java/org/apache/openjpa/conf/DetachOptions.java,1,1,0,0,0,0,0,0,45,1,3,0,false
0.9.0,setConnectionPassword,openjpa-kernel/src/main/java/org/apache/openjpa/conf/OpenJPAConfiguration.java,1,1,0,0,0,0,1,0,45,3,8,0,false
0.9.0,remove,openjpa-kernel/src/main/java/org/apache/openjpa/util/CollectionChangeTrackerImpl.java,10,9,1,1,0,0,0,5,45,1,4,2,false
0.9.0,getDirty,openjpa-kernel/src/main/java/org/apache/openjpa/kernel/StateManagerImpl.java,3,1,0,0,0,1,3,0,45,3,13,0,false
0.9.0,isSelected,openjpa-jdbc/src/main/java/org/apache/openjpa/jdbc/sql/SelectImpl.java,5,3,1,0,0,2,1,2,37,2,6,0,false
0.9.0,getNontransactionalRead,openjpa-kernel/src/main/java/org/apache/openjpa/conf/OpenJPAConfigurationImpl.java,3,1,0,0,0,1,0,1,45,3,13,0,false
0.9.0,getTableAliases,openjpa-jdbc/src/main/java/org/apache/openjpa/jdbc/sql/LogicalUnion.java,3,1,0,0,0,1,0,1,37,2,4,0,false
0.9.0,requiresPostLoadCallabck,openjpa-kernel/src/main/java/org/apache/openjpa/kernel/StateManagerImpl.java,9,5,3,0,0,3,1,0,45,3,13,4,false
0.9.0,toForeignKeyAction,openjpa-persistence-jdbc/src/main/java/org/apache/openjpa/persistence/jdbc/AnnotationPersistenceMappingParser.java,14,5,0,0,0,4,2,0,37,2,3,0,false
0.9.0,beforeConfigurationConstruct,openjpa-jdbc/src/main/java/org/apache/openjpa/jdbc/conf/JDBCProductDerivation.java,1,1,0,0,0,0,1,0,37,2,2,0,false
0.9.0,getCustomFetchGroups,openjpa-kernel/src/main/java/org/apache/openjpa/meta/FieldMetaData.java,7,6,2,0,0,1,5,2,45,3,10,0,false
0.9.0,clearClassInfo,openjpa-persistence-jdbc/src/main/java/org/apache/openjpa/persistence/jdbc/XMLPersistenceMappingParser.java,5,1,3,0,0,0,2,0,37,2,3,0,false
0.9.0,getGenericContext,openjpa-kernel/src/main/java/org/apache/openjpa/kernel/DetachedStateManager.java,3,1,0,0,0,1,0,0,45,3,7,0,false
0.9.0,getCurrentTime,openjpa-jdbc/src/main/java/org/apache/openjpa/jdbc/kernel/exps/JDBCExpressionFactory.java,3,1,0,0,0,1,0,0,37,3,6,0,false
0.9.0,getSourceType,openjpa-kernel/src/main/java/org/apache/openjpa/meta/PersistenceAwareClass.java,3,1,0,0,0,1,0,0,2,1,1,0,false
0.9.0,getVersionColumns,openjpa-lib/src/main/java/org/apache/openjpa/lib/jdbc/DelegatingDatabaseMetaData.java,3,1,0,0,0,1,0,0,0,1,4,0,false
0.9.0,contains,openjpa-lib/src/main/java/org/apache/openjpa/lib/util/concurrent/CopyOnWriteArrayList.java,3,2,0,1,0,1,0,2,0,1,5,0,false
0.9.0,jjtOpen,openjpa-kernel/src/main/java/org/apache/openjpa/kernel/jpql/JPQLExpressionBuilder.java,2,1,0,0,0,0,0,0,45,2,8,0,false
0.9.0,getDirty,openjpa-kernel/src/main/java/org/apache/openjpa/kernel/DetachedStateManager.java,3,1,0,0,0,1,0,0,45,3,7,0,false
0.9.0,newInstance,openjpa-kernel/src/main/java/org/apache/openjpa/kernel/BrokerImpl.java,12,5,0,0,1,1,0,10,45,3,11,1,false
0.9.0,setConnection2Password,openjpa-kernel/src/main/java/org/apache/openjpa/conf/OpenJPAConfigurationImpl.java,4,1,0,0,0,0,0,2,45,3,13,0,false
0.9.0,writeProperty,openjpa-lib/src/main/java/org/apache/openjpa/lib/util/FormatPreservingProperties.java,13,5,2,0,0,3,2,2,0,1,8,0,false
0.9.0,supportsRandomAccess,openjpa-jdbc/src/main/java/org/apache/openjpa/jdbc/kernel/GenericResultObjectProvider.java,8,2,0,0,1,2,1,0,37,2,3,0,false
0.9.0,isImplDataCacheable,openjpa-kernel/src/main/java/org/apache/openjpa/kernel/StateManagerImpl.java,3,2,0,0,0,1,0,0,45,3,13,0,false
0.9.0,getCatalogSeparator,openjpa-lib/src/main/java/org/apache/openjpa/lib/jdbc/DelegatingDatabaseMetaData.java,3,1,0,0,0,1,0,0,0,1,4,0,false
0.9.0,next,openjpa-kernel/src/main/java/org/apache/openjpa/kernel/BrokerImpl.java,3,1,0,0,0,1,1,6,45,3,11,0,false
0.9.0,begin,openjpa-kernel/src/main/java/org/apache/openjpa/kernel/DelegatingStoreManager.java,3,1,0,0,0,0,1,1,45,3,5,0,false
0.9.0,get,openjpa-lib/src/main/java/org/apache/openjpa/lib/conf/StringValue.java,3,1,0,0,0,1,0,1,0,1,4,0,false
0.9.0,getClassLoader,openjpa-persistence/src/main/java/org/apache/openjpa/persistence/PersistenceUnitInfoImpl.java,3,1,0,0,0,1,0,0,45,1,7,0,false
0.9.0,warn,openjpa-lib/src/main/java/org/apache/openjpa/lib/log/AbstractLog.java,3,2,0,0,0,0,1,4,0,1,6,0,false
0.9.0,getPCDataGenerator,openjpa-kernel/src/main/java/org/apache/openjpa/datacache/DataCacheManagerImpl.java,3,1,0,0,0,1,0,0,45,1,3,0,false
0.9.0,info,openjpa-lib/src/main/java/org/apache/openjpa/lib/log/NoneLogFactory.java,2,1,0,0,0,0,0,0,0,1,5,0,false
0.9.0,wherePrimaryKey,openjpa-jdbc/src/main/java/org/apache/openjpa/jdbc/sql/PrimaryRow.java,5,2,2,0,0,0,0,2,37,1,2,0,false
0.9.0,setSavepointManager,openjpa-kernel/src/main/java/org/apache/openjpa/conf/OpenJPAConfigurationImpl.java,4,1,0,0,0,0,0,2,45,3,13,0,false
0.9.0,storeFloat,openjpa-kernel/src/main/java/org/apache/openjpa/kernel/DetachedStateManager.java,3,1,0,0,0,0,0,0,45,3,7,0,false
0.9.0,generatePrimaryKeys,openjpa-jdbc/src/main/java/org/apache/openjpa/jdbc/schema/SchemaGenerator.java,21,5,3,0,3,0,1,2,37,1,2,3,false
0.9.0,setImplicitType,openjpa-jdbc/src/main/java/org/apache/openjpa/jdbc/kernel/exps/Substring.java,2,1,0,0,0,0,0,0,37,2,4,0,false
0.9.0,mappedStrategy,openjpa-jdbc/src/main/java/org/apache/openjpa/jdbc/meta/MappingRepository.java,19,8,6,0,1,5,3,6,37,2,4,1,false
0.9.0,setLRSSize,openjpa-jdbc/src/main/java/org/apache/openjpa/jdbc/kernel/JDBCFetchConfigurationImpl.java,8,3,3,0,0,1,3,2,37,3,6,1,false
0.9.0,startPackage,openjpa-lib/src/main/java/org/apache/openjpa/lib/meta/CFMetaDataParser.java,3,1,0,0,0,1,1,0,0,1,5,0,false
0.9.0,testInverseNull,openjpa-jdbc/src/main/java/org/apache/openjpa/jdbc/meta/strats/RelationFieldStrategy.java,9,3,2,0,0,0,2,1,37,2,5,3,false
0.9.0,setPrimaryKeyIndex,openjpa-kernel/src/main/java/org/apache/openjpa/meta/FieldMetaData.java,3,1,1,0,0,0,1,0,45,3,10,0,false
0.9.0,writeUnlock,openjpa-kernel/src/main/java/org/apache/openjpa/datacache/DelegatingQueryCache.java,9,3,0,0,1,1,0,2,45,1,4,1,false
0.9.0,getObjects,openjpa-jdbc/src/main/java/org/apache/openjpa/jdbc/schema/XMLSchemaSerializer.java,8,3,1,1,0,3,0,0,37,1,2,0,false
0.9.0,endSQLResultSetMapping,openjpa-persistence-jdbc/src/main/java/org/apache/openjpa/persistence/jdbc/XMLPersistenceMappingParser.java,3,1,0,0,0,0,2,0,37,2,3,0,false
0.9.0,hasField,openjpa-kernel/src/main/java/org/apache/openjpa/kernel/DelegatingFetchConfiguration.java,8,2,0,0,1,1,1,2,45,3,7,1,false
0.9.0,assertObjectIdAssigned,openjpa-kernel/src/main/java/org/apache/openjpa/kernel/StateManagerImpl.java,20,9,6,0,1,1,3,7,45,3,13,2,false
0.9.0,setLargeTransaction,openjpa-kernel/src/main/java/org/apache/openjpa/kernel/BrokerImpl.java,4,1,1,0,0,0,0,1,45,3,11,0,false
0.9.0,length,openjpa-jdbc/src/main/java/org/apache/openjpa/jdbc/kernel/exps/Substring.java,3,1,0,0,0,1,0,0,37,2,4,0,false
0.9.0,parseEnumerated,openjpa-persistence-jdbc/src/main/java/org/apache/openjpa/persistence/jdbc/AnnotationPersistenceMappingParser.java,4,2,1,1,0,0,2,0,37,2,3,1,false
0.9.0,getSubtype,openjpa-kernel/src/main/java/org/apache/openjpa/util/ObjectNotFoundException.java,3,1,0,0,0,1,0,0,45,1,4,0,false
0.9.0,remove,openjpa-kernel/src/main/java/org/apache/openjpa/util/ProxyTreeMap.java,11,3,2,0,0,1,0,0,45,1,4,0,false
0.9.0,getOpenJPA3GeneratedKeySequenceName,openjpa-jdbc/src/main/java/org/apache/openjpa/jdbc/sql/OracleDictionary.java,4,1,1,1,0,1,2,1,37,2,3,3,false
0.9.0,setQueryExpressions,openjpa-kernel/src/main/java/org/apache/openjpa/kernel/exps/SubQ.java,5,1,3,0,0,0,0,0,45,2,4,0,false
0.9.0,setSynchronization,openjpa-kernel/src/main/java/org/apache/openjpa/kernel/BrokerImpl.java,4,1,1,0,0,0,0,1,45,3,11,0,false
0.9.0,getAutoDetach,openjpa-kernel/src/main/java/org/apache/openjpa/conf/OpenJPAConfigurationImpl.java,3,1,0,0,0,1,0,1,45,3,13,0,false
0.9.0,getQueryExpressions,openjpa-kernel/src/main/java/org/apache/openjpa/kernel/jpql/JPQLExpressionBuilder.java,17,4,8,0,0,1,3,25,45,2,8,1,false
0.9.0,fetchInt,openjpa-kernel/src/main/java/org/apache/openjpa/kernel/DetachedStateManager.java,3,1,0,0,0,0,0,0,45,3,7,0,false
0.9.0,removeDoubleProperty,openjpa-lib/src/main/java/org/apache/openjpa/lib/util/Options.java,6,3,2,0,0,1,0,2,0,1,8,0,false
0.9.0,getConnectionDriverName,openjpa-kernel/src/main/java/org/apache/openjpa/conf/OpenJPAConfiguration.java,1,1,0,0,0,0,1,0,45,3,8,0,false
0.9.0,close,openjpa-kernel/src/main/java/org/apache/openjpa/conf/OpenJPAConfigurationImpl.java,5,1,0,0,0,0,0,0,45,3,13,0,false
0.9.0,rollback,openjpa-kernel/src/main/java/org/apache/openjpa/abstractstore/AbstractStoreManager.java,2,1,0,0,0,0,0,0,45,3,6,0,false
0.9.0,setIndex,openjpa-jdbc/src/main/java/org/apache/openjpa/jdbc/sql/PrimaryRow.java,3,1,1,0,0,0,0,0,37,1,2,0,false
0.9.0,nativeSQL,openjpa-lib/src/main/java/org/apache/openjpa/lib/jdbc/DelegatingConnection.java,3,1,0,0,0,1,0,0,0,1,7,0,false
0.9.0,getIntProperty,openjpa-lib/src/main/java/org/apache/openjpa/lib/util/Options.java,5,3,2,0,0,1,0,1,0,1,8,0,false
0.9.0,makeCallback,openjpa-kernel/src/main/java/org/apache/openjpa/event/BeanLifecycleCallbacks.java,6,3,1,0,0,0,0,3,45,1,4,2,false
0.9.0,selectColumns,openjpa-jdbc/src/main/java/org/apache/openjpa/jdbc/kernel/exps/InExpression.java,4,1,0,0,0,0,0,1,37,2,4,0,false
0.9.0,remove,openjpa-kernel/src/main/java/org/apache/openjpa/kernel/BrokerImpl.java,3,1,0,0,0,0,0,0,45,3,11,0,false
0.9.0,getMultithreaded,openjpa-kernel/src/main/java/org/apache/openjpa/conf/OpenJPAConfiguration.java,1,1,0,0,0,0,1,0,45,3,8,0,false
0.9.0,deleteRow,openjpa-lib/src/main/java/org/apache/openjpa/lib/jdbc/DelegatingResultSet.java,3,1,0,0,0,0,0,0,0,1,4,0,false
0.9.0,getValue,openjpa-kernel/src/main/java/org/apache/openjpa/kernel/jpql/JPQLExpressionBuilder.java,3,1,0,0,0,1,17,3,45,2,8,0,false
0.9.0,defaultHandler,openjpa-jdbc/src/main/java/org/apache/openjpa/jdbc/meta/MappingRepository.java,52,38,1,0,0,12,2,9,37,2,4,3,false
0.9.0,newInstance,openjpa-kernel/src/main/java/org/apache/openjpa/util/ProxyTreeMap.java,4,2,0,0,0,2,0,2,45,1,4,0,false
0.9.0,getMappedBy,openjpa-kernel/src/main/java/org/apache/openjpa/meta/FieldMetaData.java,20,10,5,0,0,1,5,8,45,3,10,3,false
0.9.0,clearBatch,openjpa-lib/src/main/java/org/apache/openjpa/lib/jdbc/DelegatingCallableStatement.java,3,1,0,0,0,0,0,0,0,1,6,0,false
0.9.0,createStatement,openjpa-lib/src/main/java/org/apache/openjpa/lib/jdbc/ConfiguringConnectionDecorator.java,5,2,1,0,0,1,0,0,0,1,4,1,false
0.9.0,getAsciiStream,openjpa-lib/src/main/java/org/apache/openjpa/lib/jdbc/DelegatingResultSet.java,3,1,0,0,0,1,0,0,0,1,4,0,false
0.9.0,getLong,openjpa-lib/src/main/java/org/apache/openjpa/lib/jdbc/DelegatingResultSet.java,3,1,0,0,0,1,0,0,0,1,4,0,false
0.9.0,executeQuery,openjpa-jdbc/src/main/java/org/apache/openjpa/jdbc/kernel/SQLStoreQuery.java,48,16,21,0,4,1,0,7,37,2,3,8,false
0.9.0,commit,openjpa-persistence/src/main/java/org/apache/openjpa/persistence/EntityManagerImpl.java,3,1,0,0,0,0,0,1,45,2,7,0,false
0.9.0,postLoad,openjpa-kernel/src/main/java/org/apache/openjpa/kernel/StateManagerImpl.java,20,16,6,0,0,7,12,14,45,3,13,4,false
0.9.0,getSourceIsSystemId,openjpa-lib/src/main/java/org/apache/openjpa/lib/meta/XMLMetaDataParser.java,3,1,0,0,0,1,0,0,0,2,9,0,false
0.9.0,fetchObject,openjpa-kernel/src/main/java/org/apache/openjpa/kernel/DetachedValueStateManager.java,3,1,0,0,0,0,0,0,45,2,5,0,false
0.9.0,removeSequenceMetaData,openjpa-kernel/src/main/java/org/apache/openjpa/meta/MetaDataRepository.java,4,3,0,0,0,2,0,1,45,3,8,0,false
0.9.0,getManagedType,openjpa-kernel/src/main/java/org/apache/openjpa/abstractstore/AbstractStoreManager.java,4,2,0,0,0,2,0,0,45,3,6,0,false
0.9.0,isEmpty,openjpa-jdbc/src/main/java/org/apache/openjpa/jdbc/sql/SelectImpl.java,3,1,0,0,0,1,0,0,37,2,6,0,false
0.9.0,cancel,openjpa-lib/src/main/java/org/apache/openjpa/lib/jdbc/DelegatingPreparedStatement.java,3,1,0,0,0,0,0,0,0,1,6,0,false
0.9.0,getPrimaryKey,openjpa-jdbc/src/main/java/org/apache/openjpa/jdbc/kernel/ClassTableJDBCSeq.java,4,2,0,0,0,2,0,1,37,2,3,0,false
0.9.0,close,openjpa-lib/src/main/java/org/apache/openjpa/lib/jdbc/DelegatingStatement.java,3,1,0,0,0,0,0,0,0,1,5,0,false
0.9.0,changed,openjpa-kernel/src/main/java/org/apache/openjpa/util/MapChangeTracker.java,1,1,0,0,0,0,2,0,45,1,4,0,false
0.9.0,setAttachedCopy,openjpa-kernel/src/main/java/org/apache/openjpa/kernel/AttachManager.java,3,1,0,0,0,0,6,0,45,2,5,0,false
0.9.0,getNonEmptyValue,openjpa-jdbc/src/main/java/org/apache/openjpa/jdbc/meta/JavaSQLTypes.java,37,21,0,0,0,12,1,0,37,2,2,1,false
0.9.0,get,openjpa-kernel/src/main/java/org/apache/openjpa/datacache/DelegatingQueryCache.java,9,3,0,0,1,2,0,2,45,1,4,1,false
0.9.0,getProperty,openjpa-kernel/src/main/java/org/apache/openjpa/conf/OpenJPAVersion.java,4,1,0,0,0,1,1,0,45,2,6,0,false
0.9.0,getListingIndex,openjpa-kernel/src/main/java/org/apache/openjpa/meta/FieldMetaData.java,3,1,0,0,0,1,4,0,45,3,10,0,false
0.9.0,getInt,openjpa-lib/src/main/java/org/apache/openjpa/lib/jdbc/DelegatingCallableStatement.java,3,1,0,0,0,0,0,0,0,1,6,0,false
0.9.0,getMappingPaths,openjpa-jdbc/src/main/java/org/apache/openjpa/jdbc/meta/QueryResultMapping.java,5,2,1,0,0,2,0,0,37,1,2,1,false
0.9.0,isTransactional,openjpa-kernel/src/main/java/org/apache/openjpa/kernel/StateManagerImpl.java,3,2,0,0,0,1,3,0,45,3,13,0,false
0.9.0,readExternal,openjpa-kernel/src/main/java/org/apache/openjpa/datacache/QueryKey.java,11,1,9,0,0,0,0,0,45,2,4,0,false
0.9.0,getFetchBatchSize,openjpa-persistence/src/main/java/org/apache/openjpa/persistence/FetchPlan.java,3,1,0,0,0,1,0,0,45,2,5,0,false
0.9.0,setFetchBatchSize,openjpa-persistence/src/main/java/org/apache/openjpa/persistence/FetchPlan.java,4,1,0,0,0,1,0,0,45,2,5,0,false
0.9.0,getSequence,openjpa-kernel/src/main/java/org/apache/openjpa/conf/OpenJPAConfiguration.java,1,1,0,0,0,0,2,0,45,3,8,0,false
0.9.0,order,openjpa-kernel/src/main/java/org/apache/openjpa/meta/FieldMetaData.java,33,13,9,0,0,5,1,4,45,3,10,2,false
0.9.0,supportsLikeEscapeClause,openjpa-lib/src/main/java/org/apache/openjpa/lib/jdbc/DelegatingDatabaseMetaData.java,3,1,0,0,0,1,0,0,0,1,4,0,false
0.9.0,setImplicitType,openjpa-jdbc/src/main/java/org/apache/openjpa/jdbc/kernel/exps/Args.java,2,1,0,0,0,0,0,0,37,2,3,0,false
0.9.0,hasNodes,openjpa-lib/src/main/java/org/apache/openjpa/lib/util/concurrent/FIFOWaitQueue.java,3,2,0,0,0,1,0,0,0,1,5,0,false
0.9.0,currentQuery,openjpa-kernel/src/main/java/org/apache/openjpa/kernel/jpql/JPQLExpressionBuilder.java,3,3,0,0,0,1,5,2,45,2,8,4,false
0.9.0,afterReturn,openjpa-lib/src/main/java/org/apache/openjpa/lib/jdbc/AbstractJDBCListener.java,3,1,0,0,0,0,0,1,0,1,4,0,false
0.9.0,getInputStream,openjpa-lib/src/main/java/org/apache/openjpa/lib/meta/ClassMetaDataIterator.java,4,3,0,0,0,1,0,1,0,1,5,0,false
0.9.0,providedByteField,openjpa-kernel/src/main/java/org/apache/openjpa/kernel/DetachedValueStateManager.java,3,1,1,0,0,0,0,0,45,2,5,0,false
0.9.0,close,openjpa-jdbc/src/main/java/org/apache/openjpa/jdbc/conf/JDBCConfigurationImpl.java,11,3,0,0,0,0,0,1,37,3,6,2,false
0.9.0,asInt,openjpa-persistence/src/main/java/org/apache/openjpa/persistence/QueryImpl.java,5,3,0,0,0,3,3,0,45,2,6,0,false
0.9.0,removeExtension,openjpa-kernel/src/main/java/org/apache/openjpa/meta/Extensions.java,3,1,0,0,0,1,0,1,45,1,4,0,false
0.9.0,newFetchState,openjpa-kernel/src/main/java/org/apache/openjpa/kernel/DelegatingFetchConfiguration.java,8,2,0,0,1,1,0,2,45,3,7,1,false
0.9.0,get,openjpa-kernel/src/main/java/org/apache/openjpa/datacache/QueryCacheStoreQuery.java,8,4,4,0,0,3,0,4,45,2,7,0,false
0.9.0,getBaseMapping,openjpa-jdbc/src/main/java/org/apache/openjpa/jdbc/kernel/MappedQueryResultObjectProvider.java,3,1,0,0,0,1,0,0,37,2,2,0,false
0.9.0,getRollbackOnly,openjpa-kernel/src/main/java/org/apache/openjpa/kernel/BrokerImpl.java,18,7,1,0,1,3,1,2,45,3,11,3,false
0.9.0,setAggregate,openjpa-jdbc/src/main/java/org/apache/openjpa/jdbc/sql/LogicalUnion.java,3,1,0,0,0,0,0,1,37,2,4,0,false
0.9.0,addComplexColumnMapping,openjpa-jdbc/src/main/java/org/apache/openjpa/jdbc/meta/QueryResultMapping.java,11,3,2,0,0,0,1,4,37,1,2,1,false
0.9.0,newBroker,openjpa-kernel/src/main/java/org/apache/openjpa/kernel/AbstractBrokerFactory.java,32,8,8,0,1,1,5,19,45,2,6,5,false
0.9.0,isPacking,openjpa-kernel/src/main/java/org/apache/openjpa/datacache/QueryCacheStoreQuery.java,3,1,0,0,0,1,0,1,45,2,7,0,false
0.9.0,supportsAlterTableWithDropColumn,openjpa-lib/src/main/java/org/apache/openjpa/lib/jdbc/DelegatingDatabaseMetaData.java,3,1,0,0,0,1,0,0,0,1,4,0,false
0.9.0,clone,openjpa-kernel/src/main/java/org/apache/openjpa/kernel/DelegatingFetchConfiguration.java,8,2,0,0,1,1,0,2,45,3,7,1,false
0.9.0,setMultithreaded,openjpa-kernel/src/main/java/org/apache/openjpa/kernel/BrokerImpl.java,6,4,3,0,0,0,2,2,45,3,11,0,false
0.9.0,setTransactionIsolation,openjpa-lib/src/main/java/org/apache/openjpa/lib/jdbc/ConfiguringConnectionDecorator.java,3,1,1,0,0,0,1,0,0,1,4,0,false
0.9.0,ownDeletesAreVisible,openjpa-kernel/src/main/java/org/apache/openjpa/kernel/BrokerImpl.java,3,1,0,0,0,1,0,0,45,3,11,0,false
0.9.0,retainConnection,openjpa-kernel/src/main/java/org/apache/openjpa/kernel/BrokerImpl.java,6,3,1,0,0,0,3,1,45,3,11,0,false
0.9.0,newSequenceMetaData,openjpa-jdbc/src/main/java/org/apache/openjpa/jdbc/meta/MappingRepository.java,3,1,0,0,0,1,0,0,37,2,4,0,false
0.9.0,endElement,openjpa-persistence/src/main/java/org/apache/openjpa/persistence/ConfigurationProviderImpl.java,34,12,0,0,1,1,0,8,45,2,8,0,false
0.9.0,initializeMapping,openjpa-kernel/src/main/java/org/apache/openjpa/meta/ClassMetaData.java,4,2,1,1,0,0,1,1,45,3,8,2,false
0.9.0,stopTracking,openjpa-kernel/src/main/java/org/apache/openjpa/util/AbstractChangeTracker.java,5,1,2,0,0,0,7,1,45,1,4,0,false
0.9.0,newSequence,openjpa-jdbc/src/main/java/org/apache/openjpa/jdbc/schema/SchemaGroup.java,3,1,0,0,0,1,0,1,37,1,2,0,false
0.9.0,setTarget,openjpa-kernel/src/main/java/org/apache/openjpa/enhance/PCDataGenerator.java,4,2,1,0,0,0,8,0,45,4,8,0,false
0.9.0,getTypeAlias,openjpa-kernel/src/main/java/org/apache/openjpa/meta/ClassMetaData.java,4,2,1,0,0,1,5,1,45,3,8,0,false
0.9.0,storeLongField,openjpa-kernel/src/main/java/org/apache/openjpa/kernel/DetachManager.java,4,1,0,0,0,0,0,1,45,4,9,0,false
0.9.0,getWriteLockMode,openjpa-persistence/src/main/java/org/apache/openjpa/persistence/FetchPlan.java,3,1,0,0,0,1,0,1,45,2,5,0,false
0.9.0,execute,openjpa-kernel/src/main/java/org/apache/openjpa/kernel/BrokerImpl.java,3,1,0,0,0,0,0,0,45,3,11,0,false
0.9.0,select,openjpa-jdbc/src/main/java/org/apache/openjpa/jdbc/kernel/exps/PCPath.java,3,1,0,0,0,0,0,1,37,2,6,0,false
0.9.0,hashCode,openjpa-kernel/src/main/java/org/apache/openjpa/kernel/DelegatingFetchConfiguration.java,3,1,0,0,0,1,1,1,45,3,7,1,false
0.9.0,getSpecification,openjpa-kernel/src/main/java/org/apache/openjpa/conf/OpenJPAConfiguration.java,1,1,0,0,0,0,2,0,45,3,8,0,false
0.9.0,setCustomizerClass,openjpa-jdbc/src/main/java/org/apache/openjpa/jdbc/ant/ReverseMappingToolTask.java,3,1,1,0,0,0,0,0,37,2,2,0,false
0.9.0,hashCode,openjpa-persistence/src/main/java/org/apache/openjpa/persistence/QueryImpl.java,3,1,0,0,0,1,0,0,45,2,6,0,false
0.9.0,writeLock,openjpa-kernel/src/main/java/org/apache/openjpa/datacache/DelegatingDataCache.java,9,3,0,0,1,1,0,2,45,2,5,1,false
0.9.0,addVersionMethods,openjpa-kernel/src/main/java/org/apache/openjpa/enhance/PCDataGenerator.java,24,1,5,0,0,0,1,1,45,4,8,11,false
0.9.0,getSingleResult,openjpa-persistence/src/main/java/org/apache/openjpa/persistence/QueryImpl.java,15,4,4,0,1,2,0,10,45,2,6,0,false
0.9.0,newJoins,openjpa-jdbc/src/main/java/org/apache/openjpa/jdbc/sql/LogicalUnion.java,3,1,0,0,0,1,0,1,37,2,4,0,false
0.9.0,insertRow,openjpa-lib/src/main/java/org/apache/openjpa/lib/jdbc/DelegatingResultSet.java,3,1,0,0,0,0,0,0,0,1,4,0,false
0.9.0,setLock,openjpa-kernel/src/main/java/org/apache/openjpa/kernel/OpenJPAStateManager.java,1,1,0,0,0,0,0,0,45,2,5,0,false
0.9.0,getName,openjpa-kernel/src/main/java/org/apache/openjpa/datacache/AbstractDataCache.java,3,1,0,0,0,1,5,0,45,2,5,0,false
0.9.0,isObjectIdTypeShared,openjpa-kernel/src/main/java/org/apache/openjpa/meta/ClassMetaData.java,5,3,0,0,0,3,9,3,45,3,8,1,false
0.9.0,getDiscriminatorValue,openjpa-jdbc/src/main/java/org/apache/openjpa/jdbc/meta/strats/ValueMapDiscriminatorStrategy.java,4,2,1,0,0,1,0,0,37,1,2,1,false
0.9.0,appendTo,openjpa-jdbc/src/main/java/org/apache/openjpa/jdbc/kernel/exps/NotContainsExpression.java,13,2,3,0,0,0,0,5,37,2,3,3,false
0.9.0,getHint,openjpa-kernel/src/main/java/org/apache/openjpa/kernel/DelegatingFetchConfiguration.java,8,2,0,0,1,1,0,2,45,3,7,1,false
0.9.0,toOrderAlias,openjpa-jdbc/src/main/java/org/apache/openjpa/jdbc/sql/SelectImpl.java,5,3,0,1,0,3,4,0,37,2,6,0,false
0.9.0,whereForeignKey,openjpa-jdbc/src/main/java/org/apache/openjpa/jdbc/meta/ValueMappingImpl.java,5,4,1,0,0,0,0,1,37,1,2,0,false
0.9.0,afterCommit,openjpa-lib/src/main/java/org/apache/openjpa/lib/jdbc/AbstractJDBCListener.java,1,1,0,0,0,0,1,0,0,1,4,0,false
0.9.0,getSetter,openjpa-kernel/src/main/java/org/apache/openjpa/util/ImplHelper.java,10,2,2,1,1,1,2,1,45,3,10,1,false
0.9.0,getSocket,openjpa-kernel/src/main/java/org/apache/openjpa/event/TCPRemoteCommitProvider.java,3,1,0,0,0,1,1,0,45,2,7,0,false
0.9.0,setTransactionIsolation,openjpa-lib/src/main/java/org/apache/openjpa/lib/jdbc/DelegatingConnection.java,3,1,0,0,0,0,0,0,0,1,7,0,false
0.9.0,joinRelation,openjpa-jdbc/src/main/java/org/apache/openjpa/jdbc/kernel/exps/PCPath.java,6,3,3,0,0,1,2,0,37,2,6,0,false
0.9.0,getClientConnection,openjpa-jdbc/src/main/java/org/apache/openjpa/jdbc/kernel/JDBCStoreManager.java,3,1,0,0,0,1,0,3,37,3,9,0,false
0.9.0,removeInternal,openjpa-kernel/src/main/java/org/apache/openjpa/datacache/ConcurrentDataCache.java,3,1,0,0,0,1,0,0,45,2,4,0,false
0.9.0,reset,openjpa-jdbc/src/main/java/org/apache/openjpa/jdbc/kernel/GenericResultObjectProvider.java,3,1,0,0,0,0,0,0,37,2,3,0,false
0.9.0,getFilterListeners,openjpa-kernel/src/main/java/org/apache/openjpa/conf/OpenJPAConfigurationImpl.java,3,1,0,0,0,1,0,0,45,3,13,0,false
0.9.0,getJoins,openjpa-jdbc/src/main/java/org/apache/openjpa/jdbc/kernel/exps/StringFunction.java,3,1,0,0,0,1,0,0,37,2,4,0,false
0.9.0,getColumns,openjpa-lib/src/main/java/org/apache/openjpa/lib/jdbc/LoggingConnectionDecorator.java,4,2,0,1,0,1,0,2,0,1,8,0,false
0.9.0,isQueryMode,openjpa-persistence/src/main/java/org/apache/openjpa/persistence/AnnotationPersistenceMetaDataParser.java,3,2,0,0,0,1,2,0,45,3,11,0,false
0.9.0,startLob,openjpa-persistence-jdbc/src/main/java/org/apache/openjpa/persistence/jdbc/XMLPersistenceMappingParser.java,7,2,1,0,0,2,0,0,37,2,3,0,false
0.9.0,getMessage,openjpa-kernel/src/main/java/org/apache/openjpa/util/ReferentialIntegrityException.java,10,3,0,0,0,3,1,0,45,1,4,3,false
0.9.0,getTables,openjpa-lib/src/main/java/org/apache/openjpa/lib/jdbc/LoggingConnectionDecorator.java,4,2,0,1,0,1,0,2,0,1,8,0,false
0.9.0,commit,openjpa-lib/src/main/java/org/apache/openjpa/lib/jdbc/LoggingConnectionDecorator.java,10,2,1,0,1,0,0,4,0,1,8,0,false
0.9.0,onTypesChanged,openjpa-kernel/src/main/java/org/apache/openjpa/datacache/AbstractQueryCache.java,21,6,6,0,1,0,1,11,45,2,7,0,false
0.9.0,buildSequence,openjpa-jdbc/src/main/java/org/apache/openjpa/jdbc/kernel/NativeJDBCSeq.java,11,2,6,0,0,0,1,1,37,2,2,2,false
0.9.0,appendTo,openjpa-jdbc/src/main/java/org/apache/openjpa/jdbc/kernel/exps/PCPath.java,5,2,1,0,0,0,1,1,37,2,6,0,false
0.9.0,setAction,openjpa-jdbc/src/main/java/org/apache/openjpa/jdbc/ant/SchemaToolTask.java,3,1,1,0,0,0,0,0,37,2,3,0,false
0.9.0,getName,openjpa-kernel/src/main/java/org/apache/openjpa/meta/FieldMetaData.java,3,1,0,0,0,1,63,0,45,3,10,0,false
0.9.0,supportsSavepoints,openjpa-lib/src/main/java/org/apache/openjpa/lib/jdbc/DelegatingDatabaseMetaData.java,3,1,0,0,0,0,0,0,0,1,4,0,false
0.9.0,setObjectId,openjpa-kernel/src/main/java/org/apache/openjpa/kernel/OpenJPAStateManager.java,1,1,0,0,0,0,1,0,45,2,5,0,false
0.9.0,getAutoDetach,openjpa-kernel/src/main/java/org/apache/openjpa/conf/OpenJPAConfiguration.java,1,1,0,0,0,0,0,0,45,3,8,0,false
0.9.0,putBytes,openjpa-jdbc/src/main/java/org/apache/openjpa/jdbc/sql/OracleDictionary.java,12,4,1,0,1,1,0,1,37,2,3,1,false
0.9.0,isTraceEnabled,openjpa-lib/src/main/java/org/apache/openjpa/lib/log/AbstractLog.java,3,1,0,0,0,1,1,1,0,1,6,0,false
0.9.0,newRepository,openjpa-persistence/src/main/java/org/apache/openjpa/persistence/AnnotationPersistenceMetaDataParser.java,3,1,0,0,0,1,1,0,45,3,11,0,false
0.9.0,isInnerClass,openjpa-kernel/src/main/java/org/apache/openjpa/enhance/ApplicationIdTool.java,4,2,1,0,0,1,4,1,45,2,6,2,false
0.9.0,setMaxFieldSize,openjpa-lib/src/main/java/org/apache/openjpa/lib/jdbc/DelegatingPreparedStatement.java,3,1,0,0,0,0,0,0,0,1,6,0,false
0.9.0,insert,openjpa-jdbc/src/main/java/org/apache/openjpa/jdbc/meta/strats/InValueDiscriminatorStrategy.java,5,2,2,0,0,0,0,4,37,2,2,3,false
0.9.0,removeQueryResultMapping,openjpa-jdbc/src/main/java/org/apache/openjpa/jdbc/meta/MappingRepository.java,3,2,0,0,0,1,0,1,37,2,4,0,false
0.9.0,getDelegate,openjpa-lib/src/main/java/org/apache/openjpa/lib/jdbc/DelegatingStatement.java,3,1,0,0,0,1,4,0,0,1,5,0,false
0.9.0,endFieldMapping,openjpa-persistence-jdbc/src/main/java/org/apache/openjpa/persistence/jdbc/XMLPersistenceMappingParser.java,47,21,2,0,0,0,0,2,37,2,3,4,false
0.9.0,endPrimaryKey,openjpa-jdbc/src/main/java/org/apache/openjpa/jdbc/schema/XMLSchemaParser.java,4,1,1,0,0,0,1,0,37,1,2,0,false
0.9.0,startConfiguration,openjpa-kernel/src/main/java/org/apache/openjpa/datacache/AbstractQueryCache.java,2,1,0,0,0,0,0,0,45,2,7,0,false
0.9.0,setJtaDataSource,openjpa-persistence/src/main/java/org/apache/openjpa/persistence/PersistenceUnitInfoImpl.java,4,2,2,0,0,0,1,0,45,1,7,0,false
0.9.0,setMaxFetchDepth,openjpa-kernel/src/main/java/org/apache/openjpa/conf/OpenJPAConfigurationImpl.java,4,1,0,0,0,0,1,1,45,3,13,0,false
0.9.0,executeDelete,openjpa-kernel/src/main/java/org/apache/openjpa/kernel/ExpressionStoreQuery.java,3,1,0,0,0,1,1,0,45,2,6,0,false
0.9.0,bindParameterTypes,openjpa-kernel/src/main/java/org/apache/openjpa/kernel/MethodStoreQuery.java,22,6,7,4,1,3,1,5,45,2,5,4,false
0.9.0,getUDTs,openjpa-lib/src/main/java/org/apache/openjpa/lib/jdbc/DelegatingDatabaseMetaData.java,3,1,0,0,0,1,0,0,0,1,4,0,false
0.9.0,fetchFloat,openjpa-kernel/src/main/java/org/apache/openjpa/kernel/DetachedValueStateManager.java,3,1,0,0,0,0,0,0,45,2,5,0,false
0.9.0,setDeclaredIndex,openjpa-kernel/src/main/java/org/apache/openjpa/meta/FieldMetaData.java,3,1,1,0,0,0,2,0,45,3,10,0,false
0.9.0,removeJoin,openjpa-jdbc/src/main/java/org/apache/openjpa/jdbc/kernel/JDBCFetchConfigurationImpl.java,10,2,0,0,1,1,0,2,37,3,6,1,false
0.9.0,getAccessPathMetaDatas,openjpa-kernel/src/main/java/org/apache/openjpa/datacache/QueryCacheStoreQuery.java,3,1,0,0,0,1,2,1,45,2,7,0,false
0.9.0,finalize,openjpa-kernel/src/main/java/org/apache/openjpa/kernel/BrokerImpl.java,4,2,0,0,0,0,0,2,45,3,11,0,false
0.9.0,order,openjpa-kernel/src/main/java/org/apache/openjpa/kernel/exps/InMemoryExpressionFactory.java,3,1,0,0,0,1,1,1,45,3,6,0,false
0.9.0,setMaxResults,openjpa-persistence/src/main/java/org/apache/openjpa/persistence/QueryImpl.java,6,2,1,1,0,1,0,2,45,2,6,0,false
0.9.0,getMaxResults,openjpa-persistence/src/main/java/org/apache/openjpa/persistence/QueryImpl.java,3,1,0,1,0,1,0,2,45,2,6,0,false
0.9.0,isDependent,openjpa-jdbc/src/main/java/org/apache/openjpa/jdbc/sql/PrimaryRow.java,3,2,0,0,0,1,0,0,37,1,2,0,false
0.9.0,orderBy,openjpa-jdbc/src/main/java/org/apache/openjpa/jdbc/sql/SelectImpl.java,3,1,0,0,0,1,2,1,37,2,6,0,false
0.9.0,setUsesIntermediate,openjpa-kernel/src/main/java/org/apache/openjpa/meta/FieldMetaData.java,4,1,1,0,0,0,2,1,45,3,10,0,false
0.9.0,getIgnoreErrors,openjpa-kernel/src/main/java/org/apache/openjpa/enhance/ApplicationIdTool.java,3,1,0,0,0,1,0,0,45,2,6,0,false
0.9.0,getData,openjpa-kernel/src/main/java/org/apache/openjpa/datacache/DataCachePCDataImpl.java,3,1,0,0,0,1,0,0,45,1,3,0,false
0.9.0,getCurrentTime,openjpa-kernel/src/main/java/org/apache/openjpa/kernel/exps/InMemoryExpressionFactory.java,3,1,0,0,0,1,0,0,45,3,6,0,false
0.9.0,validateLRS,openjpa-kernel/src/main/java/org/apache/openjpa/meta/FieldMetaData.java,6,7,0,0,0,1,1,4,45,3,10,1,false
0.9.0,supportsStatementPooling,openjpa-lib/src/main/java/org/apache/openjpa/lib/jdbc/DelegatingDatabaseMetaData.java,3,1,0,0,0,0,0,0,0,1,4,0,false
0.9.0,setEmbedded,openjpa-kernel/src/main/java/org/apache/openjpa/meta/FieldMetaData.java,3,1,0,0,0,0,5,1,45,3,10,0,false
0.9.0,getEmbeddedMetaData,openjpa-kernel/src/main/java/org/apache/openjpa/meta/FieldMetaData.java,3,1,0,0,0,1,14,1,45,3,10,0,false
0.9.0,last,openjpa-kernel/src/main/java/org/apache/openjpa/kernel/exps/CandidatePath.java,10,4,2,0,0,3,0,0,45,2,6,0,false
0.9.0,getConnectionFactoryName,openjpa-kernel/src/main/java/org/apache/openjpa/conf/OpenJPAConfiguration.java,1,1,0,0,0,0,0,0,45,3,8,0,false
0.9.0,setExternalizer,openjpa-kernel/src/main/java/org/apache/openjpa/meta/FieldMetaData.java,4,1,2,0,0,0,1,0,45,3,10,0,false
0.9.0,select,openjpa-jdbc/src/main/java/org/apache/openjpa/jdbc/kernel/JDBCStoreManager.java,7,3,2,0,0,1,4,1,37,3,9,0,false
0.9.0,removeAll,openjpa-persistence/src/main/java/org/apache/openjpa/persistence/XMLPersistenceMetaDataSerializer.java,11,5,10,0,0,2,0,6,45,2,6,0,false
0.9.0,flush,openjpa-xmlstore/src/main/java/org/apache/openjpa/xmlstore/XMLStoreManager.java,33,8,15,3,0,1,0,6,45,2,6,7,false
0.9.0,addClassMappingAttributes,openjpa-persistence/src/main/java/org/apache/openjpa/persistence/XMLPersistenceMetaDataSerializer.java,2,1,0,0,0,0,1,0,45,2,6,0,false
0.9.0,getEntityManager,openjpa-persistence/src/main/java/org/apache/openjpa/persistence/QueryImpl.java,3,1,0,0,0,1,0,0,45,2,6,0,false
0.9.0,newConfiguration,openjpa-kernel/src/main/java/org/apache/openjpa/ant/MetaDataToolTask.java,3,1,0,0,0,1,0,1,45,2,5,0,false
0.9.0,getShort,openjpa-lib/src/main/java/org/apache/openjpa/lib/jdbc/DelegatingCallableStatement.java,3,1,0,0,0,0,0,0,0,1,6,0,false
0.9.0,supportsCatalogsInTableDefinitions,openjpa-lib/src/main/java/org/apache/openjpa/lib/jdbc/DelegatingDatabaseMetaData.java,3,1,0,0,0,1,0,0,0,1,4,0,false
0.9.0,writeUnlock,openjpa-kernel/src/main/java/org/apache/openjpa/datacache/ConcurrentDataCache.java,3,1,0,0,0,0,0,0,45,2,4,0,false
0.9.0,getIndexes,openjpa-jdbc/src/main/java/org/apache/openjpa/jdbc/schema/SchemaGenerator.java,3,1,0,0,0,1,0,0,37,1,2,0,false
0.9.0,getProxyType,openjpa-kernel/src/main/java/org/apache/openjpa/meta/FieldMetaData.java,3,2,0,0,0,1,3,1,45,3,10,0,false
0.9.0,getAutoClear,openjpa-persistence/src/main/java/org/apache/openjpa/persistence/EntityManagerImpl.java,3,1,0,0,0,1,0,1,45,2,7,0,false
0.9.0,setValueSequenceName,openjpa-kernel/src/main/java/org/apache/openjpa/meta/FieldMetaData.java,5,2,2,0,0,0,3,1,45,3,10,0,false
0.9.0,record,openjpa-kernel/src/main/java/org/apache/openjpa/enhance/ApplicationIdTool.java,13,4,4,0,0,1,3,1,45,2,6,2,false
0.9.0,cancelAll,openjpa-jdbc/src/main/java/org/apache/openjpa/jdbc/kernel/JDBCStoreManager.java,14,4,2,0,1,2,0,0,37,3,9,0,false
0.9.0,newValueMetaData,openjpa-kernel/src/main/java/org/apache/openjpa/meta/MetaDataRepository.java,3,1,0,0,0,1,1,1,45,3,8,0,false
0.9.0,close,openjpa-kernel/src/main/java/org/apache/openjpa/datacache/DelegatingQueryCache.java,9,3,0,0,1,1,0,2,45,1,4,1,false
0.9.0,setParams,openjpa-kernel/src/main/java/org/apache/openjpa/datacache/QueryKey.java,36,19,12,0,0,4,4,0,45,2,4,5,false
0.9.0,getUserObject,openjpa-kernel/src/main/java/org/apache/openjpa/kernel/AbstractBrokerFactory.java,10,2,0,0,1,1,0,3,45,2,6,0,false
0.9.0,hashCode,openjpa-kernel/src/main/java/org/apache/openjpa/datacache/DelegatingQueryCache.java,3,1,0,0,0,1,1,1,45,1,4,1,false
0.9.0,getPersistedClasses,openjpa-persistence/src/main/java/org/apache/openjpa/persistence/EntityManagerImpl.java,3,1,0,0,0,1,0,1,45,2,7,0,false
0.9.0,getDefaultTransactionIsolation,openjpa-lib/src/main/java/org/apache/openjpa/lib/jdbc/DelegatingDatabaseMetaData.java,3,1,0,0,0,1,0,0,0,1,4,0,false
0.9.0,setDependent,openjpa-jdbc/src/main/java/org/apache/openjpa/jdbc/sql/PrimaryRow.java,4,2,2,0,0,0,0,0,37,1,2,0,false
0.9.0,getResultObject,openjpa-jdbc/src/main/java/org/apache/openjpa/jdbc/kernel/MappedQueryResultObjectProvider.java,10,7,7,2,0,3,0,2,37,2,2,0,false
0.9.0,getType,openjpa-jdbc/src/main/java/org/apache/openjpa/jdbc/kernel/exps/CurrentDate.java,3,1,0,0,0,1,0,0,37,2,2,0,false
0.9.0,isUnaccessedVariable,openjpa-jdbc/src/main/java/org/apache/openjpa/jdbc/kernel/exps/PCPath.java,3,2,0,0,0,1,1,0,37,2,6,0,false
0.9.0,endStrategy,openjpa-persistence/src/main/java/org/apache/openjpa/persistence/XMLPersistenceMetaDataParser.java,3,1,0,0,0,0,1,1,45,2,6,0,false
0.9.0,getJoins,openjpa-jdbc/src/main/java/org/apache/openjpa/jdbc/kernel/exps/IndexOf.java,3,1,0,0,0,1,0,0,37,2,4,0,false
0.9.0,getConfiguration,openjpa-kernel/src/main/java/org/apache/openjpa/enhance/PCDataGenerator.java,3,1,0,0,0,1,0,0,45,4,8,0,false
0.9.0,setValidating,openjpa-lib/src/main/java/org/apache/openjpa/lib/meta/XMLMetaDataParser.java,3,1,1,0,0,0,2,0,0,2,9,0,false
0.9.0,getDetachedState,openjpa-kernel/src/main/java/org/apache/openjpa/kernel/DetachManager.java,15,6,8,3,0,1,3,7,45,4,9,1,false
0.9.0,startCascade,openjpa-persistence/src/main/java/org/apache/openjpa/persistence/XMLPersistenceMetaDataParser.java,18,14,6,0,0,2,2,2,45,2,6,2,false
0.9.0,getValue,openjpa-jdbc/src/main/java/org/apache/openjpa/jdbc/kernel/exps/CurrentDate.java,3,1,0,0,0,1,0,0,37,2,2,0,false
0.9.0,addTable,openjpa-jdbc/src/main/java/org/apache/openjpa/jdbc/schema/XMLSchemaSerializer.java,3,2,0,0,0,0,1,0,37,1,2,0,false
0.9.0,deletesAreDetected,openjpa-lib/src/main/java/org/apache/openjpa/lib/jdbc/DelegatingDatabaseMetaData.java,3,1,0,0,0,1,0,0,0,1,4,0,false
0.9.0,join,openjpa-jdbc/src/main/java/org/apache/openjpa/jdbc/meta/strats/RelationToManyTableFieldStrategy.java,3,1,0,0,0,1,0,1,37,2,4,0,false
0.9.0,hashCode,openjpa-kernel/src/main/java/org/apache/openjpa/kernel/BrokerImpl.java,3,1,0,1,0,1,0,0,45,3,11,0,false
0.9.0,getBrokerFactory,openjpa-kernel/src/main/java/org/apache/openjpa/conf/OpenJPAConfigurationImpl.java,3,1,0,0,0,1,0,0,45,3,13,0,false
0.9.0,getBroker,openjpa-persistence/src/main/java/org/apache/openjpa/persistence/EntityManagerImpl.java,3,1,0,0,0,1,4,1,45,2,7,0,false
0.9.0,getStorageGenerator,openjpa-kernel/src/main/java/org/apache/openjpa/enhance/PCDataGenerator.java,1,1,0,0,0,0,0,0,45,4,8,0,false
0.9.0,useUntypedPCHandler,openjpa-jdbc/src/main/java/org/apache/openjpa/jdbc/meta/MappingRepository.java,4,4,1,0,0,1,2,5,37,2,4,4,false
0.9.0,flush,openjpa-jdbc/src/main/java/org/apache/openjpa/jdbc/kernel/PreparedStatementManagerImpl.java,2,1,0,0,0,0,0,0,37,1,3,0,false
0.9.0,populateFromCompilation,openjpa-kernel/src/main/java/org/apache/openjpa/kernel/ExpressionStoreQuery.java,3,1,0,0,0,0,0,0,45,2,6,0,false
0.9.0,getLanguage,openjpa-kernel/src/main/java/org/apache/openjpa/kernel/QueryContext.java,1,1,0,0,0,0,3,0,45,1,4,0,false
0.9.0,getLoginTimeout,openjpa-lib/src/main/java/org/apache/openjpa/lib/jdbc/DelegatingDataSource.java,3,1,0,0,0,1,0,0,0,1,5,0,false
0.9.0,setMetaData,openjpa-jdbc/src/main/java/org/apache/openjpa/jdbc/kernel/exps/PCPath.java,3,1,1,0,0,0,2,0,37,2,6,0,false
0.9.0,startExcludeSuperclassListeners,openjpa-persistence/src/main/java/org/apache/openjpa/persistence/XMLPersistenceMetaDataParser.java,6,2,1,0,0,2,1,3,45,2,6,2,false
0.9.0,initialize,openjpa-kernel/src/main/java/org/apache/openjpa/kernel/AbstractPCResultObjectProvider.java,4,1,0,0,0,0,0,2,45,2,5,0,false
0.9.0,getNonJtaDataSource,openjpa-persistence/src/main/java/org/apache/openjpa/persistence/PersistenceUnitInfoImpl.java,3,1,0,0,0,1,0,0,45,1,7,0,false
0.9.0,parseEmbeddedMapping,openjpa-persistence-jdbc/src/main/java/org/apache/openjpa/persistence/jdbc/AnnotationPersistenceMappingParser.java,21,9,7,0,0,1,2,6,37,2,3,1,false
0.9.0,afterSpecificationSet,openjpa-jdbc/src/main/java/org/apache/openjpa/jdbc/conf/JDBCProductDerivation.java,1,1,0,0,0,0,1,0,37,2,2,0,false
0.9.0,getVersion,openjpa-kernel/src/main/java/org/apache/openjpa/datacache/DataCachePCDataImpl.java,3,1,0,0,0,1,0,0,45,1,3,0,false
0.9.0,ownInsertsAreVisible,openjpa-kernel/src/main/java/org/apache/openjpa/kernel/BrokerImpl.java,3,1,0,0,0,1,0,0,45,3,11,0,false
0.9.0,select,openjpa-jdbc/src/main/java/org/apache/openjpa/jdbc/kernel/exps/SelectConstructor.java,34,16,11,0,0,0,0,0,37,2,8,1,false
0.9.0,validateObject,openjpa-kernel/src/main/java/org/apache/openjpa/event/TCPRemoteCommitProvider.java,3,1,0,0,0,1,0,0,45,2,7,0,false
0.9.0,length,openjpa-jdbc/src/main/java/org/apache/openjpa/jdbc/kernel/exps/StringFunction.java,3,1,0,0,0,1,0,0,37,2,4,0,false
0.9.0,getExpressionFactory,openjpa-jdbc/src/main/java/org/apache/openjpa/jdbc/kernel/JDBCStoreQuery.java,3,1,0,0,0,1,0,0,37,2,5,0,false
0.9.0,set,openjpa-lib/src/main/java/org/apache/openjpa/lib/conf/PluginValue.java,7,2,3,0,0,0,0,5,0,1,5,0,false
0.9.0,getEmbeddedMapping,openjpa-jdbc/src/main/java/org/apache/openjpa/jdbc/meta/ValueMappingImpl.java,3,1,0,0,0,1,4,1,37,1,2,0,false
0.9.0,newStoreManager,openjpa-kernel/src/main/java/org/apache/openjpa/kernel/AbstractBrokerFactory.java,1,1,0,0,0,0,3,0,45,2,6,0,false
0.9.0,isVersionUpdateRequired,openjpa-kernel/src/main/java/org/apache/openjpa/kernel/DetachedValueStateManager.java,3,1,0,0,0,0,0,0,45,2,5,0,false
0.9.0,newMetaDataFactoryInstance,openjpa-kernel/src/main/java/org/apache/openjpa/conf/OpenJPAConfiguration.java,1,1,0,0,0,0,2,0,45,3,8,0,false
0.9.0,setBinaryStream,openjpa-lib/src/main/java/org/apache/openjpa/lib/jdbc/LoggingConnectionDecorator.java,4,1,0,0,0,0,0,1,0,1,8,0,false
0.9.0,getSecondaryRow,openjpa-jdbc/src/main/java/org/apache/openjpa/jdbc/sql/RowManagerImpl.java,3,1,0,0,0,1,0,0,37,1,2,0,false
0.9.0,newCacheMap,openjpa-kernel/src/main/java/org/apache/openjpa/datacache/ConcurrentQueryCache.java,3,1,0,0,0,1,0,0,45,2,4,0,false
0.9.0,error,openjpa-lib/src/main/java/org/apache/openjpa/lib/log/AbstractLog.java,3,1,0,0,0,0,0,2,0,1,6,0,false
0.9.0,getCatalogs,openjpa-lib/src/main/java/org/apache/openjpa/lib/jdbc/LoggingConnectionDecorator.java,4,2,0,0,0,1,0,2,0,1,8,0,false
0.9.0,isTypeUnjoinedSubclass,openjpa-jdbc/src/main/java/org/apache/openjpa/jdbc/meta/strats/RelationFieldStrategy.java,5,3,2,0,0,2,1,1,37,2,5,0,false
0.9.0,executeExtent,openjpa-jdbc/src/main/java/org/apache/openjpa/jdbc/kernel/JDBCStoreManager.java,48,14,19,0,1,4,0,11,37,3,9,3,false
0.9.0,setResultClass,openjpa-persistence/src/main/java/org/apache/openjpa/persistence/QueryImpl.java,5,2,0,0,0,1,0,5,45,2,6,0,false
0.9.0,setEvictFromStoreCache,openjpa-persistence/src/main/java/org/apache/openjpa/persistence/EntityManagerImpl.java,3,1,0,0,0,0,0,3,45,2,7,0,false
0.9.0,setDouble,openjpa-lib/src/main/java/org/apache/openjpa/lib/jdbc/DelegatingPreparedStatement.java,3,1,0,0,0,0,0,0,0,1,6,0,false
0.9.0,select,openjpa-jdbc/src/main/java/org/apache/openjpa/jdbc/meta/strats/InValueDiscriminatorStrategy.java,5,2,0,0,0,2,0,2,37,2,2,0,false
0.9.0,getFlushed,openjpa-kernel/src/main/java/org/apache/openjpa/kernel/DetachedValueStateManager.java,3,1,0,0,0,0,0,0,45,2,5,0,false
0.9.0,parseVersionColumns,openjpa-persistence-jdbc/src/main/java/org/apache/openjpa/persistence/jdbc/AnnotationPersistenceMappingParser.java,6,3,1,0,0,1,1,2,37,2,3,0,false
0.9.0,appendIsNull,openjpa-jdbc/src/main/java/org/apache/openjpa/jdbc/kernel/exps/Variable.java,2,1,0,0,0,0,0,0,37,2,3,0,false
0.9.0,registerImplementation,openjpa-kernel/src/main/java/org/apache/openjpa/util/StoreFacadeTypeRegistry.java,4,2,1,0,0,0,0,1,27,1,2,0,false
0.9.0,setVersion,openjpa-kernel/src/main/java/org/apache/openjpa/datacache/DataCachePCDataImpl.java,3,1,0,0,0,0,0,0,45,1,3,0,false
0.9.0,setImplicitType,openjpa-kernel/src/main/java/org/apache/openjpa/kernel/exps/AggregateVal.java,2,1,0,0,0,0,0,0,45,2,5,0,false
0.9.0,broadcast,openjpa-kernel/src/main/java/org/apache/openjpa/event/SingleJVMRemoteCommitProvider.java,8,3,2,0,0,0,0,0,45,2,4,0,false
0.9.0,beforeOptimisticWrite,openjpa-kernel/src/main/java/org/apache/openjpa/kernel/PNonTransState.java,4,2,0,0,0,2,0,3,45,2,4,1,false
0.9.0,getString,openjpa-lib/src/main/java/org/apache/openjpa/lib/jdbc/DelegatingCallableStatement.java,3,1,0,0,0,1,0,0,0,1,6,0,false
0.9.0,setPrimaryKeys,openjpa-jdbc/src/main/java/org/apache/openjpa/jdbc/ant/SchemaToolTask.java,3,1,1,0,0,0,0,0,37,2,3,0,false
0.9.0,getKey,openjpa-kernel/src/main/java/org/apache/openjpa/meta/FieldMetaData.java,3,1,0,0,0,1,34,0,45,3,10,0,false
0.9.0,calculateValue,openjpa-jdbc/src/main/java/org/apache/openjpa/jdbc/kernel/exps/StringFunction.java,3,1,0,0,0,0,1,0,37,2,4,0,false
0.9.0,setRemoteCommitEventManager,openjpa-kernel/src/main/java/org/apache/openjpa/conf/OpenJPAConfiguration.java,1,1,0,0,0,0,0,0,45,3,8,0,false
0.9.0,setRelationId,openjpa-jdbc/src/main/java/org/apache/openjpa/jdbc/sql/PrimaryRow.java,13,7,6,0,0,0,0,3,37,1,2,1,false
0.9.0,join,openjpa-jdbc/src/main/java/org/apache/openjpa/jdbc/sql/Joins.java,1,1,0,0,0,0,8,0,37,2,2,0,false
0.9.0,getNewline,openjpa-lib/src/main/java/org/apache/openjpa/lib/jdbc/SQLFormatter.java,3,1,0,0,0,1,0,0,0,1,4,0,false
0.9.0,hasGrouping,openjpa-kernel/src/main/java/org/apache/openjpa/kernel/QueryContext.java,1,1,0,0,0,0,1,0,45,1,4,0,false
0.9.0,values,openjpa-lib/src/main/java/org/apache/openjpa/lib/util/concurrent/ConcurrentHashMap.java,4,2,2,0,0,1,0,1,0,1,7,0,false
0.9.0,addFetchGroup,openjpa-persistence/src/main/java/org/apache/openjpa/persistence/FetchPlan.java,3,1,0,0,0,1,0,1,45,2,5,0,false
0.9.0,setString,openjpa-jdbc/src/main/java/org/apache/openjpa/jdbc/sql/OracleDictionary.java,38,21,7,0,2,2,3,2,37,2,3,10,false
0.9.0,getSQLFactory,openjpa-jdbc/src/main/java/org/apache/openjpa/jdbc/conf/JDBCConfigurationImpl.java,4,2,0,0,0,1,0,2,37,3,6,0,false
0.9.0,newFieldProxy,openjpa-kernel/src/main/java/org/apache/openjpa/kernel/DetachedStateManager.java,3,1,0,0,0,0,0,0,45,3,7,0,false
0.9.0,dirty,openjpa-kernel/src/main/java/org/apache/openjpa/kernel/StateManagerImpl.java,3,1,0,0,0,0,1,1,45,3,13,0,false
0.9.0,hashCode,openjpa-kernel/src/main/java/org/apache/openjpa/datacache/DelegatingDataCache.java,4,2,0,0,0,2,0,1,45,2,5,1,false
0.9.0,getValueMappedByMapping,openjpa-jdbc/src/main/java/org/apache/openjpa/jdbc/meta/ValueMappingImpl.java,3,1,0,0,0,1,6,1,37,1,2,0,false
0.9.0,initialize,openjpa-jdbc/src/main/java/org/apache/openjpa/jdbc/meta/strats/RelationToManyInverseKeyFieldStrategy.java,11,5,6,0,0,0,0,3,37,2,3,6,false
0.9.0,installDBDictionary,openjpa-jdbc/src/main/java/org/apache/openjpa/jdbc/schema/DataSourceFactory.java,25,9,5,0,1,1,0,6,37,1,2,1,false
0.9.0,getExternalValue,openjpa-kernel/src/main/java/org/apache/openjpa/meta/FieldMetaData.java,22,13,2,0,1,8,12,4,45,3,10,6,false
0.9.0,newDataStoreExecutor,openjpa-kernel/src/main/java/org/apache/openjpa/kernel/AbstractStoreQuery.java,3,1,0,0,0,0,0,0,45,2,4,0,false
0.9.0,parseAssociationOverrides,openjpa-persistence-jdbc/src/main/java/org/apache/openjpa/persistence/jdbc/AnnotationPersistenceMappingParser.java,21,8,6,0,0,0,0,4,37,2,3,0,false
0.9.0,close,openjpa-kernel/src/main/java/org/apache/openjpa/event/RemoteCommitEventManager.java,7,3,2,0,0,0,0,1,45,1,4,1,false
0.9.0,getValueInfo,openjpa-jdbc/src/main/java/org/apache/openjpa/jdbc/meta/ValueMappingImpl.java,3,1,0,0,0,1,0,0,37,1,2,0,false
0.9.0,setEnforcePropertyRestrictions,openjpa-kernel/src/main/java/org/apache/openjpa/ant/PCEnhancerTask.java,3,1,1,0,0,0,0,0,45,2,6,0,false
0.9.0,get,openjpa-kernel/src/main/java/org/apache/openjpa/datacache/DelegatingDataCache.java,9,3,0,0,1,2,0,2,45,2,5,1,false
0.9.0,syncWithManagedTransaction,openjpa-kernel/src/main/java/org/apache/openjpa/kernel/AbstractBrokerFactory.java,30,10,7,0,1,2,4,3,45,2,6,5,false
0.9.0,setPackage,openjpa-jdbc/src/main/java/org/apache/openjpa/jdbc/ant/ReverseMappingToolTask.java,3,1,1,0,0,0,0,0,37,2,2,0,false
0.9.0,readObject,openjpa-kernel/src/main/java/org/apache/openjpa/util/OpenJPAException.java,5,1,3,0,0,0,0,0,45,1,4,0,false
0.9.0,getInsertTimestamp,openjpa-lib/src/main/java/org/apache/openjpa/lib/util/FormatPreservingProperties.java,3,1,0,0,0,1,0,0,0,1,8,0,false
0.9.0,supportsParameterDeclarations,openjpa-kernel/src/main/java/org/apache/openjpa/kernel/AbstractStoreQuery.java,3,1,0,0,0,1,0,0,45,2,4,0,false
0.9.0,setObjectIdType,openjpa-kernel/src/main/java/org/apache/openjpa/meta/ClassMetaData.java,12,4,5,0,0,0,3,1,45,3,8,0,false
0.9.0,getDocType,openjpa-lib/src/main/java/org/apache/openjpa/lib/meta/XMLMetaDataParser.java,3,1,0,0,0,1,1,0,0,2,9,0,false
0.9.0,getVersion,openjpa-kernel/src/main/java/org/apache/openjpa/kernel/StoreContext.java,1,1,0,0,0,0,0,0,45,3,6,0,false
0.9.0,setColumns,openjpa-persistence-jdbc/src/main/java/org/apache/openjpa/persistence/jdbc/AnnotationPersistenceMappingParser.java,6,5,1,0,0,0,12,1,37,2,3,0,false
0.9.0,endConfiguration,openjpa-kernel/src/main/java/org/apache/openjpa/event/JMSRemoteCommitProvider.java,4,1,0,0,0,0,0,1,45,1,5,0,false
0.9.0,assertFiles,openjpa-lib/src/main/java/org/apache/openjpa/lib/ant/AbstractTask.java,3,2,0,0,0,0,0,0,0,2,12,1,false
0.9.0,bufferCustomDelete,openjpa-jdbc/src/main/java/org/apache/openjpa/jdbc/kernel/AbstractUpdateManager.java,5,2,1,0,0,1,1,1,37,1,2,2,false
0.9.0,checkFinished,openjpa-kernel/src/main/java/org/apache/openjpa/datacache/QueryCacheStoreQuery.java,36,10,11,0,1,0,4,10,45,2,7,2,false
0.9.0,load,openjpa-jdbc/src/main/java/org/apache/openjpa/jdbc/kernel/exps/Variable.java,3,1,0,0,0,1,0,0,37,2,3,0,false
0.9.0,removeProperty,openjpa-lib/src/main/java/org/apache/openjpa/lib/util/Options.java,4,2,1,0,0,1,8,3,0,1,8,0,false
0.9.0,setImplData,openjpa-kernel/src/main/java/org/apache/openjpa/kernel/OpenJPAStateManager.java,1,1,0,0,0,0,3,0,45,2,5,0,false
0.9.0,isInfoEnabled,openjpa-lib/src/main/java/org/apache/openjpa/lib/log/AbstractLog.java,3,1,0,0,0,1,1,1,0,1,6,0,false
0.9.0,addManyToManyAttributes,openjpa-persistence/src/main/java/org/apache/openjpa/persistence/XMLPersistenceMetaDataSerializer.java,3,2,0,0,0,0,1,1,45,2,6,0,false
0.9.0,isExplicit,openjpa-kernel/src/main/java/org/apache/openjpa/meta/FieldMetaData.java,3,1,0,0,0,1,4,0,45,3,10,0,false
0.9.0,getPersistenceCapable,openjpa-kernel/src/main/java/org/apache/openjpa/kernel/OpenJPAStateManager.java,1,1,0,0,0,0,2,0,45,2,5,0,false
0.9.0,getUpdateCount,openjpa-lib/src/main/java/org/apache/openjpa/lib/jdbc/DelegatingCallableStatement.java,3,1,0,0,0,1,0,0,0,1,6,0,false
0.9.0,getBinaryStream,openjpa-lib/src/main/java/org/apache/openjpa/lib/jdbc/DelegatingResultSet.java,3,1,0,0,0,1,0,0,0,1,4,0,false
0.9.0,isInfoEnabled,openjpa-lib/src/main/java/org/apache/openjpa/lib/log/MultiLogFactory.java,4,3,1,0,0,2,0,1,0,2,6,0,false
0.9.0,getType,openjpa-jdbc/src/main/java/org/apache/openjpa/jdbc/kernel/exps/Math.java,6,2,2,0,0,2,2,0,37,2,4,0,false
0.9.0,insert,openjpa-lib/src/main/java/org/apache/openjpa/lib/util/concurrent/FIFOWaitQueue.java,7,2,4,0,0,0,0,0,0,1,5,0,false
0.9.0,isErrorEnabled,openjpa-lib/src/main/java/org/apache/openjpa/lib/log/NoneLogFactory.java,3,1,0,0,0,1,0,0,0,1,5,0,false
0.9.0,getParameterTypes,openjpa-kernel/src/main/java/org/apache/openjpa/kernel/AbstractStoreQuery.java,3,1,0,0,0,1,0,0,45,2,4,0,false
0.9.0,getDetachedObjectId,openjpa-kernel/src/main/java/org/apache/openjpa/kernel/DetachedStateAttachStrategy.java,16,5,4,0,0,4,4,5,45,2,6,4,false
0.9.0,getType,openjpa-kernel/src/main/java/org/apache/openjpa/util/UserException.java,3,1,0,0,0,1,0,0,45,1,4,0,false
0.9.0,createExtent,openjpa-persistence/src/main/java/org/apache/openjpa/persistence/EntityManagerImpl.java,3,1,0,0,0,1,0,5,45,2,7,0,false
0.9.0,copyKeyFieldsFromObjectId,openjpa-kernel/src/main/java/org/apache/openjpa/enhance/PCRegistry.java,5,2,1,1,0,0,0,2,45,2,4,1,false
0.9.0,getAddWhitespaceAfterDelimiter,openjpa-lib/src/main/java/org/apache/openjpa/lib/util/FormatPreservingProperties.java,3,1,0,0,0,1,0,0,0,1,8,0,false
0.9.0,toString,openjpa-jdbc/src/main/java/org/apache/openjpa/jdbc/sql/SelectImpl.java,3,1,0,1,0,1,0,0,37,2,6,0,false
0.9.0,getAscending,openjpa-kernel/src/main/java/org/apache/openjpa/kernel/ExpressionStoreQuery.java,3,1,0,0,0,1,0,1,45,2,6,1,false
0.9.0,getClientConnection,openjpa-kernel/src/main/java/org/apache/openjpa/kernel/DelegatingStoreManager.java,3,1,0,0,0,1,1,1,45,3,5,0,false
0.9.0,clearParameters,openjpa-jdbc/src/main/java/org/apache/openjpa/jdbc/kernel/exps/UnaryOp.java,3,1,0,0,0,0,3,1,37,2,5,0,false
0.9.0,isActive,openjpa-kernel/src/main/java/org/apache/openjpa/kernel/StoreContext.java,1,1,0,0,0,0,2,0,45,3,6,0,false
0.9.0,getInstance,openjpa-kernel/src/main/java/org/apache/openjpa/abstractstore/AbstractStoreBrokerFactory.java,7,2,2,0,0,2,0,4,45,1,4,1,false
0.9.0,isMetaDataMode,openjpa-persistence/src/main/java/org/apache/openjpa/persistence/XMLPersistenceMetaDataParser.java,3,2,0,0,0,1,13,0,45,2,6,0,false
0.9.0,endTransaction,openjpa-kernel/src/main/java/org/apache/openjpa/kernel/LockManager.java,1,1,0,0,0,0,1,0,45,1,4,0,false
0.9.0,setLocation,openjpa-lib/src/main/java/org/apache/openjpa/lib/meta/XMLMetaDataParser.java,3,1,1,0,0,0,0,0,0,2,9,0,false
0.9.0,getOperation,openjpa-persistence/src/main/java/org/apache/openjpa/persistence/QueryImpl.java,3,1,0,0,0,1,0,0,45,2,6,0,false
0.9.0,having,openjpa-jdbc/src/main/java/org/apache/openjpa/jdbc/sql/SelectImpl.java,3,1,0,0,0,0,1,1,37,2,6,0,false
0.9.0,setConnectionURL,openjpa-kernel/src/main/java/org/apache/openjpa/conf/OpenJPAConfiguration.java,1,1,0,0,0,0,1,0,45,3,8,0,false
0.9.0,getDelegate,openjpa-persistence/src/main/java/org/apache/openjpa/persistence/QueryImpl.java,3,1,0,0,0,1,5,0,45,2,6,0,false
0.9.0,settingStringField,openjpa-kernel/src/main/java/org/apache/openjpa/kernel/DetachedStateManager.java,14,3,2,0,1,1,0,3,45,3,7,0,false
0.9.0,initialize,openjpa-kernel/src/main/java/org/apache/openjpa/datacache/AbstractDataCache.java,6,4,1,0,0,0,0,2,45,2,5,1,false
0.9.0,setValidateTrueChecksStore,openjpa-kernel/src/main/java/org/apache/openjpa/conf/Compatibility.java,3,1,1,0,0,0,0,0,45,1,3,0,false
0.9.0,getWarnings,openjpa-lib/src/main/java/org/apache/openjpa/lib/jdbc/DelegatingConnection.java,3,1,0,0,0,1,2,0,0,1,7,0,false
0.9.0,isNew,openjpa-kernel/src/main/java/org/apache/openjpa/kernel/PCState.java,3,1,0,0,0,1,1,0,45,1,4,0,false
0.9.0,setObject,openjpa-lib/src/main/java/org/apache/openjpa/lib/jdbc/DelegatingPreparedStatement.java,3,1,0,0,0,0,0,0,0,1,6,0,false
0.9.0,setConnectionProperties,openjpa-jdbc/src/main/java/org/apache/openjpa/jdbc/schema/SimpleDriverDataSource.java,3,1,1,0,0,0,0,0,37,2,2,0,false
0.9.0,othersInsertsAreVisible,openjpa-lib/src/main/java/org/apache/openjpa/lib/jdbc/DelegatingDatabaseMetaData.java,3,1,0,0,0,1,0,0,0,1,4,0,false
0.9.0,delete,openjpa-jdbc/src/main/java/org/apache/openjpa/jdbc/meta/strats/RelationToManyTableFieldStrategy.java,5,1,1,0,0,0,1,0,37,2,4,1,false
0.9.0,newDelegatingFetchConfiguration,openjpa-persistence/src/main/java/org/apache/openjpa/persistence/FetchPlan.java,3,1,0,0,0,1,1,0,45,2,5,0,false
0.9.0,getStackTrace,openjpa-lib/src/main/java/org/apache/openjpa/lib/log/AbstractLog.java,7,1,2,0,0,1,0,0,0,1,6,0,false
0.9.0,isErrorEnabled,openjpa-lib/src/main/java/org/apache/openjpa/lib/log/MultiLogFactory.java,4,3,1,0,0,2,0,1,0,2,6,0,false
0.9.0,setConnectionURL,openjpa-jdbc/src/main/java/org/apache/openjpa/jdbc/schema/SimpleDriverDataSource.java,3,1,1,0,0,0,0,0,37,2,2,0,false
0.9.0,startColumn,openjpa-jdbc/src/main/java/org/apache/openjpa/jdbc/schema/XMLSchemaParser.java,12,3,3,0,0,0,1,3,37,1,2,6,false
0.9.0,eraseFlush,openjpa-kernel/src/main/java/org/apache/openjpa/kernel/StateManagerImpl.java,6,2,4,0,0,0,1,1,45,3,13,1,false
0.9.0,initialize,openjpa-kernel/src/main/java/org/apache/openjpa/datacache/DataCacheManager.java,1,1,0,0,0,0,2,0,45,1,3,0,false
0.9.0,setImplicitType,openjpa-kernel/src/main/java/org/apache/openjpa/kernel/exps/CandidatePath.java,2,1,0,0,0,0,0,0,45,2,6,0,false
0.9.0,equals,openjpa-lib/src/main/java/org/apache/openjpa/lib/jdbc/DelegatingResultSet.java,5,3,1,0,0,2,0,1,0,1,4,1,false
0.9.0,setImplicitType,openjpa-kernel/src/main/java/org/apache/openjpa/kernel/exps/Concat.java,2,1,0,0,0,0,0,0,45,2,5,0,false
0.9.0,getJoins,openjpa-jdbc/src/main/java/org/apache/openjpa/jdbc/kernel/exps/OrExpression.java,3,1,0,0,0,1,0,0,37,2,3,0,false
0.9.0,debug,openjpa-lib/src/main/java/org/apache/openjpa/lib/log/Log4JLogFactory.java,3,1,0,0,0,0,0,0,0,1,5,0,false
0.9.0,next,openjpa-kernel/src/main/java/org/apache/openjpa/kernel/ExtentImpl.java,4,2,0,0,0,1,0,0,45,2,5,0,false
0.9.0,hashCode,openjpa-kernel/src/main/java/org/apache/openjpa/util/StoreFacadeTypeRegistry.java,3,1,0,0,0,1,0,0,27,1,2,0,false
0.9.0,getMode,openjpa-persistence/src/main/java/org/apache/openjpa/persistence/AnnotationPersistenceMetaDataParser.java,3,1,0,0,0,1,0,0,45,3,11,0,false
0.9.0,register,openjpa-kernel/src/main/java/org/apache/openjpa/meta/MetaDataRepository.java,5,1,0,0,0,0,0,0,45,3,8,0,false
0.9.0,getValidateTrueChecksStore,openjpa-kernel/src/main/java/org/apache/openjpa/conf/Compatibility.java,3,1,0,0,0,1,0,0,45,1,3,0,false
0.9.0,addManagedClassName,openjpa-persistence/src/main/java/org/apache/openjpa/persistence/PersistenceUnitInfoImpl.java,4,2,1,0,0,0,2,0,45,1,7,0,false
0.9.0,added,openjpa-kernel/src/main/java/org/apache/openjpa/util/MapChangeTrackerImpl.java,4,2,0,0,0,0,3,0,45,1,4,0,false
0.9.0,appendIsNotEmpty,openjpa-jdbc/src/main/java/org/apache/openjpa/jdbc/meta/strats/ContainerFieldStrategy.java,3,1,0,0,0,0,0,1,37,2,2,0,false
0.9.0,endElement,openjpa-jdbc/src/main/java/org/apache/openjpa/jdbc/schema/XMLSchemaParser.java,22,8,0,0,0,0,0,6,37,1,2,0,false
0.9.0,get,openjpa-lib/src/main/java/org/apache/openjpa/lib/conf/BooleanValue.java,3,1,0,0,0,1,0,0,0,1,4,0,false
0.9.0,setCause,openjpa-kernel/src/main/java/org/apache/openjpa/util/OpenJPAException.java,5,3,1,0,0,1,10,0,45,1,4,0,false
0.9.0,getBroker,openjpa-kernel/src/main/java/org/apache/openjpa/kernel/StateManagerImpl.java,3,1,0,0,0,1,10,0,45,3,13,0,false
0.9.0,evict,openjpa-kernel/src/main/java/org/apache/openjpa/kernel/BrokerImpl.java,23,10,2,0,1,3,3,8,45,3,11,8,false
0.9.0,isClosed,openjpa-kernel/src/main/java/org/apache/openjpa/kernel/BrokerImpl.java,3,2,0,0,0,1,1,0,45,3,11,0,false
0.9.0,getCandidateAlias,openjpa-kernel/src/main/java/org/apache/openjpa/kernel/exps/SubQ.java,3,1,0,0,0,1,1,0,45,2,4,0,false
0.9.0,warnMaxEmbedded,openjpa-jdbc/src/main/java/org/apache/openjpa/jdbc/meta/MappingRepository.java,3,2,0,0,0,0,2,2,37,2,4,2,false
0.9.0,supportsDataStoreExecution,openjpa-kernel/src/main/java/org/apache/openjpa/datacache/QueryCacheStoreQuery.java,3,1,0,0,0,1,0,1,45,2,7,0,false
0.9.0,orderBy,openjpa-jdbc/src/main/java/org/apache/openjpa/jdbc/kernel/exps/Substring.java,3,1,0,0,0,0,0,2,37,2,4,0,false
0.9.0,joinTransaction,openjpa-persistence/src/main/java/org/apache/openjpa/persistence/EntityManagerImpl.java,3,2,0,0,0,0,0,4,45,2,7,0,false
0.9.0,setMaxRows,openjpa-lib/src/main/java/org/apache/openjpa/lib/jdbc/DelegatingPreparedStatement.java,3,1,0,0,0,0,0,0,0,1,6,0,false
0.9.0,replaceStateManager,openjpa-kernel/src/main/java/org/apache/openjpa/kernel/StateManagerImpl.java,3,1,0,0,0,1,0,0,45,3,13,0,false
0.9.0,nullJoins,openjpa-jdbc/src/main/java/org/apache/openjpa/jdbc/sql/SelectImpl.java,2,1,0,0,0,0,0,0,37,2,6,0,false
0.9.0,getInnermostDelegate,openjpa-lib/src/main/java/org/apache/openjpa/lib/jdbc/DelegatingCallableStatement.java,3,2,0,0,0,1,3,1,0,1,6,0,false
0.9.0,setImplicitType,openjpa-jdbc/src/main/java/org/apache/openjpa/jdbc/kernel/exps/Variable.java,4,2,1,0,0,0,0,1,37,2,3,0,false
0.9.0,setImplicitType,openjpa-jdbc/src/main/java/org/apache/openjpa/jdbc/kernel/exps/StringFunction.java,2,1,0,0,0,0,0,0,37,2,4,0,false
0.9.0,getQueryTimeout,openjpa-lib/src/main/java/org/apache/openjpa/lib/jdbc/DelegatingPreparedStatement.java,3,1,0,0,0,1,0,0,0,1,6,0,false
0.9.0,endClassElement,openjpa-persistence/src/main/java/org/apache/openjpa/persistence/XMLPersistenceMetaDataParser.java,45,18,1,0,0,0,0,17,45,2,6,0,false
0.9.0,getFetchGroups,openjpa-persistence/src/main/java/org/apache/openjpa/persistence/FetchPlan.java,3,1,0,0,0,1,0,0,45,2,5,0,false
0.9.0,setJDBCLog,openjpa-lib/src/main/java/org/apache/openjpa/lib/jdbc/DataSourceLogs.java,3,1,1,0,0,0,0,0,0,1,5,0,false
0.9.0,writeLock,openjpa-kernel/src/main/java/org/apache/openjpa/datacache/ConcurrentDataCache.java,3,1,0,0,0,0,0,0,45,2,4,0,false
0.9.0,setAccessType,openjpa-kernel/src/main/java/org/apache/openjpa/meta/ClassMetaData.java,3,1,1,0,0,0,8,4,45,3,8,0,false
0.9.0,supportsDataStoreExecution,openjpa-kernel/src/main/java/org/apache/openjpa/kernel/AbstractStoreQuery.java,3,1,0,0,0,1,0,0,45,2,4,0,false
0.9.0,createStatement,openjpa-lib/src/main/java/org/apache/openjpa/lib/jdbc/JDBCEventConnectionDecorator.java,11,1,3,0,1,1,0,4,0,1,5,0,false
0.9.0,setSequences,openjpa-jdbc/src/main/java/org/apache/openjpa/jdbc/schema/SchemaGenerator.java,3,1,1,0,0,0,1,0,37,1,2,0,false
0.9.0,getConnectionUserName,openjpa-persistence/src/main/java/org/apache/openjpa/persistence/EntityManagerImpl.java,3,1,0,0,0,1,0,1,45,2,7,0,false
0.9.0,setTrackChanges,openjpa-kernel/src/main/java/org/apache/openjpa/util/ProxyManagerImpl.java,3,1,1,0,0,0,0,0,45,1,5,0,false
0.9.0,getDeletedTypes,openjpa-kernel/src/main/java/org/apache/openjpa/kernel/BrokerImpl.java,4,3,0,0,0,2,0,0,45,3,11,0,false
0.9.0,supportsRandomAccess,openjpa-jdbc/src/main/java/org/apache/openjpa/jdbc/kernel/SQLProjectionResultObjectProvider.java,8,2,0,0,1,2,1,0,37,1,2,0,false
0.9.0,setAggregateListeners,openjpa-kernel/src/main/java/org/apache/openjpa/conf/OpenJPAConfigurationImpl.java,4,1,0,0,0,0,0,1,45,3,13,0,false
0.9.0,newMetaDataFactoryInstance,openjpa-jdbc/src/main/java/org/apache/openjpa/jdbc/conf/JDBCConfigurationImpl.java,3,1,0,0,0,1,0,2,37,3,6,0,false
0.9.0,newSchema,openjpa-jdbc/src/main/java/org/apache/openjpa/jdbc/schema/SchemaGroup.java,3,1,0,0,0,1,1,0,37,1,2,0,false
0.9.0,getImportedKeys,openjpa-jdbc/src/main/java/org/apache/openjpa/jdbc/sql/OracleDictionary.java,31,10,7,0,3,1,0,3,37,2,3,0,false
0.9.0,getJoinSyntax,openjpa-jdbc/src/main/java/org/apache/openjpa/jdbc/sql/SelectImpl.java,3,1,0,0,0,1,3,0,37,2,6,0,false
0.9.0,instantiateAll,openjpa-kernel/src/main/java/org/apache/openjpa/conf/OpenJPAConfigurationImpl.java,5,1,0,0,0,0,0,7,45,3,13,0,false
0.9.0,fetchChar,openjpa-kernel/src/main/java/org/apache/openjpa/kernel/DetachedValueStateManager.java,3,1,0,0,0,0,0,0,45,2,5,0,false
0.9.0,setMode,openjpa-persistence/src/main/java/org/apache/openjpa/persistence/XMLPersistenceMetaDataParser.java,5,3,0,0,0,0,0,1,45,2,6,0,false
0.9.0,resolveDefinedSuperclassFields,openjpa-kernel/src/main/java/org/apache/openjpa/meta/ClassMetaData.java,16,4,4,0,0,1,2,10,45,3,8,4,false
0.9.0,get,openjpa-lib/src/main/java/org/apache/openjpa/lib/util/concurrent/ConcurrentHashMap.java,3,1,0,0,0,1,2,0,0,1,7,0,false
0.9.0,preSerialize,openjpa-kernel/src/main/java/org/apache/openjpa/kernel/DetachManager.java,13,5,3,0,0,3,1,9,45,4,9,6,false
0.9.0,getParameterTypes,openjpa-kernel/src/main/java/org/apache/openjpa/kernel/ExpressionStoreQuery.java,3,1,0,0,0,1,4,1,45,2,6,1,false
0.9.0,getVariable,openjpa-kernel/src/main/java/org/apache/openjpa/kernel/jpql/JPQLExpressionBuilder.java,4,2,0,0,0,2,16,2,45,2,8,0,false
0.9.0,processReturn,openjpa-kernel/src/main/java/org/apache/openjpa/kernel/FindCallbacks.java,1,1,0,0,0,0,0,0,45,1,4,0,false
0.9.0,getFailedObject,openjpa-jdbc/src/main/java/org/apache/openjpa/jdbc/sql/PrimaryRow.java,3,1,0,0,0,1,0,0,37,1,2,0,false
0.9.0,change,openjpa-kernel/src/main/java/org/apache/openjpa/util/AbstractChangeTracker.java,1,1,0,0,0,0,1,0,45,1,4,0,false
0.9.0,settingCharField,openjpa-kernel/src/main/java/org/apache/openjpa/kernel/DetachedStateManager.java,13,3,1,0,1,1,0,3,45,3,7,0,false
0.9.0,setPersistenceXmlFileUrl,openjpa-persistence/src/main/java/org/apache/openjpa/persistence/PersistenceUnitInfoImpl.java,3,1,1,0,0,0,2,0,45,1,7,0,false
0.9.0,next,openjpa-kernel/src/main/java/org/apache/openjpa/datacache/QueryCacheStoreQuery.java,10,5,3,1,0,1,0,2,45,2,7,0,false
0.9.0,newLogAdapter,openjpa-lib/src/main/java/org/apache/openjpa/lib/log/LogFactoryAdapter.java,1,1,0,0,0,0,1,0,0,1,4,0,false
0.9.0,eval,openjpa-kernel/src/main/java/org/apache/openjpa/kernel/exps/Concat.java,10,3,4,0,0,1,0,0,45,2,5,2,false
0.9.0,setCopyObjectIds,openjpa-kernel/src/main/java/org/apache/openjpa/conf/Compatibility.java,3,1,1,0,0,0,0,0,45,1,3,0,false
0.9.0,replaceObjectField,openjpa-kernel/src/main/java/org/apache/openjpa/kernel/StateManagerImpl.java,3,1,0,0,0,1,0,0,45,3,13,0,false
0.9.0,setDetachedStateField,openjpa-kernel/src/main/java/org/apache/openjpa/conf/DetachOptions.java,16,5,3,1,0,1,0,1,45,1,3,0,false
0.9.0,setUpdateStrategy,openjpa-kernel/src/main/java/org/apache/openjpa/meta/FieldMetaData.java,3,1,1,0,0,0,1,0,45,3,10,0,false
0.9.0,getFetchDirection,openjpa-jdbc/src/main/java/org/apache/openjpa/jdbc/kernel/JDBCFetchConfigurationImpl.java,3,1,0,0,0,1,0,0,37,3,6,0,false
0.9.0,setDynamicDataStructs,openjpa-kernel/src/main/java/org/apache/openjpa/conf/OpenJPAConfiguration.java,1,1,0,0,0,0,0,0,45,3,8,0,false
0.9.0,copyProjection,openjpa-kernel/src/main/java/org/apache/openjpa/datacache/QueryCacheStoreQuery.java,27,18,1,0,0,7,2,2,45,2,7,1,false
0.9.0,endSystemElement,openjpa-lib/src/main/java/org/apache/openjpa/lib/meta/CFMetaDataParser.java,2,1,0,0,0,0,1,0,0,1,5,0,false
0.9.0,emptyExpression,openjpa-kernel/src/main/java/org/apache/openjpa/kernel/exps/InMemoryExpressionFactory.java,3,1,0,0,0,1,0,0,45,3,6,0,false
0.9.0,clearParameters,openjpa-jdbc/src/main/java/org/apache/openjpa/jdbc/kernel/exps/ConstPath.java,5,1,2,0,0,0,0,0,37,2,3,0,false
0.9.0,getProjectionAliases,openjpa-kernel/src/main/java/org/apache/openjpa/datacache/QueryCacheStoreQuery.java,3,1,0,0,0,1,0,1,45,2,7,0,false
0.9.0,wasNull,openjpa-jdbc/src/main/java/org/apache/openjpa/jdbc/kernel/MappedQueryResultObjectProvider.java,3,1,0,0,0,1,0,0,37,2,2,0,false
0.9.0,close,openjpa-persistence/src/main/java/org/apache/openjpa/persistence/OpenJPAPersistence.java,8,2,0,0,1,0,1,1,45,2,5,1,false
0.9.0,setupColumn,openjpa-persistence-jdbc/src/main/java/org/apache/openjpa/persistence/jdbc/AnnotationPersistenceMappingParser.java,10,5,0,0,0,0,2,0,37,2,3,0,false
0.9.0,contains,openjpa-persistence/src/main/java/org/apache/openjpa/persistence/EntityManagerImpl.java,6,5,1,0,0,2,2,7,45,2,7,0,false
0.9.0,getExpired,openjpa-kernel/src/main/java/org/apache/openjpa/datacache/ExpirationEvent.java,3,1,0,0,0,1,0,0,45,1,3,0,false
0.9.0,isMapped,openjpa-kernel/src/main/java/org/apache/openjpa/meta/ClassMetaData.java,3,2,0,0,0,1,13,0,45,3,8,0,false
0.9.0,postDirty,openjpa-kernel/src/main/java/org/apache/openjpa/kernel/StateManagerImpl.java,4,3,0,0,0,0,11,1,45,3,13,1,false
0.9.0,close,openjpa-kernel/src/main/java/org/apache/openjpa/event/TCPRemoteCommitProvider.java,17,4,3,0,1,0,0,5,45,2,7,0,false
0.9.0,setFetchDirection,openjpa-lib/src/main/java/org/apache/openjpa/lib/jdbc/DelegatingPreparedStatement.java,3,1,0,0,0,0,0,0,0,1,6,0,false
0.9.0,size,openjpa-lib/src/main/java/org/apache/openjpa/lib/util/concurrent/ConcurrentHashMap.java,3,1,0,0,0,1,0,0,0,1,7,0,false
0.9.0,isEmbeddedOnly,openjpa-kernel/src/main/java/org/apache/openjpa/meta/ClassMetaData.java,8,4,3,0,0,1,12,2,45,3,8,1,false
0.9.0,toAlias,openjpa-jdbc/src/main/java/org/apache/openjpa/jdbc/sql/SelectImpl.java,5,3,0,1,0,3,8,0,37,2,6,0,false
0.9.0,setJoinSyntax,openjpa-jdbc/src/main/java/org/apache/openjpa/jdbc/kernel/DelegatingJDBCFetchConfiguration.java,1,1,0,0,0,0,1,0,37,2,3,0,false
0.9.0,getResultClass,openjpa-kernel/src/main/java/org/apache/openjpa/kernel/AbstractStoreQuery.java,3,1,0,0,0,1,0,0,45,2,4,0,false
0.9.0,parseProperties,openjpa-lib/src/main/java/org/apache/openjpa/lib/conf/Configurations.java,46,16,14,4,1,3,7,0,0,2,13,18,false
0.9.0,getClassAttributeName,openjpa-persistence/src/main/java/org/apache/openjpa/persistence/XMLPersistenceMetaDataParser.java,3,1,0,0,0,1,0,0,45,2,6,0,false
0.9.0,getSchemaGroup,openjpa-jdbc/src/main/java/org/apache/openjpa/jdbc/schema/XMLSchemaParser.java,4,2,1,0,0,1,1,0,37,1,2,0,false
0.9.0,rollback,openjpa-lib/src/main/java/org/apache/openjpa/lib/jdbc/LoggingConnectionDecorator.java,10,2,1,0,1,0,0,4,0,1,8,0,false
0.9.0,endConfiguration,openjpa-kernel/src/main/java/org/apache/openjpa/util/ProxyManagerImpl.java,2,1,0,0,0,0,0,0,45,1,5,0,false
0.9.0,setMetaDataFactory,openjpa-kernel/src/main/java/org/apache/openjpa/conf/OpenJPAConfiguration.java,1,1,0,0,0,0,0,0,45,3,8,0,false
0.9.0,getNewTempClassLoader,openjpa-persistence/src/main/java/org/apache/openjpa/persistence/PersistenceUnitInfoImpl.java,3,1,0,0,0,1,0,3,45,1,7,1,false
0.9.0,setBigDecimal,openjpa-lib/src/main/java/org/apache/openjpa/lib/jdbc/LoggingConnectionDecorator.java,4,1,0,0,0,0,0,1,0,1,8,0,false
0.9.0,nullsAreSortedAtEnd,openjpa-lib/src/main/java/org/apache/openjpa/lib/jdbc/DelegatingDatabaseMetaData.java,3,1,0,0,0,1,0,0,0,1,4,0,false
0.9.0,useDetachedStateManager,openjpa-kernel/src/main/java/org/apache/openjpa/kernel/DetachManager.java,4,1,1,0,0,1,2,3,45,4,9,4,false
0.9.0,getCandidateTypeName,openjpa-kernel/src/main/java/org/apache/openjpa/datacache/QueryKey.java,3,1,0,0,0,1,0,0,45,2,4,0,false
0.9.0,rollback,openjpa-kernel/src/main/java/org/apache/openjpa/kernel/BrokerImpl.java,19,6,1,0,1,0,1,4,45,3,11,3,false
0.9.0,startConfiguration,openjpa-kernel/src/main/java/org/apache/openjpa/ee/AutomaticManagedRuntime.java,2,1,0,0,0,0,0,0,45,1,4,0,false
0.9.0,processReturn,openjpa-persistence/src/main/java/org/apache/openjpa/persistence/EntityManagerImpl.java,3,3,0,0,0,1,1,0,45,2,7,0,false
0.9.0,setNull,openjpa-lib/src/main/java/org/apache/openjpa/lib/jdbc/DelegatingPreparedStatement.java,3,1,0,0,0,0,0,0,0,1,6,0,false
0.9.0,getConnection,openjpa-lib/src/main/java/org/apache/openjpa/lib/jdbc/DelegatingDatabaseMetaData.java,3,1,0,0,0,1,0,0,0,1,4,0,false
0.9.0,getIndependentElementMappings,openjpa-jdbc/src/main/java/org/apache/openjpa/jdbc/meta/strats/RelationToManyInverseKeyFieldStrategy.java,3,1,0,0,0,1,1,0,37,2,3,1,false
0.9.0,getExtraNameCharacters,openjpa-lib/src/main/java/org/apache/openjpa/lib/jdbc/DelegatingDatabaseMetaData.java,3,1,0,0,0,1,0,0,0,1,4,0,false
0.9.0,toDataStoreValue,openjpa-jdbc/src/main/java/org/apache/openjpa/jdbc/kernel/exps/Args.java,3,1,0,0,0,1,0,0,37,2,3,0,false
0.9.0,containsAll,openjpa-jdbc/src/main/java/org/apache/openjpa/jdbc/sql/SelectImpl.java,10,6,4,0,0,2,0,4,37,2,6,1,false
0.9.0,clearParameters,openjpa-jdbc/src/main/java/org/apache/openjpa/jdbc/kernel/exps/StringFunction.java,3,1,0,0,0,0,3,0,37,2,4,0,false
0.9.0,setCodeFormat,openjpa-kernel/src/main/java/org/apache/openjpa/enhance/CodeGenerator.java,3,1,1,0,0,0,0,0,45,2,6,0,false
0.9.0,onMessage,openjpa-kernel/src/main/java/org/apache/openjpa/event/JMSRemoteCommitProvider.java,23,8,3,0,1,2,0,1,45,1,5,1,false
0.9.0,getDataCache,openjpa-kernel/src/main/java/org/apache/openjpa/datacache/DataCacheManagerImpl.java,4,4,0,0,0,2,2,1,45,1,3,0,false
0.9.0,setBigDecimal,openjpa-lib/src/main/java/org/apache/openjpa/lib/jdbc/DelegatingPreparedStatement.java,3,1,0,0,0,0,0,0,0,1,6,0,false
0.9.0,getCodeFormat,openjpa-kernel/src/main/java/org/apache/openjpa/enhance/CodeGenerator.java,3,1,0,0,0,1,0,0,45,2,6,0,false
0.9.0,setIgnoreChanges,openjpa-kernel/src/main/java/org/apache/openjpa/conf/OpenJPAConfigurationImpl.java,3,2,0,0,0,0,0,1,45,3,13,0,false
0.9.0,setConnectionDecorators,openjpa-jdbc/src/main/java/org/apache/openjpa/jdbc/conf/JDBCConfigurationImpl.java,4,1,0,0,0,0,0,2,37,3,6,0,false
0.9.0,isUnion,openjpa-jdbc/src/main/java/org/apache/openjpa/jdbc/sql/LogicalUnion.java,3,1,0,0,0,1,7,0,37,2,4,0,false
0.9.0,newProxy,openjpa-kernel/src/main/java/org/apache/openjpa/kernel/DetachedValueStateManager.java,3,1,0,0,0,0,0,0,45,2,5,0,false
0.9.0,getMetaData,openjpa-jdbc/src/main/java/org/apache/openjpa/jdbc/kernel/exps/UnaryOp.java,3,1,0,0,0,1,0,0,37,2,5,0,false
0.9.0,setOrderDirtyObjects,openjpa-kernel/src/main/java/org/apache/openjpa/kernel/BrokerImpl.java,3,1,1,0,0,0,0,0,45,3,11,0,false
0.9.0,previous,openjpa-lib/src/main/java/org/apache/openjpa/lib/jdbc/LoggingConnectionDecorator.java,8,1,0,0,1,1,0,4,0,1,8,0,false
0.9.0,getHaving,openjpa-jdbc/src/main/java/org/apache/openjpa/jdbc/sql/LogicalUnion.java,3,1,0,0,0,1,0,1,37,2,4,0,false
0.9.0,storeDouble,openjpa-kernel/src/main/java/org/apache/openjpa/kernel/OpenJPAStateManager.java,1,1,0,0,0,0,2,0,45,2,5,0,false
0.9.0,setWarningAction,openjpa-lib/src/main/java/org/apache/openjpa/lib/jdbc/LoggingConnectionDecorator.java,5,2,3,0,0,0,0,0,0,1,8,1,false
0.9.0,find,openjpa-persistence/src/main/java/org/apache/openjpa/persistence/EntityManagerImpl.java,12,1,1,0,0,1,1,3,45,2,7,2,false
0.9.0,generateSchemas,openjpa-jdbc/src/main/java/org/apache/openjpa/jdbc/schema/SchemaGenerator.java,27,19,10,2,0,1,2,7,37,1,2,1,false
0.9.0,size,openjpa-jdbc/src/main/java/org/apache/openjpa/jdbc/kernel/SQLProjectionResultObjectProvider.java,4,3,0,0,0,2,0,2,37,1,2,0,false
0.9.0,fireEvent,openjpa-kernel/src/main/java/org/apache/openjpa/datacache/AbstractQueryCache.java,10,3,2,0,1,0,1,2,45,2,7,1,false
0.9.0,setLong,openjpa-lib/src/main/java/org/apache/openjpa/lib/jdbc/DelegatingPreparedStatement.java,3,1,0,0,0,0,0,0,0,1,6,0,false
0.9.0,toBrokerFactory,openjpa-persistence/src/main/java/org/apache/openjpa/persistence/OpenJPAPersistence.java,13,4,2,0,1,2,0,1,45,2,5,0,false
0.9.0,getDirtyObjects,openjpa-kernel/src/main/java/org/apache/openjpa/kernel/BrokerImpl.java,9,1,0,0,1,1,0,4,45,3,11,0,false
0.9.0,compareVersion,openjpa-kernel/src/main/java/org/apache/openjpa/kernel/DelegatingStoreManager.java,3,1,0,0,0,1,11,1,45,3,5,0,false
0.9.0,setSoftReferenceSize,openjpa-kernel/src/main/java/org/apache/openjpa/datacache/ConcurrentQueryCache.java,3,1,0,0,0,0,0,0,45,2,4,0,false
0.9.0,setDistinct,openjpa-jdbc/src/main/java/org/apache/openjpa/jdbc/sql/LogicalUnion.java,3,1,0,0,0,0,0,1,37,2,4,0,false
0.9.0,whereForeignKey,openjpa-jdbc/src/main/java/org/apache/openjpa/jdbc/sql/PrimaryRow.java,4,2,0,0,0,0,0,2,37,1,2,0,false
0.9.0,getConstructor,openjpa-kernel/src/main/java/org/apache/openjpa/enhance/ApplicationIdTool.java,12,4,1,0,0,1,1,3,45,2,6,15,false
0.9.0,setLock,openjpa-kernel/src/main/java/org/apache/openjpa/kernel/DetachedStateManager.java,3,1,0,0,0,0,0,0,45,3,7,0,false
0.9.0,last,openjpa-jdbc/src/main/java/org/apache/openjpa/jdbc/kernel/exps/PCPath.java,11,9,2,0,0,3,6,1,37,2,6,0,false
0.9.0,setResultSetType,openjpa-jdbc/src/main/java/org/apache/openjpa/jdbc/conf/JDBCConfigurationImpl.java,4,1,0,0,0,0,0,2,37,3,6,0,false
0.9.0,setSubclassFetchMode,openjpa-jdbc/src/main/java/org/apache/openjpa/jdbc/kernel/DelegatingJDBCFetchConfiguration.java,1,1,0,0,0,0,1,0,37,2,3,0,false
0.9.0,setCacheSize,openjpa-kernel/src/main/java/org/apache/openjpa/datacache/ConcurrentQueryCache.java,3,1,0,0,0,0,0,0,45,2,4,0,false
0.9.0,getMappingFileNames,openjpa-persistence/src/main/java/org/apache/openjpa/persistence/PersistenceUnitInfoImpl.java,3,2,0,0,0,1,0,0,45,1,7,0,false
0.9.0,getSubtype,openjpa-kernel/src/main/java/org/apache/openjpa/util/OpenJPAException.java,3,1,0,0,0,1,0,0,45,1,4,0,false
0.9.0,getChildCount,openjpa-kernel/src/main/java/org/apache/openjpa/kernel/jpql/JPQLExpressionBuilder.java,3,1,0,0,0,1,20,1,45,2,8,0,false
0.9.0,getGeneratedKey,openjpa-jdbc/src/main/java/org/apache/openjpa/jdbc/sql/OracleDictionary.java,25,8,6,1,3,2,0,3,37,2,3,2,false
0.9.0,generateIdentityValue,openjpa-kernel/src/main/java/org/apache/openjpa/util/ImplHelper.java,3,1,0,0,0,1,0,1,45,3,10,0,false
0.9.0,remove,openjpa-kernel/src/main/java/org/apache/openjpa/util/AbstractChangeTracker.java,1,1,0,0,0,0,1,0,45,1,4,0,false
0.9.0,storeByte,openjpa-kernel/src/main/java/org/apache/openjpa/kernel/DetachedValueStateManager.java,3,1,0,0,0,0,0,0,45,2,5,0,false
0.9.0,isEmpty,openjpa-jdbc/src/main/java/org/apache/openjpa/jdbc/sql/Joins.java,1,1,0,0,0,0,9,0,37,2,2,0,false
0.9.0,getImports,openjpa-kernel/src/main/java/org/apache/openjpa/enhance/ApplicationIdTool.java,14,6,5,0,0,1,1,3,45,2,6,2,false
0.9.0,getDefiningType,openjpa-jdbc/src/main/java/org/apache/openjpa/jdbc/meta/QueryResultMapping.java,3,1,0,0,0,1,0,0,37,1,2,0,false
0.9.0,getContent,openjpa-lib/src/main/java/org/apache/openjpa/lib/meta/FileMetaDataIterator.java,25,5,7,0,2,1,0,2,0,2,7,1,false
0.9.0,setOpenJPATables,openjpa-jdbc/src/main/java/org/apache/openjpa/jdbc/schema/SchemaGenerator.java,3,1,1,0,0,0,1,0,37,1,2,0,false
0.9.0,isVariable,openjpa-jdbc/src/main/java/org/apache/openjpa/jdbc/kernel/exps/Substring.java,3,1,0,0,0,1,0,0,37,2,4,0,false
0.9.0,endForeignKey,openjpa-jdbc/src/main/java/org/apache/openjpa/jdbc/schema/XMLSchemaParser.java,4,1,1,0,0,0,1,0,37,1,2,0,false
0.9.0,setCascadePersist,openjpa-kernel/src/main/java/org/apache/openjpa/meta/FieldMetaData.java,3,1,0,0,0,0,0,1,45,3,10,0,false
0.9.0,updateBlob,openjpa-lib/src/main/java/org/apache/openjpa/lib/jdbc/DelegatingResultSet.java,3,1,0,0,0,0,0,0,0,1,4,0,false
0.9.0,ctx,openjpa-kernel/src/main/java/org/apache/openjpa/kernel/jpql/JPQLExpressionBuilder.java,3,1,0,0,0,1,31,0,45,2,8,0,false
0.9.0,endId,openjpa-persistence/src/main/java/org/apache/openjpa/persistence/XMLPersistenceMetaDataParser.java,3,1,0,0,0,0,1,1,45,2,6,0,false
0.9.0,isInfoEnabled,openjpa-lib/src/main/java/org/apache/openjpa/lib/log/CommonsLogFactory.java,3,1,0,0,0,1,0,0,0,1,5,0,false
0.9.0,length,openjpa-jdbc/src/main/java/org/apache/openjpa/jdbc/kernel/exps/PCPath.java,3,1,0,0,0,1,1,1,37,2,6,1,false
0.9.0,addFieldImplDataMethods,openjpa-kernel/src/main/java/org/apache/openjpa/enhance/PCDataGenerator.java,106,7,26,0,0,0,1,2,45,4,8,34,false
0.9.0,pushElement,openjpa-persistence/src/main/java/org/apache/openjpa/persistence/XMLPersistenceMetaDataParser.java,3,1,0,0,0,0,8,0,45,2,6,0,false
0.9.0,getMetaDataRepository,openjpa-kernel/src/main/java/org/apache/openjpa/conf/OpenJPAConfigurationImpl.java,3,1,0,0,0,1,1,1,45,3,13,0,false
0.9.0,getDatabaseProductVersion,openjpa-lib/src/main/java/org/apache/openjpa/lib/jdbc/DelegatingDatabaseMetaData.java,3,1,0,0,0,1,0,0,0,1,4,0,false
0.9.0,evict,openjpa-kernel/src/main/java/org/apache/openjpa/kernel/PNonTransState.java,3,1,0,0,0,1,0,0,45,2,4,0,false
0.9.0,initialize,openjpa-jdbc/src/main/java/org/apache/openjpa/jdbc/kernel/exps/Substring.java,5,1,1,0,0,0,0,1,37,2,4,0,false
0.9.0,toDataStoreValue,openjpa-jdbc/src/main/java/org/apache/openjpa/jdbc/meta/strats/RelationToManyInverseKeyFieldStrategy.java,4,1,1,0,0,1,0,0,37,2,3,3,false
0.9.0,rollback,openjpa-kernel/src/main/java/org/apache/openjpa/datacache/DataCacheStoreManager.java,10,1,3,0,1,0,0,0,45,4,9,0,false
0.9.0,configureBroker,openjpa-kernel/src/main/java/org/apache/openjpa/kernel/AbstractBrokerFactory.java,12,1,0,0,0,0,2,20,45,2,6,1,false
0.9.0,flush,openjpa-jdbc/src/main/java/org/apache/openjpa/jdbc/kernel/AbstractUpdateManager.java,14,2,2,0,2,1,0,3,37,1,2,1,false
0.9.0,getRestoreState,openjpa-kernel/src/main/java/org/apache/openjpa/kernel/BrokerImpl.java,3,1,0,0,0,1,7,0,45,3,11,0,false
0.9.0,setSQLLog,openjpa-lib/src/main/java/org/apache/openjpa/lib/jdbc/DataSourceLogs.java,3,1,1,0,0,0,0,0,0,1,5,0,false
0.9.0,getStateManager,openjpa-kernel/src/main/java/org/apache/openjpa/kernel/BrokerImpl.java,8,5,1,0,0,2,25,5,45,3,11,3,false
0.9.0,setObject,openjpa-lib/src/main/java/org/apache/openjpa/lib/jdbc/LoggingConnectionDecorator.java,4,1,0,0,0,0,0,1,0,1,8,0,false
0.9.0,startFlushMode,openjpa-persistence/src/main/java/org/apache/openjpa/persistence/XMLPersistenceMetaDataParser.java,5,2,1,0,0,1,2,3,45,2,6,2,false
0.9.0,setConfiguration,openjpa-kernel/src/main/java/org/apache/openjpa/meta/MetaDataRepository.java,4,1,2,0,0,0,1,0,45,3,8,0,false
0.9.0,isConstant,openjpa-jdbc/src/main/java/org/apache/openjpa/jdbc/kernel/exps/FilterValueImpl.java,3,1,0,0,0,1,2,0,37,2,2,0,false
0.9.0,cancel,openjpa-lib/src/main/java/org/apache/openjpa/lib/jdbc/LoggingConnectionDecorator.java,4,2,0,1,0,0,0,2,0,1,8,0,false
0.9.0,log,openjpa-lib/src/main/java/org/apache/openjpa/lib/jdbc/LoggingConnectionDecorator.java,3,2,0,1,0,0,8,2,0,1,8,0,false
0.9.0,setIgnoreChanges,openjpa-kernel/src/main/java/org/apache/openjpa/conf/OpenJPAConfiguration.java,1,1,0,0,0,0,0,0,45,3,8,0,false
0.9.0,selectElement,openjpa-jdbc/src/main/java/org/apache/openjpa/jdbc/meta/strats/RelationToManyTableFieldStrategy.java,3,1,0,0,0,0,0,1,37,2,4,1,false
0.9.0,setVersion,openjpa-kernel/src/main/java/org/apache/openjpa/kernel/DetachedValueStateManager.java,3,1,0,0,0,0,0,0,45,2,5,0,false
0.9.0,getProjectionTypes,openjpa-kernel/src/main/java/org/apache/openjpa/kernel/QueryContext.java,1,1,0,0,0,0,2,0,45,1,4,0,false
0.9.0,declareFields,openjpa-kernel/src/main/java/org/apache/openjpa/enhance/DynamicStorageGenerator.java,14,3,4,0,0,1,1,3,45,1,4,2,false
0.9.0,setDiscriminatorStrategy,openjpa-jdbc/src/main/java/org/apache/openjpa/jdbc/ant/ReverseMappingToolTask.java,3,1,1,0,0,0,0,0,37,2,2,0,false
0.9.0,setBigDecimal,openjpa-lib/src/main/java/org/apache/openjpa/lib/jdbc/DelegatingCallableStatement.java,3,1,0,0,0,0,0,0,0,1,6,0,false
0.9.0,contains,openjpa-kernel/src/main/java/org/apache/openjpa/kernel/exps/InMemoryExpressionFactory.java,3,1,0,0,0,1,0,0,45,3,6,0,false
0.9.0,supportsResultSetConcurrency,openjpa-lib/src/main/java/org/apache/openjpa/lib/jdbc/DelegatingDatabaseMetaData.java,3,1,0,0,0,1,0,0,0,1,4,0,false
0.9.0,rollbackOptimistic,openjpa-kernel/src/main/java/org/apache/openjpa/kernel/DelegatingStoreManager.java,3,1,0,0,0,0,1,1,45,3,5,0,false
0.9.0,isVersionCheckRequired,openjpa-kernel/src/main/java/org/apache/openjpa/kernel/StateManagerImpl.java,3,2,0,0,0,1,0,2,45,3,13,0,false
0.9.0,rowDeleted,openjpa-lib/src/main/java/org/apache/openjpa/lib/jdbc/DelegatingResultSet.java,3,1,0,0,0,1,0,0,0,1,4,0,false
0.9.0,clearPlaceholderSelects,openjpa-jdbc/src/main/java/org/apache/openjpa/jdbc/sql/SelectImpl.java,3,1,0,0,0,0,0,1,37,2,6,0,false
0.9.0,newProvider,openjpa-lib/src/main/java/org/apache/openjpa/lib/conf/Configurations.java,8,2,0,0,1,2,6,0,0,2,13,0,false
0.9.0,getOptimistic,openjpa-kernel/src/main/java/org/apache/openjpa/conf/OpenJPAConfigurationImpl.java,3,1,0,0,0,1,0,1,45,3,13,0,false
0.9.0,getMetaData,openjpa-lib/src/main/java/org/apache/openjpa/lib/jdbc/DelegatingCallableStatement.java,3,1,0,0,0,1,0,0,0,1,6,0,false
0.9.0,entrySet,openjpa-lib/src/main/java/org/apache/openjpa/lib/util/concurrent/ConcurrentHashMap.java,4,2,2,0,0,1,1,1,0,1,7,0,false
0.9.0,getTimeDateFunctions,openjpa-lib/src/main/java/org/apache/openjpa/lib/jdbc/DelegatingDatabaseMetaData.java,3,1,0,0,0,1,0,0,0,1,4,0,false
0.9.0,setIdentityClassSuffix,openjpa-jdbc/src/main/java/org/apache/openjpa/jdbc/ant/ReverseMappingToolTask.java,3,1,1,0,0,0,0,0,37,2,2,0,false
0.9.0,fireGenerationEvent,openjpa-jdbc/src/main/java/org/apache/openjpa/jdbc/schema/SchemaGenerator.java,9,6,3,0,0,2,11,2,37,1,2,1,false
0.9.0,getSystemQueryCache,openjpa-kernel/src/main/java/org/apache/openjpa/datacache/DataCacheManager.java,1,1,0,0,0,0,0,0,45,1,3,0,false
0.9.0,toString,openjpa-lib/src/main/java/org/apache/openjpa/lib/jdbc/DelegatingCallableStatement.java,5,1,1,0,0,1,0,2,0,1,6,0,false
0.9.0,getColumnResults,openjpa-jdbc/src/main/java/org/apache/openjpa/jdbc/meta/QueryResultMapping.java,9,3,3,0,0,1,0,0,37,1,2,0,false
0.9.0,setValue,openjpa-kernel/src/main/java/org/apache/openjpa/kernel/exps/UnboundVariable.java,3,1,1,0,0,0,2,0,45,2,5,0,false
0.9.0,newDateProxy,openjpa-kernel/src/main/java/org/apache/openjpa/util/ProxyManagerImpl.java,4,1,1,0,0,1,1,3,45,1,5,1,false
0.9.0,getPackage,openjpa-persistence/src/main/java/org/apache/openjpa/persistence/XMLPersistenceMetaDataSerializer.java,16,7,2,0,0,4,1,3,45,2,6,2,false
0.9.0,getPCState,openjpa-kernel/src/main/java/org/apache/openjpa/kernel/OpenJPAStateManager.java,1,1,0,0,0,0,10,0,45,2,5,0,false
0.9.0,setFactory,openjpa-kernel/src/main/java/org/apache/openjpa/meta/FieldMetaData.java,4,1,2,0,0,0,1,0,45,3,10,0,false
0.9.0,providedStringField,openjpa-kernel/src/main/java/org/apache/openjpa/kernel/StateManagerImpl.java,3,1,0,0,0,0,0,0,45,3,13,0,false
0.9.0,supportsCatalogsInIndexDefinitions,openjpa-lib/src/main/java/org/apache/openjpa/lib/jdbc/DelegatingDatabaseMetaData.java,3,1,0,0,0,1,0,0,0,1,4,0,false
0.9.0,getLock,openjpa-kernel/src/main/java/org/apache/openjpa/kernel/DetachedStateManager.java,3,1,0,0,0,0,0,0,45,3,7,0,false
0.9.0,hasGrouping,openjpa-kernel/src/main/java/org/apache/openjpa/datacache/QueryCacheStoreQuery.java,3,1,0,0,0,1,0,1,45,2,7,0,false
0.9.0,isStoreContextParameter,openjpa-kernel/src/main/java/org/apache/openjpa/meta/FieldMetaData.java,3,1,0,0,0,1,1,0,45,3,10,2,false
0.9.0,getDatabaseMajorVersion,openjpa-lib/src/main/java/org/apache/openjpa/lib/jdbc/DelegatingDatabaseMetaData.java,3,1,0,0,0,0,0,0,0,1,4,0,false
0.9.0,setResolve,openjpa-kernel/src/main/java/org/apache/openjpa/meta/ClassMetaData.java,3,1,1,0,0,0,0,0,45,3,8,0,false
0.9.0,rowValueEquals,openjpa-jdbc/src/main/java/org/apache/openjpa/jdbc/sql/PrimaryRow.java,4,3,0,0,0,2,2,0,37,1,2,0,false
0.9.0,getResultSetType,openjpa-jdbc/src/main/java/org/apache/openjpa/jdbc/kernel/DelegatingJDBCFetchConfiguration.java,1,1,0,0,0,0,5,0,37,2,3,0,false
0.9.0,load,openjpa-jdbc/src/main/java/org/apache/openjpa/jdbc/kernel/exps/Substring.java,3,1,0,0,0,1,0,1,37,2,4,0,false
0.9.0,ownUpdatesAreVisible,openjpa-kernel/src/main/java/org/apache/openjpa/kernel/BrokerImpl.java,3,1,0,0,0,1,0,0,45,3,11,0,false
0.9.0,setDiagnosticContext,openjpa-lib/src/main/java/org/apache/openjpa/lib/log/LogFactoryImpl.java,3,1,1,0,0,0,0,0,0,1,6,0,false
0.9.0,supportsOpenCursorsAcrossCommit,openjpa-lib/src/main/java/org/apache/openjpa/lib/jdbc/DelegatingDatabaseMetaData.java,3,1,0,0,0,1,0,0,0,1,4,0,false
0.9.0,getTablePrivileges,openjpa-lib/src/main/java/org/apache/openjpa/lib/jdbc/DelegatingDatabaseMetaData.java,3,1,0,0,0,1,0,0,0,1,4,0,false
0.9.0,isPrimaryKey,openjpa-kernel/src/main/java/org/apache/openjpa/meta/FieldMetaData.java,3,1,0,0,0,1,26,0,45,3,10,0,false
0.9.0,createStatement,openjpa-lib/src/main/java/org/apache/openjpa/lib/jdbc/LoggingConnectionDecorator.java,4,1,1,0,0,1,0,3,0,1,8,0,false
0.9.0,getDOMParser,openjpa-lib/src/main/java/org/apache/openjpa/lib/xml/XMLFactory.java,11,3,1,0,1,1,1,1,0,2,6,1,false
0.9.0,stringifyConstant,openjpa-jdbc/src/main/java/org/apache/openjpa/jdbc/schema/XMLSchemaSerializer.java,5,3,0,1,0,3,2,0,37,1,2,0,false
0.9.0,setEnvClassLoader,openjpa-kernel/src/main/java/org/apache/openjpa/meta/ClassMetaData.java,3,1,1,0,0,0,3,0,45,3,8,0,false
0.9.0,getComments,openjpa-jdbc/src/main/java/org/apache/openjpa/jdbc/meta/QueryResultMapping.java,3,2,0,0,0,1,0,0,37,1,2,0,false
0.9.0,useInverseKeyMapping,openjpa-jdbc/src/main/java/org/apache/openjpa/jdbc/meta/MappingRepository.java,11,5,3,0,0,3,1,10,37,2,4,1,false
0.9.0,isEmpty,openjpa-kernel/src/main/java/org/apache/openjpa/kernel/BrokerImpl.java,3,3,0,0,0,1,1,0,45,3,11,0,false
0.9.0,getSequences,openjpa-jdbc/src/main/java/org/apache/openjpa/jdbc/schema/XMLSchemaSerializer.java,3,1,0,0,0,1,0,0,37,1,2,0,false
0.9.0,isMapped,openjpa-kernel/src/main/java/org/apache/openjpa/meta/FieldMetaData.java,3,2,0,0,0,1,1,1,45,3,10,0,false
0.9.0,addLoad,openjpa-kernel/src/main/java/org/apache/openjpa/enhance/PCDataGenerator.java,35,3,6,3,0,1,4,3,45,4,8,18,false
0.9.0,setInto,openjpa-lib/src/main/java/org/apache/openjpa/lib/conf/GenericConfigurable.java,1,1,0,0,0,0,1,0,0,1,5,0,false
0.9.0,getJoinSyntax,openjpa-jdbc/src/main/java/org/apache/openjpa/jdbc/kernel/DelegatingJDBCFetchConfiguration.java,1,1,0,0,0,0,4,0,37,2,3,0,false
0.9.0,assignObjectId,openjpa-kernel/src/main/java/org/apache/openjpa/kernel/OpenJPAStateManager.java,1,1,0,0,0,0,0,0,45,2,5,0,false
0.9.0,next,openjpa-jdbc/src/main/java/org/apache/openjpa/jdbc/kernel/MappedQueryResultObjectProvider.java,3,1,0,0,0,1,0,0,37,2,2,0,false
0.9.0,afterFlush,openjpa-kernel/src/main/java/org/apache/openjpa/kernel/StateManagerImpl.java,18,11,7,0,0,1,2,9,45,3,13,0,false
0.9.0,getFieldName,openjpa-kernel/src/main/java/org/apache/openjpa/enhance/DynamicStorageGenerator.java,3,1,0,1,0,1,1,0,45,1,4,0,false
0.9.0,setAction,openjpa-jdbc/src/main/java/org/apache/openjpa/jdbc/ant/MappingToolTask.java,3,1,1,0,0,0,0,0,37,2,3,0,false
0.9.0,setCursorName,openjpa-lib/src/main/java/org/apache/openjpa/lib/jdbc/DelegatingPreparedStatement.java,3,1,0,0,0,0,0,0,0,1,6,0,false
0.9.0,setFromSelect,openjpa-jdbc/src/main/java/org/apache/openjpa/jdbc/sql/SelectImpl.java,4,2,2,0,0,0,0,0,37,2,6,0,false
0.9.0,fireLifecycleEvent,openjpa-kernel/src/main/java/org/apache/openjpa/kernel/BrokerImpl.java,10,14,2,0,0,3,10,4,45,3,11,0,false
0.9.0,ignoreContent,openjpa-lib/src/main/java/org/apache/openjpa/lib/meta/XMLMetaDataParser.java,4,2,1,0,0,0,1,0,0,2,9,0,false
0.9.0,capacity,openjpa-lib/src/main/java/org/apache/openjpa/lib/util/concurrent/ConcurrentHashMap.java,3,1,0,0,0,1,0,0,0,1,7,0,false
0.9.0,toString,openjpa-kernel/src/main/java/org/apache/openjpa/kernel/jpql/JPQLExpressionBuilder.java,3,1,0,0,0,1,0,0,45,2,8,0,false
0.9.0,hasDeleteListeners,openjpa-kernel/src/main/java/org/apache/openjpa/event/LifecycleEventManager.java,3,1,0,0,0,1,0,2,45,1,5,0,false
0.9.0,setFlushBeforeQueries,openjpa-kernel/src/main/java/org/apache/openjpa/conf/OpenJPAConfigurationImpl.java,4,1,0,0,0,0,0,2,45,3,13,0,false
0.9.0,getStartIndex,openjpa-jdbc/src/main/java/org/apache/openjpa/jdbc/sql/LogicalUnion.java,3,1,0,0,0,1,0,1,37,2,4,0,false
0.9.0,preDetach,openjpa-kernel/src/main/java/org/apache/openjpa/kernel/DetachManager.java,13,5,6,0,0,0,3,4,45,4,9,1,false
0.9.0,settingByteField,openjpa-kernel/src/main/java/org/apache/openjpa/kernel/DetachedStateManager.java,13,3,1,0,1,1,0,3,45,3,7,0,false
0.9.0,refresh,openjpa-kernel/src/main/java/org/apache/openjpa/kernel/BrokerImpl.java,58,24,15,0,4,0,2,19,45,3,11,10,false
0.9.0,addExtensionKeys,openjpa-kernel/src/main/java/org/apache/openjpa/meta/FieldMetaData.java,3,1,0,0,0,0,0,2,45,3,10,2,false
0.9.0,getFlushMode,openjpa-persistence/src/main/java/org/apache/openjpa/persistence/QueryImpl.java,3,1,0,0,0,1,0,1,45,2,6,1,false
0.9.0,updateRef,openjpa-lib/src/main/java/org/apache/openjpa/lib/jdbc/DelegatingResultSet.java,3,1,0,0,0,0,0,0,0,1,4,0,false
0.9.0,assertActiveTransaction,openjpa-kernel/src/main/java/org/apache/openjpa/kernel/BrokerImpl.java,3,3,0,0,0,0,10,1,45,3,11,0,false
0.9.0,instantiate,openjpa-lib/src/main/java/org/apache/openjpa/lib/conf/PluginValue.java,6,3,1,0,0,1,0,4,0,1,5,0,false
0.9.0,hasVariable,openjpa-jdbc/src/main/java/org/apache/openjpa/jdbc/kernel/exps/BindVariableExpression.java,3,2,0,0,0,1,0,0,37,2,3,0,false
0.9.0,replaceStringField,openjpa-kernel/src/main/java/org/apache/openjpa/kernel/DetachedValueStateManager.java,3,1,0,0,0,0,0,0,45,2,5,0,false
0.9.0,setMappingFactory,openjpa-jdbc/src/main/java/org/apache/openjpa/jdbc/conf/JDBCConfigurationImpl.java,4,1,0,0,0,0,0,1,37,3,6,0,false
0.9.0,relative,openjpa-lib/src/main/java/org/apache/openjpa/lib/jdbc/DelegatingResultSet.java,3,1,0,0,0,1,0,0,0,1,4,0,false
0.9.0,putUserObject,openjpa-kernel/src/main/java/org/apache/openjpa/kernel/BrokerImpl.java,11,4,1,0,1,2,0,2,45,3,11,0,false
0.9.0,isMappingMode,openjpa-persistence/src/main/java/org/apache/openjpa/persistence/AnnotationPersistenceMetaDataParser.java,3,2,0,0,0,1,4,0,45,3,11,0,false
0.9.0,addProperty,openjpa-lib/src/main/java/org/apache/openjpa/lib/conf/MapConfigurationProvider.java,4,2,1,0,0,1,0,0,0,2,6,0,false
0.9.0,maskNull,openjpa-lib/src/main/java/org/apache/openjpa/lib/util/concurrent/ConcurrentHashMap.java,3,2,0,0,0,1,5,0,0,1,7,0,false
0.9.0,lookup,openjpa-lib/src/main/java/org/apache/openjpa/lib/conf/Configurations.java,18,6,2,0,2,2,1,0,0,2,13,3,false
0.9.0,getType,openjpa-kernel/src/main/java/org/apache/openjpa/meta/FieldMetaData.java,3,1,0,0,0,1,11,1,45,3,10,0,false
0.9.0,orderBy,openjpa-jdbc/src/main/java/org/apache/openjpa/jdbc/kernel/exps/IndexOf.java,3,1,0,0,0,0,0,1,37,2,4,0,false
0.9.0,getType,openjpa-persistence-jdbc/src/main/java/org/apache/openjpa/persistence/jdbc/JDBCPersistenceProductDerivation.java,3,1,0,0,0,1,0,0,37,2,4,0,false
0.9.0,getDetachedStateField,openjpa-kernel/src/main/java/org/apache/openjpa/conf/DetachOptions.java,3,1,0,0,0,1,0,0,45,1,3,0,false
0.9.0,executeOn,openjpa-jdbc/src/main/java/org/apache/openjpa/jdbc/ant/MappingToolTask.java,14,5,7,0,0,0,0,3,37,2,3,2,false
0.9.0,beginOptimistic,openjpa-kernel/src/main/java/org/apache/openjpa/abstractstore/AbstractStoreManager.java,2,1,0,0,0,0,0,0,45,3,6,0,false
0.9.0,getUpdates,openjpa-jdbc/src/main/java/org/apache/openjpa/jdbc/sql/RowManagerImpl.java,3,2,0,0,0,1,1,0,37,1,2,0,false
0.9.0,getLoaded,openjpa-kernel/src/main/java/org/apache/openjpa/kernel/OpenJPAStateManager.java,1,1,0,0,0,0,10,0,45,2,5,0,false
0.9.0,getAllRowDeletes,openjpa-jdbc/src/main/java/org/apache/openjpa/jdbc/sql/RowManagerImpl.java,3,2,0,0,0,1,1,0,37,1,2,0,false
0.9.0,getAttributes,openjpa-lib/src/main/java/org/apache/openjpa/lib/jdbc/DelegatingDatabaseMetaData.java,3,1,0,0,0,0,0,0,0,1,4,0,false
0.9.0,getDefaultEntryDelimiter,openjpa-lib/src/main/java/org/apache/openjpa/lib/util/FormatPreservingProperties.java,3,1,0,0,0,1,0,0,0,1,8,0,false
0.9.0,addMappingFileName,openjpa-persistence/src/main/java/org/apache/openjpa/persistence/PersistenceUnitInfoImpl.java,4,2,1,0,0,0,2,0,45,1,7,0,false
0.9.0,setInt,openjpa-lib/src/main/java/org/apache/openjpa/lib/jdbc/LoggingConnectionDecorator.java,4,1,0,0,0,0,0,1,0,1,8,0,false
0.9.0,newQuery,openjpa-kernel/src/main/java/org/apache/openjpa/kernel/BrokerImpl.java,28,10,6,0,1,1,1,8,45,3,11,4,false
0.9.0,newBrokerInstance,openjpa-jdbc/src/main/java/org/apache/openjpa/jdbc/conf/JDBCConfigurationImpl.java,8,4,3,0,0,1,0,0,37,3,6,0,false
0.9.0,canOuterJoin,openjpa-jdbc/src/main/java/org/apache/openjpa/jdbc/sql/OracleDictionary.java,8,6,0,0,0,4,0,0,37,2,3,2,false
0.9.0,addPersistenceAware,openjpa-kernel/src/main/java/org/apache/openjpa/meta/MetaDataRepository.java,10,4,1,0,0,3,0,3,45,3,8,0,false
0.9.0,finish,openjpa-kernel/src/main/java/org/apache/openjpa/datacache/DataCachePCDataGenerator.java,5,2,1,1,0,0,0,1,45,1,3,0,false
0.9.0,getDiagnosticContext,openjpa-lib/src/main/java/org/apache/openjpa/lib/log/LogFactoryImpl.java,3,1,0,0,0,1,1,0,0,1,6,0,false
0.9.0,getInstance,openjpa-persistence/src/main/java/org/apache/openjpa/persistence/AnnotationPersistenceMetaDataParser.java,4,2,1,0,0,1,2,1,45,3,11,0,false
0.9.0,setNextVersion,openjpa-kernel/src/main/java/org/apache/openjpa/kernel/StateManagerImpl.java,3,1,1,0,0,0,0,1,45,3,13,0,false
0.9.0,and,openjpa-jdbc/src/main/java/org/apache/openjpa/jdbc/kernel/exps/JDBCExpressionFactory.java,5,3,0,0,0,3,0,2,37,3,6,0,false
0.9.0,calculateValue,openjpa-jdbc/src/main/java/org/apache/openjpa/jdbc/kernel/exps/Args.java,3,2,1,0,0,0,0,0,37,2,3,0,false
0.9.0,classForName,openjpa-kernel/src/main/java/org/apache/openjpa/meta/MetaDataRepository.java,13,7,0,0,1,2,2,0,45,3,8,1,false
0.9.0,initialize,openjpa-kernel/src/main/java/org/apache/openjpa/datacache/QueryCache.java,1,1,0,0,0,0,2,0,45,1,4,0,false
0.9.0,close,openjpa-persistence/src/main/java/org/apache/openjpa/persistence/EntityManagerFactoryImpl.java,3,1,0,0,0,0,0,0,45,2,8,0,false
0.9.0,startSecondaryTable,openjpa-persistence-jdbc/src/main/java/org/apache/openjpa/persistence/jdbc/XMLPersistenceMappingParser.java,4,1,1,0,0,1,1,2,37,2,3,0,false
0.9.0,orphan,openjpa-kernel/src/main/java/org/apache/openjpa/event/LogOrphanedKeyAction.java,23,13,3,0,0,1,0,0,45,1,4,2,false
0.9.0,setConfiguration,openjpa-kernel/src/main/java/org/apache/openjpa/datacache/AbstractQueryCache.java,4,1,2,0,0,0,0,0,45,2,7,0,false
0.9.0,find,openjpa-jdbc/src/main/java/org/apache/openjpa/jdbc/kernel/JDBCStoreManager.java,9,4,3,0,0,2,0,1,37,3,9,1,false
0.9.0,afterCommit,openjpa-kernel/src/main/java/org/apache/openjpa/event/RemoteCommitEventManager.java,2,1,0,0,0,0,0,0,45,1,4,0,false
0.9.0,getMultithreaded,openjpa-kernel/src/main/java/org/apache/openjpa/kernel/BrokerImpl.java,3,1,0,0,0,1,5,0,45,3,11,0,false
0.9.0,getLongProperty,openjpa-lib/src/main/java/org/apache/openjpa/lib/util/Options.java,5,3,2,0,0,1,0,1,0,1,8,0,false
0.9.0,fireEvent,openjpa-kernel/src/main/java/org/apache/openjpa/datacache/AbstractDataCache.java,10,3,2,0,1,0,1,2,45,2,5,1,false
0.9.0,clear,openjpa-lib/src/main/java/org/apache/openjpa/lib/util/concurrent/CopyOnWriteArrayList.java,14,4,6,3,0,0,0,2,0,1,5,0,false
0.9.0,setRemote,openjpa-kernel/src/main/java/org/apache/openjpa/kernel/OpenJPAStateManager.java,1,1,0,0,0,0,0,0,45,2,5,0,false
0.9.0,getQuery,openjpa-kernel/src/main/java/org/apache/openjpa/kernel/QueryContext.java,1,1,0,0,0,0,1,0,45,1,4,0,false
0.9.0,getConnection2DriverName,openjpa-kernel/src/main/java/org/apache/openjpa/conf/OpenJPAConfigurationImpl.java,3,1,0,0,0,1,1,1,45,3,13,0,false
0.9.0,hasContainsExpression,openjpa-jdbc/src/main/java/org/apache/openjpa/jdbc/kernel/exps/InExpression.java,3,1,0,0,0,1,0,0,37,2,4,0,false
0.9.0,isLargeTransaction,openjpa-kernel/src/main/java/org/apache/openjpa/kernel/BrokerImpl.java,3,1,0,0,0,1,0,0,45,3,11,0,false
0.9.0,length,openjpa-jdbc/src/main/java/org/apache/openjpa/jdbc/kernel/exps/IndexOf.java,3,1,0,0,0,1,0,0,37,2,4,0,false
0.9.0,getWarnings,openjpa-lib/src/main/java/org/apache/openjpa/lib/jdbc/DelegatingResultSet.java,3,1,0,0,0,1,0,0,0,1,4,0,false
0.9.0,setTransmitPersistedObjectIds,openjpa-kernel/src/main/java/org/apache/openjpa/conf/RemoteCommitProviderValue.java,3,2,1,0,0,0,0,0,45,1,4,0,false
0.9.0,setSchemaGroup,openjpa-jdbc/src/main/java/org/apache/openjpa/jdbc/schema/XMLSchemaParser.java,3,1,1,0,0,0,0,0,37,1,2,0,false
0.9.0,getEvictFromStoreCache,openjpa-persistence/src/main/java/org/apache/openjpa/persistence/EntityManagerImpl.java,3,1,0,0,0,1,0,1,45,2,7,0,false
0.9.0,getJDBCListeners,openjpa-jdbc/src/main/java/org/apache/openjpa/jdbc/conf/JDBCConfigurationImpl.java,3,1,0,0,0,1,0,1,37,3,6,0,false
0.9.0,isDefaultValue,openjpa-kernel/src/main/java/org/apache/openjpa/kernel/OpenJPAStateManager.java,1,1,0,0,0,0,1,0,45,2,5,0,false
0.9.0,getFetchConfiguration,openjpa-kernel/src/main/java/org/apache/openjpa/kernel/StoreContext.java,1,1,0,0,0,0,7,0,45,3,6,0,false
0.9.0,invoke,openjpa-kernel/src/main/java/org/apache/openjpa/kernel/MethodStoreQuery.java,12,3,0,0,1,1,3,1,45,2,5,3,false
0.9.0,getAutoDetach,openjpa-kernel/src/main/java/org/apache/openjpa/kernel/BrokerImpl.java,3,1,0,0,0,1,2,0,45,3,11,0,false
0.9.0,evalQueryOperation,openjpa-kernel/src/main/java/org/apache/openjpa/kernel/jpql/JPQLExpressionBuilder.java,6,5,3,0,0,0,1,2,45,2,8,4,false
0.9.0,putUserObject,openjpa-kernel/src/main/java/org/apache/openjpa/kernel/AbstractBrokerFactory.java,12,4,1,0,1,2,0,3,45,2,6,0,false
0.9.0,assignField,openjpa-kernel/src/main/java/org/apache/openjpa/kernel/DelegatingStoreManager.java,3,1,0,0,0,1,0,1,45,3,5,0,false
0.9.0,setConnectionFactory,openjpa-kernel/src/main/java/org/apache/openjpa/conf/OpenJPAConfiguration.java,1,1,0,0,0,0,0,0,45,3,8,0,false
0.9.0,currentClassName,openjpa-lib/src/main/java/org/apache/openjpa/lib/meta/CFMetaDataParser.java,3,1,0,0,0,1,1,0,0,1,5,0,false
0.9.0,getIgnoreChanges,openjpa-kernel/src/main/java/org/apache/openjpa/kernel/ExtentImpl.java,3,1,0,0,0,1,0,0,45,2,5,0,false
0.9.0,getSchemas,openjpa-jdbc/src/main/java/org/apache/openjpa/jdbc/schema/SchemaGroup.java,4,3,1,0,0,1,16,0,37,1,2,0,false
0.9.0,setCascades,openjpa-persistence/src/main/java/org/apache/openjpa/persistence/AnnotationPersistenceMetaDataParser.java,8,10,0,0,0,0,7,0,45,3,11,1,false
0.9.0,cascadeDelete,openjpa-kernel/src/main/java/org/apache/openjpa/kernel/StateManagerImpl.java,10,5,2,0,0,0,3,6,45,3,13,4,false
0.9.0,getDriver,openjpa-jdbc/src/main/java/org/apache/openjpa/jdbc/schema/SimpleDriverDataSource.java,22,8,3,1,2,1,1,1,37,2,2,4,false
0.9.0,serializing,openjpa-kernel/src/main/java/org/apache/openjpa/kernel/DetachedValueStateManager.java,3,1,0,0,0,0,0,0,45,2,5,0,false
0.9.0,getConnectionRetainMode,openjpa-kernel/src/main/java/org/apache/openjpa/kernel/BrokerImpl.java,3,1,0,0,0,1,0,0,45,3,11,0,false
0.9.0,updateRow,openjpa-lib/src/main/java/org/apache/openjpa/lib/jdbc/DelegatingResultSet.java,3,1,0,0,0,0,0,0,0,1,4,0,false
0.9.0,getFile,openjpa-kernel/src/main/java/org/apache/openjpa/enhance/CodeGenerator.java,6,1,3,1,0,1,2,0,45,2,6,0,false
0.9.0,isConnectionFactoryModeManaged,openjpa-kernel/src/main/java/org/apache/openjpa/conf/OpenJPAConfigurationImpl.java,3,1,0,0,0,1,0,1,45,3,13,0,false
0.9.0,getDataStoreActions,openjpa-jdbc/src/main/java/org/apache/openjpa/jdbc/kernel/JDBCStoreQuery.java,37,12,22,0,0,2,0,4,37,2,5,2,false
0.9.0,isEmbedded,openjpa-kernel/src/main/java/org/apache/openjpa/kernel/OpenJPAStateManager.java,1,1,0,0,0,0,7,0,45,2,5,0,false
0.9.0,hasJoin,openjpa-jdbc/src/main/java/org/apache/openjpa/jdbc/sql/LogicalUnion.java,3,1,0,0,0,1,0,1,37,2,4,0,false
0.9.0,supportsExtendedSQLGrammar,openjpa-lib/src/main/java/org/apache/openjpa/lib/jdbc/DelegatingDatabaseMetaData.java,3,1,0,0,0,1,0,0,0,1,4,0,false
0.9.0,endSystemMappingElement,openjpa-persistence/src/main/java/org/apache/openjpa/persistence/XMLPersistenceMetaDataParser.java,2,1,0,0,0,0,1,0,45,2,6,0,false
0.9.0,preFlush,openjpa-kernel/src/main/java/org/apache/openjpa/kernel/SingleFieldManager.java,91,48,26,0,0,2,1,8,45,2,4,11,false
0.9.0,entrySet,openjpa-kernel/src/main/java/org/apache/openjpa/util/ProxyTreeMap.java,3,1,0,0,0,1,0,0,45,1,4,0,false
0.9.0,getLock,openjpa-kernel/src/main/java/org/apache/openjpa/kernel/DetachedValueStateManager.java,3,1,0,0,0,0,0,0,45,2,5,0,false
0.9.0,endTransaction,openjpa-kernel/src/main/java/org/apache/openjpa/kernel/BrokerImpl.java,59,21,19,1,2,0,1,15,45,3,11,4,false
0.9.0,validateNoPKFields,openjpa-kernel/src/main/java/org/apache/openjpa/meta/ClassMetaData.java,4,3,2,0,0,0,4,2,45,3,8,0,false
0.9.0,setFloat,openjpa-lib/src/main/java/org/apache/openjpa/lib/jdbc/DelegatingPreparedStatement.java,3,1,0,0,0,0,0,0,0,1,6,0,false
0.9.0,setFetchBatchSize,openjpa-kernel/src/main/java/org/apache/openjpa/conf/OpenJPAConfiguration.java,1,1,0,0,0,0,0,0,45,3,8,0,false
0.9.0,settingIntField,openjpa-kernel/src/main/java/org/apache/openjpa/kernel/DetachedStateManager.java,13,3,1,0,1,1,0,3,45,3,7,0,false
0.9.0,isDistinct,openjpa-jdbc/src/main/java/org/apache/openjpa/jdbc/sql/LogicalUnion.java,3,1,0,0,0,1,0,1,37,2,4,0,false
0.9.0,declareClasses,openjpa-kernel/src/main/java/org/apache/openjpa/enhance/DynamicStorageGenerator.java,3,1,0,0,0,0,1,0,45,1,4,0,false
0.9.0,replaceCharField,openjpa-kernel/src/main/java/org/apache/openjpa/kernel/StateManagerImpl.java,3,1,0,0,0,1,0,0,45,3,13,0,false
0.9.0,releaseSavepoint,openjpa-kernel/src/main/java/org/apache/openjpa/kernel/BrokerImpl.java,25,7,3,2,1,0,1,5,45,3,11,4,false
0.9.0,currentPackage,openjpa-lib/src/main/java/org/apache/openjpa/lib/meta/CFMetaDataParser.java,3,1,0,0,0,1,0,0,0,1,5,0,false
0.9.0,newOrder,openjpa-kernel/src/main/java/org/apache/openjpa/meta/MetaDataRepository.java,10,6,4,0,0,2,1,6,45,3,8,5,false
0.9.0,hasExtension,openjpa-kernel/src/main/java/org/apache/openjpa/meta/Extensions.java,3,1,0,0,0,1,0,1,45,1,4,0,false
0.9.0,writeDetachedState,openjpa-kernel/src/main/java/org/apache/openjpa/kernel/DetachManager.java,19,4,2,0,0,3,1,8,45,4,9,3,false
0.9.0,getObject,openjpa-jdbc/src/main/java/org/apache/openjpa/jdbc/sql/OracleDictionary.java,7,4,3,0,0,2,0,1,37,2,3,2,false
0.9.0,contains,openjpa-lib/src/main/java/org/apache/openjpa/lib/util/concurrent/ConcurrentHashMap.java,3,1,0,0,0,1,0,1,0,1,7,0,false
0.9.0,newForeignKey,openjpa-jdbc/src/main/java/org/apache/openjpa/jdbc/schema/SchemaGroup.java,3,1,0,0,0,1,0,0,37,1,2,0,false
0.9.0,setNull,openjpa-jdbc/src/main/java/org/apache/openjpa/jdbc/sql/OracleDictionary.java,7,10,0,0,0,0,0,2,37,2,3,0,false
0.9.0,getReadLockLevel,openjpa-kernel/src/main/java/org/apache/openjpa/conf/OpenJPAConfigurationImpl.java,3,1,0,0,0,1,0,1,45,3,13,0,false
0.9.0,getDetachedPersistenceCapable,openjpa-kernel/src/main/java/org/apache/openjpa/kernel/DetachManager.java,3,1,0,0,0,1,0,0,45,4,9,0,false
0.9.0,embed,openjpa-kernel/src/main/java/org/apache/openjpa/kernel/SingleFieldManager.java,4,2,0,0,0,2,4,0,45,2,4,1,false
0.9.0,getColumnAlias,openjpa-jdbc/src/main/java/org/apache/openjpa/jdbc/kernel/exps/FilterValueImpl.java,3,1,0,0,0,1,0,0,37,2,2,0,false
0.9.0,getOwner,openjpa-kernel/src/main/java/org/apache/openjpa/kernel/StateManagerImpl.java,3,1,0,0,0,1,2,0,45,3,13,0,false
0.9.0,getJDBCListenerInstances,openjpa-jdbc/src/main/java/org/apache/openjpa/jdbc/conf/JDBCConfigurationImpl.java,4,2,0,0,0,1,0,2,37,3,6,0,false
0.9.0,isPersistent,openjpa-kernel/src/main/java/org/apache/openjpa/kernel/DetachedStateManager.java,3,1,0,0,0,1,0,0,45,3,7,0,false
0.9.0,equals,openjpa-lib/src/main/java/org/apache/openjpa/lib/jdbc/DelegatingDataSource.java,5,3,1,0,0,2,0,1,0,1,5,1,false
0.9.0,setByte,openjpa-lib/src/main/java/org/apache/openjpa/lib/jdbc/DelegatingCallableStatement.java,3,1,0,0,0,0,0,0,0,1,6,0,false
0.9.0,getDocument,openjpa-lib/src/main/java/org/apache/openjpa/lib/xml/XMLFactory.java,3,1,0,0,0,1,0,1,0,2,6,1,false
0.9.0,setDate,openjpa-lib/src/main/java/org/apache/openjpa/lib/jdbc/LoggingConnectionDecorator.java,4,1,0,0,0,0,0,1,0,1,8,0,false
0.9.0,getLocalTransaction,openjpa-persistence/src/main/java/org/apache/openjpa/persistence/EntityManagerImpl.java,3,1,0,0,0,1,0,0,45,2,7,0,false
0.9.0,toDataStoreValue,openjpa-jdbc/src/main/java/org/apache/openjpa/jdbc/kernel/exps/StringFunction.java,3,1,0,0,0,1,0,0,37,2,4,0,false
0.9.0,insertPlaceholder,openjpa-jdbc/src/main/java/org/apache/openjpa/jdbc/sql/SelectImpl.java,4,2,1,0,0,0,0,2,37,2,6,0,false
0.9.0,getAggregateListeners,openjpa-kernel/src/main/java/org/apache/openjpa/conf/OpenJPAConfiguration.java,1,1,0,0,0,0,0,0,45,3,8,0,false
0.9.0,getIgnoreChanges,openjpa-kernel/src/main/java/org/apache/openjpa/kernel/QueryContext.java,1,1,0,0,0,0,3,0,45,1,4,0,false
0.9.0,processArgument,openjpa-kernel/src/main/java/org/apache/openjpa/kernel/FindCallbacks.java,1,1,0,0,0,0,0,0,45,1,4,0,false
0.9.0,appendJoinCount,openjpa-jdbc/src/main/java/org/apache/openjpa/jdbc/meta/strats/ContainerFieldStrategy.java,6,1,1,0,0,0,1,1,37,2,2,2,false
0.9.0,providedByteField,openjpa-kernel/src/main/java/org/apache/openjpa/kernel/StateManagerImpl.java,3,1,0,0,0,0,0,0,45,3,13,0,false
0.9.0,isFlushed,openjpa-kernel/src/main/java/org/apache/openjpa/kernel/OpenJPAStateManager.java,1,1,0,0,0,0,1,0,45,2,5,0,false
0.9.0,endTable,openjpa-jdbc/src/main/java/org/apache/openjpa/jdbc/schema/XMLSchemaParser.java,3,1,1,0,0,0,1,0,37,1,2,0,false
0.9.0,setManagedRuntime,openjpa-kernel/src/main/java/org/apache/openjpa/conf/OpenJPAConfigurationImpl.java,4,1,0,0,0,0,0,2,45,3,13,0,false
0.9.0,getMaxFetchDepth,openjpa-kernel/src/main/java/org/apache/openjpa/conf/OpenJPAConfigurationImpl.java,3,1,0,0,0,1,0,0,45,3,13,0,false
0.9.0,setIgnoreUnmapped,openjpa-jdbc/src/main/java/org/apache/openjpa/jdbc/kernel/ClassTableJDBCSeq.java,3,1,1,0,0,0,1,0,37,2,3,0,false
0.9.0,getMetaData,openjpa-kernel/src/main/java/org/apache/openjpa/enhance/CodeGenerator.java,3,1,0,0,0,1,0,0,45,2,6,0,false
0.9.0,fillPage,openjpa-jdbc/src/main/java/org/apache/openjpa/jdbc/kernel/PagingResultObjectProvider.java,24,9,9,2,0,0,1,9,37,3,3,1,false
0.9.0,isFatal,openjpa-kernel/src/main/java/org/apache/openjpa/util/OpenJPAException.java,3,1,0,0,0,1,1,0,45,1,4,0,false
0.9.0,newBoundVariable,openjpa-jdbc/src/main/java/org/apache/openjpa/jdbc/kernel/exps/JDBCExpressionFactory.java,3,1,0,0,0,1,0,1,37,3,6,0,false
0.9.0,clearBatch,openjpa-lib/src/main/java/org/apache/openjpa/lib/jdbc/DelegatingPreparedStatement.java,3,1,0,0,0,0,0,0,0,1,6,0,false
0.9.0,error,openjpa-kernel/src/main/java/org/apache/openjpa/kernel/PCState.java,3,1,0,0,0,0,9,2,45,1,4,0,false
0.9.0,settingIntField,openjpa-kernel/src/main/java/org/apache/openjpa/kernel/DetachedValueStateManager.java,3,1,0,0,0,0,0,0,45,2,5,0,false
0.9.0,getSchemaTerm,openjpa-lib/src/main/java/org/apache/openjpa/lib/jdbc/DelegatingDatabaseMetaData.java,3,1,0,0,0,1,0,0,0,1,4,0,false
0.9.0,setStateManager,openjpa-kernel/src/main/java/org/apache/openjpa/kernel/DetachManager.java,3,1,1,0,0,0,1,0,45,4,9,0,false
0.9.0,isDebugEnabled,openjpa-lib/src/main/java/org/apache/openjpa/lib/log/AbstractLog.java,3,1,0,0,0,1,1,1,0,1,6,0,false
0.9.0,newPrimaryKey,openjpa-jdbc/src/main/java/org/apache/openjpa/jdbc/schema/SchemaGroup.java,3,1,0,0,0,1,0,0,37,1,2,0,false
0.9.0,refSchemaComponents,openjpa-jdbc/src/main/java/org/apache/openjpa/jdbc/meta/ValueMappingImpl.java,9,4,2,0,0,0,0,3,37,1,2,0,false
0.9.0,persistAll,openjpa-kernel/src/main/java/org/apache/openjpa/kernel/BrokerImpl.java,20,4,3,0,2,1,0,7,45,3,11,0,false
0.9.0,getClassName,openjpa-kernel/src/main/java/org/apache/openjpa/enhance/ApplicationIdTool.java,6,3,2,1,0,2,3,3,45,2,6,0,false
0.9.0,getMaxCharLiteralLength,openjpa-lib/src/main/java/org/apache/openjpa/lib/jdbc/DelegatingDatabaseMetaData.java,3,1,0,0,0,1,0,0,0,1,4,0,false
0.9.0,isOpen,openjpa-persistence/src/main/java/org/apache/openjpa/persistence/EntityManagerFactoryImpl.java,3,1,0,0,0,1,0,0,45,2,8,0,false
0.9.0,appendTo,openjpa-jdbc/src/main/java/org/apache/openjpa/jdbc/kernel/exps/StartsWithExpression.java,29,7,5,1,0,0,0,7,37,2,3,2,false
0.9.0,getSchemas,openjpa-lib/src/main/java/org/apache/openjpa/lib/jdbc/LoggingConnectionDecorator.java,4,2,0,0,0,1,0,2,0,1,8,0,false
0.9.0,setURL,openjpa-lib/src/main/java/org/apache/openjpa/lib/jdbc/DelegatingPreparedStatement.java,3,1,0,0,0,0,0,0,0,1,6,0,false
0.9.0,appendIsEmpty,openjpa-jdbc/src/main/java/org/apache/openjpa/jdbc/kernel/exps/AbstractVal.java,3,1,0,0,0,0,0,0,37,2,4,0,false
0.9.0,getSelects,openjpa-jdbc/src/main/java/org/apache/openjpa/jdbc/sql/LogicalUnion.java,3,1,0,0,0,1,0,0,37,2,4,0,false
0.9.0,toSelect,openjpa-jdbc/src/main/java/org/apache/openjpa/jdbc/sql/OracleDictionary.java,27,11,3,2,0,4,0,4,37,2,3,2,false
0.9.0,getManagedObjects,openjpa-kernel/src/main/java/org/apache/openjpa/kernel/StoreContext.java,1,1,0,0,0,0,0,0,45,3,6,0,false
0.9.0,startIndex,openjpa-jdbc/src/main/java/org/apache/openjpa/jdbc/schema/XMLSchemaParser.java,7,2,3,0,0,0,1,3,37,1,2,2,false
0.9.0,getUniqueName,openjpa-kernel/src/main/java/org/apache/openjpa/datacache/DataCachePCDataGenerator.java,3,1,0,1,0,1,0,0,45,1,3,0,false
0.9.0,getMoreResults,openjpa-lib/src/main/java/org/apache/openjpa/lib/jdbc/DelegatingCallableStatement.java,3,1,0,0,0,1,0,0,0,1,6,0,false
0.9.0,getDeclaredType,openjpa-kernel/src/main/java/org/apache/openjpa/meta/FieldMetaData.java,3,1,0,0,0,1,5,1,45,3,10,0,false
0.9.0,getDocType,openjpa-jdbc/src/main/java/org/apache/openjpa/jdbc/schema/XMLSchemaParser.java,3,1,0,0,0,1,0,0,37,1,2,0,false
0.9.0,warnFlushMode,openjpa-persistence/src/main/java/org/apache/openjpa/persistence/AnnotationPersistenceMetaDataParser.java,3,2,0,0,0,0,2,0,45,3,11,0,false
0.9.0,addClassConditions,openjpa-jdbc/src/main/java/org/apache/openjpa/jdbc/kernel/JDBCStoreManager.java,19,7,8,0,0,3,2,1,37,3,9,2,false
0.9.0,getCatalogTerm,openjpa-lib/src/main/java/org/apache/openjpa/lib/jdbc/DelegatingDatabaseMetaData.java,3,1,0,0,0,1,0,0,0,1,4,0,false
0.9.0,addToCollection,openjpa-kernel/src/main/java/org/apache/openjpa/meta/MetaDataRepository.java,15,3,4,0,0,0,4,2,45,3,8,0,false
0.9.0,setSourceIsSystemId,openjpa-lib/src/main/java/org/apache/openjpa/lib/meta/XMLMetaDataParser.java,3,1,1,0,0,0,0,0,0,2,9,0,false
0.9.0,getQueryExpressions,openjpa-kernel/src/main/java/org/apache/openjpa/kernel/ExpressionStoreQuery.java,1,1,0,0,0,0,2,0,45,2,6,0,false
0.9.0,getMetaData,openjpa-kernel/src/main/java/org/apache/openjpa/kernel/DetachedStateManager.java,3,1,0,0,0,0,0,0,45,3,7,0,false
0.9.0,resolve,openjpa-jdbc/src/main/java/org/apache/openjpa/jdbc/meta/QueryResultMapping.java,10,4,4,0,0,1,3,3,37,1,2,1,false
0.9.0,getRemoteCommitEventManager,openjpa-kernel/src/main/java/org/apache/openjpa/conf/OpenJPAConfiguration.java,1,1,0,0,0,0,2,0,45,3,8,0,false
0.9.0,decorate,openjpa-lib/src/main/java/org/apache/openjpa/lib/jdbc/JDBCEventConnectionDecorator.java,4,2,0,0,0,2,0,2,0,1,5,0,false
0.9.0,getManagedObjects,openjpa-persistence/src/main/java/org/apache/openjpa/persistence/EntityManagerImpl.java,3,1,0,0,0,1,0,1,45,2,7,0,false
0.9.0,getVersion,openjpa-kernel/src/main/java/org/apache/openjpa/kernel/OpenJPAStateManager.java,1,1,0,0,0,0,16,0,45,2,5,0,false
0.9.0,setFetchGroupFields,openjpa-kernel/src/main/java/org/apache/openjpa/kernel/DetachManager.java,7,6,3,0,0,0,1,7,45,4,9,1,false
0.9.0,isErrorEnabled,openjpa-lib/src/main/java/org/apache/openjpa/lib/log/AbstractLog.java,3,1,0,0,0,1,1,1,0,1,6,0,false
0.9.0,newCustomProxy,openjpa-kernel/src/main/java/org/apache/openjpa/util/ProxyManagerImpl.java,3,2,0,0,0,1,0,7,45,1,5,0,false
0.9.0,setOpenJPATables,openjpa-jdbc/src/main/java/org/apache/openjpa/jdbc/ant/SchemaToolTask.java,3,1,1,0,0,0,0,0,37,2,3,0,false
0.9.0,hasEagerJoin,openjpa-jdbc/src/main/java/org/apache/openjpa/jdbc/sql/SelectImpl.java,4,3,0,0,0,2,3,0,37,2,6,0,false
0.9.0,delayForeignKey,openjpa-jdbc/src/main/java/org/apache/openjpa/jdbc/sql/PrimaryRow.java,8,8,0,0,0,6,2,1,37,1,2,0,false
0.9.0,syncWith,openjpa-jdbc/src/main/java/org/apache/openjpa/jdbc/meta/VersionMappingInfo.java,11,7,3,0,0,1,0,6,37,1,2,0,false
0.9.0,hasContainsExpression,openjpa-jdbc/src/main/java/org/apache/openjpa/jdbc/kernel/exps/OrExpression.java,3,1,0,0,0,1,0,1,37,2,3,0,false
0.9.0,getToBytesByteArrayCode,openjpa-kernel/src/main/java/org/apache/openjpa/enhance/ApplicationIdTool.java,23,1,1,0,0,1,1,1,45,2,6,61,false
0.9.0,setAuthentication,openjpa-kernel/src/main/java/org/apache/openjpa/kernel/BrokerImpl.java,4,1,2,0,0,0,1,0,45,3,11,0,false
0.9.0,setHoldability,openjpa-lib/src/main/java/org/apache/openjpa/lib/jdbc/DelegatingConnection.java,6,2,2,0,0,0,0,4,0,1,7,0,false
0.9.0,isDetached,openjpa-kernel/src/main/java/org/apache/openjpa/kernel/StateManagerImpl.java,3,2,0,0,0,1,7,0,45,3,13,0,false
0.9.0,getQueryCache,openjpa-kernel/src/main/java/org/apache/openjpa/kernel/DelegatingFetchConfiguration.java,8,2,0,0,1,1,0,2,45,3,7,1,false
0.9.0,listen,openjpa-kernel/src/main/java/org/apache/openjpa/event/TCPRemoteCommitProvider.java,5,1,1,0,0,0,1,0,45,2,7,0,false
0.9.0,getSyncWithManagedTransactions,openjpa-kernel/src/main/java/org/apache/openjpa/kernel/BrokerImpl.java,3,1,0,0,0,1,0,0,45,3,11,0,false
0.9.0,serializing,openjpa-kernel/src/main/java/org/apache/openjpa/kernel/StateManagerImpl.java,10,3,0,0,1,2,0,7,45,3,13,1,false
0.9.0,absolute,openjpa-lib/src/main/java/org/apache/openjpa/lib/jdbc/LoggingConnectionDecorator.java,8,1,0,0,1,1,0,4,0,1,8,0,false
0.9.0,isWarnEnabled,openjpa-lib/src/main/java/org/apache/openjpa/lib/log/Log4JLogFactory.java,3,2,0,0,0,1,0,0,0,1,5,1,false
0.9.0,toString,openjpa-kernel/src/main/java/org/apache/openjpa/datacache/AbstractDataCache.java,3,1,0,1,0,1,0,0,45,2,5,0,false
0.9.0,removeOverflow,openjpa-lib/src/main/java/org/apache/openjpa/lib/util/concurrent/ConcurrentHashMap.java,7,3,1,0,0,0,3,2,0,1,7,2,false
0.9.0,clearWarnings,openjpa-lib/src/main/java/org/apache/openjpa/lib/jdbc/DelegatingPreparedStatement.java,3,1,0,0,0,0,0,0,0,1,6,0,false
0.9.0,setQueryTimeout,openjpa-lib/src/main/java/org/apache/openjpa/lib/jdbc/ConfiguringConnectionDecorator.java,3,1,1,0,0,0,1,0,0,1,4,0,false
0.9.0,newExtent,openjpa-kernel/src/main/java/org/apache/openjpa/kernel/BrokerImpl.java,3,1,0,0,0,1,2,1,45,3,11,0,false
0.9.0,newCompilation,openjpa-kernel/src/main/java/org/apache/openjpa/datacache/QueryCacheStoreQuery.java,3,1,0,0,0,1,0,1,45,2,7,0,false
0.9.0,hashCode,openjpa-kernel/src/main/java/org/apache/openjpa/meta/ClassMetaData.java,3,1,0,0,0,1,1,0,45,3,8,1,false
0.9.0,replaceObjectField,openjpa-kernel/src/main/java/org/apache/openjpa/kernel/DetachedValueStateManager.java,3,1,0,0,0,0,0,0,45,2,5,0,false
0.9.0,get,openjpa-lib/src/main/java/org/apache/openjpa/lib/conf/StringListValue.java,3,1,0,0,0,1,0,0,0,1,4,0,false
0.9.0,setReadLockMode,openjpa-persistence/src/main/java/org/apache/openjpa/persistence/FetchPlan.java,4,1,0,0,0,1,2,1,45,2,5,0,false
0.9.0,getBlob,openjpa-lib/src/main/java/org/apache/openjpa/lib/jdbc/DelegatingCallableStatement.java,3,1,0,0,0,0,0,0,0,1,6,0,false
0.9.0,getCascadeAttach,openjpa-kernel/src/main/java/org/apache/openjpa/meta/FieldMetaData.java,3,1,0,0,0,1,2,1,45,3,10,0,false
0.9.0,newMetaDataRepositoryInstance,openjpa-kernel/src/main/java/org/apache/openjpa/conf/OpenJPAConfigurationImpl.java,3,1,0,0,0,1,2,1,45,3,13,0,false
0.9.0,getCodeDirectory,openjpa-kernel/src/main/java/org/apache/openjpa/enhance/CodeGenerator.java,3,1,0,0,0,1,0,0,45,2,6,0,false
0.9.0,getTime,openjpa-lib/src/main/java/org/apache/openjpa/lib/jdbc/JDBCEvent.java,3,1,0,0,0,1,0,0,0,1,4,0,false
0.9.0,fromFlushBeforeQueries,openjpa-persistence/src/main/java/org/apache/openjpa/persistence/EntityManagerImpl.java,10,3,0,0,0,3,2,0,45,2,7,0,false
0.9.0,newOrderArray,openjpa-jdbc/src/main/java/org/apache/openjpa/jdbc/meta/MappingRepository.java,3,1,0,0,0,1,0,0,37,2,4,0,false
0.9.0,parseEmbedded,openjpa-persistence/src/main/java/org/apache/openjpa/persistence/XMLPersistenceMetaDataParser.java,6,2,0,0,0,0,1,2,45,2,6,0,false
0.9.0,setLexicalHandler,openjpa-lib/src/main/java/org/apache/openjpa/lib/meta/XMLMetaDataParser.java,3,1,1,0,0,0,0,0,0,2,9,0,false
0.9.0,setFile,openjpa-lib/src/main/java/org/apache/openjpa/lib/meta/FileMetaDataIterator.java,3,1,1,0,0,0,2,0,0,2,7,0,false
0.9.0,right,openjpa-kernel/src/main/java/org/apache/openjpa/kernel/jpql/JPQLExpressionBuilder.java,3,1,0,0,0,1,11,1,45,2,8,0,false
0.9.0,getAggregateListener,openjpa-kernel/src/main/java/org/apache/openjpa/kernel/AbstractStoreQuery.java,3,1,0,0,0,1,0,0,45,2,4,0,false
0.9.0,pinInternal,openjpa-kernel/src/main/java/org/apache/openjpa/datacache/ConcurrentQueryCache.java,3,1,0,0,0,1,0,0,45,2,4,0,false
0.9.0,getTag,openjpa-jdbc/src/main/java/org/apache/openjpa/jdbc/kernel/exps/SQLEmbed.java,3,1,0,0,0,1,0,0,37,2,2,0,false
0.9.0,or,openjpa-jdbc/src/main/java/org/apache/openjpa/jdbc/kernel/exps/JDBCExpressionFactory.java,5,1,1,0,0,1,0,0,37,3,6,2,false
0.9.0,map,openjpa-jdbc/src/main/java/org/apache/openjpa/jdbc/meta/QueryResultMapping.java,1,1,0,0,0,0,1,0,37,1,2,0,false
0.9.0,getModifications,openjpa-kernel/src/main/java/org/apache/openjpa/datacache/DataCacheStoreManager.java,8,2,2,0,0,1,1,1,45,4,9,0,false
0.9.0,settingShortField,openjpa-kernel/src/main/java/org/apache/openjpa/kernel/StateManagerImpl.java,16,5,1,0,1,1,2,6,45,3,13,0,false
0.9.0,getMetaData,openjpa-jdbc/src/main/java/org/apache/openjpa/jdbc/kernel/exps/Variable.java,3,1,0,0,0,1,1,0,37,2,3,0,false
0.9.0,getConnection,openjpa-jdbc/src/main/java/org/apache/openjpa/jdbc/schema/DataSourceFactory.java,3,1,0,0,0,1,0,0,37,1,2,0,false
0.9.0,close,openjpa-kernel/src/main/java/org/apache/openjpa/kernel/BrokerImpl.java,11,6,1,0,1,0,0,4,45,3,11,0,false
0.9.0,setConnectionProperties,openjpa-kernel/src/main/java/org/apache/openjpa/conf/OpenJPAConfiguration.java,1,1,0,0,0,0,0,0,45,3,8,0,false
0.9.0,getValues,openjpa-jdbc/src/main/java/org/apache/openjpa/jdbc/ant/ReverseMappingToolTask.java,3,1,0,0,0,1,0,0,37,2,2,0,false
0.9.0,or,openjpa-kernel/src/main/java/org/apache/openjpa/kernel/jpql/JPQLExpressionBuilder.java,4,1,2,0,0,0,4,0,45,2,8,0,false
0.9.0,getDelegate,openjpa-lib/src/main/java/org/apache/openjpa/lib/log/CommonsLogFactory.java,3,1,0,0,0,1,0,0,0,1,5,0,false
0.9.0,getTables,openjpa-lib/src/main/java/org/apache/openjpa/lib/jdbc/DelegatingDatabaseMetaData.java,3,1,0,0,0,1,0,0,0,1,4,0,false
0.9.0,attach,openjpa-kernel/src/main/java/org/apache/openjpa/kernel/BrokerImpl.java,24,6,0,0,2,3,0,7,45,3,11,1,false
0.9.0,supportsGroupBy,openjpa-lib/src/main/java/org/apache/openjpa/lib/jdbc/DelegatingDatabaseMetaData.java,3,1,0,0,0,1,0,0,0,1,4,0,false
0.9.0,newUnique,openjpa-jdbc/src/main/java/org/apache/openjpa/jdbc/schema/SchemaGroup.java,3,1,0,0,0,1,0,0,37,1,2,0,false
0.9.0,setImplicitType,openjpa-jdbc/src/main/java/org/apache/openjpa/jdbc/kernel/exps/Math.java,3,1,1,0,0,0,0,0,37,2,4,0,false
0.9.0,getMaxFieldSize,openjpa-lib/src/main/java/org/apache/openjpa/lib/jdbc/DelegatingStatement.java,3,1,0,0,0,1,0,0,0,1,5,0,false
0.9.0,setEscapeProcessing,openjpa-lib/src/main/java/org/apache/openjpa/lib/jdbc/DelegatingCallableStatement.java,3,1,0,0,0,0,0,0,0,1,6,0,false
0.9.0,getQueryResultCache,openjpa-persistence/src/main/java/org/apache/openjpa/persistence/FetchPlan.java,3,1,0,0,0,1,0,0,45,2,5,0,false
0.9.0,equals,openjpa-persistence/src/main/java/org/apache/openjpa/persistence/EntityManagerFactoryImpl.java,5,3,0,0,0,3,0,0,45,2,8,0,false
0.9.0,getConnectionPassword,openjpa-kernel/src/main/java/org/apache/openjpa/conf/OpenJPAConfiguration.java,1,1,0,0,0,0,3,0,45,3,8,0,false
0.9.0,getLockTimeout,openjpa-kernel/src/main/java/org/apache/openjpa/conf/OpenJPAConfiguration.java,1,1,0,0,0,0,2,0,45,3,8,0,false
0.9.0,setPackage,openjpa-lib/src/main/java/org/apache/openjpa/lib/meta/CFMetaDataSerializer.java,3,1,1,0,0,0,0,0,0,1,5,0,false
0.9.0,begin,openjpa-persistence/src/main/java/org/apache/openjpa/persistence/EntityManagerImpl.java,3,1,0,0,0,0,0,1,45,2,7,0,false
0.9.0,setTopic,openjpa-kernel/src/main/java/org/apache/openjpa/event/JMSRemoteCommitProvider.java,3,1,1,0,0,0,0,0,45,1,5,0,false
0.9.0,parseJoinColumns,openjpa-persistence-jdbc/src/main/java/org/apache/openjpa/persistence/jdbc/AnnotationPersistenceMappingParser.java,14,7,6,0,0,1,4,3,37,2,3,0,false
0.9.0,newProxy,openjpa-kernel/src/main/java/org/apache/openjpa/kernel/StateManagerImpl.java,18,9,1,0,0,9,0,5,45,3,13,1,false
0.9.0,addTransactionListener,openjpa-persistence/src/main/java/org/apache/openjpa/persistence/EntityManagerImpl.java,3,1,0,0,0,0,0,3,45,2,7,0,false
0.9.0,writeLock,openjpa-kernel/src/main/java/org/apache/openjpa/datacache/DelegatingQueryCache.java,9,3,0,0,1,1,0,2,45,1,4,1,false
0.9.0,endEntityResult,openjpa-persistence-jdbc/src/main/java/org/apache/openjpa/persistence/jdbc/XMLPersistenceMappingParser.java,3,1,0,0,0,0,2,0,37,2,3,0,false
0.9.0,set,openjpa-lib/src/main/java/org/apache/openjpa/lib/conf/BooleanValue.java,4,2,0,0,0,0,0,1,0,1,4,0,false
0.9.0,getRelationIdCallback,openjpa-jdbc/src/main/java/org/apache/openjpa/jdbc/sql/PrimaryRow.java,3,2,0,0,0,1,0,1,37,1,2,0,false
0.9.0,setLoading,openjpa-kernel/src/main/java/org/apache/openjpa/kernel/StateManagerImpl.java,4,2,2,0,0,0,4,0,45,3,13,0,false
0.9.0,toPolymorphicConstant,openjpa-persistence-jdbc/src/main/java/org/apache/openjpa/persistence/jdbc/AnnotationPersistenceMappingParser.java,12,4,0,0,0,3,2,0,37,2,3,0,false
0.9.0,setLoadObjectIds,openjpa-kernel/src/main/java/org/apache/openjpa/enhance/ApplicationIdTool.java,1,1,0,0,0,0,2,0,45,2,6,0,false
0.9.0,setListingIndex,openjpa-kernel/src/main/java/org/apache/openjpa/meta/ClassMetaData.java,3,1,1,0,0,0,1,0,45,3,8,0,false
0.9.0,getSQLFactory,openjpa-jdbc/src/main/java/org/apache/openjpa/jdbc/kernel/JDBCStoreManager.java,3,1,0,0,0,1,0,0,37,3,9,0,false
0.9.0,clear,openjpa-lib/src/main/java/org/apache/openjpa/lib/util/concurrent/ConcurrentHashMap.java,3,1,0,0,0,0,0,1,0,1,7,2,false
0.9.0,getWhere,openjpa-jdbc/src/main/java/org/apache/openjpa/jdbc/sql/SelectImpl.java,3,1,0,0,0,1,1,0,37,2,6,0,false
0.9.0,equals,openjpa-kernel/src/main/java/org/apache/openjpa/meta/FieldMetaData.java,5,3,0,0,0,3,0,2,45,3,10,0,false
0.9.0,appendSize,openjpa-jdbc/src/main/java/org/apache/openjpa/jdbc/kernel/exps/AbstractVal.java,3,1,0,0,0,0,0,0,37,2,4,0,false
0.9.0,prepareStatement,openjpa-lib/src/main/java/org/apache/openjpa/lib/jdbc/DelegatingConnection.java,7,3,3,0,0,1,2,3,0,1,7,0,false
0.9.0,populateConfiguration,openjpa-lib/src/main/java/org/apache/openjpa/lib/conf/Configurations.java,27,9,12,3,0,0,4,7,0,2,13,9,false
0.9.0,updateBinaryStream,openjpa-lib/src/main/java/org/apache/openjpa/lib/jdbc/DelegatingResultSet.java,3,1,0,0,0,0,0,0,0,1,4,0,false
0.9.0,execute,openjpa-lib/src/main/java/org/apache/openjpa/lib/jdbc/DelegatingPreparedStatement.java,3,1,0,0,0,0,0,0,0,1,6,0,false
0.9.0,setSequences,openjpa-jdbc/src/main/java/org/apache/openjpa/jdbc/ant/SchemaToolTask.java,3,1,1,0,0,0,0,0,37,2,3,0,false
0.9.0,refreshRow,openjpa-lib/src/main/java/org/apache/openjpa/lib/jdbc/DelegatingResultSet.java,3,1,0,0,0,0,0,0,0,1,4,0,false
0.9.0,transform,openjpa-kernel/src/main/java/org/apache/openjpa/meta/FieldMetaData.java,32,19,0,0,0,10,1,0,45,3,10,1,false
0.9.0,getColumns,openjpa-jdbc/src/main/java/org/apache/openjpa/jdbc/sql/OracleDictionary.java,13,11,2,0,0,1,0,0,37,2,3,3,false
0.9.0,getTransactionManager,openjpa-kernel/src/main/java/org/apache/openjpa/ee/SunOneManagedRuntime.java,4,1,1,0,0,1,0,0,45,1,3,0,false
0.9.0,prepareStatement,openjpa-lib/src/main/java/org/apache/openjpa/lib/jdbc/ConfiguringConnectionDecorator.java,5,2,1,0,0,1,0,0,0,1,4,1,false
0.9.0,addListener,openjpa-kernel/src/main/java/org/apache/openjpa/event/LifecycleEventManager.java,24,10,5,0,0,4,3,2,45,1,5,2,false
0.9.0,parseMemberMappingAnnotations,openjpa-persistence-jdbc/src/main/java/org/apache/openjpa/persistence/jdbc/AnnotationPersistenceMappingParser.java,114,35,5,0,0,0,0,35,37,2,3,15,false
0.9.0,invokeAfterDetach,openjpa-kernel/src/main/java/org/apache/openjpa/kernel/DetachManager.java,25,7,8,0,1,1,2,4,45,4,9,2,false
0.9.0,backingMember,openjpa-kernel/src/main/java/org/apache/openjpa/meta/FieldMetaData.java,25,11,8,0,0,1,4,5,45,3,10,3,false
0.9.0,newSequenceMetaData,openjpa-kernel/src/main/java/org/apache/openjpa/meta/MetaDataRepository.java,3,1,0,0,0,1,2,1,45,3,8,0,false
0.9.0,getCandidateType,openjpa-kernel/src/main/java/org/apache/openjpa/kernel/jpql/JPQLExpressionBuilder.java,3,1,0,0,0,1,4,2,45,2,8,1,false
0.9.0,newVersion,openjpa-jdbc/src/main/java/org/apache/openjpa/jdbc/meta/MappingRepository.java,3,1,0,0,0,1,3,0,37,2,4,0,false
0.9.0,readObject,openjpa-lib/src/main/java/org/apache/openjpa/lib/util/concurrent/CopyOnWriteArrayList.java,9,2,4,0,0,0,0,1,0,1,5,0,false
0.9.0,getStore,openjpa-xmlstore/src/main/java/org/apache/openjpa/xmlstore/XMLConfiguration.java,4,2,1,0,0,1,1,0,45,2,4,0,false
0.9.0,setWrapIndent,openjpa-lib/src/main/java/org/apache/openjpa/lib/jdbc/SQLFormatter.java,3,1,1,0,0,0,0,0,0,1,4,0,false
0.9.0,setNontransactionalRead,openjpa-kernel/src/main/java/org/apache/openjpa/kernel/BrokerImpl.java,6,5,1,0,0,0,1,5,45,3,11,1,false
0.9.0,setCodeFormat,openjpa-kernel/src/main/java/org/apache/openjpa/enhance/ApplicationIdTool.java,3,1,1,0,0,0,3,0,45,2,6,0,false
0.9.0,nullInverse,openjpa-jdbc/src/main/java/org/apache/openjpa/jdbc/meta/strats/RelationFieldStrategy.java,10,3,3,0,0,1,4,6,37,2,5,4,false
0.9.0,getConnection,openjpa-jdbc/src/main/java/org/apache/openjpa/jdbc/schema/SimpleDriverDataSource.java,3,1,0,0,0,1,0,0,37,2,2,0,false
0.9.0,getAllowDuplicates,openjpa-lib/src/main/java/org/apache/openjpa/lib/util/FormatPreservingProperties.java,3,1,0,0,0,1,0,0,0,1,8,0,false
0.9.0,getLifecycleMetaData,openjpa-kernel/src/main/java/org/apache/openjpa/meta/ClassMetaData.java,3,1,0,0,0,1,11,0,45,3,8,0,false
0.9.0,storeFloat,openjpa-kernel/src/main/java/org/apache/openjpa/kernel/DetachedValueStateManager.java,3,1,0,0,0,0,0,0,45,2,5,0,false
0.9.0,removeProvider,openjpa-kernel/src/main/java/org/apache/openjpa/event/TCPRemoteCommitProvider.java,15,4,1,0,1,0,1,1,45,2,7,0,false
0.9.0,executeUpdate,openjpa-kernel/src/main/java/org/apache/openjpa/kernel/ExpressionStoreQuery.java,3,1,0,0,0,1,1,0,45,2,6,0,false
0.9.0,joins,openjpa-jdbc/src/main/java/org/apache/openjpa/jdbc/sql/SelectImpl.java,3,1,0,0,0,1,0,0,37,2,6,0,false
0.9.0,join,openjpa-jdbc/src/main/java/org/apache/openjpa/jdbc/meta/strats/RelationToManyInverseKeyFieldStrategy.java,3,1,0,0,0,1,0,0,37,2,3,0,false
0.9.0,syncVersion,openjpa-kernel/src/main/java/org/apache/openjpa/datacache/DataCacheStoreManager.java,16,7,4,0,0,4,0,3,45,4,9,3,false
0.9.0,startClass,openjpa-lib/src/main/java/org/apache/openjpa/lib/meta/CFMetaDataParser.java,7,5,2,1,0,1,1,2,0,1,5,0,false
0.9.0,newInverseManagerInstance,openjpa-kernel/src/main/java/org/apache/openjpa/conf/OpenJPAConfigurationImpl.java,3,1,0,0,0,1,0,1,45,3,13,0,false
0.9.0,isDetached,openjpa-kernel/src/main/java/org/apache/openjpa/kernel/DetachedValueStateManager.java,3,1,0,0,0,1,0,0,45,2,5,0,false
0.9.0,getOpenJPATables,openjpa-jdbc/src/main/java/org/apache/openjpa/jdbc/schema/SchemaGenerator.java,3,1,0,0,0,1,0,0,37,1,2,0,false
0.9.0,previous,openjpa-lib/src/main/java/org/apache/openjpa/lib/util/concurrent/CopyOnWriteArrayList.java,8,2,0,0,1,1,0,0,0,1,5,0,false
0.9.0,getJoinDirection,openjpa-jdbc/src/main/java/org/apache/openjpa/jdbc/meta/ValueMappingImpl.java,4,3,0,0,0,2,0,2,37,1,2,1,false
0.9.0,setSequences,openjpa-jdbc/src/main/java/org/apache/openjpa/jdbc/ant/MappingToolTask.java,3,1,1,0,0,0,0,0,37,2,3,0,false
0.9.0,addJarFile,openjpa-persistence/src/main/java/org/apache/openjpa/persistence/PersistenceUnitInfoImpl.java,23,6,4,1,1,2,2,10,45,1,7,2,false
0.9.0,getResultType,openjpa-kernel/src/main/java/org/apache/openjpa/kernel/QueryContext.java,1,1,0,0,0,0,3,0,45,1,4,0,false
0.9.0,getAutoOff,openjpa-kernel/src/main/java/org/apache/openjpa/util/AbstractChangeTracker.java,3,1,0,0,0,1,5,0,45,1,4,0,false
0.9.0,initialize,openjpa-jdbc/src/main/java/org/apache/openjpa/jdbc/kernel/JDBCStoreManager.java,54,23,18,0,2,7,2,12,37,3,9,3,false
0.9.0,fetchBoolean,openjpa-kernel/src/main/java/org/apache/openjpa/kernel/DetachedStateManager.java,3,1,0,0,0,0,0,0,45,3,7,0,false
0.9.0,removeSystemListener,openjpa-kernel/src/main/java/org/apache/openjpa/meta/MetaDataRepository.java,7,2,2,0,0,2,0,0,45,3,8,0,false
0.9.0,getProxyManager,openjpa-kernel/src/main/java/org/apache/openjpa/kernel/SingleFieldManager.java,3,1,0,0,0,1,3,0,45,2,4,1,false
0.9.0,scan,openjpa-lib/src/main/java/org/apache/openjpa/lib/meta/FileMetaDataIterator.java,14,6,3,0,0,1,2,6,0,2,7,1,false
0.9.0,addStoreMethods,openjpa-kernel/src/main/java/org/apache/openjpa/enhance/PCDataGenerator.java,4,1,0,0,0,0,1,1,45,4,8,0,false
0.9.0,add,openjpa-kernel/src/main/java/org/apache/openjpa/util/AbstractChangeTracker.java,1,1,0,0,0,0,1,0,45,1,4,0,false
0.9.0,getDirty,openjpa-kernel/src/main/java/org/apache/openjpa/kernel/DetachedValueStateManager.java,3,1,0,0,0,0,0,0,45,2,5,0,false
0.9.0,setMultithreaded,openjpa-kernel/src/main/java/org/apache/openjpa/conf/OpenJPAConfiguration.java,1,1,0,0,0,0,0,0,45,3,8,0,false
0.9.0,getStoreCache,openjpa-persistence/src/main/java/org/apache/openjpa/persistence/EntityManagerFactoryImpl.java,3,1,0,0,0,1,0,1,45,2,8,2,false
0.9.0,getRemoteCommitProvider,openjpa-kernel/src/main/java/org/apache/openjpa/event/RemoteCommitEventManager.java,3,1,0,0,0,1,0,0,45,1,4,0,false
0.9.0,evalOrderingClauses,openjpa-kernel/src/main/java/org/apache/openjpa/kernel/jpql/JPQLExpressionBuilder.java,13,5,8,0,0,0,1,8,45,2,8,3,false
0.9.0,splitExpressions,openjpa-kernel/src/main/java/org/apache/openjpa/kernel/Filters.java,67,29,26,2,0,3,0,0,45,2,10,4,false
0.9.0,getNull,openjpa-kernel/src/main/java/org/apache/openjpa/kernel/exps/InMemoryExpressionFactory.java,3,1,0,0,0,1,0,0,45,3,6,0,false
0.9.0,supportsSchemasInDataManipulation,openjpa-lib/src/main/java/org/apache/openjpa/lib/jdbc/DelegatingDatabaseMetaData.java,3,1,0,0,0,1,0,0,0,1,4,0,false
0.9.0,isDefaultValue,openjpa-kernel/src/main/java/org/apache/openjpa/kernel/SingleFieldManager.java,3,4,0,0,0,1,0,0,45,2,4,0,false
0.9.0,lookupConnectionFactory,openjpa-kernel/src/main/java/org/apache/openjpa/conf/OpenJPAConfigurationImpl.java,4,3,0,0,0,2,2,1,45,3,13,1,false
0.9.0,supportedOptions,openjpa-kernel/src/main/java/org/apache/openjpa/conf/OpenJPAConfigurationImpl.java,3,1,0,0,0,1,1,0,45,3,13,0,false
0.9.0,getValue1,openjpa-jdbc/src/main/java/org/apache/openjpa/jdbc/kernel/exps/CompareEqualExpression.java,3,1,0,0,0,1,0,0,37,2,3,0,false
0.9.0,newIndex,openjpa-jdbc/src/main/java/org/apache/openjpa/jdbc/schema/SchemaGroup.java,3,1,0,0,0,1,0,0,37,1,2,0,false
0.9.0,getValue2,openjpa-jdbc/src/main/java/org/apache/openjpa/jdbc/kernel/exps/CompareEqualExpression.java,3,1,0,0,0,1,0,0,37,2,3,0,false
0.9.0,getAlias,openjpa-kernel/src/main/java/org/apache/openjpa/kernel/QueryContext.java,1,1,0,0,0,0,1,0,45,1,4,0,false
0.9.0,getDetachState,openjpa-kernel/src/main/java/org/apache/openjpa/kernel/BrokerImpl.java,3,1,0,0,0,1,3,0,45,3,11,0,false
0.9.0,getConnectionFactoryMode,openjpa-kernel/src/main/java/org/apache/openjpa/conf/OpenJPAConfigurationImpl.java,3,1,0,0,0,1,0,1,45,3,13,0,false
0.9.0,getResult,openjpa-jdbc/src/main/java/org/apache/openjpa/jdbc/kernel/SelectResultObjectProvider.java,3,1,0,0,0,1,3,0,37,2,2,0,false
0.9.0,getStream,openjpa-lib/src/main/java/org/apache/openjpa/lib/log/LogFactoryImpl.java,3,1,0,0,0,1,0,0,0,1,6,0,false
0.9.0,getConnectionUserName,openjpa-kernel/src/main/java/org/apache/openjpa/kernel/StoreContext.java,1,1,0,0,0,0,0,0,45,3,6,0,false
0.9.0,getObject,openjpa-lib/src/main/java/org/apache/openjpa/lib/jdbc/DelegatingResultSet.java,3,1,0,0,0,1,0,0,0,1,4,0,false
0.9.0,appendIsNotNull,openjpa-jdbc/src/main/java/org/apache/openjpa/jdbc/kernel/exps/PCPath.java,4,2,0,0,0,0,0,0,37,2,6,0,false
0.9.0,optSelect,openjpa-jdbc/src/main/java/org/apache/openjpa/jdbc/kernel/JDBCStoreManager.java,3,4,0,0,0,1,1,0,37,3,9,1,false
0.9.0,executeUpdate,openjpa-kernel/src/main/java/org/apache/openjpa/datacache/QueryCacheStoreQuery.java,8,1,0,0,1,1,0,2,45,2,7,0,false
0.9.0,getResultObject,openjpa-jdbc/src/main/java/org/apache/openjpa/jdbc/kernel/PagingResultObjectProvider.java,4,2,0,1,0,1,0,2,37,3,3,0,false
0.9.0,storesMixedCaseQuotedIdentifiers,openjpa-lib/src/main/java/org/apache/openjpa/lib/jdbc/DelegatingDatabaseMetaData.java,3,1,0,0,0,1,0,0,0,1,4,0,false
0.9.0,onException,openjpa-kernel/src/main/java/org/apache/openjpa/event/JMSRemoteCommitProvider.java,24,12,3,1,2,1,0,2,45,1,5,2,false
0.9.0,getTransmitPersistedObjectIds,openjpa-kernel/src/main/java/org/apache/openjpa/conf/RemoteCommitProviderValue.java,3,1,0,0,0,1,0,0,45,1,4,1,false
0.9.0,callAbstractPCData,openjpa-kernel/src/main/java/org/apache/openjpa/enhance/PCDataGenerator.java,10,3,3,0,0,0,0,1,45,4,8,10,false
0.9.0,insert,openjpa-jdbc/src/main/java/org/apache/openjpa/jdbc/meta/strats/RelationToManyTableFieldStrategy.java,18,5,9,0,0,1,2,1,37,2,4,3,false
0.9.0,setJtaDataSourceName,openjpa-persistence/src/main/java/org/apache/openjpa/persistence/PersistenceUnitInfoImpl.java,4,2,2,0,0,0,3,0,45,1,7,0,false
0.9.0,added,openjpa-kernel/src/main/java/org/apache/openjpa/util/CollectionChangeTrackerImpl.java,3,1,0,0,0,0,3,0,45,1,4,0,false
0.9.0,executeOn,openjpa-kernel/src/main/java/org/apache/openjpa/ant/MetaDataToolTask.java,7,5,4,0,0,0,0,2,45,2,5,0,false
0.9.0,close,openjpa-kernel/src/main/java/org/apache/openjpa/kernel/AbstractPCResultObjectProvider.java,2,1,0,0,0,0,0,0,45,2,5,0,false
0.9.0,getSerializeAnnotations,openjpa-persistence/src/main/java/org/apache/openjpa/persistence/XMLPersistenceMetaDataSerializer.java,3,1,0,0,0,1,2,0,45,2,6,0,false
0.9.0,nullsAreSortedLow,openjpa-lib/src/main/java/org/apache/openjpa/lib/jdbc/DelegatingDatabaseMetaData.java,3,1,0,0,0,1,0,0,0,1,4,0,false
0.9.0,getRetainState,openjpa-kernel/src/main/java/org/apache/openjpa/conf/OpenJPAConfigurationImpl.java,3,1,0,0,0,1,0,1,45,3,13,0,false
0.9.0,hasContainsExpression,openjpa-jdbc/src/main/java/org/apache/openjpa/jdbc/kernel/exps/MatchesExpression.java,3,1,0,0,0,1,0,0,37,2,3,0,false
0.9.0,setFetchDirection,openjpa-jdbc/src/main/java/org/apache/openjpa/jdbc/conf/JDBCConfigurationImpl.java,4,1,0,0,0,0,0,2,37,3,6,0,false
0.9.0,warn,openjpa-lib/src/main/java/org/apache/openjpa/lib/log/NoneLogFactory.java,2,1,0,0,0,0,0,0,0,1,5,0,false
0.9.0,getPCType,openjpa-kernel/src/main/java/org/apache/openjpa/kernel/AbstractPCResultObjectProvider.java,1,1,0,0,0,0,3,0,45,2,5,0,false
0.9.0,createEntityManager,openjpa-persistence/src/main/java/org/apache/openjpa/persistence/EntityManagerFactoryImpl.java,3,1,0,0,0,1,0,1,45,2,8,0,false
0.9.0,getClass,openjpa-jdbc/src/main/java/org/apache/openjpa/jdbc/meta/strats/ClassNameDiscriminatorStrategy.java,4,1,1,0,0,1,0,1,37,1,2,0,false
0.9.0,supportsSelectForUpdate,openjpa-lib/src/main/java/org/apache/openjpa/lib/jdbc/DelegatingDatabaseMetaData.java,3,1,0,0,0,1,0,0,0,1,4,0,false
0.9.0,appendTo,openjpa-jdbc/src/main/java/org/apache/openjpa/jdbc/kernel/exps/IsNotEmptyExpression.java,6,1,0,0,0,0,0,0,37,2,3,0,false
0.9.0,hasJoin,openjpa-jdbc/src/main/java/org/apache/openjpa/jdbc/kernel/DelegatingJDBCFetchConfiguration.java,1,1,0,0,0,0,3,0,37,2,3,0,false
0.9.0,absolute,openjpa-kernel/src/main/java/org/apache/openjpa/kernel/AbstractPCResultObjectProvider.java,3,1,0,0,0,0,0,0,45,2,5,0,false
0.9.0,createConfig,openjpa-lib/src/main/java/org/apache/openjpa/lib/ant/AbstractTask.java,3,1,0,0,0,1,0,1,0,2,12,0,false
0.9.0,beforeCreateStatement,openjpa-lib/src/main/java/org/apache/openjpa/lib/jdbc/AbstractJDBCListener.java,1,1,0,0,0,0,1,0,0,1,4,0,false
0.9.0,updateCharacterStream,openjpa-lib/src/main/java/org/apache/openjpa/lib/jdbc/DelegatingResultSet.java,3,1,0,0,0,0,0,0,0,1,4,0,false
0.9.0,getAggregateListenerInstances,openjpa-kernel/src/main/java/org/apache/openjpa/conf/OpenJPAConfigurationImpl.java,4,2,0,0,0,1,0,0,45,3,13,0,false
0.9.0,supportsPositionedDelete,openjpa-lib/src/main/java/org/apache/openjpa/lib/jdbc/DelegatingDatabaseMetaData.java,3,1,0,0,0,1,0,0,0,1,4,0,false
0.9.0,addFileset,openjpa-lib/src/main/java/org/apache/openjpa/lib/ant/AbstractTask.java,3,1,0,0,0,0,0,0,0,2,12,0,false
0.9.0,setLogWriter,openjpa-jdbc/src/main/java/org/apache/openjpa/jdbc/schema/SimpleDriverDataSource.java,2,1,0,0,0,0,0,0,37,2,2,0,false
0.9.0,isDetached,openjpa-kernel/src/main/java/org/apache/openjpa/kernel/BrokerImpl.java,10,5,4,0,0,4,9,8,45,3,11,3,false
0.9.0,getClob,openjpa-lib/src/main/java/org/apache/openjpa/lib/jdbc/DelegatingCallableStatement.java,3,1,0,0,0,0,0,0,0,1,6,0,false
0.9.0,getChangeTracker,openjpa-kernel/src/main/java/org/apache/openjpa/util/ProxyTreeMap.java,3,1,0,0,0,1,0,0,45,1,4,0,false
0.9.0,getJoins,openjpa-jdbc/src/main/java/org/apache/openjpa/jdbc/kernel/exps/Args.java,3,1,0,0,0,1,0,0,37,2,3,0,false
0.9.0,store,openjpa-kernel/src/main/java/org/apache/openjpa/datacache/DataCachePCDataImpl.java,3,1,0,0,0,0,0,0,45,1,3,0,false
0.9.0,newResultList,openjpa-jdbc/src/main/java/org/apache/openjpa/jdbc/kernel/JDBCFetchConfigurationImpl.java,11,10,0,0,0,7,0,2,37,3,6,1,false
0.9.0,afterClose,openjpa-kernel/src/main/java/org/apache/openjpa/conf/ProductDerivations.java,10,3,1,0,1,0,1,1,45,2,9,1,false
0.9.0,settingLongField,openjpa-kernel/src/main/java/org/apache/openjpa/kernel/DetachedValueStateManager.java,3,1,0,0,0,0,0,0,45,2,5,0,false
0.9.0,getBigDecimal,openjpa-lib/src/main/java/org/apache/openjpa/lib/jdbc/DelegatingResultSet.java,3,1,0,0,0,1,0,0,0,1,4,0,false
0.9.0,setForeignKey,openjpa-jdbc/src/main/java/org/apache/openjpa/jdbc/meta/ValueMappingImpl.java,9,9,1,0,0,0,0,3,37,1,2,0,false
0.9.0,setLevel,openjpa-lib/src/main/java/org/apache/openjpa/lib/log/LogFactoryImpl.java,3,1,1,0,0,0,1,0,0,1,6,0,false
0.9.0,removeSchema,openjpa-jdbc/src/main/java/org/apache/openjpa/jdbc/schema/SchemaGroup.java,14,4,4,0,0,3,1,0,37,1,2,1,false
0.9.0,requiredByDefault,openjpa-kernel/src/main/java/org/apache/openjpa/kernel/StateManagerImpl.java,5,3,0,0,0,3,1,0,45,3,13,1,false
0.9.0,getImplData,openjpa-kernel/src/main/java/org/apache/openjpa/kernel/StateManagerImpl.java,3,1,0,0,0,1,0,1,45,3,13,0,false
0.9.0,connect,openjpa-kernel/src/main/java/org/apache/openjpa/event/JMSRemoteCommitProvider.java,23,4,8,0,1,0,2,2,45,1,5,5,false
0.9.0,getSQLValue,openjpa-jdbc/src/main/java/org/apache/openjpa/jdbc/kernel/exps/StartsWithExpression.java,3,1,0,0,0,1,0,0,37,2,3,0,false
0.9.0,executeQuery,openjpa-lib/src/main/java/org/apache/openjpa/lib/jdbc/DelegatingStatement.java,3,1,0,0,0,1,0,1,0,1,5,0,false
0.9.0,getOperator,openjpa-jdbc/src/main/java/org/apache/openjpa/jdbc/kernel/exps/UnaryOp.java,1,1,0,0,0,0,4,0,37,2,5,0,false
0.9.0,startNamedNativeQuery,openjpa-persistence/src/main/java/org/apache/openjpa/persistence/XMLPersistenceMetaDataParser.java,26,10,8,0,0,2,2,29,45,2,6,9,false
0.9.0,getCopyNew,openjpa-kernel/src/main/java/org/apache/openjpa/kernel/AttachManager.java,3,1,0,0,0,1,1,0,45,2,5,0,false
0.9.0,storesUpperCaseQuotedIdentifiers,openjpa-lib/src/main/java/org/apache/openjpa/lib/jdbc/DelegatingDatabaseMetaData.java,3,1,0,0,0,1,0,0,0,1,4,0,false
0.9.0,supportsResultSetHoldability,openjpa-lib/src/main/java/org/apache/openjpa/lib/jdbc/DelegatingDatabaseMetaData.java,3,1,0,0,0,0,0,0,0,1,4,0,false
0.9.0,getTimeoutTime,openjpa-kernel/src/main/java/org/apache/openjpa/datacache/QueryResult.java,3,1,0,0,0,1,0,0,45,1,3,0,false
0.9.0,getVersionField,openjpa-kernel/src/main/java/org/apache/openjpa/meta/ClassMetaData.java,15,6,5,0,0,2,12,2,45,3,8,0,false
0.9.0,getJoinIterator,openjpa-jdbc/src/main/java/org/apache/openjpa/jdbc/sql/LogicalUnion.java,3,1,0,0,0,1,0,1,37,2,4,0,false
0.9.0,addManyToOneAttributes,openjpa-persistence/src/main/java/org/apache/openjpa/persistence/XMLPersistenceMetaDataSerializer.java,4,3,0,0,0,0,1,0,45,2,6,0,false
0.9.0,getVariable,openjpa-kernel/src/main/java/org/apache/openjpa/kernel/exps/AbstractExpressionBuilder.java,15,6,7,0,0,2,0,11,45,2,7,0,false
0.9.0,setClassResolver,openjpa-kernel/src/main/java/org/apache/openjpa/conf/OpenJPAConfigurationImpl.java,4,1,0,0,0,0,0,2,45,3,13,0,false
0.9.0,hasNext,openjpa-kernel/src/main/java/org/apache/openjpa/kernel/BrokerImpl.java,3,1,0,0,0,1,2,2,45,3,11,0,false
0.9.0,addFactoryMethod,openjpa-kernel/src/main/java/org/apache/openjpa/enhance/DynamicStorageGenerator.java,10,1,2,0,0,0,1,0,45,1,4,9,false
0.9.0,close,openjpa-kernel/src/main/java/org/apache/openjpa/datacache/DataCacheManager.java,1,1,0,0,0,0,0,0,45,1,3,0,false
0.9.0,getExtraFieldDataTable,openjpa-kernel/src/main/java/org/apache/openjpa/meta/ClassMetaData.java,13,5,7,0,0,1,2,3,45,3,8,0,false
0.9.0,initialize,openjpa-jdbc/src/main/java/org/apache/openjpa/jdbc/kernel/exps/InstanceofExpression.java,39,13,18,0,0,0,0,8,37,2,5,13,false
0.9.0,setSize,openjpa-jdbc/src/main/java/org/apache/openjpa/jdbc/kernel/SelectResultObjectProvider.java,3,2,1,0,0,0,2,0,37,2,2,0,false
0.9.0,loadSubclasses,openjpa-jdbc/src/main/java/org/apache/openjpa/jdbc/meta/strats/AbstractDiscriminatorStrategy.java,7,3,1,0,0,0,0,3,37,2,2,3,false
0.9.0,getSystemListeners,openjpa-kernel/src/main/java/org/apache/openjpa/meta/MetaDataRepository.java,3,1,0,0,0,1,0,0,45,3,8,0,false
0.9.0,setDefiningType,openjpa-jdbc/src/main/java/org/apache/openjpa/jdbc/meta/QueryResultMapping.java,3,1,1,0,0,0,0,0,37,1,2,0,false
0.9.0,isPacking,openjpa-kernel/src/main/java/org/apache/openjpa/kernel/AbstractStoreQuery.java,3,1,0,0,0,1,0,0,45,2,4,0,false
0.9.0,getExportedKeys,openjpa-lib/src/main/java/org/apache/openjpa/lib/jdbc/LoggingConnectionDecorator.java,4,2,0,1,0,1,0,2,0,1,8,0,false
0.9.0,commit,openjpa-lib/src/main/java/org/apache/openjpa/lib/jdbc/DelegatingConnection.java,3,1,0,0,0,0,1,0,0,1,7,0,false
0.9.0,newResultList,openjpa-kernel/src/main/java/org/apache/openjpa/kernel/DelegatingFetchConfiguration.java,8,2,0,0,1,1,0,2,45,3,7,1,false
0.9.0,getValueIndex,openjpa-jdbc/src/main/java/org/apache/openjpa/jdbc/meta/ValueMappingImpl.java,3,1,0,0,0,1,0,0,37,1,2,0,false
0.9.0,moveToCurrentRow,openjpa-lib/src/main/java/org/apache/openjpa/lib/jdbc/DelegatingResultSet.java,3,1,0,0,0,0,0,0,0,1,4,0,false
0.9.0,isInfoEnabled,openjpa-lib/src/main/java/org/apache/openjpa/lib/log/NoneLogFactory.java,3,1,0,0,0,1,0,0,0,1,5,0,false
0.9.0,flushSecondaryRow,openjpa-jdbc/src/main/java/org/apache/openjpa/jdbc/sql/RowManagerImpl.java,12,5,3,0,0,1,0,0,37,1,2,1,false
0.9.0,throwExceptions,openjpa-kernel/src/main/java/org/apache/openjpa/kernel/AttachManager.java,8,6,1,0,0,1,2,1,45,2,5,1,false
0.9.0,cancelAll,openjpa-persistence/src/main/java/org/apache/openjpa/persistence/EntityManagerImpl.java,3,1,0,0,0,1,0,1,45,2,7,0,false
0.9.0,lastIndexOf,openjpa-lib/src/main/java/org/apache/openjpa/lib/util/concurrent/CopyOnWriteArrayList.java,4,2,1,3,0,1,0,2,0,1,5,0,false
0.9.0,getInstanceExceptionTranslator,openjpa-kernel/src/main/java/org/apache/openjpa/kernel/BrokerImpl.java,3,2,0,0,0,1,1,0,45,3,11,0,false
0.9.0,initialize,openjpa-jdbc/src/main/java/org/apache/openjpa/jdbc/kernel/exps/IndexOf.java,5,1,1,0,0,0,0,0,37,2,4,0,false
0.9.0,clearParameters,openjpa-jdbc/src/main/java/org/apache/openjpa/jdbc/kernel/exps/Null.java,2,1,0,0,0,0,0,0,37,2,2,0,false
0.9.0,toEagerKey,openjpa-jdbc/src/main/java/org/apache/openjpa/jdbc/sql/SelectImpl.java,4,3,0,0,0,2,4,2,37,2,6,1,false
0.9.0,setHandler,openjpa-jdbc/src/main/java/org/apache/openjpa/jdbc/meta/ValueMappingImpl.java,3,1,1,0,0,0,0,0,37,1,2,0,false
0.9.0,setObject,openjpa-lib/src/main/java/org/apache/openjpa/lib/jdbc/DelegatingCallableStatement.java,3,1,0,0,0,0,0,0,0,1,6,0,false
0.9.0,getUserName,openjpa-kernel/src/main/java/org/apache/openjpa/kernel/BrokerImpl.java,3,1,0,0,0,1,0,0,45,3,11,0,false
0.9.0,getMetaData,openjpa-jdbc/src/main/java/org/apache/openjpa/jdbc/kernel/exps/StringFunction.java,3,1,0,0,0,1,0,0,37,2,4,0,false
0.9.0,setTime,openjpa-lib/src/main/java/org/apache/openjpa/lib/jdbc/DelegatingPreparedStatement.java,3,1,0,0,0,0,0,0,0,1,6,0,false
0.9.0,add,openjpa-kernel/src/main/java/org/apache/openjpa/event/LifecycleEventManager.java,6,2,1,0,0,2,2,1,45,1,5,0,false
0.9.0,prepareMapping,openjpa-jdbc/src/main/java/org/apache/openjpa/jdbc/meta/MappingRepository.java,8,5,2,0,0,1,0,4,37,2,4,2,false
0.9.0,getLRSSize,openjpa-jdbc/src/main/java/org/apache/openjpa/jdbc/conf/JDBCConfigurationImpl.java,3,1,0,0,0,1,0,1,37,3,6,0,false
0.9.0,setSchemaGroup,openjpa-jdbc/src/main/java/org/apache/openjpa/jdbc/meta/MappingRepository.java,3,1,1,0,0,0,0,0,37,2,4,0,false
0.9.0,newDataStoreId,openjpa-jdbc/src/main/java/org/apache/openjpa/jdbc/kernel/JDBCStoreManager.java,3,1,0,0,0,1,0,0,37,3,9,0,false
0.9.0,close,openjpa-kernel/src/main/java/org/apache/openjpa/datacache/DataCacheManagerImpl.java,5,2,0,0,0,0,0,1,45,1,3,0,false
0.9.0,getBehavior,openjpa-kernel/src/main/java/org/apache/openjpa/kernel/AttachManager.java,3,1,0,0,0,1,2,0,45,2,5,0,false
0.9.0,getPreJoins,openjpa-jdbc/src/main/java/org/apache/openjpa/jdbc/sql/SelectImpl.java,5,5,0,0,0,3,2,0,37,2,6,2,false
0.9.0,close,openjpa-kernel/src/main/java/org/apache/openjpa/datacache/AbstractDataCache.java,6,3,1,0,0,0,1,1,45,2,5,0,false
0.9.0,isSystemSequence,openjpa-jdbc/src/main/java/org/apache/openjpa/jdbc/sql/OracleDictionary.java,4,4,0,0,0,2,0,0,37,2,3,0,false
0.9.0,isEmpty,openjpa-kernel/src/main/java/org/apache/openjpa/kernel/exps/InMemoryExpressionFactory.java,3,1,0,0,0,1,1,0,45,3,6,0,false
0.9.0,fullClone,openjpa-jdbc/src/main/java/org/apache/openjpa/jdbc/sql/SelectImpl.java,22,9,13,0,0,2,3,5,37,2,6,1,false
0.9.0,set,openjpa-lib/src/main/java/org/apache/openjpa/lib/conf/IntValue.java,4,3,0,0,0,0,0,1,0,1,4,0,false
0.9.0,createInteraction,openjpa-persistence/src/main/java/org/apache/openjpa/persistence/EntityManagerImpl.java,3,1,0,0,0,1,0,3,45,2,7,0,false
0.9.0,fetchShort,openjpa-kernel/src/main/java/org/apache/openjpa/kernel/DetachedStateManager.java,3,1,0,0,0,0,0,0,45,3,7,0,false
0.9.0,getProperty,openjpa-lib/src/main/java/org/apache/openjpa/lib/util/Options.java,4,2,1,0,0,1,6,1,0,1,8,0,false
0.9.0,validateParameters,openjpa-persistence/src/main/java/org/apache/openjpa/persistence/QueryImpl.java,14,5,7,0,0,0,1,5,45,2,6,6,false
0.9.0,updateInMemory,openjpa-kernel/src/main/java/org/apache/openjpa/kernel/QueryContext.java,1,1,0,0,0,0,1,0,45,1,4,0,false
0.9.0,close,openjpa-kernel/src/main/java/org/apache/openjpa/datacache/QueryCacheStoreQuery.java,4,1,0,0,0,0,0,2,45,2,7,0,false
0.9.0,clearFields,openjpa-persistence/src/main/java/org/apache/openjpa/persistence/FetchPlan.java,4,1,0,0,0,1,0,0,45,2,5,0,false
0.9.0,addMetaData,openjpa-kernel/src/main/java/org/apache/openjpa/meta/MetaDataRepository.java,3,1,0,0,0,1,4,1,45,3,8,0,false
0.9.0,setUnicodeStream,openjpa-lib/src/main/java/org/apache/openjpa/lib/jdbc/LoggingConnectionDecorator.java,4,1,0,0,0,0,0,1,0,1,8,0,false
0.9.0,setMapping,openjpa-kernel/src/main/java/org/apache/openjpa/conf/OpenJPAConfiguration.java,1,1,0,0,0,0,0,0,45,3,8,0,false
0.9.0,toModeString,openjpa-kernel/src/main/java/org/apache/openjpa/meta/MetaDataRepository.java,8,9,1,0,0,1,3,0,45,3,8,0,false
0.9.0,assertSchemaAlias,openjpa-kernel/src/main/java/org/apache/openjpa/kernel/jpql/JPQLExpressionBuilder.java,5,2,1,0,0,1,2,2,45,2,8,2,false
0.9.0,getCacheSize,openjpa-kernel/src/main/java/org/apache/openjpa/datacache/ConcurrentDataCache.java,3,1,0,0,0,1,0,0,45,2,4,0,false
0.9.0,setTransactionManagerMethod,openjpa-kernel/src/main/java/org/apache/openjpa/ee/InvocationManagedRuntime.java,5,1,3,1,0,0,1,0,45,1,3,0,false
0.9.0,canConvert,openjpa-kernel/src/main/java/org/apache/openjpa/kernel/Filters.java,11,16,4,0,0,5,0,1,45,2,10,3,false
0.9.0,supportsIntegrityEnhancementFacility,openjpa-lib/src/main/java/org/apache/openjpa/lib/jdbc/DelegatingDatabaseMetaData.java,3,1,0,0,0,1,0,0,0,1,4,0,false
0.9.0,newRelatedFieldOrder,openjpa-jdbc/src/main/java/org/apache/openjpa/jdbc/meta/MappingRepository.java,3,1,0,0,0,1,0,0,37,2,4,0,false
0.9.0,addPCResult,openjpa-jdbc/src/main/java/org/apache/openjpa/jdbc/meta/QueryResultMapping.java,7,2,3,0,0,1,1,1,37,1,2,0,false
0.9.0,getDBDictionary,openjpa-jdbc/src/main/java/org/apache/openjpa/jdbc/meta/MappingRepository.java,3,1,0,0,0,1,9,0,37,2,4,0,false
0.9.0,populateFromCompilation,openjpa-kernel/src/main/java/org/apache/openjpa/datacache/QueryCacheStoreQuery.java,3,1,0,0,0,0,0,1,45,2,7,0,false
0.9.0,newSerializationComparator,openjpa-persistence/src/main/java/org/apache/openjpa/persistence/XMLPersistenceMetaDataSerializer.java,3,1,0,0,0,1,1,0,45,2,6,0,false
0.9.0,getLockLevel,openjpa-kernel/src/main/java/org/apache/openjpa/kernel/LockManager.java,1,1,0,0,0,0,1,0,45,1,4,0,false
0.9.0,scheduleEviction,openjpa-kernel/src/main/java/org/apache/openjpa/datacache/DataCacheScheduler.java,11,4,3,0,0,1,1,4,45,2,6,0,false
0.9.0,setQueryTimeout,openjpa-lib/src/main/java/org/apache/openjpa/lib/jdbc/DelegatingPreparedStatement.java,3,1,0,0,0,0,0,0,0,1,6,0,false
0.9.0,getLockManager,openjpa-kernel/src/main/java/org/apache/openjpa/kernel/BrokerImpl.java,3,1,0,0,0,1,3,0,45,3,11,0,false
0.9.0,error,openjpa-lib/src/main/java/org/apache/openjpa/lib/log/CommonsLogFactory.java,3,1,0,0,0,0,0,0,0,1,5,0,false
0.9.0,validateChanges,openjpa-persistence/src/main/java/org/apache/openjpa/persistence/EntityManagerImpl.java,3,1,0,0,0,0,0,3,45,2,7,0,false
0.9.0,getStore,openjpa-jdbc/src/main/java/org/apache/openjpa/jdbc/kernel/SQLStoreQuery.java,3,1,0,0,0,1,7,0,37,2,3,0,false
0.9.0,getFlushBeforeQueries,openjpa-kernel/src/main/java/org/apache/openjpa/kernel/DelegatingFetchConfiguration.java,8,2,0,0,1,1,0,2,45,3,7,1,false
0.9.0,getChannel,openjpa-kernel/src/main/java/org/apache/openjpa/event/LogOrphanedKeyAction.java,3,1,0,0,0,1,0,0,45,1,4,0,false
0.9.0,getClassName,openjpa-lib/src/main/java/org/apache/openjpa/lib/conf/Configurations.java,3,1,0,0,0,1,5,1,0,2,13,0,false
0.9.0,getSubtype,openjpa-persistence/src/main/java/org/apache/openjpa/persistence/InvalidStateException.java,3,1,0,0,0,1,0,0,45,1,4,0,false
0.9.0,setOwner,openjpa-kernel/src/main/java/org/apache/openjpa/kernel/StateManagerImpl.java,4,1,2,0,0,0,1,0,45,3,13,0,false
0.9.0,getJDBCConfiguration,openjpa-jdbc/src/main/java/org/apache/openjpa/jdbc/kernel/JDBCFetchConfigurationImpl.java,7,3,2,0,0,3,7,1,37,3,6,1,false
0.9.0,setRestoreState,openjpa-kernel/src/main/java/org/apache/openjpa/kernel/BrokerImpl.java,5,3,1,0,0,0,1,2,45,3,11,0,false
0.9.0,endClass,openjpa-persistence/src/main/java/org/apache/openjpa/persistence/XMLPersistenceMetaDataParser.java,2,1,0,0,0,0,1,0,45,2,6,0,false
0.9.0,clearSavedFields,openjpa-kernel/src/main/java/org/apache/openjpa/kernel/StateManagerImpl.java,4,1,2,0,0,0,0,1,45,3,13,0,false
0.9.0,appendIsNotNull,openjpa-jdbc/src/main/java/org/apache/openjpa/jdbc/kernel/exps/AbstractVal.java,4,1,0,0,0,0,0,0,37,2,4,1,false
0.9.0,setConnectionUserName,openjpa-kernel/src/main/java/org/apache/openjpa/conf/OpenJPAConfiguration.java,1,1,0,0,0,0,1,0,45,3,8,0,false
0.9.0,isClosed,openjpa-kernel/src/main/java/org/apache/openjpa/kernel/AbstractBrokerFactory.java,3,2,0,0,0,1,0,0,45,2,6,0,false
0.9.0,getInitializeStateUnionResult,openjpa-jdbc/src/main/java/org/apache/openjpa/jdbc/kernel/JDBCStoreManager.java,15,2,3,0,0,1,1,4,37,3,9,2,false
0.9.0,supportsOpenStatementsAcrossRollback,openjpa-lib/src/main/java/org/apache/openjpa/lib/jdbc/DelegatingDatabaseMetaData.java,3,1,0,0,0,1,0,0,0,1,4,0,false
0.9.0,parseLobMapping,openjpa-persistence-jdbc/src/main/java/org/apache/openjpa/persistence/jdbc/AnnotationPersistenceMappingParser.java,6,4,1,0,0,0,0,2,37,2,3,0,false
0.9.0,newFetchConfiguration,openjpa-jdbc/src/main/java/org/apache/openjpa/jdbc/kernel/JDBCStoreManager.java,3,1,0,0,0,1,1,1,37,3,9,0,false
0.9.0,evict,openjpa-persistence/src/main/java/org/apache/openjpa/persistence/EntityManagerImpl.java,3,1,0,0,0,0,0,1,45,2,7,0,false
0.9.0,setSubclassFetchMode,openjpa-jdbc/src/main/java/org/apache/openjpa/jdbc/kernel/JDBCFetchConfigurationImpl.java,8,4,3,0,0,1,3,2,37,3,6,1,false
0.9.0,getById,openjpa-kernel/src/main/java/org/apache/openjpa/kernel/BrokerImpl.java,18,13,3,0,0,6,1,2,45,3,11,2,false
0.9.0,setConnectionDriverName,openjpa-kernel/src/main/java/org/apache/openjpa/conf/OpenJPAConfiguration.java,1,1,0,0,0,0,1,0,45,3,8,0,false
0.9.0,equals,openjpa-jdbc/src/main/java/org/apache/openjpa/jdbc/sql/SelectImpl.java,6,3,1,0,0,3,0,0,37,2,6,2,false
0.9.0,endAttributeOverride,openjpa-persistence-jdbc/src/main/java/org/apache/openjpa/persistence/jdbc/XMLPersistenceMappingParser.java,13,4,4,0,0,0,1,3,37,2,3,2,false
0.9.0,setShort,openjpa-lib/src/main/java/org/apache/openjpa/lib/jdbc/LoggingConnectionDecorator.java,4,1,0,0,0,0,0,1,0,1,8,0,false
0.9.0,beforeRead,openjpa-kernel/src/main/java/org/apache/openjpa/kernel/StateManagerImpl.java,10,6,1,0,0,1,5,8,45,3,13,1,false
0.9.0,clear,openjpa-lib/src/main/java/org/apache/openjpa/lib/meta/XMLMetaDataParser.java,4,4,0,0,0,0,2,1,0,2,9,0,false
0.9.0,gatherCascadeRefresh,openjpa-kernel/src/main/java/org/apache/openjpa/kernel/StateManagerImpl.java,11,6,2,0,0,0,2,6,45,3,13,4,false
0.9.0,getConnectionProperties,openjpa-kernel/src/main/java/org/apache/openjpa/conf/OpenJPAConfiguration.java,1,1,0,0,0,0,0,0,45,3,8,0,false
0.9.0,getConnectionPassword,openjpa-persistence/src/main/java/org/apache/openjpa/persistence/EntityManagerImpl.java,3,1,0,0,0,1,0,1,45,2,7,0,false
0.9.0,setLog,openjpa-lib/src/main/java/org/apache/openjpa/lib/meta/XMLMetaDataParser.java,3,1,1,0,0,0,1,0,0,2,9,0,false
0.9.0,firstChild,openjpa-kernel/src/main/java/org/apache/openjpa/kernel/jpql/JPQLExpressionBuilder.java,4,3,0,0,0,1,27,1,45,2,8,0,false
0.9.0,setPersistenceProviderClassName,openjpa-persistence/src/main/java/org/apache/openjpa/persistence/PersistenceUnitInfoImpl.java,3,1,1,0,0,0,3,0,45,1,7,0,false
0.9.0,appendTo,openjpa-jdbc/src/main/java/org/apache/openjpa/jdbc/kernel/exps/Trim.java,23,8,7,2,0,0,1,2,37,2,4,0,false
0.9.0,getCursorName,openjpa-lib/src/main/java/org/apache/openjpa/lib/jdbc/DelegatingResultSet.java,3,1,0,0,0,1,0,0,0,1,4,0,false
0.9.0,getSequencesSQL,openjpa-jdbc/src/main/java/org/apache/openjpa/jdbc/sql/OracleDictionary.java,11,6,1,0,0,1,0,0,37,2,3,0,false
0.9.0,isEmpty,openjpa-lib/src/main/java/org/apache/openjpa/lib/util/concurrent/ConcurrentHashMap.java,3,2,0,0,0,1,0,0,0,1,7,0,false
0.9.0,getTag,openjpa-kernel/src/main/java/org/apache/openjpa/kernel/exps/FilterListener.java,1,1,0,0,0,0,0,0,45,1,4,0,false
0.9.0,createConnectionDecorators,openjpa-jdbc/src/main/java/org/apache/openjpa/jdbc/schema/SimpleDriverDataSource.java,3,1,0,0,0,1,0,0,37,2,2,0,false
0.9.0,isClosed,openjpa-lib/src/main/java/org/apache/openjpa/lib/jdbc/DelegatingConnection.java,3,1,0,0,0,1,0,0,0,1,7,0,false
0.9.0,getIndex,openjpa-kernel/src/main/java/org/apache/openjpa/meta/FieldMetaData.java,3,1,0,0,0,1,69,0,45,3,10,0,false
0.9.0,getProperties,openjpa-persistence/src/main/java/org/apache/openjpa/persistence/PersistenceUnitInfoImpl.java,3,1,0,0,0,1,0,0,45,1,7,0,false
0.9.0,executeQuery,openjpa-kernel/src/main/java/org/apache/openjpa/datacache/QueryCacheStoreQuery.java,8,2,4,0,0,2,0,6,45,2,7,3,false
0.9.0,getConnection,openjpa-jdbc/src/main/java/org/apache/openjpa/jdbc/kernel/JDBCStoreManager.java,4,1,0,0,0,1,2,1,37,3,9,0,false
0.9.0,getUpdateStrategy,openjpa-kernel/src/main/java/org/apache/openjpa/meta/FieldMetaData.java,5,3,1,0,0,2,3,1,45,3,10,0,false
0.9.0,hasVariable,openjpa-jdbc/src/main/java/org/apache/openjpa/jdbc/kernel/exps/InExpression.java,3,1,0,0,0,1,0,2,37,2,4,0,false
0.9.0,getColumnAlias,openjpa-jdbc/src/main/java/org/apache/openjpa/jdbc/kernel/exps/StartsWithExpression.java,3,1,0,0,0,1,0,0,37,2,3,0,false
0.9.0,getClassResolver,openjpa-kernel/src/main/java/org/apache/openjpa/conf/OpenJPAConfiguration.java,1,1,0,0,0,0,0,0,45,3,8,0,false
0.9.0,addFetchGroup,openjpa-kernel/src/main/java/org/apache/openjpa/meta/FieldMetaData.java,7,5,1,0,0,0,1,3,45,3,10,1,false
0.9.0,getConnectionURL,openjpa-kernel/src/main/java/org/apache/openjpa/conf/OpenJPAConfiguration.java,1,1,0,0,0,0,0,0,45,3,8,0,false
0.9.0,embed,openjpa-kernel/src/main/java/org/apache/openjpa/kernel/BrokerImpl.java,57,15,16,0,2,2,7,22,45,3,11,11,false
0.9.0,handleUnknownPackageAnnotation,openjpa-persistence/src/main/java/org/apache/openjpa/persistence/AnnotationPersistenceMetaDataParser.java,3,1,0,0,0,1,1,0,45,3,11,0,false
0.9.0,currentClassLoader,openjpa-lib/src/main/java/org/apache/openjpa/lib/meta/XMLMetaDataParser.java,5,3,1,0,0,2,2,1,0,2,9,1,false
0.9.0,supportsFullOuterJoins,openjpa-lib/src/main/java/org/apache/openjpa/lib/jdbc/DelegatingDatabaseMetaData.java,3,1,0,0,0,1,0,0,0,1,4,0,false
0.9.0,removeFilterListener,openjpa-persistence/src/main/java/org/apache/openjpa/persistence/QueryImpl.java,4,1,0,0,0,1,0,2,45,2,6,0,false
0.9.0,getMaxColumnsInSelect,openjpa-lib/src/main/java/org/apache/openjpa/lib/jdbc/DelegatingDatabaseMetaData.java,3,1,0,0,0,1,0,0,0,1,4,0,false
0.9.0,setContext,openjpa-kernel/src/main/java/org/apache/openjpa/kernel/DelegatingFetchConfiguration.java,8,2,0,0,1,0,0,2,45,3,7,1,false
0.9.0,getConnectionUserName,openjpa-kernel/src/main/java/org/apache/openjpa/kernel/BrokerImpl.java,3,1,0,0,0,1,1,0,45,3,11,0,false
0.9.0,isSelected,openjpa-jdbc/src/main/java/org/apache/openjpa/jdbc/sql/LogicalUnion.java,3,1,0,0,0,1,0,1,37,2,4,0,false
0.9.0,fetchChar,openjpa-kernel/src/main/java/org/apache/openjpa/kernel/DetachedStateManager.java,3,1,0,0,0,0,0,0,45,3,7,0,false
0.9.0,equals,openjpa-kernel/src/main/java/org/apache/openjpa/meta/MetaDataRepository.java,6,3,1,0,0,3,0,0,45,3,8,0,false
0.9.0,delete,openjpa-kernel/src/main/java/org/apache/openjpa/kernel/PCState.java,3,1,0,0,0,1,1,0,45,1,4,0,false
0.9.0,setReadLockLevel,openjpa-kernel/src/main/java/org/apache/openjpa/kernel/DelegatingFetchConfiguration.java,9,2,0,0,1,1,1,2,45,3,7,1,false
0.9.0,parseBasic,openjpa-persistence/src/main/java/org/apache/openjpa/persistence/XMLPersistenceMetaDataParser.java,2,1,0,0,0,0,1,1,45,2,6,0,false
0.9.0,supportsInMemoryExecution,openjpa-kernel/src/main/java/org/apache/openjpa/kernel/AbstractStoreQuery.java,3,1,0,0,0,1,0,0,45,2,4,0,false
0.9.0,setCustomizerProperties,openjpa-jdbc/src/main/java/org/apache/openjpa/jdbc/ant/ReverseMappingToolTask.java,3,1,1,0,0,0,0,0,37,2,2,0,false
0.9.0,setParent,openjpa-jdbc/src/main/java/org/apache/openjpa/jdbc/sql/SelectImpl.java,13,7,6,1,0,1,0,5,37,2,6,1,false
0.9.0,getClassName,openjpa-kernel/src/main/java/org/apache/openjpa/enhance/PCDataGenerator.java,3,1,0,0,0,1,0,3,45,4,8,0,false
0.9.0,setAllocate,openjpa-jdbc/src/main/java/org/apache/openjpa/jdbc/kernel/NativeJDBCSeq.java,3,1,1,0,0,0,0,0,37,2,2,0,false
0.9.0,getJoins,openjpa-jdbc/src/main/java/org/apache/openjpa/jdbc/kernel/exps/Substring.java,3,1,0,0,0,1,0,0,37,2,4,0,false
0.9.0,setClassLoader,openjpa-lib/src/main/java/org/apache/openjpa/lib/meta/XMLMetaDataParser.java,3,1,1,0,0,0,1,0,0,2,9,0,false
0.9.0,calculateColumns,openjpa-jdbc/src/main/java/org/apache/openjpa/jdbc/kernel/exps/PCPath.java,24,16,1,0,0,9,1,1,37,2,6,13,false
0.9.0,getOperator,openjpa-jdbc/src/main/java/org/apache/openjpa/jdbc/kernel/exps/Distinct.java,3,1,0,0,0,1,1,0,37,2,2,0,false
0.9.0,getContext,openjpa-kernel/src/main/java/org/apache/openjpa/abstractstore/AbstractStoreManager.java,3,1,0,0,0,1,0,0,45,3,6,0,false
0.9.0,toEmbeddedData,openjpa-kernel/src/main/java/org/apache/openjpa/datacache/DataCachePCDataImpl.java,3,1,0,0,0,1,0,0,45,1,3,0,false
0.9.0,closeAll,openjpa-kernel/src/main/java/org/apache/openjpa/kernel/ExtentImpl.java,26,6,2,0,2,1,0,3,45,2,5,3,false
0.9.0,setMetaDataRepository,openjpa-kernel/src/main/java/org/apache/openjpa/conf/OpenJPAConfiguration.java,1,1,0,0,0,0,0,0,45,3,8,0,false
0.9.0,clearParameters,openjpa-jdbc/src/main/java/org/apache/openjpa/jdbc/kernel/exps/Trim.java,3,1,0,0,0,0,2,1,37,2,4,0,false
0.9.0,storeFloatField,openjpa-kernel/src/main/java/org/apache/openjpa/kernel/DetachManager.java,4,1,0,0,0,0,0,1,45,4,9,0,false
0.9.0,createMessage,openjpa-kernel/src/main/java/org/apache/openjpa/event/JMSRemoteCommitProvider.java,3,1,0,0,0,1,1,0,45,1,5,0,false
0.9.0,compare,openjpa-kernel/src/main/java/org/apache/openjpa/conf/ProductDerivations.java,6,2,2,1,0,2,0,0,45,2,9,0,false
0.9.0,setFile,openjpa-jdbc/src/main/java/org/apache/openjpa/jdbc/ant/SchemaToolTask.java,3,1,1,0,0,0,0,0,37,2,3,0,false
0.9.0,getImplementorMappings,openjpa-jdbc/src/main/java/org/apache/openjpa/jdbc/meta/MappingRepository.java,3,1,0,0,0,1,0,0,37,2,4,0,false
0.9.0,getMode,openjpa-persistence/src/main/java/org/apache/openjpa/persistence/XMLPersistenceMetaDataSerializer.java,3,1,0,0,0,1,0,0,45,2,6,0,false
0.9.0,serialize,openjpa-kernel/src/main/java/org/apache/openjpa/kernel/SingleFieldManager.java,31,18,1,0,0,0,0,0,45,2,4,1,false
0.9.0,removeFromSchedule,openjpa-kernel/src/main/java/org/apache/openjpa/datacache/DataCacheScheduler.java,4,2,0,0,0,0,0,1,45,2,6,0,false
0.9.0,retainAll,openjpa-kernel/src/main/java/org/apache/openjpa/kernel/BrokerImpl.java,3,1,0,0,0,0,0,0,45,3,11,0,false
0.9.0,equals,openjpa-lib/src/main/java/org/apache/openjpa/lib/jdbc/DelegatingConnection.java,5,3,1,0,0,2,0,1,0,1,7,1,false
0.9.0,storeString,openjpa-kernel/src/main/java/org/apache/openjpa/kernel/DetachedStateManager.java,3,1,0,0,0,0,0,0,45,3,7,0,false
0.9.0,setByte,openjpa-lib/src/main/java/org/apache/openjpa/lib/jdbc/LoggingConnectionDecorator.java,4,1,0,0,0,0,0,1,0,1,8,0,false
0.9.0,newConfiguration,openjpa-kernel/src/main/java/org/apache/openjpa/ant/PCEnhancerTask.java,3,1,0,0,0,1,0,1,45,2,6,0,false
0.9.0,setFailedObject,openjpa-jdbc/src/main/java/org/apache/openjpa/jdbc/sql/PrimaryRow.java,3,1,1,0,0,0,0,0,37,1,2,0,false
0.9.0,setUnique,openjpa-persistence-jdbc/src/main/java/org/apache/openjpa/persistence/jdbc/XMLPersistenceMappingParser.java,4,3,0,0,0,0,3,0,37,2,3,1,false
0.9.0,getCandidateType,openjpa-kernel/src/main/java/org/apache/openjpa/kernel/QueryContext.java,1,1,0,0,0,0,10,0,45,1,4,0,false
0.9.0,afterRefresh,openjpa-kernel/src/main/java/org/apache/openjpa/kernel/StateManagerImpl.java,11,3,0,0,1,0,2,5,45,3,13,0,false
0.9.0,invokeJDBC3,openjpa-lib/src/main/java/org/apache/openjpa/lib/jdbc/DelegatingConnection.java,9,3,0,0,1,1,14,0,0,1,7,0,false
0.9.0,storeByteField,openjpa-kernel/src/main/java/org/apache/openjpa/kernel/DetachManager.java,4,1,0,0,0,0,0,1,45,4,9,0,false
0.9.0,release,openjpa-kernel/src/main/java/org/apache/openjpa/kernel/StateManagerImpl.java,7,2,4,0,0,0,2,1,45,3,13,1,false
0.9.0,startVersion,openjpa-persistence/src/main/java/org/apache/openjpa/persistence/XMLPersistenceMetaDataParser.java,6,1,1,0,0,1,1,3,45,2,6,2,false
0.9.0,addGetData,openjpa-kernel/src/main/java/org/apache/openjpa/enhance/PCDataGenerator.java,10,1,2,0,0,0,1,1,45,4,8,6,false
0.9.0,isRunning,openjpa-kernel/src/main/java/org/apache/openjpa/event/TCPRemoteCommitProvider.java,5,1,0,0,0,1,1,0,45,2,7,0,false
0.9.0,size,openjpa-jdbc/src/main/java/org/apache/openjpa/jdbc/kernel/GenericResultObjectProvider.java,4,3,0,0,0,2,0,2,37,2,3,0,false
0.9.0,getClassMapping,openjpa-jdbc/src/main/java/org/apache/openjpa/jdbc/kernel/exps/PCPath.java,10,6,0,0,0,6,11,0,37,2,6,4,false
0.9.0,eq,openjpa-lib/src/main/java/org/apache/openjpa/lib/util/concurrent/CopyOnWriteArrayList.java,3,2,0,0,0,1,2,0,0,1,5,0,false
0.9.0,setFetchBatchSize,openjpa-kernel/src/main/java/org/apache/openjpa/kernel/DelegatingFetchConfiguration.java,9,2,0,0,1,1,1,2,45,3,7,1,false
0.9.0,toSelect,openjpa-jdbc/src/main/java/org/apache/openjpa/jdbc/sql/LogicalUnion.java,3,1,0,0,0,1,0,1,37,2,4,0,false
0.9.0,getDefiningMetaData,openjpa-kernel/src/main/java/org/apache/openjpa/meta/FieldMetaData.java,3,1,0,0,0,1,23,0,45,3,10,0,false
0.9.0,addFetchGroup,openjpa-kernel/src/main/java/org/apache/openjpa/meta/ClassMetaData.java,8,2,2,0,0,1,1,2,45,3,8,0,false
0.9.0,othersUpdatesAreVisible,openjpa-kernel/src/main/java/org/apache/openjpa/kernel/BrokerImpl.java,3,1,0,0,0,1,0,0,45,3,11,0,false
0.9.0,generateFieldValue,openjpa-kernel/src/main/java/org/apache/openjpa/util/ImplHelper.java,3,1,0,0,0,1,0,1,45,3,10,0,false
0.9.0,newFieldMetaData,openjpa-jdbc/src/main/java/org/apache/openjpa/jdbc/meta/MappingRepository.java,3,1,0,0,0,1,0,1,37,2,4,0,false
0.9.0,getRecoveryTimeMillis,openjpa-kernel/src/main/java/org/apache/openjpa/event/TCPRemoteCommitProvider.java,3,1,0,0,0,1,0,0,45,2,7,0,false
0.9.0,getLockTimeout,openjpa-kernel/src/main/java/org/apache/openjpa/kernel/DelegatingFetchConfiguration.java,8,2,0,0,1,1,1,2,45,3,7,1,false
0.9.0,appendTo,openjpa-jdbc/src/main/java/org/apache/openjpa/jdbc/kernel/exps/FilterValueImpl.java,3,1,0,0,0,0,0,1,37,2,2,0,false
0.9.0,hashCode,openjpa-kernel/src/main/java/org/apache/openjpa/meta/MetaDataRepository.java,5,3,2,1,0,1,0,0,45,3,8,0,false
0.9.0,getHashKey,openjpa-kernel/src/main/java/org/apache/openjpa/meta/Extensions.java,4,2,0,0,0,2,6,1,45,1,4,0,false
0.9.0,loadAll,openjpa-kernel/src/main/java/org/apache/openjpa/util/ImplHelper.java,17,9,7,0,0,1,0,2,45,3,10,1,false
0.9.0,close,openjpa-kernel/src/main/java/org/apache/openjpa/meta/MetaDataRepository.java,5,2,2,0,0,0,0,3,45,3,8,0,false
0.9.0,getMetaData,openjpa-jdbc/src/main/java/org/apache/openjpa/jdbc/kernel/exps/Math.java,3,1,0,0,0,1,0,0,37,2,4,0,false
0.9.0,appendTo,openjpa-jdbc/src/main/java/org/apache/openjpa/jdbc/kernel/exps/JDBCStringContains.java,7,3,1,1,0,0,0,0,37,2,2,1,false
0.9.0,settingCharField,openjpa-kernel/src/main/java/org/apache/openjpa/kernel/StateManagerImpl.java,16,5,1,0,1,1,2,6,45,3,13,0,false
0.9.0,setSerialized,openjpa-kernel/src/main/java/org/apache/openjpa/meta/FieldMetaData.java,3,1,0,0,0,0,8,1,45,3,10,0,false
0.9.0,getMetaData,openjpa-jdbc/src/main/java/org/apache/openjpa/jdbc/kernel/exps/Trim.java,3,1,0,0,0,1,0,0,37,2,4,0,false
0.9.0,getTime,openjpa-lib/src/main/java/org/apache/openjpa/lib/jdbc/DelegatingResultSet.java,3,1,0,0,0,1,0,0,0,1,4,0,false
0.9.0,setLRSSize,openjpa-jdbc/src/main/java/org/apache/openjpa/jdbc/kernel/DelegatingJDBCFetchConfiguration.java,1,1,0,0,0,0,1,0,37,2,3,0,false
0.9.0,extentIterator,openjpa-kernel/src/main/java/org/apache/openjpa/kernel/StoreContext.java,1,1,0,0,0,0,0,0,45,3,6,0,false
0.9.0,setImplicitType,openjpa-jdbc/src/main/java/org/apache/openjpa/jdbc/kernel/exps/CurrentDate.java,2,1,0,0,0,0,0,0,37,2,2,0,false
0.9.0,getAutoDistinct,openjpa-jdbc/src/main/java/org/apache/openjpa/jdbc/sql/LogicalUnion.java,3,1,0,0,0,1,1,1,37,2,4,0,false
0.9.0,main,openjpa-jdbc/src/main/java/org/apache/openjpa/jdbc/kernel/NativeJDBCSeq.java,11,2,3,0,1,0,0,3,37,2,2,0,false
0.9.0,retrieveAll,openjpa-kernel/src/main/java/org/apache/openjpa/kernel/BrokerImpl.java,67,25,16,0,3,2,0,21,45,3,11,8,false
0.9.0,getConnectionDriverName,openjpa-kernel/src/main/java/org/apache/openjpa/conf/OpenJPAConfigurationImpl.java,3,1,0,0,0,1,1,1,45,3,13,0,false
0.9.0,remove,openjpa-kernel/src/main/java/org/apache/openjpa/util/MapChangeTrackerImpl.java,10,7,1,1,0,0,0,6,45,1,4,3,false
0.9.0,detach,openjpa-kernel/src/main/java/org/apache/openjpa/kernel/DetachManager.java,7,3,0,0,0,0,1,3,45,4,9,0,false
0.9.0,replaceMethod,openjpa-kernel/src/main/java/org/apache/openjpa/enhance/DynamicStorageGenerator.java,10,2,2,0,0,2,0,0,45,1,4,5,false
0.9.0,getInputStream,openjpa-lib/src/main/java/org/apache/openjpa/lib/meta/FileMetaDataIterator.java,4,2,0,0,0,1,0,1,0,2,7,0,false
0.9.0,getOptimistic,openjpa-kernel/src/main/java/org/apache/openjpa/kernel/BrokerImpl.java,3,1,0,0,0,1,5,0,45,3,11,0,false
0.9.0,setFile,openjpa-jdbc/src/main/java/org/apache/openjpa/jdbc/ant/MappingToolTask.java,3,1,1,0,0,0,0,0,37,2,3,0,false
0.9.0,setMaxFieldSize,openjpa-lib/src/main/java/org/apache/openjpa/lib/jdbc/DelegatingCallableStatement.java,3,1,0,0,0,0,0,0,0,1,6,0,false
0.9.0,executeUpdate,openjpa-jdbc/src/main/java/org/apache/openjpa/jdbc/kernel/JDBCStoreQuery.java,3,1,0,0,0,1,0,1,37,2,5,0,false
0.9.0,getSubselects,openjpa-jdbc/src/main/java/org/apache/openjpa/jdbc/sql/SelectImpl.java,3,2,0,0,0,1,0,0,37,2,6,0,false
0.9.0,getParameterDeclaration,openjpa-kernel/src/main/java/org/apache/openjpa/kernel/QueryContext.java,1,1,0,0,0,0,2,0,45,1,4,0,false
0.9.0,isDeleted,openjpa-kernel/src/main/java/org/apache/openjpa/kernel/DetachedStateManager.java,3,1,0,0,0,1,0,0,45,3,7,0,false
0.9.0,storeObject,openjpa-kernel/src/main/java/org/apache/openjpa/kernel/DetachedValueStateManager.java,3,1,0,0,0,0,0,0,45,2,5,0,false
0.9.0,absolute,openjpa-lib/src/main/java/org/apache/openjpa/lib/jdbc/DelegatingResultSet.java,3,1,0,0,0,1,0,0,0,1,4,0,false
0.9.0,free,openjpa-kernel/src/main/java/org/apache/openjpa/kernel/BrokerImpl.java,62,14,23,1,4,0,3,6,45,3,11,10,false
0.9.0,toString,openjpa-lib/src/main/java/org/apache/openjpa/lib/util/concurrent/CopyOnWriteArrayList.java,17,4,4,1,0,1,0,1,0,1,5,0,false
0.9.0,getJoins,openjpa-jdbc/src/main/java/org/apache/openjpa/jdbc/kernel/exps/InstanceofExpression.java,3,1,0,0,0,1,0,0,37,2,5,0,false
0.9.0,getSubclassFetchMode,openjpa-jdbc/src/main/java/org/apache/openjpa/jdbc/conf/JDBCConfigurationImpl.java,3,1,0,0,0,1,0,0,37,3,6,0,false
0.9.0,getJoins,openjpa-jdbc/src/main/java/org/apache/openjpa/jdbc/kernel/exps/StartsWithExpression.java,3,1,0,0,0,1,0,0,37,2,3,0,false
0.9.0,load,openjpa-jdbc/src/main/java/org/apache/openjpa/jdbc/kernel/exps/StringFunction.java,3,1,0,0,0,1,0,1,37,2,4,0,false
0.9.0,getMetaData,openjpa-kernel/src/main/java/org/apache/openjpa/kernel/BrokerImpl.java,3,1,0,0,0,1,0,0,45,3,11,0,false
0.9.0,objectChanged,openjpa-lib/src/main/java/org/apache/openjpa/lib/conf/ObjectValue.java,2,1,0,0,0,0,1,0,0,1,5,0,false
0.9.0,clearOrdering,openjpa-jdbc/src/main/java/org/apache/openjpa/jdbc/sql/LogicalUnion.java,3,1,0,0,0,0,0,1,37,2,4,0,false
0.9.0,newObjectNotFoundException,openjpa-kernel/src/main/java/org/apache/openjpa/kernel/BrokerImpl.java,6,2,4,0,0,1,5,0,45,3,11,0,false
0.9.0,addFieldCount,openjpa-kernel/src/main/java/org/apache/openjpa/enhance/DynamicStorageGenerator.java,14,1,4,0,0,0,1,0,45,1,4,12,false
0.9.0,parseSQLResultSetMappings,openjpa-persistence-jdbc/src/main/java/org/apache/openjpa/persistence/jdbc/AnnotationPersistenceMappingParser.java,20,9,5,0,0,0,1,5,37,2,3,2,false
0.9.0,getValidateFalseReturnsHollow,openjpa-kernel/src/main/java/org/apache/openjpa/conf/Compatibility.java,3,1,0,0,0,1,0,0,45,1,3,0,false
0.9.0,newLockManagerInstance,openjpa-kernel/src/main/java/org/apache/openjpa/conf/OpenJPAConfigurationImpl.java,3,1,0,0,0,1,0,1,45,3,13,0,false
0.9.0,replaceShortField,openjpa-kernel/src/main/java/org/apache/openjpa/kernel/DetachedValueStateManager.java,3,1,0,0,0,0,0,0,45,2,5,0,false
0.9.0,getPagedFields,openjpa-jdbc/src/main/java/org/apache/openjpa/jdbc/kernel/PagingResultObjectProvider.java,18,12,5,0,0,4,2,3,37,3,3,0,false
0.9.0,handleWarning,openjpa-lib/src/main/java/org/apache/openjpa/lib/jdbc/LoggingConnectionDecorator.java,1,1,0,0,0,0,1,0,0,1,8,0,false
0.9.0,size,openjpa-kernel/src/main/java/org/apache/openjpa/datacache/QueryCacheStoreQuery.java,3,1,0,0,0,1,0,0,45,2,7,0,false
0.9.0,reproxy,openjpa-kernel/src/main/java/org/apache/openjpa/kernel/DetachManager.java,4,4,0,0,0,1,1,0,45,4,9,0,false
0.9.0,isClassElementName,openjpa-lib/src/main/java/org/apache/openjpa/lib/meta/CFMetaDataParser.java,3,1,0,0,0,1,2,0,0,1,5,0,false
0.9.0,getSubselectPath,openjpa-jdbc/src/main/java/org/apache/openjpa/jdbc/sql/SelectImpl.java,3,1,0,0,0,1,0,0,37,2,6,0,false
0.9.0,isManaged,openjpa-kernel/src/main/java/org/apache/openjpa/kernel/StoreContext.java,1,1,0,0,0,0,4,0,45,3,6,0,false
0.9.0,getDataStoreIdSequence,openjpa-kernel/src/main/java/org/apache/openjpa/kernel/DelegatingStoreManager.java,3,1,0,0,0,1,1,1,45,3,5,0,false
0.9.0,getConnection,openjpa-persistence/src/main/java/org/apache/openjpa/persistence/EntityManagerImpl.java,3,1,0,0,0,1,0,1,45,2,7,0,false
0.9.0,appendTo,openjpa-jdbc/src/main/java/org/apache/openjpa/jdbc/kernel/exps/InstanceofExpression.java,13,4,1,0,0,0,0,1,37,2,5,0,false
0.9.0,usesDetachedState,openjpa-kernel/src/main/java/org/apache/openjpa/meta/ClassMetaData.java,3,1,0,0,0,1,4,2,45,3,8,0,false
0.9.0,setEnvClassLoader,openjpa-persistence/src/main/java/org/apache/openjpa/persistence/XMLPersistenceMetaDataParser.java,3,1,1,0,0,0,2,0,45,2,6,0,false
0.9.0,flush,openjpa-kernel/src/main/java/org/apache/openjpa/kernel/DelegatingStoreManager.java,3,1,0,0,0,1,1,1,45,3,5,0,false
0.9.0,getSavepointManager,openjpa-kernel/src/main/java/org/apache/openjpa/conf/OpenJPAConfiguration.java,1,1,0,0,0,0,2,0,45,3,8,0,false
0.9.0,isTraceEnabled,openjpa-lib/src/main/java/org/apache/openjpa/lib/log/CommonsLogFactory.java,3,1,0,0,0,1,0,0,0,1,5,0,false
0.9.0,dirty,openjpa-kernel/src/main/java/org/apache/openjpa/kernel/OpenJPAStateManager.java,1,1,0,0,0,0,3,0,45,2,5,0,false
0.9.0,getSavepointManager,openjpa-kernel/src/main/java/org/apache/openjpa/conf/OpenJPAConfigurationImpl.java,4,2,0,0,0,1,0,2,45,3,13,0,false
0.9.0,newParameter,openjpa-kernel/src/main/java/org/apache/openjpa/kernel/exps/InMemoryExpressionFactory.java,3,1,0,0,0,1,0,0,45,3,6,0,false
0.9.0,getResourceName,openjpa-jdbc/src/main/java/org/apache/openjpa/jdbc/meta/QueryResultMapping.java,3,2,0,1,0,1,0,0,37,1,2,0,false
0.9.0,generatePCData,openjpa-kernel/src/main/java/org/apache/openjpa/enhance/PCDataGenerator.java,15,4,4,0,0,2,1,5,45,4,8,3,false
0.9.0,newQueryMetaData,openjpa-kernel/src/main/java/org/apache/openjpa/meta/MetaDataRepository.java,5,1,1,0,0,1,1,2,45,3,8,0,false
0.9.0,storeShort,openjpa-kernel/src/main/java/org/apache/openjpa/kernel/OpenJPAStateManager.java,1,1,0,0,0,0,2,0,45,2,5,0,false
0.9.0,setUseParentClassloader,openjpa-lib/src/main/java/org/apache/openjpa/lib/ant/AbstractTask.java,3,1,1,0,0,0,0,0,0,2,12,0,false
0.9.0,equals,openjpa-kernel/src/main/java/org/apache/openjpa/kernel/BrokerImpl.java,6,5,1,0,0,3,0,0,45,3,11,0,false
0.9.0,initialize,openjpa-jdbc/src/main/java/org/apache/openjpa/jdbc/kernel/exps/Math.java,5,1,1,0,0,0,0,0,37,2,4,0,false
0.9.0,removeDecorator,openjpa-lib/src/main/java/org/apache/openjpa/lib/jdbc/DecoratingDataSource.java,3,1,0,0,0,1,0,0,0,1,6,0,false
0.9.0,providedIntField,openjpa-kernel/src/main/java/org/apache/openjpa/kernel/StateManagerImpl.java,3,1,0,0,0,0,0,0,45,3,13,0,false
0.9.0,settingLongField,openjpa-kernel/src/main/java/org/apache/openjpa/kernel/StateManagerImpl.java,16,5,1,0,1,1,2,6,45,3,13,0,false
0.9.0,getProperties,openjpa-kernel/src/main/java/org/apache/openjpa/kernel/AbstractBrokerFactory.java,7,1,1,0,0,1,1,0,45,2,6,0,false
0.9.0,getParameterTypes,openjpa-kernel/src/main/java/org/apache/openjpa/kernel/MethodStoreQuery.java,1,1,0,0,0,0,11,0,45,2,5,0,false
0.9.0,getConcurrency,openjpa-lib/src/main/java/org/apache/openjpa/lib/jdbc/DelegatingResultSet.java,3,1,0,0,0,1,0,0,0,1,4,0,false
0.9.0,getDescribedType,openjpa-kernel/src/main/java/org/apache/openjpa/meta/PersistenceAwareClass.java,3,1,0,0,0,1,1,0,2,1,1,0,false
0.9.0,commit,openjpa-lib/src/main/java/org/apache/openjpa/lib/jdbc/ConfiguringConnectionDecorator.java,4,4,0,0,0,0,0,1,0,1,4,0,false
0.9.0,getColumns,openjpa-jdbc/src/main/java/org/apache/openjpa/jdbc/meta/strats/RelationFieldStrategy.java,3,1,0,0,0,1,6,1,37,2,5,0,false
0.9.0,isDetached,openjpa-kernel/src/main/java/org/apache/openjpa/kernel/DetachedStateManager.java,3,1,0,0,0,1,0,0,45,3,7,0,false
0.9.0,startConfiguration,openjpa-kernel/src/main/java/org/apache/openjpa/util/ProxyManagerImpl.java,2,1,0,0,0,0,0,0,45,1,5,0,false
0.9.0,getMaxColumnNameLength,openjpa-lib/src/main/java/org/apache/openjpa/lib/jdbc/DelegatingDatabaseMetaData.java,3,1,0,0,0,1,0,0,0,1,4,0,false
0.9.0,getProductName,openjpa-kernel/src/main/java/org/apache/openjpa/conf/OpenJPAConfigurationImpl.java,3,1,0,0,0,1,0,0,45,3,13,0,false
0.9.0,getMaxIndexLength,openjpa-lib/src/main/java/org/apache/openjpa/lib/jdbc/DelegatingDatabaseMetaData.java,3,1,0,0,0,1,0,0,0,1,4,0,false
0.9.0,getBrokerFactoryProperty,openjpa-kernel/src/main/java/org/apache/openjpa/conf/BrokerFactoryValue.java,3,1,0,1,0,1,0,0,45,2,8,1,false
0.9.0,checkCache,openjpa-kernel/src/main/java/org/apache/openjpa/datacache/QueryCacheStoreQuery.java,18,11,7,0,0,8,4,16,45,2,7,8,false
0.9.0,getEnvClassLoader,openjpa-kernel/src/main/java/org/apache/openjpa/meta/ClassMetaData.java,3,1,0,0,0,1,12,0,45,3,8,0,false
0.9.0,createNativeQuery,openjpa-persistence/src/main/java/org/apache/openjpa/persistence/EntityManagerImpl.java,6,1,1,0,0,1,0,6,45,2,7,1,false
0.9.0,setDoubleSpace,openjpa-lib/src/main/java/org/apache/openjpa/lib/jdbc/SQLFormatter.java,3,1,1,0,0,0,0,0,0,1,4,0,false
0.9.0,getBrokerFactory,openjpa-kernel/src/main/java/org/apache/openjpa/kernel/Bootstrap.java,17,5,4,0,1,1,2,5,45,2,7,1,false
0.9.0,getMetaData,openjpa-jdbc/src/main/java/org/apache/openjpa/jdbc/kernel/exps/Substring.java,3,1,0,0,0,1,0,0,37,2,4,0,false
0.9.0,addSequenceMetaData,openjpa-persistence/src/main/java/org/apache/openjpa/persistence/XMLPersistenceMetaDataSerializer.java,14,6,6,0,0,1,2,0,45,2,6,0,false
0.9.0,toString,openjpa-jdbc/src/main/java/org/apache/openjpa/jdbc/kernel/exps/PCPath.java,3,1,0,1,0,1,0,0,37,2,6,0,false
0.9.0,updateByte,openjpa-lib/src/main/java/org/apache/openjpa/lib/jdbc/DelegatingResultSet.java,3,1,0,0,0,0,0,0,0,1,4,0,false
0.9.0,getPlugin,openjpa-lib/src/main/java/org/apache/openjpa/lib/conf/Configurations.java,5,5,0,1,0,3,5,0,0,2,13,0,false
0.9.0,getSourceMode,openjpa-jdbc/src/main/java/org/apache/openjpa/jdbc/meta/QueryResultMapping.java,3,1,0,0,0,1,0,0,37,1,2,0,false
0.9.0,add,openjpa-kernel/src/main/java/org/apache/openjpa/kernel/BrokerImpl.java,3,1,0,0,0,0,0,0,45,3,11,0,false
0.9.0,proxy,openjpa-kernel/src/main/java/org/apache/openjpa/kernel/SingleFieldManager.java,64,27,21,0,0,6,0,2,45,2,4,3,false
0.9.0,getThis,openjpa-kernel/src/main/java/org/apache/openjpa/kernel/exps/InMemoryExpressionFactory.java,3,1,0,0,0,1,0,0,45,3,6,0,false
0.9.0,addSubclasses,openjpa-jdbc/src/main/java/org/apache/openjpa/jdbc/kernel/JDBCStoreQuery.java,6,4,2,0,0,1,2,2,37,2,5,0,false
0.9.0,setContext,openjpa-jdbc/src/main/java/org/apache/openjpa/jdbc/kernel/JDBCStoreManager.java,11,5,8,0,0,0,0,8,37,3,9,0,false
0.9.0,setExplicit,openjpa-kernel/src/main/java/org/apache/openjpa/meta/FieldMetaData.java,3,1,1,0,0,0,6,0,45,3,10,0,false
0.9.0,getMappedPCSuperclassMetaData,openjpa-kernel/src/main/java/org/apache/openjpa/meta/ClassMetaData.java,5,3,1,0,0,2,2,3,45,3,8,2,false
0.9.0,afterCompletion,openjpa-kernel/src/main/java/org/apache/openjpa/kernel/BrokerImpl.java,26,14,2,0,1,0,0,10,45,3,11,2,false
0.9.0,setIgnoreErrors,openjpa-jdbc/src/main/java/org/apache/openjpa/jdbc/ant/MappingToolTask.java,3,1,1,0,0,0,0,0,37,2,3,0,false
0.9.0,isDeclaredTypePC,openjpa-kernel/src/main/java/org/apache/openjpa/meta/FieldMetaData.java,3,1,0,0,0,1,2,1,45,3,10,0,false
0.9.0,log,openjpa-lib/src/main/java/org/apache/openjpa/lib/jdbc/DataSourceLogs.java,12,6,3,2,0,1,3,2,0,1,5,1,false
0.9.0,addOneToOneAttributes,openjpa-persistence/src/main/java/org/apache/openjpa/persistence/XMLPersistenceMetaDataSerializer.java,4,3,0,0,0,0,1,0,45,2,6,0,false
0.9.0,isKnownTable,openjpa-jdbc/src/main/java/org/apache/openjpa/jdbc/schema/SchemaGroup.java,3,2,0,0,0,1,0,1,37,1,2,0,false
0.9.0,getConfiguration,openjpa-kernel/src/main/java/org/apache/openjpa/kernel/BrokerImpl.java,3,1,0,0,0,1,26,0,45,3,11,0,false
0.9.0,populate,openjpa-kernel/src/main/java/org/apache/openjpa/kernel/jpql/JPQLExpressionBuilder.java,4,2,1,0,0,0,1,5,45,2,8,0,false
0.9.0,appendIsNull,openjpa-jdbc/src/main/java/org/apache/openjpa/jdbc/meta/strats/ContainerFieldStrategy.java,3,1,0,0,0,0,0,1,37,2,2,0,false
0.9.0,currentDepth,openjpa-lib/src/main/java/org/apache/openjpa/lib/meta/XMLMetaDataParser.java,3,1,0,0,0,1,4,0,0,2,9,0,false
0.9.0,getJtaDataSourceName,openjpa-persistence/src/main/java/org/apache/openjpa/persistence/PersistenceUnitInfoImpl.java,3,1,0,0,0,1,1,0,45,1,7,0,false
0.9.0,populateSelect,openjpa-jdbc/src/main/java/org/apache/openjpa/jdbc/kernel/JDBCStoreQuery.java,11,3,3,1,0,1,3,0,37,2,5,0,false
0.9.0,generateValue,openjpa-kernel/src/main/java/org/apache/openjpa/util/ImplHelper.java,14,6,2,0,0,4,2,1,45,3,10,2,false
0.9.0,hashCode,openjpa-jdbc/src/main/java/org/apache/openjpa/jdbc/sql/SelectImpl.java,3,1,0,0,0,1,0,0,37,2,6,0,false
0.9.0,isVariable,openjpa-kernel/src/main/java/org/apache/openjpa/kernel/exps/SubQ.java,3,1,0,0,0,1,0,0,45,2,4,0,false
0.9.0,namedHandler,openjpa-jdbc/src/main/java/org/apache/openjpa/jdbc/meta/MappingRepository.java,18,4,5,0,1,3,2,6,37,2,4,3,false
0.9.0,processRegisteredClasses,openjpa-kernel/src/main/java/org/apache/openjpa/meta/MetaDataRepository.java,26,8,4,0,1,2,5,1,45,3,8,0,false
0.9.0,clearParameters,openjpa-jdbc/src/main/java/org/apache/openjpa/jdbc/kernel/exps/IndexOf.java,4,1,0,0,0,0,2,0,37,2,4,0,false
0.9.0,getFetchPlan,openjpa-persistence/src/main/java/org/apache/openjpa/persistence/EntityManagerImpl.java,10,2,1,0,1,1,1,6,45,2,7,0,false
0.9.0,newFetchGroup,openjpa-kernel/src/main/java/org/apache/openjpa/meta/ClassMetaData.java,4,1,1,0,0,1,1,0,45,3,8,0,false
0.9.0,addSchema,openjpa-jdbc/src/main/java/org/apache/openjpa/jdbc/schema/SchemaGroup.java,3,1,0,0,0,1,3,1,37,1,2,0,false
0.9.0,initialize,openjpa-jdbc/src/main/java/org/apache/openjpa/jdbc/kernel/exps/InExpression.java,4,1,0,0,0,0,0,1,37,2,4,0,false
0.9.0,appendTo,openjpa-jdbc/src/main/java/org/apache/openjpa/jdbc/kernel/exps/Substring.java,12,2,6,0,0,0,1,0,37,2,4,1,false
0.9.0,providedStringField,openjpa-kernel/src/main/java/org/apache/openjpa/kernel/DetachedStateManager.java,3,1,1,0,0,0,0,0,45,3,7,0,false
0.9.0,setQueryCache,openjpa-kernel/src/main/java/org/apache/openjpa/conf/OpenJPAConfiguration.java,1,1,0,0,0,0,0,0,45,3,8,0,false
0.9.0,hasVariable,openjpa-jdbc/src/main/java/org/apache/openjpa/jdbc/kernel/exps/ConstInstanceofExpression.java,3,1,0,0,0,1,0,1,37,2,3,0,false
0.9.0,isWarnEnabled,openjpa-lib/src/main/java/org/apache/openjpa/lib/log/AbstractLog.java,3,1,0,0,0,1,1,1,0,1,6,0,false
0.9.0,getType,openjpa-jdbc/src/main/java/org/apache/openjpa/jdbc/kernel/exps/UnaryOp.java,3,1,0,0,0,1,1,0,37,2,5,0,false
0.9.0,setDetachState,openjpa-kernel/src/main/java/org/apache/openjpa/kernel/StoreContext.java,1,1,0,0,0,0,0,0,45,3,6,0,false
0.9.0,deleteInMemory,openjpa-kernel/src/main/java/org/apache/openjpa/kernel/QueryContext.java,1,1,0,0,0,0,1,0,45,1,4,0,false
0.9.0,getResultClass,openjpa-kernel/src/main/java/org/apache/openjpa/datacache/QueryCacheStoreQuery.java,3,1,0,0,0,1,0,1,45,2,7,0,false
0.9.0,loadEagerJoin,openjpa-jdbc/src/main/java/org/apache/openjpa/jdbc/meta/strats/RelationFieldStrategy.java,4,1,1,0,0,0,0,1,37,2,5,0,false
0.9.0,getDeletedTypes,openjpa-kernel/src/main/java/org/apache/openjpa/kernel/StoreContext.java,1,1,0,0,0,0,2,0,45,3,6,0,false
0.9.0,setContext,openjpa-kernel/src/main/java/org/apache/openjpa/kernel/AbstractLockManager.java,4,1,2,0,0,0,0,1,45,1,4,1,false
0.9.0,isLocking,openjpa-kernel/src/main/java/org/apache/openjpa/datacache/DataCacheStoreManager.java,4,3,1,0,0,1,9,1,45,4,9,1,false
0.9.0,pin,openjpa-kernel/src/main/java/org/apache/openjpa/datacache/DelegatingQueryCache.java,9,3,0,0,1,2,1,2,45,1,4,1,false
0.9.0,getDelegate,openjpa-lib/src/main/java/org/apache/openjpa/lib/jdbc/DelegatingConnection.java,3,1,0,0,0,1,16,0,0,1,7,0,false
0.9.0,getEmptyClob,openjpa-jdbc/src/main/java/org/apache/openjpa/jdbc/sql/OracleDictionary.java,9,3,1,0,1,2,1,1,37,2,3,1,false
0.9.0,getExceptions,openjpa-jdbc/src/main/java/org/apache/openjpa/jdbc/kernel/PreparedStatementManagerImpl.java,3,1,0,0,0,1,0,0,37,1,3,0,false
0.9.0,iterator,openjpa-kernel/src/main/java/org/apache/openjpa/kernel/BrokerImpl.java,6,5,1,0,0,1,1,0,45,3,11,0,false
0.9.0,getMetaDataForAlias,openjpa-kernel/src/main/java/org/apache/openjpa/kernel/jpql/JPQLExpressionBuilder.java,7,3,2,1,0,2,4,0,45,2,8,0,false
0.9.0,initialize,openjpa-jdbc/src/main/java/org/apache/openjpa/jdbc/kernel/exps/Trim.java,16,4,4,0,0,0,0,2,37,2,4,0,false
0.9.0,getMaxColumnsInTable,openjpa-lib/src/main/java/org/apache/openjpa/lib/jdbc/DelegatingDatabaseMetaData.java,3,1,0,0,0,1,0,0,0,1,4,0,false
0.9.0,randomEntryIndex,openjpa-lib/src/main/java/org/apache/openjpa/lib/util/concurrent/ConcurrentHashMap.java,4,2,1,1,0,1,2,0,0,1,7,0,false
0.9.0,getInitializeStateResult,openjpa-jdbc/src/main/java/org/apache/openjpa/jdbc/kernel/JDBCStoreManager.java,6,2,1,0,0,2,1,10,37,3,9,1,false
0.9.0,pinInternal,openjpa-kernel/src/main/java/org/apache/openjpa/datacache/ConcurrentDataCache.java,3,1,0,0,0,1,0,0,45,2,4,0,false
0.9.0,startCallback,openjpa-persistence/src/main/java/org/apache/openjpa/persistence/XMLPersistenceMetaDataParser.java,20,11,9,0,0,3,2,7,45,2,6,0,false
0.9.0,commit,openjpa-kernel/src/main/java/org/apache/openjpa/datacache/AbstractDataCache.java,15,6,6,0,0,0,0,4,45,2,5,0,false
0.9.0,reset,openjpa-jdbc/src/main/java/org/apache/openjpa/jdbc/kernel/SQLProjectionResultObjectProvider.java,3,1,0,0,0,0,0,0,37,1,2,0,false
0.9.0,getMetaData,openjpa-kernel/src/main/java/org/apache/openjpa/kernel/DetachedValueStateManager.java,3,1,0,0,0,1,0,0,45,2,5,0,false
0.9.0,accessingField,openjpa-kernel/src/main/java/org/apache/openjpa/kernel/DetachedStateManager.java,3,3,0,0,0,0,20,2,45,3,7,1,false
0.9.0,endElement,openjpa-lib/src/main/java/org/apache/openjpa/lib/meta/XMLMetaDataParser.java,7,4,2,0,0,0,0,1,0,2,9,0,false
0.9.0,newObjectId,openjpa-kernel/src/main/java/org/apache/openjpa/kernel/BrokerImpl.java,34,16,2,0,1,7,0,19,45,3,11,10,false
0.9.0,getValues,openjpa-jdbc/src/main/java/org/apache/openjpa/jdbc/kernel/exps/Args.java,3,1,0,0,0,1,0,0,37,2,3,0,false
0.9.0,subtract,openjpa-kernel/src/main/java/org/apache/openjpa/kernel/Filters.java,3,1,0,0,0,1,0,1,45,2,10,0,false
0.9.0,getOwner,openjpa-kernel/src/main/java/org/apache/openjpa/kernel/OpenJPAStateManager.java,1,1,0,0,0,0,0,0,45,2,5,0,false
0.9.0,newManagedObjectCache,openjpa-kernel/src/main/java/org/apache/openjpa/kernel/BrokerImpl.java,3,1,0,0,0,1,1,0,45,3,11,0,false
0.9.0,isNewlyPersistent,openjpa-persistence/src/main/java/org/apache/openjpa/persistence/EntityManagerImpl.java,3,1,0,0,0,1,0,3,45,2,7,0,false
0.9.0,afterExecuteStatement,openjpa-jdbc/src/main/java/org/apache/openjpa/jdbc/kernel/JDBCStoreManager.java,3,1,0,0,0,0,5,0,37,3,9,0,false
0.9.0,getLineLength,openjpa-lib/src/main/java/org/apache/openjpa/lib/jdbc/SQLFormatter.java,3,1,0,0,0,1,0,0,0,1,4,0,false
0.9.0,add,openjpa-lib/src/main/java/org/apache/openjpa/lib/util/concurrent/CopyOnWriteArrayList.java,3,1,0,0,0,0,0,0,0,1,5,0,false
0.9.0,supportsDataStoreExecution,openjpa-kernel/src/main/java/org/apache/openjpa/kernel/MethodStoreQuery.java,1,1,0,0,0,0,3,0,45,2,5,0,false
0.9.0,eval,openjpa-kernel/src/main/java/org/apache/openjpa/kernel/exps/AggregateVal.java,4,1,1,0,0,1,0,3,45,2,5,0,false
0.9.0,getFetchGroup,openjpa-kernel/src/main/java/org/apache/openjpa/meta/ClassMetaData.java,10,5,4,0,0,2,1,3,45,3,8,1,false
0.9.0,nullId,openjpa-jdbc/src/main/java/org/apache/openjpa/jdbc/sql/SelectImpl.java,4,2,0,0,0,2,6,1,37,2,6,0,false
0.9.0,appendIsNotEmpty,openjpa-jdbc/src/main/java/org/apache/openjpa/jdbc/kernel/exps/PCPath.java,4,2,0,0,0,0,0,0,37,2,6,0,false
0.9.0,getIndex,openjpa-jdbc/src/main/java/org/apache/openjpa/jdbc/meta/VersionMappingInfo.java,5,2,2,0,0,1,1,2,37,1,2,2,false
0.9.0,endNamedNativeQuery,openjpa-persistence/src/main/java/org/apache/openjpa/persistence/XMLPersistenceMetaDataParser.java,3,1,0,0,0,0,2,1,45,2,6,0,false
0.9.0,getMaxStatements,openjpa-lib/src/main/java/org/apache/openjpa/lib/jdbc/DelegatingDatabaseMetaData.java,3,1,0,0,0,1,0,0,0,1,4,0,false
0.9.0,setForeignKey,openjpa-jdbc/src/main/java/org/apache/openjpa/jdbc/sql/PrimaryRow.java,3,1,0,0,0,0,0,1,37,1,2,0,false
0.9.0,isMappingOverrideMode,openjpa-persistence/src/main/java/org/apache/openjpa/persistence/AnnotationPersistenceMetaDataParser.java,3,1,0,0,0,1,6,2,45,3,11,0,false
0.9.0,setOrphanedKeyAction,openjpa-kernel/src/main/java/org/apache/openjpa/conf/OpenJPAConfigurationImpl.java,4,1,0,0,0,0,0,2,45,3,13,0,false
0.9.0,startFieldMapping,openjpa-persistence-jdbc/src/main/java/org/apache/openjpa/persistence/jdbc/XMLPersistenceMappingParser.java,10,2,1,0,0,0,0,0,37,2,3,10,false
0.9.0,storeBoolean,openjpa-kernel/src/main/java/org/apache/openjpa/kernel/DetachedStateManager.java,3,1,0,0,0,0,0,0,45,3,7,0,false
0.9.0,setVariable,openjpa-jdbc/src/main/java/org/apache/openjpa/jdbc/sql/Joins.java,1,1,0,0,0,0,2,0,37,2,2,0,false
0.9.0,initialize,openjpa-kernel/src/main/java/org/apache/openjpa/datacache/ConcurrentDataCache.java,4,1,0,0,0,0,0,1,45,2,4,1,false
0.9.0,setLineLength,openjpa-lib/src/main/java/org/apache/openjpa/lib/jdbc/SQLFormatter.java,3,1,1,0,0,0,2,0,0,1,4,0,false
0.9.0,getInnermostDelegate,openjpa-kernel/src/main/java/org/apache/openjpa/kernel/DelegatingFetchConfiguration.java,3,2,0,0,0,1,3,1,45,3,7,0,false
0.9.0,getSelect,openjpa-jdbc/src/main/java/org/apache/openjpa/jdbc/sql/SelectImpl.java,3,1,0,0,0,1,0,0,37,2,6,0,false
0.9.0,setUpdateManager,openjpa-jdbc/src/main/java/org/apache/openjpa/jdbc/conf/JDBCConfigurationImpl.java,4,1,0,0,0,0,0,2,37,3,6,0,false
0.9.0,getCollection,openjpa-jdbc/src/main/java/org/apache/openjpa/jdbc/kernel/exps/InExpression.java,3,1,0,0,0,1,2,1,37,2,4,0,false
0.9.0,setSchemaAction,openjpa-jdbc/src/main/java/org/apache/openjpa/jdbc/ant/MappingToolTask.java,3,1,1,0,0,0,0,0,37,2,3,0,false
0.9.0,toFlags,openjpa-kernel-5/src/main/java/org/apache/openjpa/enhance/PCClassFileTransformer.java,7,1,4,0,0,1,2,1,45,2,7,0,false
0.9.0,setIntermediate,openjpa-kernel/src/main/java/org/apache/openjpa/kernel/DetachedValueStateManager.java,3,1,0,0,0,0,0,0,45,2,5,0,false
0.9.0,getInternal,openjpa-kernel/src/main/java/org/apache/openjpa/datacache/ConcurrentDataCache.java,3,1,0,0,0,1,0,0,45,2,4,0,false
0.9.0,newProxy,openjpa-kernel/src/main/java/org/apache/openjpa/kernel/OpenJPAStateManager.java,1,1,0,0,0,0,5,0,45,2,5,0,false
0.9.0,getMaxProcedureNameLength,openjpa-lib/src/main/java/org/apache/openjpa/lib/jdbc/DelegatingDatabaseMetaData.java,3,1,0,0,0,1,0,0,0,1,4,0,false
0.9.0,dump,openjpa-kernel/src/main/java/org/apache/openjpa/kernel/jpql/JPQLExpressionBuilder.java,3,1,0,0,0,0,0,1,45,2,8,0,false
0.9.0,assignObjectId,openjpa-kernel/src/main/java/org/apache/openjpa/kernel/StateManagerImpl.java,9,7,0,0,0,3,4,5,45,3,13,1,false
0.9.0,getVersion,openjpa-kernel/src/main/java/org/apache/openjpa/kernel/DetachedStateManager.java,3,1,0,0,0,1,0,0,45,3,7,0,false
0.9.0,setBlobAsObject,openjpa-jdbc/src/main/java/org/apache/openjpa/jdbc/ant/ReverseMappingToolTask.java,3,1,1,0,0,0,0,0,37,2,2,0,false
0.9.0,removeMetaData,openjpa-kernel/src/main/java/org/apache/openjpa/meta/MetaDataRepository.java,8,3,0,0,0,3,1,0,45,3,8,0,false
0.9.0,setIntermediate,openjpa-kernel/src/main/java/org/apache/openjpa/kernel/OpenJPAStateManager.java,1,1,0,0,0,0,3,0,45,2,5,0,false
0.9.0,setAutoClear,openjpa-kernel/src/main/java/org/apache/openjpa/conf/OpenJPAConfigurationImpl.java,4,1,0,0,0,0,0,2,45,3,13,0,false
0.9.0,attach,openjpa-kernel/src/main/java/org/apache/openjpa/kernel/VersionAttachStrategy.java,27,15,13,0,0,2,0,4,45,3,7,8,false
0.9.0,warn,openjpa-lib/src/main/java/org/apache/openjpa/lib/log/CommonsLogFactory.java,3,1,0,0,0,0,0,0,0,1,5,0,false
0.9.0,eagerClone,openjpa-jdbc/src/main/java/org/apache/openjpa/jdbc/sql/SelectImpl.java,21,11,10,0,0,3,1,4,37,2,6,0,false
0.9.0,setMaxRows,openjpa-lib/src/main/java/org/apache/openjpa/lib/jdbc/DelegatingStatement.java,3,1,0,0,0,0,0,0,0,1,5,0,false
0.9.0,removeParentJoins,openjpa-jdbc/src/main/java/org/apache/openjpa/jdbc/sql/SelectImpl.java,5,5,0,0,0,1,2,5,37,2,6,3,false
0.9.0,initializeJoins,openjpa-jdbc/src/main/java/org/apache/openjpa/jdbc/kernel/exps/SelectConstructor.java,32,10,16,0,0,0,1,0,37,2,8,4,false
0.9.0,setJoinDirection,openjpa-jdbc/src/main/java/org/apache/openjpa/jdbc/meta/ValueMappingImpl.java,3,1,1,0,0,0,0,0,37,1,2,0,false
0.9.0,setMetadata,openjpa-jdbc/src/main/java/org/apache/openjpa/jdbc/ant/ReverseMappingToolTask.java,3,1,1,0,0,0,0,0,37,2,2,0,false
0.9.0,isEmpty,openjpa-kernel/src/main/java/org/apache/openjpa/meta/Extensions.java,3,3,0,0,0,1,1,0,45,1,4,0,false
0.9.0,removeTransactionListener,openjpa-persistence/src/main/java/org/apache/openjpa/persistence/EntityManagerImpl.java,3,1,0,0,0,0,0,3,45,2,7,0,false
0.9.0,addQueryResultMapping,openjpa-jdbc/src/main/java/org/apache/openjpa/jdbc/meta/MappingRepository.java,6,1,1,0,0,1,2,1,37,2,4,0,false
0.9.0,getObjectId,openjpa-kernel/src/main/java/org/apache/openjpa/kernel/BrokerImpl.java,5,2,0,0,0,2,0,3,45,3,11,0,false
0.9.0,replaceFloatField,openjpa-kernel/src/main/java/org/apache/openjpa/kernel/DetachedValueStateManager.java,3,1,0,0,0,0,0,0,45,2,5,0,false
0.9.0,assertNoActiveTransaction,openjpa-kernel/src/main/java/org/apache/openjpa/kernel/AbstractBrokerFactory.java,14,5,5,0,0,1,1,1,45,2,6,2,false
0.9.0,getSourceFile,openjpa-persistence/src/main/java/org/apache/openjpa/persistence/AnnotationPersistenceMetaDataParser.java,19,7,6,2,1,3,4,0,45,3,11,8,false
0.9.0,setSchemaGroup,openjpa-jdbc/src/main/java/org/apache/openjpa/jdbc/schema/SchemaGenerator.java,3,1,1,0,0,0,0,0,37,1,2,0,false
0.9.0,getExcludes,openjpa-jdbc/src/main/java/org/apache/openjpa/jdbc/meta/QueryResultMapping.java,8,5,1,0,0,4,0,1,37,1,2,0,false
0.9.0,getFieldValue,openjpa-kernel/src/main/java/org/apache/openjpa/meta/FieldMetaData.java,4,1,0,0,0,1,2,1,45,3,10,0,false
0.9.0,setTypeMap,openjpa-jdbc/src/main/java/org/apache/openjpa/jdbc/ant/ReverseMappingToolTask.java,3,1,1,0,0,0,0,0,37,2,2,0,false
0.9.0,substituteParams,openjpa-jdbc/src/main/java/org/apache/openjpa/jdbc/kernel/SQLStoreQuery.java,39,11,7,1,0,2,4,0,37,2,3,5,false
0.9.0,setPrimaryKey,openjpa-jdbc/src/main/java/org/apache/openjpa/jdbc/sql/PrimaryRow.java,3,1,0,0,0,0,0,1,37,1,2,0,false
0.9.0,hintToGetter,openjpa-kernel/src/main/java/org/apache/openjpa/kernel/Filters.java,12,5,3,0,1,2,0,0,45,2,10,1,false
0.9.0,isCaching,openjpa-lib/src/main/java/org/apache/openjpa/lib/meta/XMLMetaDataParser.java,3,1,0,0,0,1,0,0,0,2,9,0,false
0.9.0,getSchemaGroup,openjpa-jdbc/src/main/java/org/apache/openjpa/jdbc/schema/SchemaGenerator.java,4,2,1,0,0,1,10,0,37,1,2,0,false
0.9.0,decorateDataSource,openjpa-jdbc/src/main/java/org/apache/openjpa/jdbc/schema/DataSourceFactory.java,32,7,10,0,1,1,1,10,37,1,2,0,false
0.9.0,isDetached,openjpa-persistence/src/main/java/org/apache/openjpa/persistence/EntityManagerImpl.java,3,1,0,0,0,1,0,3,45,2,7,0,false
0.9.0,getInnermostDelegate,openjpa-lib/src/main/java/org/apache/openjpa/lib/jdbc/DelegatingDatabaseMetaData.java,3,2,0,0,0,1,3,1,0,1,4,0,false
0.9.0,ownInsertsAreVisible,openjpa-lib/src/main/java/org/apache/openjpa/lib/jdbc/DelegatingDatabaseMetaData.java,3,1,0,0,0,1,0,0,0,1,4,0,false
0.9.0,findMethod,openjpa-kernel/src/main/java/org/apache/openjpa/meta/FieldMetaData.java,20,16,10,0,0,4,2,4,45,3,10,6,false
0.9.0,getAccessPath,openjpa-kernel/src/main/java/org/apache/openjpa/kernel/exps/AbstractExpressionBuilder.java,3,1,0,0,0,1,1,0,45,2,7,0,false
0.9.0,release,openjpa-kernel/src/main/java/org/apache/openjpa/kernel/PCState.java,3,1,0,0,0,1,1,0,45,1,4,0,false
0.9.0,newPath,openjpa-kernel/src/main/java/org/apache/openjpa/kernel/exps/InMemoryExpressionFactory.java,3,1,0,0,0,1,0,0,45,3,6,0,false
0.9.0,getFetchDirection,openjpa-lib/src/main/java/org/apache/openjpa/lib/jdbc/DelegatingResultSet.java,3,1,0,0,0,1,0,0,0,1,4,0,false
0.9.0,getConfiguration,openjpa-persistence/src/main/java/org/apache/openjpa/persistence/EntityManagerFactoryImpl.java,3,1,0,0,0,1,2,0,45,2,8,0,false
0.9.0,exists,openjpa-kernel/src/main/java/org/apache/openjpa/datacache/DataCacheStoreManager.java,5,4,1,0,0,2,0,3,45,4,9,2,false
0.9.0,writeDetached,openjpa-kernel/src/main/java/org/apache/openjpa/kernel/DetachedStateManager.java,5,1,0,0,0,1,0,1,45,3,7,0,false
0.9.0,insert,openjpa-jdbc/src/main/java/org/apache/openjpa/jdbc/meta/strats/RelationToManyInverseKeyFieldStrategy.java,3,4,0,0,0,0,1,1,37,2,3,0,false
0.9.0,storeShort,openjpa-kernel/src/main/java/org/apache/openjpa/kernel/DetachedStateManager.java,3,1,0,0,0,0,0,0,45,3,7,0,false
0.9.0,setImplicitType,openjpa-jdbc/src/main/java/org/apache/openjpa/jdbc/kernel/exps/IndexOf.java,3,1,1,0,0,0,0,0,37,2,4,0,false
0.9.0,setRange,openjpa-jdbc/src/main/java/org/apache/openjpa/jdbc/sql/SelectImpl.java,4,1,2,0,0,0,1,0,37,2,6,0,false
0.9.0,startClassElement,openjpa-persistence/src/main/java/org/apache/openjpa/persistence/XMLPersistenceMetaDataParser.java,79,38,26,0,0,1,0,25,45,2,6,0,false
0.9.0,setListingIndex,openjpa-jdbc/src/main/java/org/apache/openjpa/jdbc/meta/QueryResultMapping.java,3,1,1,0,0,0,1,0,37,1,2,0,false
0.9.0,getObjectExtension,openjpa-kernel/src/main/java/org/apache/openjpa/meta/Extensions.java,3,1,0,0,0,1,0,1,45,1,4,0,false
0.9.0,getProperties,openjpa-kernel/src/main/java/org/apache/openjpa/enhance/ApplicationIdTool.java,24,6,4,0,0,2,1,8,45,2,6,10,false
0.9.0,setIgnoreChanges,openjpa-kernel/src/main/java/org/apache/openjpa/kernel/ExtentImpl.java,3,1,1,0,0,0,0,0,45,2,5,0,false
0.9.0,replaceStringField,openjpa-kernel/src/main/java/org/apache/openjpa/kernel/StateManagerImpl.java,3,1,0,0,0,1,0,0,45,3,13,0,false
0.9.0,beginTransaction,openjpa-kernel/src/main/java/org/apache/openjpa/kernel/LockManager.java,1,1,0,0,0,0,1,0,45,1,4,0,false
0.9.0,addQueryMetaData,openjpa-persistence/src/main/java/org/apache/openjpa/persistence/XMLPersistenceMetaDataSerializer.java,14,6,6,0,0,1,2,0,45,2,6,0,false
0.9.0,getLockManager,openjpa-kernel/src/main/java/org/apache/openjpa/conf/OpenJPAConfigurationImpl.java,3,1,0,0,0,1,0,1,45,3,13,0,false
0.9.0,debug,openjpa-lib/src/main/java/org/apache/openjpa/lib/log/MultiLogFactory.java,3,2,1,0,0,0,0,1,0,2,6,0,false
0.9.0,select,openjpa-jdbc/src/main/java/org/apache/openjpa/jdbc/kernel/exps/IndexOf.java,4,1,0,0,0,0,0,0,37,2,4,0,false
0.9.0,recordOrder,openjpa-jdbc/src/main/java/org/apache/openjpa/jdbc/sql/LogicalUnion.java,3,2,1,0,0,0,2,1,37,2,4,0,false
0.9.0,getExtensionVendors,openjpa-kernel/src/main/java/org/apache/openjpa/meta/Extensions.java,6,4,2,0,0,2,0,1,45,1,4,1,false
0.9.0,getUserObject,openjpa-kernel/src/main/java/org/apache/openjpa/kernel/BrokerImpl.java,9,2,0,0,1,1,0,2,45,3,11,0,false
0.9.0,open,openjpa-jdbc/src/main/java/org/apache/openjpa/jdbc/kernel/MappedQueryResultObjectProvider.java,6,2,4,0,0,0,1,2,37,2,2,0,false
0.9.0,assignField,openjpa-kernel/src/main/java/org/apache/openjpa/kernel/StateManagerImpl.java,23,19,9,0,0,7,2,18,45,3,13,9,false
0.9.0,setNontransactionalWrite,openjpa-persistence/src/main/java/org/apache/openjpa/persistence/EntityManagerImpl.java,3,1,0,0,0,0,0,3,45,2,7,0,false
0.9.0,provideField,openjpa-kernel/src/main/java/org/apache/openjpa/kernel/DetachedStateManager.java,3,1,0,0,0,0,8,1,45,3,7,0,false
0.9.0,newFetchConfiguration,openjpa-kernel/src/main/java/org/apache/openjpa/abstractstore/AbstractStoreManager.java,3,1,0,0,0,1,0,0,45,3,6,0,false
0.9.0,setTime,openjpa-lib/src/main/java/org/apache/openjpa/lib/jdbc/DelegatingCallableStatement.java,3,1,0,0,0,0,0,0,0,1,6,0,false
0.9.0,storeDouble,openjpa-kernel/src/main/java/org/apache/openjpa/kernel/DetachedStateManager.java,3,1,0,0,0,0,0,0,45,3,7,0,false
0.9.0,endCDATA,openjpa-lib/src/main/java/org/apache/openjpa/lib/meta/XMLMetaDataParser.java,3,2,0,0,0,0,0,1,0,2,9,0,false
0.9.0,setProperties,openjpa-kernel/src/main/java/org/apache/openjpa/conf/RemoteCommitProviderValue.java,5,1,2,0,0,0,0,0,45,1,4,0,false
0.9.0,setFilterListeners,openjpa-kernel/src/main/java/org/apache/openjpa/conf/OpenJPAConfiguration.java,1,1,0,0,0,0,0,0,45,3,8,0,false
0.9.0,where,openjpa-jdbc/src/main/java/org/apache/openjpa/jdbc/sql/SelectImpl.java,6,5,1,0,0,1,1,4,37,2,6,0,false
0.9.0,newInstance,openjpa-lib/src/main/java/org/apache/openjpa/lib/conf/Configurations.java,25,16,7,0,2,4,3,6,0,2,13,6,false
0.9.0,getFloatProperty,openjpa-lib/src/main/java/org/apache/openjpa/lib/util/Options.java,5,3,2,0,0,1,0,1,0,1,8,0,false
0.9.0,executeBatch,openjpa-lib/src/main/java/org/apache/openjpa/lib/jdbc/JDBCEventConnectionDecorator.java,9,1,1,0,1,1,0,3,0,1,5,0,false
0.9.0,getSystemDataCache,openjpa-kernel/src/main/java/org/apache/openjpa/datacache/DataCacheManagerImpl.java,3,1,0,0,0,1,0,1,45,1,3,0,false
0.9.0,getColumnIO,openjpa-jdbc/src/main/java/org/apache/openjpa/jdbc/meta/ValueMappingImpl.java,4,5,0,0,0,2,1,2,37,1,2,1,false
0.9.0,loadMapping,openjpa-kernel/src/main/java/org/apache/openjpa/meta/MetaDataRepository.java,29,14,1,0,2,2,1,12,45,3,8,2,false
0.9.0,selectColumns,openjpa-jdbc/src/main/java/org/apache/openjpa/jdbc/kernel/exps/OrExpression.java,4,1,0,0,0,0,0,1,37,2,3,0,false
0.9.0,getConfiguration,openjpa-jdbc/src/main/java/org/apache/openjpa/jdbc/sql/SelectImpl.java,3,1,0,0,0,1,1,0,37,2,6,0,false
0.9.0,join,openjpa-jdbc/src/main/java/org/apache/openjpa/jdbc/meta/strats/RelationFieldStrategy.java,7,4,1,0,0,3,3,2,37,2,5,0,false
0.9.0,setAddDefaultConstructor,openjpa-kernel/src/main/java/org/apache/openjpa/ant/PCEnhancerTask.java,3,1,1,0,0,0,0,0,45,2,6,0,false
0.9.0,setTmpClassLoader,openjpa-kernel/src/main/java/org/apache/openjpa/ant/PCEnhancerTask.java,3,1,1,0,0,0,0,0,45,2,6,0,false
0.9.0,newCompilation,openjpa-kernel/src/main/java/org/apache/openjpa/kernel/AbstractStoreQuery.java,3,1,0,0,0,1,0,0,45,2,4,0,false
0.9.0,getAttachedCopy,openjpa-kernel/src/main/java/org/apache/openjpa/kernel/AttachManager.java,3,1,0,0,0,1,1,3,45,2,5,0,false
0.9.0,getEntityElementName,openjpa-persistence/src/main/java/org/apache/openjpa/persistence/XMLPersistenceMetaDataSerializer.java,12,4,0,0,0,3,1,1,45,2,6,0,false
0.9.0,nextIndex,openjpa-lib/src/main/java/org/apache/openjpa/lib/util/concurrent/CopyOnWriteArrayList.java,3,1,0,0,0,1,0,0,0,1,5,0,false
0.9.0,equals,openjpa-persistence/src/main/java/org/apache/openjpa/persistence/QueryImpl.java,5,3,0,0,0,3,0,0,45,2,6,0,false
0.9.0,getClass,openjpa-jdbc/src/main/java/org/apache/openjpa/jdbc/meta/strats/AbstractDiscriminatorStrategy.java,3,1,0,0,0,1,0,0,37,2,2,0,false
0.9.0,setSourceMode,openjpa-jdbc/src/main/java/org/apache/openjpa/jdbc/meta/QueryResultMapping.java,3,1,1,0,0,0,0,0,37,1,2,0,false
0.9.0,getTypeValue,openjpa-kernel/src/main/java/org/apache/openjpa/kernel/jpql/JPQLExpressionBuilder.java,5,1,1,0,0,1,2,2,45,2,8,0,false
0.9.0,getSourceMode,openjpa-kernel/src/main/java/org/apache/openjpa/meta/ClassMetaData.java,3,1,0,0,0,1,9,0,45,3,8,0,false
0.9.0,extract,openjpa-lib/src/main/java/org/apache/openjpa/lib/util/concurrent/FIFOWaitQueue.java,10,3,4,0,0,2,0,0,0,1,5,0,false
0.9.0,generateSQL,openjpa-jdbc/src/main/java/org/apache/openjpa/jdbc/sql/PrimaryRow.java,28,16,7,0,1,1,0,2,37,1,2,5,false
0.9.0,updateNull,openjpa-lib/src/main/java/org/apache/openjpa/lib/jdbc/DelegatingResultSet.java,3,1,0,0,0,0,0,0,0,1,4,0,false
0.9.0,preFlush,openjpa-persistence/src/main/java/org/apache/openjpa/persistence/EntityManagerImpl.java,3,1,0,0,0,0,0,3,45,2,7,0,false
0.9.0,getCustomTokenizerClass,openjpa-kernel/src/main/java/org/apache/openjpa/enhance/ApplicationIdTool.java,24,2,1,0,0,1,1,1,45,2,6,56,false
0.9.0,removeLongProperty,openjpa-lib/src/main/java/org/apache/openjpa/lib/util/Options.java,6,3,2,0,0,1,0,2,0,1,8,0,false
0.9.0,getBrokerImpl,openjpa-kernel/src/main/java/org/apache/openjpa/conf/OpenJPAConfigurationImpl.java,3,1,0,0,0,1,0,1,45,3,13,0,false
0.9.0,setTypeAlias,openjpa-kernel/src/main/java/org/apache/openjpa/meta/ClassMetaData.java,3,1,1,0,0,0,2,0,45,3,8,0,false
0.9.0,endClass,openjpa-lib/src/main/java/org/apache/openjpa/lib/meta/CFMetaDataParser.java,2,1,0,0,0,0,1,0,0,1,5,0,false
0.9.0,getConnectionPassword,openjpa-kernel/src/main/java/org/apache/openjpa/kernel/BrokerImpl.java,3,1,0,0,0,1,1,0,45,3,11,0,false
0.9.0,isManaged,openjpa-kernel/src/main/java/org/apache/openjpa/kernel/BrokerImpl.java,3,1,0,0,0,1,0,0,45,3,11,0,false
0.9.0,getRegisteredTypes,openjpa-kernel/src/main/java/org/apache/openjpa/enhance/PCRegistry.java,3,1,0,0,0,1,0,0,45,2,4,0,false
0.9.0,writeDetached,openjpa-kernel/src/main/java/org/apache/openjpa/kernel/DetachedValueStateManager.java,3,1,0,0,0,0,0,0,45,2,5,0,false
0.9.0,setDropSequences,openjpa-jdbc/src/main/java/org/apache/openjpa/jdbc/ant/MappingToolTask.java,3,1,1,0,0,0,0,0,37,2,3,0,false
0.9.0,add,openjpa-kernel/src/main/java/org/apache/openjpa/util/CollectionChangeTrackerImpl.java,17,10,3,1,0,0,0,5,45,1,4,3,false
0.9.0,setBrokerImpl,openjpa-kernel/src/main/java/org/apache/openjpa/conf/OpenJPAConfigurationImpl.java,4,1,0,0,0,0,0,2,45,3,13,0,false
0.9.0,fetchObjectId,openjpa-kernel/src/main/java/org/apache/openjpa/kernel/DetachedStateManager.java,3,1,0,0,0,1,0,0,45,3,7,0,false
0.9.0,isDefaultValue,openjpa-kernel/src/main/java/org/apache/openjpa/kernel/StateManagerImpl.java,13,1,1,0,1,1,1,4,45,3,13,0,false
0.9.0,setDetachedState,openjpa-kernel/src/main/java/org/apache/openjpa/meta/ClassMetaData.java,3,1,1,0,0,0,2,0,45,3,8,0,false
0.9.0,appendTo,openjpa-jdbc/src/main/java/org/apache/openjpa/jdbc/kernel/exps/ConstPath.java,4,2,0,0,0,0,0,1,37,2,3,0,false
0.9.0,setRemoteCommitProvider,openjpa-kernel/src/main/java/org/apache/openjpa/conf/OpenJPAConfiguration.java,1,1,0,0,0,0,0,0,45,3,8,0,false
0.9.0,endIndex,openjpa-jdbc/src/main/java/org/apache/openjpa/jdbc/schema/XMLSchemaParser.java,4,1,1,0,0,0,1,0,37,1,2,0,false
0.9.0,equals,openjpa-lib/src/main/java/org/apache/openjpa/lib/jdbc/DelegatingCallableStatement.java,5,3,1,0,0,2,0,1,0,1,6,0,false
0.9.0,setOrderDeclaration,openjpa-kernel/src/main/java/org/apache/openjpa/meta/FieldMetaData.java,8,3,4,0,0,0,2,0,45,3,10,0,false
0.9.0,replaceFlags,openjpa-kernel/src/main/java/org/apache/openjpa/kernel/StateManagerImpl.java,3,1,0,0,0,1,0,0,45,3,13,0,false
0.9.0,getPrimaryKeys,openjpa-lib/src/main/java/org/apache/openjpa/lib/jdbc/DelegatingDatabaseMetaData.java,3,1,0,0,0,1,0,0,0,1,4,0,false
0.9.0,supportsOpenStatementsAcrossCommit,openjpa-lib/src/main/java/org/apache/openjpa/lib/jdbc/DelegatingDatabaseMetaData.java,3,1,0,0,0,1,0,0,0,1,4,0,false
0.9.0,getColumns,openjpa-jdbc/src/main/java/org/apache/openjpa/jdbc/meta/VersionMappingInfo.java,5,1,1,0,0,1,1,5,37,1,2,3,false
0.9.0,getSchemaGroup,openjpa-jdbc/src/main/java/org/apache/openjpa/jdbc/meta/MappingRepository.java,4,2,1,0,0,1,1,1,37,2,4,0,false
0.9.0,getUseClassCriteria,openjpa-jdbc/src/main/java/org/apache/openjpa/jdbc/meta/ValueMappingImpl.java,4,3,0,0,0,2,0,2,37,1,2,1,false
0.9.0,afterConnect,openjpa-lib/src/main/java/org/apache/openjpa/lib/jdbc/AbstractJDBCListener.java,1,1,0,0,0,0,1,0,0,1,4,0,false
0.9.0,supportsCorrelatedSubqueries,openjpa-lib/src/main/java/org/apache/openjpa/lib/jdbc/DelegatingDatabaseMetaData.java,3,1,0,0,0,1,0,0,0,1,4,0,false
0.9.0,transactional,openjpa-kernel/src/main/java/org/apache/openjpa/kernel/StoreContext.java,1,1,0,0,0,0,0,0,45,3,6,0,false
0.9.0,acceptVisit,openjpa-kernel/src/main/java/org/apache/openjpa/kernel/exps/AggregateVal.java,5,1,0,0,0,0,0,1,45,2,5,0,false
0.9.0,getValueUnique,openjpa-jdbc/src/main/java/org/apache/openjpa/jdbc/meta/ValueMappingImpl.java,3,1,0,0,0,1,0,0,37,1,2,0,false
0.9.0,isVariable,openjpa-jdbc/src/main/java/org/apache/openjpa/jdbc/kernel/exps/Trim.java,3,1,0,0,0,1,0,0,37,2,4,0,false
0.9.0,storeChar,openjpa-kernel/src/main/java/org/apache/openjpa/kernel/OpenJPAStateManager.java,1,1,0,0,0,0,2,0,45,2,5,0,false
0.9.0,setRootClasses,openjpa-kernel/src/main/java/org/apache/openjpa/kernel/DelegatingFetchConfiguration.java,9,2,0,0,1,1,0,2,45,3,7,1,false
0.9.0,setLockManager,openjpa-kernel/src/main/java/org/apache/openjpa/conf/OpenJPAConfigurationImpl.java,4,1,0,0,0,0,0,2,45,3,13,0,false
0.9.0,newBrokerImpl,openjpa-jdbc/src/main/java/org/apache/openjpa/jdbc/kernel/JDBCBrokerFactory.java,14,2,2,0,1,1,0,4,37,2,2,0,false
0.9.0,supportsExpressionsInOrderBy,openjpa-lib/src/main/java/org/apache/openjpa/lib/jdbc/DelegatingDatabaseMetaData.java,3,1,0,0,0,1,0,0,0,1,4,0,false
0.9.0,getClassAttributeName,openjpa-lib/src/main/java/org/apache/openjpa/lib/meta/CFMetaDataParser.java,3,1,0,0,0,1,4,0,0,1,5,0,false
0.9.0,copy,openjpa-kernel/src/main/java/org/apache/openjpa/kernel/BrokerImpl.java,4,3,0,0,0,2,1,0,45,3,11,0,false
0.9.0,getValueType,openjpa-kernel/src/main/java/org/apache/openjpa/conf/AutoDetachValue.java,3,1,0,0,0,1,0,0,45,1,5,0,false
0.9.0,jjtGetChild,openjpa-kernel/src/main/java/org/apache/openjpa/kernel/jpql/JPQLExpressionBuilder.java,3,1,0,0,0,1,1,0,45,2,8,0,false
0.9.0,setMappingOverride,openjpa-persistence/src/main/java/org/apache/openjpa/persistence/AnnotationPersistenceMetaDataParser.java,3,1,1,0,0,0,0,0,45,3,11,0,false
0.9.0,getMaxTablesInSelect,openjpa-lib/src/main/java/org/apache/openjpa/lib/jdbc/DelegatingDatabaseMetaData.java,3,1,0,0,0,1,0,0,0,1,4,0,false
0.9.0,generateTables,openjpa-jdbc/src/main/java/org/apache/openjpa/jdbc/schema/SchemaGenerator.java,40,26,15,0,0,1,2,16,37,1,2,2,false
0.9.0,getQueryTimeout,openjpa-lib/src/main/java/org/apache/openjpa/lib/jdbc/DelegatingCallableStatement.java,3,1,0,0,0,1,0,0,0,1,6,0,false
0.9.0,getFetchDirection,openjpa-lib/src/main/java/org/apache/openjpa/lib/jdbc/DelegatingStatement.java,3,1,0,0,0,1,0,0,0,1,5,0,false
0.9.0,parseDataStoreIdColumn,openjpa-persistence-jdbc/src/main/java/org/apache/openjpa/persistence/jdbc/AnnotationPersistenceMappingParser.java,9,4,1,0,0,0,1,5,37,2,3,0,false
0.9.0,clearFields,openjpa-kernel/src/main/java/org/apache/openjpa/kernel/DelegatingFetchConfiguration.java,9,2,0,0,1,1,1,2,45,3,7,1,false
0.9.0,getOrders,openjpa-kernel/src/main/java/org/apache/openjpa/meta/FieldMetaData.java,23,5,11,1,0,1,3,6,45,3,10,7,false
0.9.0,factoryIndex,openjpa-lib/src/main/java/org/apache/openjpa/lib/xml/XMLFactory.java,6,3,3,0,0,1,3,0,0,2,6,0,false
0.9.0,fetchGroupOverlapsWith,openjpa-kernel/src/main/java/org/apache/openjpa/meta/FieldMetaData.java,6,6,2,0,0,3,1,1,45,3,10,1,false
0.9.0,getDelegate,openjpa-lib/src/main/java/org/apache/openjpa/lib/jdbc/DelegatingPreparedStatement.java,3,1,0,0,0,1,5,0,0,1,6,0,false
0.9.0,newQuery,openjpa-jdbc/src/main/java/org/apache/openjpa/jdbc/kernel/JDBCStoreManager.java,6,3,1,0,0,3,0,3,37,3,9,1,false
0.9.0,logJDBC,openjpa-lib/src/main/java/org/apache/openjpa/lib/jdbc/DataSourceLogs.java,3,1,0,0,0,0,20,2,0,1,5,0,false
0.9.0,updateLong,openjpa-lib/src/main/java/org/apache/openjpa/lib/jdbc/DelegatingResultSet.java,3,1,0,0,0,0,0,0,0,1,4,0,false
0.9.0,getRef,openjpa-lib/src/main/java/org/apache/openjpa/lib/jdbc/DelegatingCallableStatement.java,3,1,0,0,0,0,0,0,0,1,6,0,false
0.9.0,isNameTaken,openjpa-jdbc/src/main/java/org/apache/openjpa/jdbc/schema/NameSet.java,4,3,0,0,0,2,1,0,37,1,2,0,false
0.9.0,assignObjectId,openjpa-kernel/src/main/java/org/apache/openjpa/kernel/DelegatingStoreManager.java,3,1,0,0,0,1,0,1,45,3,5,0,false
0.9.0,setConnection2URL,openjpa-kernel/src/main/java/org/apache/openjpa/conf/OpenJPAConfiguration.java,1,1,0,0,0,0,0,0,45,3,8,0,false
0.9.0,isActive,openjpa-kernel/src/main/java/org/apache/openjpa/kernel/BrokerImpl.java,9,2,0,0,1,1,13,2,45,3,11,0,false
0.9.0,initialize,openjpa-jdbc/src/main/java/org/apache/openjpa/jdbc/kernel/exps/Variable.java,7,2,0,0,0,0,1,3,37,2,3,0,false
0.9.0,getValue,openjpa-kernel/src/main/java/org/apache/openjpa/meta/FieldMetaData.java,4,2,1,0,0,1,3,0,45,3,10,0,false
0.9.0,getDBDictionary,openjpa-jdbc/src/main/java/org/apache/openjpa/jdbc/conf/JDBCConfigurationImpl.java,24,6,9,0,0,1,6,12,37,3,6,3,false
0.9.0,setCascades,openjpa-persistence/src/main/java/org/apache/openjpa/persistence/XMLPersistenceMetaDataParser.java,28,10,5,0,0,1,1,4,45,2,6,1,false
0.9.0,getImportPackages,openjpa-kernel/src/main/java/org/apache/openjpa/enhance/CodeGenerator.java,9,3,5,0,0,1,1,0,45,2,6,0,false
0.9.0,fetchString,openjpa-kernel/src/main/java/org/apache/openjpa/kernel/DetachedStateManager.java,3,1,0,0,0,0,0,0,45,3,7,0,false
0.9.0,setOrderDirtyObjects,openjpa-persistence/src/main/java/org/apache/openjpa/persistence/EntityManagerImpl.java,3,1,0,0,0,0,0,3,45,2,7,0,false
0.9.0,isDetachedNew,openjpa-kernel/src/main/java/org/apache/openjpa/kernel/BrokerImpl.java,3,1,0,0,0,1,2,0,45,3,11,0,false
0.9.0,toPoolKey,openjpa-kernel/src/main/java/org/apache/openjpa/kernel/AbstractBrokerFactory.java,3,1,0,0,0,1,3,0,45,2,6,0,false
0.9.0,getSelects,openjpa-jdbc/src/main/java/org/apache/openjpa/jdbc/sql/OracleDictionary.java,18,8,6,0,0,3,0,8,37,2,3,1,false
0.9.0,isVariable,openjpa-jdbc/src/main/java/org/apache/openjpa/jdbc/kernel/exps/IndexOf.java,3,1,0,0,0,1,0,0,37,2,4,0,false
0.9.0,executeSelect,openjpa-jdbc/src/main/java/org/apache/openjpa/jdbc/kernel/JDBCStoreQuery.java,5,3,0,1,0,3,1,0,37,2,5,0,false
0.9.0,isNotEmpty,openjpa-kernel/src/main/java/org/apache/openjpa/kernel/exps/InMemoryExpressionFactory.java,3,1,0,0,0,1,0,2,45,3,6,0,false
0.9.0,parseOneToMany,openjpa-persistence/src/main/java/org/apache/openjpa/persistence/XMLPersistenceMetaDataParser.java,6,2,1,0,0,0,1,4,45,2,6,1,false
0.9.0,getSynchronization,openjpa-kernel/src/main/java/org/apache/openjpa/kernel/BrokerImpl.java,3,1,0,0,0,1,0,0,45,3,11,0,false
0.9.0,delete,openjpa-kernel/src/main/java/org/apache/openjpa/kernel/StateManagerImpl.java,3,1,0,0,0,0,2,1,45,3,13,0,false
0.9.0,getDoubleSpace,openjpa-lib/src/main/java/org/apache/openjpa/lib/jdbc/SQLFormatter.java,3,1,0,0,0,1,1,0,0,1,4,0,false
0.9.0,execute,openjpa-jdbc/src/main/java/org/apache/openjpa/jdbc/sql/LogicalUnion.java,3,1,0,0,0,1,1,1,37,2,4,0,false
0.9.0,removeFetchGroup,openjpa-persistence/src/main/java/org/apache/openjpa/persistence/FetchPlan.java,4,1,0,0,0,1,0,0,45,2,5,0,false
0.9.0,added,openjpa-kernel/src/main/java/org/apache/openjpa/util/MapChangeTracker.java,1,1,0,0,0,0,2,0,45,1,4,0,false
0.9.0,getPersistenceUnitName,openjpa-persistence/src/main/java/org/apache/openjpa/persistence/PersistenceUnitInfoImpl.java,3,1,0,0,0,1,2,0,45,1,7,0,false
0.9.0,initialize,openjpa-kernel/src/main/java/org/apache/openjpa/kernel/DelegatingStoreManager.java,3,1,0,0,0,1,1,1,45,3,5,0,false
0.9.0,getTransactionManagerName,openjpa-kernel/src/main/java/org/apache/openjpa/ee/JNDIManagedRuntime.java,3,1,0,0,0,1,0,0,45,1,4,0,false
0.9.0,isTransactional,openjpa-kernel/src/main/java/org/apache/openjpa/kernel/PCState.java,3,1,0,0,0,1,2,0,45,1,4,0,false
0.9.0,setIsolate,openjpa-lib/src/main/java/org/apache/openjpa/lib/ant/AbstractTask.java,3,1,1,0,0,0,0,0,0,2,12,0,false
0.9.0,initialize,openjpa-jdbc/src/main/java/org/apache/openjpa/jdbc/kernel/exps/OrExpression.java,16,6,7,0,0,1,0,2,37,2,3,1,false
0.9.0,newConfiguration,openjpa-lib/src/main/java/org/apache/openjpa/lib/ant/AbstractTask.java,1,1,0,0,0,0,2,0,0,2,12,0,false
0.9.0,setFilterListeners,openjpa-kernel/src/main/java/org/apache/openjpa/conf/OpenJPAConfigurationImpl.java,4,1,0,0,0,0,0,1,45,3,13,0,false
0.9.0,getUpdatedClasses,openjpa-persistence/src/main/java/org/apache/openjpa/persistence/EntityManagerImpl.java,3,1,0,0,0,1,0,1,45,2,7,0,false
0.9.0,put,openjpa-kernel/src/main/java/org/apache/openjpa/datacache/DelegatingQueryCache.java,9,3,0,0,1,2,0,2,45,1,4,1,false
0.9.0,getPCPath,openjpa-kernel/src/main/java/org/apache/openjpa/kernel/jpql/JPQLExpressionBuilder.java,3,1,0,0,0,1,2,1,45,2,8,0,false
0.9.0,orderBy,openjpa-jdbc/src/main/java/org/apache/openjpa/jdbc/kernel/exps/Variable.java,2,1,0,0,0,0,0,0,37,2,3,0,false
0.9.0,initialize,openjpa-kernel/src/main/java/org/apache/openjpa/datacache/DataCacheStoreManager.java,25,11,5,0,1,6,0,6,45,4,9,3,false
0.9.0,setArray,openjpa-lib/src/main/java/org/apache/openjpa/lib/jdbc/LoggingConnectionDecorator.java,4,1,0,0,0,0,0,1,0,1,8,0,false
0.9.0,isCatalogAtStart,openjpa-lib/src/main/java/org/apache/openjpa/lib/jdbc/DelegatingDatabaseMetaData.java,3,1,0,0,0,1,0,0,0,1,4,0,false
0.9.0,readResolve,openjpa-kernel/src/main/java/org/apache/openjpa/kernel/PCState.java,24,22,0,0,0,21,0,0,45,1,4,0,false
0.9.0,endVersion,openjpa-persistence/src/main/java/org/apache/openjpa/persistence/XMLPersistenceMetaDataParser.java,3,1,0,0,0,0,1,1,45,2,6,0,false
0.9.0,calculateValue,openjpa-jdbc/src/main/java/org/apache/openjpa/jdbc/kernel/exps/ConstGetObjectId.java,10,2,4,0,0,0,0,3,37,2,2,1,false
0.9.0,evaluate,openjpa-jdbc/src/main/java/org/apache/openjpa/jdbc/kernel/exps/SQLEmbed.java,3,1,0,0,0,0,0,0,37,2,2,0,false
0.9.0,getImportedKeys,openjpa-lib/src/main/java/org/apache/openjpa/lib/jdbc/DelegatingDatabaseMetaData.java,3,1,0,0,0,1,0,0,0,1,4,0,false
0.9.0,newContext,openjpa-kernel/src/main/java/org/apache/openjpa/event/JMSRemoteCommitProvider.java,4,2,0,0,0,2,1,0,45,1,5,0,false
0.9.0,trace,openjpa-lib/src/main/java/org/apache/openjpa/lib/log/AbstractLog.java,3,1,0,0,0,0,0,2,0,1,6,0,false
0.9.0,setObjectId,openjpa-kernel/src/main/java/org/apache/openjpa/kernel/DetachedStateManager.java,3,1,0,0,0,0,0,0,45,3,7,0,false
0.9.0,fetchShort,openjpa-kernel/src/main/java/org/apache/openjpa/kernel/DetachedValueStateManager.java,3,1,0,0,0,0,0,0,45,2,5,0,false
0.9.0,executeQuery,openjpa-jdbc/src/main/java/org/apache/openjpa/jdbc/kernel/JDBCStoreManager.java,9,1,0,0,1,1,0,2,37,3,9,0,false
0.9.0,next,openjpa-jdbc/src/main/java/org/apache/openjpa/jdbc/kernel/SQLProjectionResultObjectProvider.java,3,1,0,0,0,1,0,0,37,1,2,0,false
0.9.0,execute,openjpa-persistence/src/main/java/org/apache/openjpa/persistence/QueryImpl.java,13,7,0,0,0,6,0,6,45,2,6,0,false
0.9.0,reset,openjpa-kernel/src/main/java/org/apache/openjpa/util/AbstractChangeTracker.java,6,4,1,0,0,0,2,0,45,1,4,0,false
0.9.0,hashCode,openjpa-kernel/src/main/java/org/apache/openjpa/kernel/DelegatingStoreManager.java,3,1,0,0,0,1,0,1,45,3,5,1,false
0.9.0,prepareMapping,openjpa-kernel/src/main/java/org/apache/openjpa/meta/MetaDataRepository.java,3,1,0,0,0,0,2,1,45,3,8,0,false
0.9.0,endSchema,openjpa-jdbc/src/main/java/org/apache/openjpa/jdbc/schema/XMLSchemaParser.java,3,1,1,0,0,0,1,0,37,1,2,0,false
0.9.0,setUnicodeStream,openjpa-lib/src/main/java/org/apache/openjpa/lib/jdbc/DelegatingPreparedStatement.java,3,1,0,0,0,0,0,0,0,1,6,0,false
0.9.0,invokeAfterAttach,openjpa-kernel/src/main/java/org/apache/openjpa/kernel/AttachManager.java,17,6,6,0,1,1,2,6,45,2,5,5,false
0.9.0,fetchLong,openjpa-kernel/src/main/java/org/apache/openjpa/kernel/OpenJPAStateManager.java,1,1,0,0,0,0,2,0,45,2,5,0,false
0.9.0,recordIncluded,openjpa-jdbc/src/main/java/org/apache/openjpa/jdbc/meta/QueryResultMapping.java,12,4,3,0,0,0,1,1,37,1,2,2,false
0.9.0,setDereferencedDependent,openjpa-kernel/src/main/java/org/apache/openjpa/kernel/StateManagerImpl.java,10,9,2,0,0,0,3,2,45,3,13,0,false
0.9.0,beforeExecuteStatement,openjpa-lib/src/main/java/org/apache/openjpa/lib/jdbc/AbstractJDBCListener.java,1,1,0,0,0,0,1,0,0,1,4,0,false
0.9.0,endDiscriminatorValue,openjpa-persistence-jdbc/src/main/java/org/apache/openjpa/persistence/jdbc/XMLPersistenceMappingParser.java,6,2,2,0,0,1,1,0,37,2,3,3,false
0.9.0,getConnection,openjpa-lib/src/main/java/org/apache/openjpa/lib/jdbc/DecoratingDataSource.java,4,1,1,0,0,1,1,1,0,1,6,1,false
0.9.0,supportsLimitedOuterJoins,openjpa-lib/src/main/java/org/apache/openjpa/lib/jdbc/DelegatingDatabaseMetaData.java,3,1,0,0,0,1,0,0,0,1,4,0,false
0.9.0,beforeConfigurationLoad,openjpa-kernel/src/main/java/org/apache/openjpa/conf/ProductDerivations.java,10,3,1,0,1,0,0,0,45,2,9,1,false
0.9.0,getBestRowIdentifier,openjpa-lib/src/main/java/org/apache/openjpa/lib/jdbc/DelegatingDatabaseMetaData.java,3,1,0,0,0,1,0,0,0,1,4,0,false
0.9.0,load,openjpa-kernel/src/main/java/org/apache/openjpa/datacache/DataCacheStoreManager.java,5,2,1,0,0,1,3,0,45,4,9,0,false
0.9.0,getDeclaredTypeMapping,openjpa-jdbc/src/main/java/org/apache/openjpa/jdbc/meta/ValueMappingImpl.java,3,1,0,0,0,1,0,1,37,1,2,0,false
0.9.0,assertManaged,openjpa-kernel/src/main/java/org/apache/openjpa/kernel/AttachManager.java,5,2,1,0,0,1,4,3,45,2,5,0,false
0.9.0,getChild,openjpa-kernel/src/main/java/org/apache/openjpa/kernel/jpql/JPQLExpressionBuilder.java,3,1,0,0,0,1,11,1,45,2,8,0,false
0.9.0,startSystemElement,openjpa-lib/src/main/java/org/apache/openjpa/lib/meta/CFMetaDataParser.java,3,1,0,0,0,1,1,0,0,1,5,0,false
0.9.0,getFetchConfiguration,openjpa-jdbc/src/main/java/org/apache/openjpa/jdbc/kernel/SelectResultObjectProvider.java,3,1,0,0,0,1,7,0,37,2,2,0,false
0.9.0,addTypesChangedListener,openjpa-kernel/src/main/java/org/apache/openjpa/datacache/QueryCache.java,1,1,0,0,0,0,2,0,45,1,4,0,false
0.9.0,setEagerFetchMode,openjpa-jdbc/src/main/java/org/apache/openjpa/jdbc/kernel/JDBCFetchConfigurationImpl.java,8,4,3,0,0,1,3,2,37,3,6,1,false
0.9.0,newDataStoreExecutor,openjpa-kernel/src/main/java/org/apache/openjpa/kernel/ExpressionStoreQuery.java,3,1,0,0,0,1,0,1,45,2,6,0,false
0.9.0,executeUpdate,openjpa-lib/src/main/java/org/apache/openjpa/lib/jdbc/DelegatingPreparedStatement.java,3,1,0,0,0,1,0,0,0,1,6,0,false
0.9.0,getStringFunctions,openjpa-lib/src/main/java/org/apache/openjpa/lib/jdbc/DelegatingDatabaseMetaData.java,3,1,0,0,0,1,0,0,0,1,4,0,false
0.9.0,setMetaDataRepository,openjpa-kernel/src/main/java/org/apache/openjpa/conf/OpenJPAConfigurationImpl.java,4,1,0,0,0,0,0,2,45,3,13,0,false
0.9.0,startTracking,openjpa-kernel/src/main/java/org/apache/openjpa/util/AbstractChangeTracker.java,5,2,2,0,0,0,2,2,45,1,4,0,false
0.9.0,getProperties,openjpa-lib/src/main/java/org/apache/openjpa/lib/conf/MapConfigurationProvider.java,3,2,0,0,0,1,2,0,0,2,6,0,false
0.9.0,settingObjectField,openjpa-kernel/src/main/java/org/apache/openjpa/kernel/DetachedValueStateManager.java,3,1,0,0,0,0,0,0,45,2,5,0,false
0.9.0,get,openjpa-kernel/src/main/java/org/apache/openjpa/datacache/AbstractDataCache.java,13,6,2,0,0,1,1,5,45,2,5,1,false
0.9.0,getClassLoader,openjpa-persistence/src/main/java/org/apache/openjpa/persistence/ConfigurationProviderImpl.java,3,1,0,0,0,1,0,0,45,2,8,0,false
0.9.0,respondsTo,openjpa-kernel/src/main/java/org/apache/openjpa/event/LifecycleEventManager.java,1,1,0,0,0,0,4,0,45,1,5,0,false
0.9.0,setFetchBatchSize,openjpa-kernel/src/main/java/org/apache/openjpa/conf/OpenJPAConfigurationImpl.java,3,2,0,0,0,0,0,1,45,3,13,0,false
0.9.0,getPrimaryKey,openjpa-jdbc/src/main/java/org/apache/openjpa/jdbc/sql/PrimaryRow.java,3,1,0,0,0,1,0,0,37,1,2,0,false
0.9.0,isEmbedded,openjpa-kernel/src/main/java/org/apache/openjpa/meta/FieldMetaData.java,3,1,0,0,0,1,3,1,45,3,10,0,false
0.9.0,put,openjpa-lib/src/main/java/org/apache/openjpa/lib/util/concurrent/ConcurrentHashMap.java,16,6,6,3,0,2,0,6,0,1,7,0,false
0.9.0,previous,openjpa-lib/src/main/java/org/apache/openjpa/lib/jdbc/DelegatingResultSet.java,3,1,0,0,0,1,0,0,0,1,4,0,false
0.9.0,removed,openjpa-kernel/src/main/java/org/apache/openjpa/util/MapChangeTracker.java,1,1,0,0,0,0,2,0,45,1,4,0,false
0.9.0,getLocalTransaction,openjpa-kernel/src/main/java/org/apache/openjpa/kernel/BrokerImpl.java,3,1,0,0,0,1,0,0,45,3,11,0,false
0.9.0,usesLocalFiles,openjpa-lib/src/main/java/org/apache/openjpa/lib/jdbc/DelegatingDatabaseMetaData.java,3,1,0,0,0,1,0,0,0,1,4,0,false
0.9.0,ensureDriverVendor,openjpa-jdbc/src/main/java/org/apache/openjpa/jdbc/sql/OracleDictionary.java,22,6,2,0,2,1,2,3,37,2,3,2,false
0.9.0,getDetachState,openjpa-kernel/src/main/java/org/apache/openjpa/kernel/StoreContext.java,1,1,0,0,0,0,0,0,45,3,6,0,false
0.9.0,hasVariable,openjpa-jdbc/src/main/java/org/apache/openjpa/jdbc/kernel/exps/IsEmptyExpression.java,3,1,0,0,0,1,0,0,37,2,3,0,false
0.9.0,reset,openjpa-persistence/src/main/java/org/apache/openjpa/persistence/XMLPersistenceMetaDataParser.java,15,1,10,0,0,0,0,1,45,2,6,0,false
0.9.0,addFilterListener,openjpa-persistence/src/main/java/org/apache/openjpa/persistence/QueryImpl.java,4,1,0,0,0,1,3,2,45,2,6,0,false
0.9.0,parseManyToMany,openjpa-persistence/src/main/java/org/apache/openjpa/persistence/XMLPersistenceMetaDataParser.java,6,2,1,0,0,0,1,3,45,2,6,1,false
0.9.0,initialize,openjpa-kernel/src/main/java/org/apache/openjpa/datacache/AbstractQueryCache.java,2,1,0,0,0,0,0,0,45,2,7,0,false
0.9.0,fetchDouble,openjpa-kernel/src/main/java/org/apache/openjpa/kernel/DetachedStateManager.java,3,1,0,0,0,0,0,0,45,3,7,0,false
0.9.0,isConstant,openjpa-jdbc/src/main/java/org/apache/openjpa/jdbc/kernel/exps/StartsWithExpression.java,3,1,0,0,0,1,0,0,37,2,3,0,false
0.9.0,setDistinct,openjpa-jdbc/src/main/java/org/apache/openjpa/jdbc/sql/SelectImpl.java,10,2,4,0,0,0,1,0,37,2,6,0,false
0.9.0,getDirtyStates,openjpa-kernel/src/main/java/org/apache/openjpa/kernel/BrokerImpl.java,4,2,0,0,0,2,1,2,45,3,11,0,false
0.9.0,clearAccesssPath,openjpa-kernel/src/main/java/org/apache/openjpa/datacache/QueryCacheStoreQuery.java,9,5,5,0,0,2,4,4,45,2,7,0,false
0.9.0,hasContainsExpression,openjpa-jdbc/src/main/java/org/apache/openjpa/jdbc/kernel/exps/CompareEqualExpression.java,3,1,0,0,0,1,0,0,37,2,3,0,false
0.9.0,setSequence,openjpa-kernel/src/main/java/org/apache/openjpa/conf/OpenJPAConfiguration.java,1,1,0,0,0,0,0,0,45,3,8,0,false
0.9.0,commit,openjpa-lib/src/main/java/org/apache/openjpa/lib/jdbc/JDBCEventConnectionDecorator.java,9,1,1,0,1,0,0,2,0,1,5,0,false
0.9.0,getTransactionManager,openjpa-kernel/src/main/java/org/apache/openjpa/ee/AutomaticManagedRuntime.java,60,14,15,0,4,5,4,9,45,1,4,0,false
0.9.0,matchOptionToMember,openjpa-lib/src/main/java/org/apache/openjpa/lib/util/Options.java,50,23,27,2,0,4,2,3,0,1,8,11,false
0.9.0,error,openjpa-lib/src/main/java/org/apache/openjpa/lib/meta/XMLMetaDataParser.java,3,1,0,0,0,0,0,2,0,2,9,0,false
0.9.0,setByte,openjpa-lib/src/main/java/org/apache/openjpa/lib/jdbc/DelegatingPreparedStatement.java,3,1,0,0,0,0,0,0,0,1,6,0,false
0.9.0,getStore,openjpa-jdbc/src/main/java/org/apache/openjpa/jdbc/sql/SQLExceptions.java,3,1,0,0,0,1,24,1,37,1,2,0,false
0.9.0,newSQLBuffer,openjpa-jdbc/src/main/java/org/apache/openjpa/jdbc/kernel/exps/Substring.java,7,1,1,0,0,1,3,3,37,2,4,0,false
0.9.0,setClasspath,openjpa-lib/src/main/java/org/apache/openjpa/lib/ant/AbstractTask.java,3,1,0,0,0,0,0,1,0,2,12,1,false
0.9.0,onTypesChanged,openjpa-kernel/src/main/java/org/apache/openjpa/datacache/DelegatingQueryCache.java,9,3,0,0,1,1,1,2,45,1,4,1,false
0.9.0,clearData,openjpa-kernel/src/main/java/org/apache/openjpa/datacache/DataCachePCDataImpl.java,3,1,0,0,0,0,0,0,45,1,3,0,false
0.9.0,isCompatible,openjpa-kernel/src/main/java/org/apache/openjpa/enhance/DynamicStorageGenerator.java,4,3,0,0,0,2,2,0,45,1,4,0,false
0.9.0,getRetryClassRegistration,openjpa-kernel/src/main/java/org/apache/openjpa/conf/OpenJPAConfigurationImpl.java,3,1,0,0,0,1,0,1,45,3,13,0,false
0.9.0,setNestedThrowables,openjpa-kernel/src/main/java/org/apache/openjpa/util/OpenJPAException.java,4,1,1,0,0,1,7,0,45,1,4,0,false
0.9.0,setMappingDefaults,openjpa-jdbc/src/main/java/org/apache/openjpa/jdbc/conf/JDBCConfigurationImpl.java,4,1,0,0,0,0,0,2,37,3,6,0,false
0.9.0,setLRS,openjpa-jdbc/src/main/java/org/apache/openjpa/jdbc/sql/SelectImpl.java,4,2,2,0,0,0,1,0,37,2,6,0,false
0.9.0,calculateValue,openjpa-jdbc/src/main/java/org/apache/openjpa/jdbc/kernel/exps/Null.java,2,1,0,0,0,0,0,0,37,2,2,0,false
0.9.0,newBrokerInstance,openjpa-kernel/src/main/java/org/apache/openjpa/conf/OpenJPAConfiguration.java,1,1,0,0,0,0,1,0,45,3,8,0,false
0.9.0,setIgnoreErrors,openjpa-jdbc/src/main/java/org/apache/openjpa/jdbc/ant/SchemaToolTask.java,3,1,1,0,0,0,0,0,37,2,3,0,false
0.9.0,getSchemas,openjpa-lib/src/main/java/org/apache/openjpa/lib/jdbc/DelegatingDatabaseMetaData.java,3,1,0,0,0,1,0,0,0,1,4,0,false
0.9.0,setDirectory,openjpa-kernel/src/main/java/org/apache/openjpa/ant/PCEnhancerTask.java,3,1,1,0,0,0,0,0,45,2,6,0,false
0.9.0,getSecondaryUpdates,openjpa-jdbc/src/main/java/org/apache/openjpa/jdbc/sql/RowManagerImpl.java,3,2,0,0,0,1,1,0,37,1,2,0,false
0.9.0,newParameter,openjpa-jdbc/src/main/java/org/apache/openjpa/jdbc/kernel/exps/JDBCExpressionFactory.java,3,1,0,0,0,1,0,1,37,3,6,0,false
0.9.0,newObjectId,openjpa-kernel/src/main/java/org/apache/openjpa/kernel/StoreContext.java,1,1,0,0,0,0,1,0,45,3,6,0,false
0.9.0,setImplicitType,openjpa-kernel/src/main/java/org/apache/openjpa/kernel/exps/GetObjectId.java,2,1,0,0,0,0,0,0,45,2,4,0,false
0.9.0,close,openjpa-kernel/src/main/java/org/apache/openjpa/datacache/DelegatingDataCache.java,9,3,0,0,1,1,0,2,45,2,5,1,false
0.9.0,evictAll,openjpa-kernel/src/main/java/org/apache/openjpa/kernel/BrokerImpl.java,19,8,4,0,1,1,0,11,45,3,11,7,false
0.9.0,isBound,openjpa-kernel/src/main/java/org/apache/openjpa/kernel/exps/AbstractExpressionBuilder.java,3,2,0,0,0,1,6,0,45,2,7,0,false
0.9.0,getDefinedFields,openjpa-kernel/src/main/java/org/apache/openjpa/meta/ClassMetaData.java,11,5,4,0,0,1,1,4,45,3,8,0,false
0.9.0,getConnection,openjpa-lib/src/main/java/org/apache/openjpa/lib/jdbc/DelegatingCallableStatement.java,3,1,0,0,0,1,0,0,0,1,6,0,false
0.9.0,getDetachedState,openjpa-kernel/src/main/java/org/apache/openjpa/meta/ClassMetaData.java,11,5,4,0,0,1,10,4,45,3,8,3,false
0.9.0,getPooledFactory,openjpa-kernel/src/main/java/org/apache/openjpa/kernel/AbstractBrokerFactory.java,3,1,0,0,0,1,0,1,45,2,6,0,false
0.9.0,isAggregate,openjpa-kernel/src/main/java/org/apache/openjpa/kernel/ExpressionStoreQuery.java,3,1,0,0,0,1,1,2,45,2,6,1,false
0.9.0,requiresSelect,openjpa-jdbc/src/main/java/org/apache/openjpa/jdbc/kernel/JDBCStoreManager.java,5,5,0,0,0,3,4,1,37,3,9,1,false
0.9.0,toString,openjpa-lib/src/main/java/org/apache/openjpa/lib/util/Localizer.java,3,1,0,0,0,1,0,1,0,2,9,0,false
0.9.0,getSchemaSource,openjpa-persistence/src/main/java/org/apache/openjpa/persistence/ConfigurationProviderImpl.java,3,1,0,0,0,1,0,0,45,2,8,1,false
0.9.0,acceptVisit,openjpa-jdbc/src/main/java/org/apache/openjpa/jdbc/kernel/exps/UnaryOp.java,5,1,0,0,0,0,0,0,37,2,5,0,false
0.9.0,supportsConvert,openjpa-lib/src/main/java/org/apache/openjpa/lib/jdbc/DelegatingDatabaseMetaData.java,3,1,0,0,0,1,0,0,0,1,4,0,false
0.9.0,newUnboundVariable,openjpa-jdbc/src/main/java/org/apache/openjpa/jdbc/kernel/exps/JDBCExpressionFactory.java,3,1,0,0,0,1,1,0,37,3,6,0,false
0.9.0,getOperation,openjpa-kernel/src/main/java/org/apache/openjpa/datacache/QueryCacheStoreQuery.java,3,1,0,0,0,1,0,1,45,2,7,0,false
0.9.0,getEvictFromDataCache,openjpa-kernel/src/main/java/org/apache/openjpa/kernel/BrokerImpl.java,3,1,0,0,0,1,0,0,45,3,11,0,false
0.9.0,where,openjpa-jdbc/src/main/java/org/apache/openjpa/jdbc/sql/LogicalUnion.java,3,1,0,0,0,0,0,1,37,2,4,0,false
0.9.0,getFilterListener,openjpa-kernel/src/main/java/org/apache/openjpa/datacache/QueryCacheStoreQuery.java,3,1,0,0,0,1,0,1,45,2,7,0,false
0.9.0,toEntityManager,openjpa-persistence/src/main/java/org/apache/openjpa/persistence/OpenJPAPersistence.java,19,4,3,0,1,2,2,3,45,2,5,1,false
0.9.0,getConfiguration,openjpa-persistence/src/main/java/org/apache/openjpa/persistence/XMLPersistenceMetaDataSerializer.java,3,1,0,0,0,1,6,0,45,2,6,0,false
0.9.0,fatal,openjpa-lib/src/main/java/org/apache/openjpa/lib/log/Log4JLogFactory.java,3,1,0,0,0,0,0,0,0,1,5,0,false
0.9.0,getMaxConnections,openjpa-lib/src/main/java/org/apache/openjpa/lib/jdbc/DelegatingDatabaseMetaData.java,3,1,0,0,0,1,0,0,0,1,4,0,false
0.9.0,getLockManager,openjpa-jdbc/src/main/java/org/apache/openjpa/jdbc/kernel/JDBCStoreManager.java,3,1,0,0,0,1,0,0,37,3,9,0,false
0.9.0,getGrouping,openjpa-jdbc/src/main/java/org/apache/openjpa/jdbc/sql/LogicalUnion.java,3,1,0,0,0,1,0,1,37,2,4,0,false
0.9.0,getName,openjpa-kernel/src/main/java/org/apache/openjpa/datacache/DelegatingDataCache.java,9,3,0,0,1,2,0,2,45,2,5,1,false
0.9.0,getDataStoreIdType,openjpa-kernel/src/main/java/org/apache/openjpa/kernel/DelegatingStoreManager.java,3,1,0,0,0,1,1,1,45,3,5,0,false
0.9.0,getCatalogs,openjpa-lib/src/main/java/org/apache/openjpa/lib/jdbc/DelegatingDatabaseMetaData.java,3,1,0,0,0,1,0,0,0,1,4,0,false
0.9.0,pool,openjpa-kernel/src/main/java/org/apache/openjpa/kernel/AbstractBrokerFactory.java,6,1,0,0,0,0,2,3,45,2,6,0,false
0.9.0,appendSize,openjpa-jdbc/src/main/java/org/apache/openjpa/jdbc/kernel/exps/Variable.java,2,1,0,0,0,0,0,0,37,2,3,0,false
0.9.0,get,openjpa-jdbc/src/main/java/org/apache/openjpa/jdbc/kernel/exps/PCPath.java,9,4,6,0,0,0,0,1,37,2,6,0,false
0.9.0,newLockManagerInstance,openjpa-kernel/src/main/java/org/apache/openjpa/conf/OpenJPAConfiguration.java,1,1,0,0,0,0,2,0,45,3,8,0,false
0.9.0,toDataStoreValue,openjpa-jdbc/src/main/java/org/apache/openjpa/jdbc/kernel/exps/FilterValueImpl.java,3,1,0,0,0,1,0,0,37,2,2,0,false
0.9.0,clearJoins,openjpa-jdbc/src/main/java/org/apache/openjpa/jdbc/kernel/DelegatingJDBCFetchConfiguration.java,1,1,0,0,0,0,1,0,37,2,3,0,false
0.9.0,lockAll,openjpa-kernel/src/main/java/org/apache/openjpa/kernel/AbstractLockManager.java,3,2,1,0,0,0,0,1,45,1,4,0,false
0.9.0,assertUnboundVariablesValid,openjpa-kernel/src/main/java/org/apache/openjpa/kernel/exps/AbstractExpressionBuilder.java,12,6,3,0,0,1,0,4,45,2,7,1,false
0.9.0,getType,openjpa-jdbc/src/main/java/org/apache/openjpa/jdbc/kernel/exps/Trim.java,3,1,0,0,0,1,3,0,37,2,4,0,false
0.9.0,getSoftReferenceSize,openjpa-kernel/src/main/java/org/apache/openjpa/datacache/ConcurrentDataCache.java,3,1,0,0,0,1,0,0,45,2,4,0,false
0.9.0,setPersistenceUnitRootUrl,openjpa-persistence/src/main/java/org/apache/openjpa/persistence/PersistenceUnitInfoImpl.java,3,1,1,0,0,0,0,0,45,1,7,0,false
0.9.0,setIndex,openjpa-kernel/src/main/java/org/apache/openjpa/meta/FieldMetaData.java,3,1,1,0,0,0,4,0,45,3,10,0,false
0.9.0,put,openjpa-kernel/src/main/java/org/apache/openjpa/datacache/AbstractQueryCache.java,5,4,1,0,0,1,0,3,45,2,7,1,false
0.9.0,getType,openjpa-kernel/src/main/java/org/apache/openjpa/kernel/exps/GetObjectId.java,3,1,0,0,0,1,0,0,45,2,4,0,false
0.9.0,contains,openjpa-jdbc/src/main/java/org/apache/openjpa/jdbc/kernel/exps/JDBCExpressionFactory.java,4,2,0,0,0,2,0,0,37,3,6,0,false
0.9.0,getProperties,openjpa-kernel/src/main/java/org/apache/openjpa/abstractstore/AbstractStoreBrokerFactory.java,5,1,1,0,0,1,0,0,45,1,4,1,false
0.9.0,resolveUniques,openjpa-jdbc/src/main/java/org/apache/openjpa/jdbc/schema/XMLSchemaParser.java,14,4,5,0,0,0,1,2,37,1,2,5,false
0.9.0,cancelRowUpdates,openjpa-lib/src/main/java/org/apache/openjpa/lib/jdbc/DelegatingResultSet.java,3,1,0,0,0,0,0,0,0,1,4,0,false
0.9.0,preDelete,openjpa-kernel/src/main/java/org/apache/openjpa/kernel/StateManagerImpl.java,11,3,2,0,1,0,1,1,45,3,13,0,false
0.9.0,setup,openjpa-kernel/src/main/java/org/apache/openjpa/kernel/AbstractBrokerFactory.java,2,1,0,0,0,0,1,0,45,2,6,0,false
0.9.0,groupBy,openjpa-jdbc/src/main/java/org/apache/openjpa/jdbc/kernel/exps/Args.java,2,1,0,0,0,0,0,0,37,2,3,0,false
0.9.0,addFailedId,openjpa-kernel/src/main/java/org/apache/openjpa/util/ImplHelper.java,5,2,1,0,0,1,7,0,45,3,10,0,false
0.9.0,getResourceName,openjpa-kernel/src/main/java/org/apache/openjpa/meta/ClassMetaData.java,3,1,0,0,0,1,1,0,45,3,8,0,false
0.9.0,setClassName,openjpa-lib/src/main/java/org/apache/openjpa/lib/conf/PluginValue.java,8,3,2,0,0,0,0,2,0,1,5,0,false
0.9.0,clearMapping,openjpa-jdbc/src/main/java/org/apache/openjpa/jdbc/meta/ValueMappingImpl.java,10,1,6,0,0,0,0,1,37,1,2,0,false
0.9.0,isTimedOut,openjpa-kernel/src/main/java/org/apache/openjpa/datacache/DataCachePCData.java,1,1,0,0,0,0,4,0,45,1,3,0,false
0.9.0,startNamedQuery,openjpa-persistence/src/main/java/org/apache/openjpa/persistence/XMLPersistenceMetaDataParser.java,20,8,6,0,0,2,2,26,45,2,6,9,false
0.9.0,updateTime,openjpa-lib/src/main/java/org/apache/openjpa/lib/jdbc/DelegatingResultSet.java,3,1,0,0,0,0,0,0,0,1,4,0,false
0.9.0,toString,openjpa-lib/src/main/java/org/apache/openjpa/lib/jdbc/DelegatingDataSource.java,5,1,1,0,0,1,0,2,0,1,5,0,false
0.9.0,settingBooleanField,openjpa-kernel/src/main/java/org/apache/openjpa/kernel/StateManagerImpl.java,16,5,1,0,1,1,2,6,45,3,13,0,false
0.9.0,endPackage,openjpa-lib/src/main/java/org/apache/openjpa/lib/meta/CFMetaDataParser.java,2,1,0,0,0,0,1,0,0,1,5,0,false
0.9.0,getMetaData,openjpa-lib/src/main/java/org/apache/openjpa/lib/jdbc/LoggingConnectionDecorator.java,3,1,0,0,0,1,0,0,0,1,8,0,false
0.9.0,storeLong,openjpa-kernel/src/main/java/org/apache/openjpa/kernel/DetachedStateManager.java,3,1,0,0,0,0,0,0,45,3,7,0,false
0.9.0,getMapping,openjpa-kernel/src/main/java/org/apache/openjpa/conf/OpenJPAConfigurationImpl.java,3,1,0,0,0,1,1,1,45,3,13,0,false
0.9.0,flush,openjpa-kernel/src/main/java/org/apache/openjpa/kernel/PCState.java,3,1,0,0,0,1,1,0,45,1,4,0,false
0.9.0,isLeastDerivedImpl,openjpa-kernel/src/main/java/org/apache/openjpa/meta/MetaDataRepository.java,8,3,2,0,0,2,1,0,45,3,8,1,false
0.9.0,getProcedureColumns,openjpa-lib/src/main/java/org/apache/openjpa/lib/jdbc/DelegatingDatabaseMetaData.java,3,1,0,0,0,1,0,0,0,1,4,0,false
0.9.0,open,openjpa-kernel/src/main/java/org/apache/openjpa/kernel/AbstractPCResultObjectProvider.java,3,1,1,0,0,0,0,0,45,2,5,0,false
0.9.0,getConnectionPassword,openjpa-kernel/src/main/java/org/apache/openjpa/kernel/StoreContext.java,1,1,0,0,0,0,0,0,45,3,6,0,false
0.9.0,size,openjpa-jdbc/src/main/java/org/apache/openjpa/jdbc/kernel/SelectResultObjectProvider.java,17,6,4,0,0,2,0,2,37,2,2,0,false
0.9.0,isImplDataCacheable,openjpa-kernel/src/main/java/org/apache/openjpa/kernel/DetachedStateManager.java,3,1,0,0,0,0,0,0,45,3,7,0,false
0.9.0,getFetchSize,openjpa-lib/src/main/java/org/apache/openjpa/lib/jdbc/DelegatingResultSet.java,3,1,0,0,0,1,0,0,0,1,4,0,false
0.9.0,defaultStrategy,openjpa-jdbc/src/main/java/org/apache/openjpa/jdbc/meta/MappingRepository.java,19,12,0,0,0,3,4,3,37,2,4,0,false
0.9.0,storesLowerCaseIdentifiers,openjpa-lib/src/main/java/org/apache/openjpa/lib/jdbc/DelegatingDatabaseMetaData.java,3,1,0,0,0,1,0,0,0,1,4,0,false
0.9.0,getCharacterStream,openjpa-lib/src/main/java/org/apache/openjpa/lib/jdbc/DelegatingResultSet.java,3,1,0,0,0,1,0,0,0,1,4,0,false
0.9.0,getCrossReference,openjpa-lib/src/main/java/org/apache/openjpa/lib/jdbc/LoggingConnectionDecorator.java,4,2,0,1,0,1,0,2,0,1,8,0,false
0.9.0,throwUserException,openjpa-jdbc/src/main/java/org/apache/openjpa/jdbc/schema/XMLSchemaParser.java,3,1,0,1,0,0,5,1,37,1,2,0,false
0.9.0,newValueOrder,openjpa-kernel/src/main/java/org/apache/openjpa/meta/MetaDataRepository.java,3,1,0,0,0,1,1,2,45,3,8,0,false
0.9.0,readLocked,openjpa-kernel/src/main/java/org/apache/openjpa/kernel/StateManagerImpl.java,7,2,4,0,0,0,4,1,45,3,13,0,false
0.9.0,read,openjpa-lib/src/main/java/org/apache/openjpa/lib/util/FormatPreservingProperties.java,5,2,2,4,0,1,0,0,0,1,8,0,false
0.9.0,clear,openjpa-lib/src/main/java/org/apache/openjpa/lib/util/FormatPreservingProperties.java,6,2,0,0,0,0,0,0,0,1,8,0,false
0.9.0,mapDiscriminatorValue,openjpa-jdbc/src/main/java/org/apache/openjpa/jdbc/meta/strats/ValueMapDiscriminatorStrategy.java,8,4,3,0,0,1,1,1,37,1,2,2,false
0.9.0,populateRowManager,openjpa-jdbc/src/main/java/org/apache/openjpa/jdbc/kernel/AbstractUpdateManager.java,31,17,5,0,1,1,1,7,37,1,2,3,false
0.9.0,setReadLockLevel,openjpa-kernel/src/main/java/org/apache/openjpa/conf/OpenJPAConfigurationImpl.java,4,1,0,0,0,0,0,2,45,3,13,0,false
0.9.0,load,openjpa-persistence/src/main/java/org/apache/openjpa/persistence/ConfigurationProviderImpl.java,3,2,0,0,0,1,0,1,45,2,8,0,false
0.9.0,removeFetchGroup,openjpa-kernel/src/main/java/org/apache/openjpa/kernel/DelegatingFetchConfiguration.java,9,2,0,0,1,1,1,2,45,3,7,1,false
0.9.0,updateObject,openjpa-lib/src/main/java/org/apache/openjpa/lib/jdbc/DelegatingResultSet.java,3,1,0,0,0,0,0,0,0,1,4,0,false
0.9.0,getComments,openjpa-kernel/src/main/java/org/apache/openjpa/meta/FieldMetaData.java,3,2,0,0,0,1,0,0,45,3,10,0,false
0.9.0,setIntermediate,openjpa-kernel/src/main/java/org/apache/openjpa/datacache/DataCachePCDataImpl.java,3,1,0,0,0,0,0,0,45,1,3,0,false
0.9.0,hash,openjpa-lib/src/main/java/org/apache/openjpa/lib/util/concurrent/ConcurrentHashMap.java,3,3,0,0,0,1,0,0,0,1,7,0,false
0.9.0,newRowManager,openjpa-jdbc/src/main/java/org/apache/openjpa/jdbc/kernel/AbstractUpdateManager.java,1,1,0,0,0,0,1,0,37,1,2,0,false
0.9.0,invoke,openjpa-lib/src/main/java/org/apache/openjpa/lib/util/Options.java,6,4,0,0,0,3,2,0,0,1,8,0,false
0.9.0,supportsRandomAccess,openjpa-jdbc/src/main/java/org/apache/openjpa/jdbc/kernel/SelectResultObjectProvider.java,16,5,3,0,1,1,1,1,37,2,2,0,false
0.9.0,setReadLockLevel,openjpa-kernel/src/main/java/org/apache/openjpa/conf/OpenJPAConfiguration.java,1,1,0,0,0,0,0,0,45,3,8,0,false
0.9.0,setDropSequences,openjpa-jdbc/src/main/java/org/apache/openjpa/jdbc/ant/SchemaToolTask.java,3,1,1,0,0,0,0,0,37,2,3,0,false
0.9.0,getQueryResultKey,openjpa-jdbc/src/main/java/org/apache/openjpa/jdbc/meta/MappingRepository.java,4,2,0,0,0,2,2,1,37,2,4,0,false
0.9.0,getTransactionMode,openjpa-kernel/src/main/java/org/apache/openjpa/conf/OpenJPAConfigurationImpl.java,3,1,0,0,0,1,0,1,45,3,13,0,false
0.9.0,lock,openjpa-kernel/src/main/java/org/apache/openjpa/kernel/StateManagerImpl.java,3,1,0,0,0,0,45,1,45,3,13,0,false
0.9.0,getConfiguration,openjpa-kernel/src/main/java/org/apache/openjpa/kernel/AbstractBrokerFactory.java,3,1,0,0,0,1,6,0,45,2,6,0,false
0.9.0,newCompilationKey,openjpa-kernel/src/main/java/org/apache/openjpa/kernel/AbstractStoreQuery.java,3,1,0,0,0,1,0,0,45,2,4,0,false
0.9.0,releaseAll,openjpa-kernel/src/main/java/org/apache/openjpa/kernel/BrokerImpl.java,18,3,3,0,2,0,0,5,45,3,11,1,false
0.9.0,main,openjpa-kernel/src/main/java/org/apache/openjpa/conf/OpenJPAVersion.java,3,1,0,0,0,0,0,2,45,2,6,0,false
0.9.0,newDataStoreExecutor,openjpa-kernel/src/main/java/org/apache/openjpa/kernel/MethodStoreQuery.java,1,1,0,0,0,0,2,0,45,2,5,0,false
0.9.0,retainAll,openjpa-lib/src/main/java/org/apache/openjpa/lib/util/concurrent/CopyOnWriteArrayList.java,23,8,11,6,0,2,0,2,0,1,5,0,false
0.9.0,getSourceMode,openjpa-kernel/src/main/java/org/apache/openjpa/meta/MetaDataRepository.java,3,1,0,0,0,1,1,0,45,3,8,0,false
0.9.0,load,openjpa-kernel/src/main/java/org/apache/openjpa/kernel/StateManagerImpl.java,3,1,0,0,0,0,13,16,45,3,13,0,false
0.9.0,setInverseManager,openjpa-kernel/src/main/java/org/apache/openjpa/conf/OpenJPAConfiguration.java,1,1,0,0,0,0,0,0,45,3,8,0,false
0.9.0,initialize,openjpa-jdbc/src/main/java/org/apache/openjpa/jdbc/kernel/exps/BindVariableExpression.java,3,1,0,0,0,0,1,0,37,2,3,0,false
0.9.0,prettyPrint,openjpa-lib/src/main/java/org/apache/openjpa/lib/jdbc/SQLFormatter.java,19,5,7,2,0,2,3,2,0,1,4,1,false
0.9.0,setMaxSize,openjpa-lib/src/main/java/org/apache/openjpa/lib/util/concurrent/ConcurrentHashMap.java,4,3,1,0,0,0,0,1,0,1,7,0,false
0.9.0,addInitialize,openjpa-kernel/src/main/java/org/apache/openjpa/enhance/DynamicStorageGenerator.java,18,3,5,0,0,0,1,0,45,1,4,10,false
0.9.0,supportsDataDefinitionAndDataManipulationTransactions,openjpa-lib/src/main/java/org/apache/openjpa/lib/jdbc/DelegatingDatabaseMetaData.java,3,1,0,0,0,1,0,0,0,1,4,0,false
0.9.0,wrapResult,openjpa-lib/src/main/java/org/apache/openjpa/lib/jdbc/DelegatingPreparedStatement.java,4,3,0,0,0,2,3,2,0,1,6,0,false
0.9.0,newStateManagerImpl,openjpa-kernel/src/main/java/org/apache/openjpa/kernel/BrokerImpl.java,20,9,8,0,0,2,0,14,45,3,11,3,false
0.9.0,addEmbeddedMetaData,openjpa-kernel/src/main/java/org/apache/openjpa/meta/FieldMetaData.java,3,1,0,0,0,1,3,1,45,3,10,0,false
0.9.0,getConnectionUserName,openjpa-kernel/src/main/java/org/apache/openjpa/conf/OpenJPAConfigurationImpl.java,3,1,0,0,0,1,1,1,45,3,13,0,false
0.9.0,load,openjpa-kernel/src/main/java/org/apache/openjpa/kernel/DetachedValueStateManager.java,3,1,0,0,0,0,0,0,45,2,5,0,false
0.9.0,groupBy,openjpa-jdbc/src/main/java/org/apache/openjpa/jdbc/kernel/exps/Trim.java,3,1,0,0,0,0,0,3,37,2,4,0,false
0.9.0,getName,openjpa-kernel/src/main/java/org/apache/openjpa/meta/ValueStrategies.java,6,2,2,0,0,1,1,0,45,1,4,1,false
0.9.0,selectColumns,openjpa-jdbc/src/main/java/org/apache/openjpa/jdbc/kernel/exps/MatchesExpression.java,4,1,0,0,0,0,0,1,37,2,3,0,false
0.9.0,getInnermostDelegate,openjpa-kernel/src/main/java/org/apache/openjpa/datacache/DelegatingDataCache.java,3,2,0,0,0,1,3,1,45,2,5,0,false
0.9.0,ref,openjpa-jdbc/src/main/java/org/apache/openjpa/jdbc/kernel/JDBCStoreManager.java,3,1,0,0,0,0,1,0,37,3,9,0,false
0.9.0,configureInstance,openjpa-lib/src/main/java/org/apache/openjpa/lib/conf/Configurations.java,31,15,11,0,0,1,2,5,0,2,13,5,false
0.9.0,addStrategyMappingAttributes,openjpa-persistence/src/main/java/org/apache/openjpa/persistence/XMLPersistenceMetaDataSerializer.java,3,2,0,0,0,0,1,0,45,2,6,0,false
0.9.0,getFields,openjpa-kernel/src/main/java/org/apache/openjpa/meta/ClassMetaData.java,18,4,7,3,0,1,91,6,45,3,8,1,false
0.9.0,getJoins,openjpa-jdbc/src/main/java/org/apache/openjpa/jdbc/kernel/exps/BindVariableExpression.java,3,1,0,0,0,1,1,0,37,2,3,0,false
0.9.0,toOverrideType,openjpa-persistence/src/main/java/org/apache/openjpa/persistence/AnnotationPersistenceMetaDataParser.java,3,2,0,0,0,1,1,0,45,3,11,0,false
0.9.0,toDataStoreValue,openjpa-jdbc/src/main/java/org/apache/openjpa/jdbc/kernel/exps/Substring.java,3,1,0,0,0,1,0,0,37,2,4,0,false
0.9.0,getObjectId,openjpa-kernel/src/main/java/org/apache/openjpa/kernel/StoreContext.java,1,1,0,0,0,0,5,0,45,3,6,0,false
0.9.0,map,openjpa-jdbc/src/main/java/org/apache/openjpa/jdbc/meta/strats/RelationToManyTableFieldStrategy.java,35,7,7,0,0,1,0,14,37,2,4,14,false
0.9.0,getDetachState,openjpa-persistence/src/main/java/org/apache/openjpa/persistence/EntityManagerImpl.java,3,1,0,0,0,1,0,1,45,2,7,0,false
0.9.0,appendIsNull,openjpa-jdbc/src/main/java/org/apache/openjpa/jdbc/kernel/exps/PCPath.java,4,2,0,0,0,0,0,0,37,2,6,0,false
0.9.0,supportsUnion,openjpa-lib/src/main/java/org/apache/openjpa/lib/jdbc/DelegatingDatabaseMetaData.java,3,1,0,0,0,1,0,0,0,1,4,0,false
0.9.0,appendOrdering,openjpa-jdbc/src/main/java/org/apache/openjpa/jdbc/sql/SelectImpl.java,8,4,1,0,0,0,4,3,37,2,6,0,false
0.9.0,getGeneratedKeys,openjpa-lib/src/main/java/org/apache/openjpa/lib/jdbc/DelegatingCallableStatement.java,3,1,0,0,0,0,0,0,0,1,6,0,false
0.9.0,appendIsEmpty,openjpa-jdbc/src/main/java/org/apache/openjpa/jdbc/meta/strats/ContainerFieldStrategy.java,3,1,0,0,0,0,0,1,37,2,2,0,false
0.9.0,cancel,openjpa-lib/src/main/java/org/apache/openjpa/lib/jdbc/DelegatingStatement.java,3,1,0,0,0,0,0,0,0,1,5,0,false
0.9.0,getCurrentDate,openjpa-jdbc/src/main/java/org/apache/openjpa/jdbc/kernel/exps/JDBCExpressionFactory.java,3,1,0,0,0,1,0,0,37,3,6,0,false
0.9.0,decorate,openjpa-kernel/src/main/java/org/apache/openjpa/enhance/PCDataGenerator.java,16,1,1,0,0,0,0,19,45,4,8,0,false
0.9.0,isDirty,openjpa-kernel/src/main/java/org/apache/openjpa/kernel/BrokerImpl.java,5,2,0,0,0,2,0,3,45,3,11,0,false
0.9.0,setManagedRuntime,openjpa-kernel/src/main/java/org/apache/openjpa/conf/OpenJPAConfiguration.java,1,1,0,0,0,0,0,0,45,3,8,0,false
0.9.0,randomEntryIterator,openjpa-lib/src/main/java/org/apache/openjpa/lib/util/concurrent/ConcurrentHashMap.java,3,1,0,0,0,1,0,2,0,1,7,0,false
0.9.0,getFilterListener,openjpa-kernel/src/main/java/org/apache/openjpa/kernel/AbstractStoreQuery.java,3,1,0,0,0,1,0,0,45,2,4,0,false
0.9.0,appendTo,openjpa-jdbc/src/main/java/org/apache/openjpa/jdbc/kernel/exps/SQLEmbed.java,4,2,0,0,0,0,0,0,37,2,2,2,false
0.9.0,startConfiguration,openjpa-kernel/src/main/java/org/apache/openjpa/meta/MetaDataRepository.java,2,1,0,0,0,0,1,0,45,3,8,0,false
0.9.0,isPackageElementName,openjpa-lib/src/main/java/org/apache/openjpa/lib/meta/CFMetaDataParser.java,3,1,0,0,0,1,2,0,0,1,5,0,false
0.9.0,isStoreActive,openjpa-kernel/src/main/java/org/apache/openjpa/kernel/StoreContext.java,1,1,0,0,0,0,0,0,45,3,6,0,false
0.9.0,appendTo,openjpa-jdbc/src/main/java/org/apache/openjpa/jdbc/kernel/exps/InSubQExpression.java,9,1,0,0,0,0,0,0,37,2,3,0,false
0.9.0,afterRollback,openjpa-lib/src/main/java/org/apache/openjpa/lib/jdbc/AbstractJDBCListener.java,1,1,0,0,0,0,1,0,0,1,4,0,false
0.9.0,getIdGenerator,openjpa-persistence/src/main/java/org/apache/openjpa/persistence/EntityManagerImpl.java,10,3,2,0,1,1,0,9,45,2,7,3,false
0.9.0,convertFromOracleType,openjpa-jdbc/src/main/java/org/apache/openjpa/jdbc/sql/OracleDictionary.java,11,4,2,0,1,1,1,0,37,2,3,2,false
0.9.0,getURL,openjpa-lib/src/main/java/org/apache/openjpa/lib/jdbc/DelegatingCallableStatement.java,3,1,0,0,0,0,0,0,0,1,6,0,false
0.9.0,update,openjpa-jdbc/src/main/java/org/apache/openjpa/jdbc/meta/strats/RelationToManyInverseKeyFieldStrategy.java,28,11,12,0,0,3,4,3,37,2,3,6,false
0.9.0,hashCode,openjpa-kernel/src/main/java/org/apache/openjpa/meta/FieldMetaData.java,3,1,0,0,0,1,0,2,45,3,10,1,false
0.9.0,selectColumns,openjpa-jdbc/src/main/java/org/apache/openjpa/jdbc/kernel/exps/InstanceofExpression.java,3,2,0,0,0,0,0,0,37,2,5,0,false
0.9.0,skipFieldOrMethod,openjpa-lib/src/main/java/org/apache/openjpa/lib/meta/ClassAnnotationMetaDataFilter.java,10,2,5,3,0,1,1,0,0,2,5,0,false
0.9.0,getTransactionMode,openjpa-kernel/src/main/java/org/apache/openjpa/conf/OpenJPAConfiguration.java,1,1,0,0,0,0,0,0,45,3,8,0,false
0.9.0,info,openjpa-lib/src/main/java/org/apache/openjpa/lib/log/MultiLogFactory.java,3,2,1,0,0,0,0,1,0,2,6,0,false
0.9.0,getAscending,openjpa-kernel/src/main/java/org/apache/openjpa/datacache/QueryCacheStoreQuery.java,3,1,0,0,0,1,0,1,45,2,7,0,false
0.9.0,getMetaData,openjpa-lib/src/main/java/org/apache/openjpa/lib/jdbc/DelegatingResultSet.java,3,1,0,0,0,1,0,0,0,1,4,0,false
0.9.0,supportsAbstractExecutors,openjpa-kernel/src/main/java/org/apache/openjpa/kernel/AbstractStoreQuery.java,3,1,0,0,0,1,0,0,45,2,4,0,false
0.9.0,convertConstant,openjpa-jdbc/src/main/java/org/apache/openjpa/jdbc/schema/XMLSchemaParser.java,6,4,0,1,0,4,1,0,37,1,2,0,false
0.9.0,get,openjpa-kernel/src/main/java/org/apache/openjpa/conf/BrokerFactoryValue.java,9,3,3,1,0,2,1,1,45,2,8,0,false
0.9.0,replaceFlags,openjpa-kernel/src/main/java/org/apache/openjpa/kernel/DetachedValueStateManager.java,3,1,0,0,0,0,0,0,45,2,5,0,false
0.9.0,setResultMapping,openjpa-kernel/src/main/java/org/apache/openjpa/kernel/QueryContext.java,1,1,0,0,0,0,1,0,45,1,4,0,false
0.9.0,wrap,openjpa-kernel/src/main/java/org/apache/openjpa/kernel/Filters.java,12,10,0,0,0,10,3,0,45,2,10,2,false
0.9.0,absolute,openjpa-jdbc/src/main/java/org/apache/openjpa/jdbc/kernel/SelectResultObjectProvider.java,3,1,0,0,0,1,0,0,37,2,2,0,false
0.9.0,getReadLockLevel,openjpa-kernel/src/main/java/org/apache/openjpa/conf/OpenJPAConfiguration.java,1,1,0,0,0,0,1,0,45,3,8,0,false
0.9.0,storeShortField,openjpa-kernel/src/main/java/org/apache/openjpa/kernel/DetachManager.java,4,1,0,0,0,0,0,1,45,4,9,0,false
0.9.0,equals,openjpa-kernel/src/main/java/org/apache/openjpa/meta/Extensions.java,5,2,1,0,0,2,0,0,45,1,4,0,false
0.9.0,getEmptyBlob,openjpa-jdbc/src/main/java/org/apache/openjpa/jdbc/sql/OracleDictionary.java,9,3,1,0,1,2,1,1,37,2,3,1,false
0.9.0,setForeignKeys,openjpa-jdbc/src/main/java/org/apache/openjpa/jdbc/ant/SchemaToolTask.java,3,1,1,0,0,0,0,0,37,2,3,0,false
0.9.0,startTable,openjpa-persistence-jdbc/src/main/java/org/apache/openjpa/persistence/jdbc/XMLPersistenceMappingParser.java,5,2,1,0,0,1,1,2,37,2,3,0,false
0.9.0,newMappingRepositoryInstance,openjpa-jdbc/src/main/java/org/apache/openjpa/jdbc/conf/JDBCConfigurationImpl.java,3,1,0,0,0,1,0,2,37,3,6,0,false
0.9.0,isVariable,openjpa-jdbc/src/main/java/org/apache/openjpa/jdbc/kernel/exps/AbstractVal.java,3,1,0,0,0,1,0,0,37,2,4,0,false
0.9.0,promote,openjpa-kernel/src/main/java/org/apache/openjpa/kernel/Filters.java,38,41,6,0,0,18,1,1,45,2,10,8,false
0.9.0,newInstance,openjpa-jdbc/src/main/java/org/apache/openjpa/jdbc/sql/PrimaryRow.java,3,1,0,0,0,1,0,1,37,1,2,0,false
0.9.0,getImplementation,openjpa-kernel/src/main/java/org/apache/openjpa/util/StoreFacadeTypeRegistry.java,8,4,2,0,0,2,1,1,27,1,2,0,false
0.9.0,generateSchema,openjpa-jdbc/src/main/java/org/apache/openjpa/jdbc/schema/SchemaGenerator.java,22,6,3,0,3,0,1,3,37,1,2,2,false
0.9.0,hasStoreListeners,openjpa-kernel/src/main/java/org/apache/openjpa/event/LifecycleEventManager.java,3,1,0,0,0,1,0,2,45,1,5,0,false
0.9.0,getIntermediate,openjpa-kernel/src/main/java/org/apache/openjpa/kernel/StateManagerImpl.java,3,1,0,0,0,1,0,1,45,3,13,0,false
0.9.0,setArray,openjpa-lib/src/main/java/org/apache/openjpa/lib/jdbc/DelegatingCallableStatement.java,3,1,0,0,0,0,0,0,0,1,6,0,false
0.9.0,setProperty,openjpa-persistence/src/main/java/org/apache/openjpa/persistence/PersistenceUnitInfoImpl.java,3,1,0,0,0,0,3,0,45,1,7,0,false
0.9.0,supportsSelect,openjpa-jdbc/src/main/java/org/apache/openjpa/jdbc/meta/strats/RelationFieldStrategy.java,19,13,2,0,0,7,0,4,37,2,5,2,false
0.9.0,getFetchGroups,openjpa-kernel/src/main/java/org/apache/openjpa/conf/OpenJPAConfigurationImpl.java,3,1,0,0,0,1,0,1,45,3,13,0,false
0.9.0,appendIsEmpty,openjpa-jdbc/src/main/java/org/apache/openjpa/jdbc/kernel/exps/Args.java,2,1,0,0,0,0,0,0,37,2,3,0,false
0.9.0,handleCheckedException,openjpa-kernel/src/main/java/org/apache/openjpa/datacache/QueryCacheStoreQuery.java,3,1,0,0,0,0,0,1,45,2,7,0,false
0.9.0,removed,openjpa-kernel/src/main/java/org/apache/openjpa/kernel/StateManagerImpl.java,12,6,2,0,1,1,0,6,45,3,13,5,false
0.9.0,removed,openjpa-kernel/src/main/java/org/apache/openjpa/kernel/OpenJPAStateManager.java,1,1,0,0,0,0,0,0,45,2,5,0,false
0.9.0,defaultsDataSource,openjpa-jdbc/src/main/java/org/apache/openjpa/jdbc/schema/DataSourceFactory.java,5,5,0,0,0,3,2,2,37,1,2,0,false
0.9.0,joinCount,openjpa-jdbc/src/main/java/org/apache/openjpa/jdbc/sql/SelectImpl.java,3,1,0,0,0,1,0,0,37,2,6,0,false
0.9.0,parseDeclaration,openjpa-kernel/src/main/java/org/apache/openjpa/kernel/Filters.java,28,13,13,2,0,2,0,0,45,2,10,0,false
0.9.0,flush,openjpa-jdbc/src/main/java/org/apache/openjpa/jdbc/kernel/JDBCStoreManager.java,3,1,0,0,0,1,0,4,37,3,9,1,false
0.9.0,generateForeignKeys,openjpa-jdbc/src/main/java/org/apache/openjpa/jdbc/schema/SchemaGenerator.java,21,5,3,0,3,0,1,2,37,1,2,3,false
0.9.0,getAccessPathMetaDatas,openjpa-kernel/src/main/java/org/apache/openjpa/kernel/QueryContext.java,1,1,0,0,0,0,2,0,45,1,4,0,false
0.9.0,createEagerSelects,openjpa-jdbc/src/main/java/org/apache/openjpa/jdbc/kernel/JDBCStoreManager.java,23,26,9,0,0,2,3,7,37,3,9,0,false
0.9.0,newBrokerInstance,openjpa-kernel/src/main/java/org/apache/openjpa/conf/OpenJPAConfigurationImpl.java,5,2,1,0,0,1,0,2,45,3,13,1,false
0.9.0,exists,openjpa-jdbc/src/main/java/org/apache/openjpa/jdbc/kernel/JDBCStoreManager.java,11,4,2,0,1,1,1,2,37,3,9,2,false
0.9.0,groupBy,openjpa-jdbc/src/main/java/org/apache/openjpa/jdbc/kernel/exps/StringFunction.java,3,1,0,0,0,0,0,2,37,2,4,0,false
0.9.0,transform,openjpa-kernel-5/src/main/java/org/apache/openjpa/enhance/PCClassFileTransformer.java,20,9,2,0,1,4,0,13,45,2,7,0,false
0.9.0,hashCode,openjpa-kernel/src/main/java/org/apache/openjpa/kernel/exps/InMemoryExpressionFactory.java,5,3,3,2,0,1,0,0,45,3,6,0,false
0.9.0,isBeforeFirst,openjpa-lib/src/main/java/org/apache/openjpa/lib/jdbc/DelegatingResultSet.java,3,1,0,0,0,1,0,0,0,1,4,0,false
0.9.0,getMappingRepository,openjpa-jdbc/src/main/java/org/apache/openjpa/jdbc/conf/JDBCConfigurationImpl.java,3,1,0,0,0,1,2,1,37,3,6,0,false
0.9.0,getMappingOverride,openjpa-persistence/src/main/java/org/apache/openjpa/persistence/XMLPersistenceMetaDataParser.java,3,1,0,0,0,1,0,0,45,2,6,0,false
0.9.0,putChars,openjpa-jdbc/src/main/java/org/apache/openjpa/jdbc/sql/OracleDictionary.java,11,3,1,0,1,0,0,1,37,2,3,1,false
0.9.0,getMetaData,openjpa-persistence/src/main/java/org/apache/openjpa/persistence/OpenJPAPersistence.java,10,3,1,0,1,1,1,3,45,2,5,3,false
0.9.0,logSQL,openjpa-lib/src/main/java/org/apache/openjpa/lib/jdbc/DataSourceLogs.java,3,1,0,0,0,0,4,2,0,1,5,0,false
0.9.0,loadDefaults,openjpa-lib/src/main/java/org/apache/openjpa/lib/conf/MapConfigurationProvider.java,3,1,0,0,0,1,0,0,0,2,6,0,false
0.9.0,error,openjpa-lib/src/main/java/org/apache/openjpa/lib/log/NoneLogFactory.java,2,1,0,0,0,0,0,0,0,1,5,0,false
0.9.0,getAggregateListener,openjpa-kernel/src/main/java/org/apache/openjpa/datacache/QueryCacheStoreQuery.java,3,1,0,0,0,1,0,1,45,2,7,0,false
0.9.0,getColumns,openjpa-jdbc/src/main/java/org/apache/openjpa/jdbc/kernel/exps/PCPath.java,4,2,1,0,0,1,14,1,37,2,6,0,false
0.9.0,crossJoin,openjpa-jdbc/src/main/java/org/apache/openjpa/jdbc/sql/Joins.java,1,1,0,0,0,0,1,0,37,2,2,0,false
0.9.0,getBestRowIdentifier,openjpa-lib/src/main/java/org/apache/openjpa/lib/jdbc/LoggingConnectionDecorator.java,4,2,0,1,0,1,0,2,0,1,8,0,false
0.9.0,getProperties,openjpa-persistence/src/main/java/org/apache/openjpa/persistence/EntityManagerFactoryImpl.java,3,1,0,0,0,1,0,0,45,2,8,0,false
0.9.0,getTimeout,openjpa-kernel/src/main/java/org/apache/openjpa/util/LockException.java,3,1,0,0,0,1,0,0,45,1,4,0,false
0.9.0,exists,openjpa-kernel/src/main/java/org/apache/openjpa/kernel/DelegatingStoreManager.java,3,1,0,0,0,1,2,1,45,3,5,0,false
0.9.0,processArgument,openjpa-kernel/src/main/java/org/apache/openjpa/kernel/OpCallbacks.java,1,1,0,0,0,0,1,0,45,1,4,0,false
0.9.0,getNontransactionalWrite,openjpa-persistence/src/main/java/org/apache/openjpa/persistence/EntityManagerImpl.java,3,1,0,0,0,1,0,1,45,2,7,0,false
0.9.0,getJDBCMajorVersion,openjpa-lib/src/main/java/org/apache/openjpa/lib/jdbc/DelegatingDatabaseMetaData.java,3,1,0,0,0,0,0,0,0,1,4,0,false
0.9.0,currentQuery,openjpa-kernel/src/main/java/org/apache/openjpa/kernel/exps/AbstractExpressionBuilder.java,1,1,0,0,0,0,1,0,45,2,7,0,false
0.9.0,hasAttachListeners,openjpa-kernel/src/main/java/org/apache/openjpa/event/LifecycleEventManager.java,3,1,0,0,0,1,0,2,45,1,5,0,false
0.9.0,isDirty,openjpa-kernel/src/main/java/org/apache/openjpa/kernel/DetachedStateManager.java,3,2,0,0,0,1,0,0,45,3,7,0,false
0.9.0,getEmbeddingMetaData,openjpa-kernel/src/main/java/org/apache/openjpa/meta/ClassMetaData.java,3,1,0,0,0,1,12,0,45,3,8,0,false
0.9.0,isTraceEnabled,openjpa-lib/src/main/java/org/apache/openjpa/lib/log/Log4JLogFactory.java,3,1,0,0,0,1,0,1,0,1,5,0,false
0.9.0,setDetachState,openjpa-kernel/src/main/java/org/apache/openjpa/kernel/BrokerImpl.java,4,1,1,0,0,0,1,1,45,3,11,0,false
0.9.0,syncVersion,openjpa-kernel/src/main/java/org/apache/openjpa/kernel/DelegatingStoreManager.java,3,1,0,0,0,1,0,1,45,3,5,0,false
0.9.0,eq,openjpa-lib/src/main/java/org/apache/openjpa/lib/util/concurrent/ConcurrentHashMap.java,12,8,5,0,0,3,2,2,0,1,7,3,false
0.9.0,clear,openjpa-persistence/src/main/java/org/apache/openjpa/persistence/AnnotationPersistenceMetaDataParser.java,5,1,2,0,0,0,0,0,45,3,11,0,false
0.9.0,isManagedType,openjpa-persistence/src/main/java/org/apache/openjpa/persistence/OpenJPAPersistence.java,8,2,0,0,1,1,1,1,45,2,5,1,false
0.9.0,getExceptionMessage,openjpa-lib/src/main/java/org/apache/openjpa/lib/jdbc/ReportingSQLException.java,10,4,0,3,1,4,1,0,0,1,4,0,false
0.9.0,get,openjpa-jdbc/src/main/java/org/apache/openjpa/jdbc/sql/SelectImpl.java,4,2,0,0,0,1,2,0,37,2,6,0,false
0.9.0,get,openjpa-lib/src/main/java/org/apache/openjpa/lib/conf/DoubleValue.java,3,1,0,0,0,1,0,0,0,1,4,0,false
0.9.0,transactionalAll,openjpa-kernel/src/main/java/org/apache/openjpa/kernel/BrokerImpl.java,58,18,14,0,2,2,0,23,45,3,11,3,false
0.9.0,getDataStoreIdType,openjpa-jdbc/src/main/java/org/apache/openjpa/jdbc/kernel/JDBCStoreManager.java,3,1,0,0,0,1,1,0,37,3,9,0,false
0.9.0,startTable,openjpa-jdbc/src/main/java/org/apache/openjpa/jdbc/schema/XMLSchemaParser.java,4,1,1,0,0,0,1,6,37,1,2,0,false
0.9.0,getIdentityType,openjpa-kernel/src/main/java/org/apache/openjpa/meta/ClassMetaData.java,17,7,6,0,0,1,49,6,45,3,8,3,false
0.9.0,setInverseManager,openjpa-kernel/src/main/java/org/apache/openjpa/conf/OpenJPAConfigurationImpl.java,4,1,0,0,0,0,0,2,45,3,13,0,false
0.9.0,getAdded,openjpa-kernel/src/main/java/org/apache/openjpa/util/AbstractChangeTracker.java,3,2,0,0,0,1,11,0,45,1,4,0,false
0.9.0,release,openjpa-kernel/src/main/java/org/apache/openjpa/kernel/PNonTransState.java,3,1,0,0,0,1,0,0,45,2,4,0,false
0.9.0,getParameter,openjpa-kernel/src/main/java/org/apache/openjpa/kernel/jpql/JPQLExpressionBuilder.java,23,6,6,1,1,1,2,2,45,2,8,0,false
0.9.0,accessingField,openjpa-kernel/src/main/java/org/apache/openjpa/kernel/StateManagerImpl.java,9,2,0,0,1,0,1,3,45,3,13,1,false
0.9.0,flush,openjpa-kernel/src/main/java/org/apache/openjpa/datacache/DataCacheStoreManager.java,22,13,6,0,0,2,0,2,45,4,9,2,false
0.9.0,selectColumns,openjpa-jdbc/src/main/java/org/apache/openjpa/jdbc/kernel/exps/InSubQExpression.java,4,1,0,0,0,0,0,0,37,2,3,0,false
0.9.0,isFatalEnabled,openjpa-lib/src/main/java/org/apache/openjpa/lib/log/AbstractLog.java,3,1,0,0,0,1,1,1,0,1,6,0,false
0.9.0,getValueType,openjpa-lib/src/main/java/org/apache/openjpa/lib/conf/PluginListValue.java,3,1,0,0,0,1,0,0,0,1,5,0,false
0.9.0,getConnectionFactory,openjpa-kernel/src/main/java/org/apache/openjpa/conf/OpenJPAConfigurationImpl.java,4,2,0,0,0,1,1,5,45,3,13,0,false
0.9.0,getJoins,openjpa-jdbc/src/main/java/org/apache/openjpa/jdbc/kernel/DelegatingJDBCFetchConfiguration.java,1,1,0,0,0,0,3,0,37,2,3,0,false
0.9.0,getCache,openjpa-kernel/src/main/java/org/apache/openjpa/datacache/QueryCacheStoreQuery.java,3,1,0,0,0,1,4,0,45,2,7,0,false
0.9.0,getEvictionSchedule,openjpa-kernel/src/main/java/org/apache/openjpa/datacache/AbstractDataCache.java,3,1,0,0,0,1,0,0,45,2,5,0,false
0.9.0,rollback,openjpa-persistence/src/main/java/org/apache/openjpa/persistence/EntityManagerImpl.java,3,1,0,0,0,0,0,1,45,2,7,0,false
0.9.0,addExtensionKeys,openjpa-kernel/src/main/java/org/apache/openjpa/meta/ClassMetaData.java,3,1,0,0,0,0,0,2,45,3,8,1,false
0.9.0,hashCode,openjpa-lib/src/main/java/org/apache/openjpa/lib/jdbc/DelegatingConnection.java,3,1,0,0,0,1,1,1,0,1,7,1,false
0.9.0,getName,openjpa-jdbc/src/main/java/org/apache/openjpa/jdbc/meta/QueryResultMapping.java,3,1,0,0,0,1,0,0,37,1,2,0,false
0.9.0,emptyExpression,openjpa-jdbc/src/main/java/org/apache/openjpa/jdbc/kernel/exps/JDBCExpressionFactory.java,3,1,0,0,0,1,0,1,37,3,6,0,false
0.9.0,supportsAbstractExecutors,openjpa-kernel/src/main/java/org/apache/openjpa/datacache/QueryCacheStoreQuery.java,3,1,0,0,0,1,0,1,45,2,7,0,false
0.9.0,replaceLongField,openjpa-kernel/src/main/java/org/apache/openjpa/kernel/DetachedStateManager.java,3,1,0,0,0,1,0,0,45,3,7,0,false
0.9.0,requiresSubselectForRange,openjpa-jdbc/src/main/java/org/apache/openjpa/jdbc/sql/OracleDictionary.java,4,5,0,0,0,2,4,0,37,2,3,0,false
0.9.0,getTablePrivileges,openjpa-lib/src/main/java/org/apache/openjpa/lib/jdbc/LoggingConnectionDecorator.java,4,2,0,0,0,1,0,2,0,1,8,0,false
0.9.0,getObjectId,openjpa-kernel/src/main/java/org/apache/openjpa/kernel/DetachedValueStateManager.java,3,1,0,0,0,0,2,0,45,2,5,0,false
0.9.0,releaseSavepoint,openjpa-lib/src/main/java/org/apache/openjpa/lib/jdbc/LoggingConnectionDecorator.java,19,3,4,1,2,0,0,4,0,1,8,0,false
0.9.0,getWriter,openjpa-kernel/src/main/java/org/apache/openjpa/enhance/ApplicationIdTool.java,3,1,0,0,0,1,0,0,45,2,6,0,false
0.9.0,serializing,openjpa-kernel/src/main/java/org/apache/openjpa/kernel/DetachedStateManager.java,3,1,0,0,0,1,0,0,45,3,7,0,false
0.9.0,getByte,openjpa-lib/src/main/java/org/apache/openjpa/lib/jdbc/DelegatingResultSet.java,3,1,0,0,0,1,0,0,0,1,4,0,false
0.9.0,select,openjpa-jdbc/src/main/java/org/apache/openjpa/jdbc/kernel/exps/Args.java,3,2,1,0,0,0,0,0,37,2,3,0,false
0.9.0,update,openjpa-kernel/src/main/java/org/apache/openjpa/datacache/DelegatingDataCache.java,9,3,0,0,1,1,0,2,45,2,5,1,false
0.9.0,addMapping,openjpa-jdbc/src/main/java/org/apache/openjpa/jdbc/meta/QueryResultMapping.java,8,4,4,0,0,0,2,0,37,1,2,0,false
0.9.0,removeLoadedFields,openjpa-jdbc/src/main/java/org/apache/openjpa/jdbc/kernel/JDBCStoreManager.java,3,4,2,0,0,0,3,0,37,3,9,1,false
0.9.0,newCompilationKey,openjpa-kernel/src/main/java/org/apache/openjpa/datacache/QueryCacheStoreQuery.java,3,1,0,0,0,1,0,1,45,2,7,0,false
0.9.0,toDataStoreValue,openjpa-jdbc/src/main/java/org/apache/openjpa/jdbc/kernel/exps/Math.java,3,1,0,0,0,1,0,0,37,2,4,0,false
0.9.0,setAnnotationParser,openjpa-persistence/src/main/java/org/apache/openjpa/persistence/XMLPersistenceMetaDataParser.java,3,1,1,0,0,0,4,0,45,2,6,0,false
0.9.0,getDetachedObjectId,openjpa-kernel/src/main/java/org/apache/openjpa/kernel/VersionAttachStrategy.java,5,1,2,0,0,1,4,3,45,3,7,4,false
0.9.0,copyMappingInfo,openjpa-jdbc/src/main/java/org/apache/openjpa/jdbc/meta/ValueMappingImpl.java,11,5,4,0,0,0,0,8,37,1,2,1,false
0.9.0,setPCState,openjpa-kernel/src/main/java/org/apache/openjpa/kernel/StateManagerImpl.java,24,12,4,0,1,1,14,10,45,3,13,2,false
0.9.0,getWarnings,openjpa-kernel/src/main/java/org/apache/openjpa/kernel/BrokerImpl.java,3,1,0,0,0,1,0,0,45,3,11,0,false
0.9.0,initialize,openjpa-jdbc/src/main/java/org/apache/openjpa/jdbc/kernel/exps/IsNotEmptyExpression.java,3,1,0,0,0,0,0,0,37,2,3,0,false
0.9.0,setValueUnique,openjpa-jdbc/src/main/java/org/apache/openjpa/jdbc/meta/ValueMappingImpl.java,3,1,1,0,0,0,0,0,37,1,2,0,false
0.9.0,setTime,openjpa-lib/src/main/java/org/apache/openjpa/lib/jdbc/LoggingConnectionDecorator.java,4,1,0,0,0,0,0,1,0,1,8,0,false
0.9.0,getInverse,openjpa-kernel/src/main/java/org/apache/openjpa/meta/FieldMetaData.java,4,2,1,0,0,1,2,0,45,3,10,0,false
0.9.0,setSourceMode,openjpa-kernel/src/main/java/org/apache/openjpa/meta/MetaDataRepository.java,3,1,1,0,0,0,6,0,45,3,8,0,false
0.9.0,open,openjpa-xmlstore/src/main/java/org/apache/openjpa/xmlstore/XMLStoreManager.java,9,3,2,0,0,2,0,3,45,2,6,0,false
0.9.0,removeIntProperty,openjpa-lib/src/main/java/org/apache/openjpa/lib/util/Options.java,6,3,2,0,0,1,0,2,0,1,8,0,false
0.9.0,parseForeignKey,openjpa-persistence-jdbc/src/main/java/org/apache/openjpa/persistence/jdbc/AnnotationPersistenceMappingParser.java,12,3,1,0,0,1,3,1,37,2,3,0,false
0.9.0,toDataStoreValue,openjpa-jdbc/src/main/java/org/apache/openjpa/jdbc/kernel/exps/UnaryOp.java,3,1,0,0,0,1,0,0,37,2,5,0,false
0.9.0,recordForeignKey,openjpa-jdbc/src/main/java/org/apache/openjpa/jdbc/sql/PrimaryRow.java,17,12,7,1,0,0,2,4,37,1,2,4,false
0.9.0,getFilterListener,openjpa-kernel/src/main/java/org/apache/openjpa/kernel/QueryContext.java,1,1,0,0,0,0,1,0,45,1,4,0,false
0.9.0,isEmpty,openjpa-lib/src/main/java/org/apache/openjpa/lib/util/concurrent/CopyOnWriteArrayList.java,3,2,0,0,0,1,0,0,0,1,5,0,false
0.9.0,generateSequences,openjpa-jdbc/src/main/java/org/apache/openjpa/jdbc/schema/SchemaGenerator.java,19,13,8,0,0,0,1,7,37,1,2,1,false
0.9.0,replaceCharField,openjpa-kernel/src/main/java/org/apache/openjpa/kernel/DetachedStateManager.java,3,1,0,0,0,1,0,0,45,3,7,0,false
0.9.0,newCompilation,openjpa-kernel/src/main/java/org/apache/openjpa/kernel/ExpressionStoreQuery.java,4,2,0,0,0,2,0,0,45,2,6,0,false
0.9.0,broadcast,openjpa-kernel/src/main/java/org/apache/openjpa/event/TCPRemoteCommitProvider.java,19,4,3,0,1,0,0,3,45,2,7,0,false
0.9.0,getField,openjpa-kernel/src/main/java/org/apache/openjpa/meta/ClassMetaData.java,5,3,1,0,0,2,64,1,45,3,8,0,false
0.9.0,pin,openjpa-kernel/src/main/java/org/apache/openjpa/datacache/AbstractQueryCache.java,1,1,0,0,0,0,1,0,45,2,7,0,false
0.9.0,load,openjpa-lib/src/main/java/org/apache/openjpa/lib/conf/MapConfigurationProvider.java,3,1,0,0,0,1,0,0,0,2,6,0,false
